/**实体数据初始化**/
INSERT INTO sys_entity(id, name, objectType, remark, nameRul, orderNum, isSystem, isValid, isClose, creatorId, createdTime, modifyId, modifyTime, simpleName, codeRule, editionRule) 
VALUES ('07698511-fa9f-47e2-9f4c-5fbentity001', '任务管理', 'TSK', '', NULL, '1', 'Y', 'Y', 'N', 'b8ab9427-627b-469f-bfd0-4b1buser0001', '2022-08-08', 'b8ab9427-627b-469f-bfd0-4b1buser0001', '2022-08-08', '任务', '{\"codeSign\":\"TSK\",\"codeSuffix\":\"SN\"}', '{\"smallEdition\":\"2\",\"editionConnect\":\"0\",\"bigEdition\":\"0\"}');
INSERT INTO sys_entity(id, name, objectType, remark, nameRul, orderNum, isSystem, isValid, isClose, creatorId, createdTime, modifyId, modifyTime, simpleName, codeRule, editionRule) 
VALUES ('07698511-fa9f-47e2-9f4c-5fbentity003', '文档管理', 'DOC', '', NULL, '3', 'Y', 'Y', 'N', 'b8ab9427-627b-469f-bfd0-4b1buser0001', '2022-08-08', 'b8ab9427-627b-469f-bfd0-4b1buser0001', '2022-08-08', '文档', '{\"codeSign\":\"DOC\",\"codeSuffix\":\"SN\"}', '{\"smallEdition\":\"2\",\"editionConnect\":\"0\",\"bigEdition\":\"0\"}');
INSERT INTO sys_entity(id, name, objectType, remark, nameRul, orderNum, isSystem, isValid, isClose, creatorId, createdTime, modifyId, modifyTime, simpleName, codeRule, editionRule) 
VALUES ('07698511-fa9f-47e2-9f4c-5fbentity007', '项目管理', 'PJT', '', NULL, '7', 'Y', 'Y', 'N', 'b8ab9427-627b-469f-bfd0-4b1buser0001', '2022-08-08', 'b8ab9427-627b-469f-bfd0-4b1buser0001', '2022-08-08', '项目', '{\"codeSign\":\"PJT\",\"codeSuffix\":\"SN\"}', '{\"smallEdition\":\"2\",\"editionConnect\":\"0\",\"bigEdition\":\"0\"}');
INSERT INTO sys_entity(id, name, objectType, remark, nameRul, orderNum, isSystem, isValid, isClose, creatorId, createdTime, modifyId, modifyTime, simpleName, codeRule, editionRule) 
VALUES ('07698511-fa9f-47e2-9f4c-5fbentity008', '产品需求管理', 'PRQ', '', NULL, '8', 'Y', 'Y', 'N', 'b8ab9427-627b-469f-bfd0-4b1buser0001', '2022-08-08', 'b8ab9427-627b-469f-bfd0-4b1buser0001', '2022-08-08', '产品需求', '{\"codeSign\":\"PRQ\",\"codeSuffix\":\"SN\"}', '{\"smallEdition\":\"2\",\"editionConnect\":\"0\",\"bigEdition\":\"0\"}');
INSERT INTO sys_entity(id, name, objectType, remark, nameRul, orderNum, isSystem, isValid, isClose, creatorId, createdTime, modifyId, modifyTime, simpleName, codeRule, editionRule) 
VALUES ('07698511-fa9f-47e2-9f4c-5fbentity010', '测试计划管理', 'TSP', '', NULL, '10', 'Y', 'Y', 'N', 'b8ab9427-627b-469f-bfd0-4b1buser0001', '2022-08-08', 'b8ab9427-627b-469f-bfd0-4b1buser0001', '2022-08-08', '测试计划', '{\"codeSign\":\"TSP\",\"codeSuffix\":\"SN\"}', '{\"smallEdition\":\"2\",\"editionConnect\":\"0\",\"bigEdition\":\"0\"}');
INSERT INTO sys_entity(id, name, objectType, remark, nameRul, orderNum, isSystem, isValid, isClose, creatorId, createdTime, modifyId, modifyTime, simpleName, codeRule, editionRule) 
VALUES ('07698511-fa9f-47e2-9f4c-5fbentity011', '测试用例管理', 'TSC', '', NULL, '11', 'Y', 'Y', 'N', 'b8ab9427-627b-469f-bfd0-4b1buser0001', '2022-08-08', 'b8ab9427-627b-469f-bfd0-4b1buser0001', '2022-08-08', '测试用例', '{\"codeSign\":\"TSC\",\"codeSuffix\":\"SN\"}', '{\"smallEdition\":\"2\",\"editionConnect\":\"0\",\"bigEdition\":\"0\"}');

/**文档相关初始化 START **/
/**生命周期**/
INSERT INTO en_lifecycle(id, name, status, objectType, remark, isDefault, isSystem, orderNum, isValid, creatorId, createdTime, modifyId, modifyTime) VALUES ('9ea1b988-797d-4177-8c02-2c2da2d02de6', '管理类生命周期', '1', 'DOC', '', 'N', NULL, '2', 'Y', 'b8ab9427-627b-469f-bfd0-4b1buser0001', '2022-08-08', 'b8ab9427-627b-469f-bfd0-4b1buser0001', '2022-08-08');
INSERT INTO en_lifecycle(id, name, status, objectType, remark, isDefault, isSystem, orderNum, isValid, creatorId, createdTime, modifyId, modifyTime) VALUES ('e18469fe-de29-4aa3-8fbd-25445b3e06b9', '工程类生命周期', '1', 'DOC', '', 'N', NULL, '1', 'Y', 'b8ab9427-627b-469f-bfd0-4b1buser0001', '2022-08-08', 'b8ab9427-627b-469f-bfd0-4b1buser0001', '2022-08-08');

/**生命阶段**/
INSERT INTO en_phase(id, name, status, objectType, remark, orderNum, isValid, creatorId, createdTime, modifyId, modifyTime, bgColor, fColor, isEnd) VALUES ('1ebeaf6d-7f6e-4e0e-ac50-d1e8cf78388b', '发布', '1', 'DOC', '', '60', 'Y', 'b8ab9427-627b-469f-bfd0-4b1buser0001', '2022-08-08', 'b8ab9427-627b-469f-bfd0-4b1buser0001', '2022-08-08', '', '', NULL);
INSERT INTO en_phase(id, name, status, objectType, remark, orderNum, isValid, creatorId, createdTime, modifyId, modifyTime, bgColor, fColor, isEnd) VALUES ('302d077b-ca73-4998-804f-2c5161a768ef', '归档', '1', 'DOC', '', '59', 'Y', 'b8ab9427-627b-469f-bfd0-4b1buser0001', '2022-08-08', 'b8ab9427-627b-469f-bfd0-4b1buser0001', '2022-08-08', '', '', NULL);
INSERT INTO en_phase(id, name, status, objectType, remark, orderNum, isValid, creatorId, createdTime, modifyId, modifyTime, bgColor, fColor, isEnd) VALUES ('57edc664-5656-46a2-afe0-1a395f938c84', '审核', '1', 'DOC', '', '58', 'Y', 'b8ab9427-627b-469f-bfd0-4b1buser0001', '2022-08-08', 'b8ab9427-627b-469f-bfd0-4b1buser0001', '2022-08-08', '', '', NULL);
INSERT INTO en_phase(id, name, status, objectType, remark, orderNum, isValid, creatorId, createdTime, modifyId, modifyTime, bgColor, fColor, isEnd) VALUES ('96adc043-1bc6-4aaf-9970-9e1a5a0b3466', '评审', '1', 'DOC', '', '6', 'Y', 'b8ab9427-627b-469f-bfd0-4b1buser0001', '2022-08-08', 'b8ab9427-627b-469f-bfd0-4b1buser0001', '2022-08-08', '', '', NULL);
INSERT INTO en_phase(id, name, status, objectType, remark, orderNum, isValid, creatorId, createdTime, modifyId, modifyTime, bgColor, fColor, isEnd) VALUES ('e08af42c-1ef1-4a47-bbab-d157e5163070', '变更', '1', 'DOC', '', '62', 'Y', 'b8ab9427-627b-469f-bfd0-4b1buser0001', '2022-08-08', 'b8ab9427-627b-469f-bfd0-4b1buser0001', '2022-08-08', '', '', NULL);
INSERT INTO en_phase(id, name, status, objectType, remark, orderNum, isValid, creatorId, createdTime, modifyId, modifyTime, bgColor, fColor, isEnd) VALUES ('ed85e283-0a10-4cb4-b8e1-0c7089e38b9c', '作废', '1', 'DOC', '', '61', 'Y', 'b8ab9427-627b-469f-bfd0-4b1buser0001', '2022-08-08', 'b8ab9427-627b-469f-bfd0-4b1buser0001', '2022-08-08', '', '', NULL);

/**生命周期与阶段关联表**/
INSERT INTO en_lifecyclephase_rlt(id, objectType, type, codeType, lifecycleId, phaseId, fixTran, exeCls, tranExeCls, toId, isHide, isValid, chgField, notSend, closeRes, orderNum) VALUES ('07706c0d-0cd3-4c3b-b3c6-87fa76646091', 'DOC', '1', NULL, 'e18469fe-de29-4aa3-8fbd-25445b3e06b9', 'ed85e283-0a10-4cb4-b8e1-0c7089e38b9c', '1,4,11,6,9,10,13,18', '', '', NULL, NULL, 'Y', NULL, NULL, NULL, '17');
INSERT INTO en_lifecyclephase_rlt(id, objectType, type, codeType, lifecycleId, phaseId, fixTran, exeCls, tranExeCls, toId, isHide, isValid, chgField, notSend, closeRes, orderNum) VALUES ('1c56f02e-8a8c-46bf-99fe-693d1d0f2029', 'DOC', '1', NULL, '9ea1b988-797d-4177-8c02-2c2da2d02de6', 'ed85e283-0a10-4cb4-b8e1-0c7089e38b9c', '1,2,4,11,12,5,6,9,10,28,7,8,13,14,16,17,18,19', '', '', NULL, NULL, 'Y', NULL, NULL, NULL, '37');
INSERT INTO en_lifecyclephase_rlt(id, objectType, type, codeType, lifecycleId, phaseId, fixTran, exeCls, tranExeCls, toId, isHide, isValid, chgField, notSend, closeRes, orderNum) VALUES ('225a2d33-c956-47ca-9292-c0b59b7c4ab9', 'DOC', '1', NULL, 'e18469fe-de29-4aa3-8fbd-25445b3e06b9', NULL, '1,4,11,6,9,10,13,18', '', '', NULL, NULL, 'Y', NULL, NULL, NULL, '1');
INSERT INTO en_lifecyclephase_rlt(id, objectType, type, codeType, lifecycleId, phaseId, fixTran, exeCls, tranExeCls, toId, isHide, isValid, chgField, notSend, closeRes, orderNum) VALUES ('304b0223-da45-4971-a4ed-a65fbeaa347e', 'DOC', '1', NULL, 'e18469fe-de29-4aa3-8fbd-25445b3e06b9', '57edc664-5656-46a2-afe0-1a395f938c84', '4,11,6,9,10,13,18', '', '', NULL, NULL, 'Y', NULL, NULL, NULL, '7');
INSERT INTO en_lifecyclephase_rlt(id, objectType, type, codeType, lifecycleId, phaseId, fixTran, exeCls, tranExeCls, toId, isHide, isValid, chgField, notSend, closeRes, orderNum) VALUES ('34e09ef0-b334-4f38-a3b5-7399a72825b1', 'DOC', '1', NULL, '9ea1b988-797d-4177-8c02-2c2da2d02de6', '1ebeaf6d-7f6e-4e0e-ac50-d1e8cf78388b', '1,4,11,6,9,10,13', '', '', NULL, NULL, 'Y', NULL, NULL, NULL, '35');
INSERT INTO en_lifecyclephase_rlt(id, objectType, type, codeType, lifecycleId, phaseId, fixTran, exeCls, tranExeCls, toId, isHide, isValid, chgField, notSend, closeRes, orderNum) VALUES ('352fc2af-e90c-4d2a-8bcc-962dc9b464fb', 'DOC', '1', NULL, 'e18469fe-de29-4aa3-8fbd-25445b3e06b9', 'e08af42c-1ef1-4a47-bbab-d157e5163070', '1,4,11,6,9,10,13', '', '', NULL, NULL, 'Y', NULL, NULL, NULL, '18');
INSERT INTO en_lifecyclephase_rlt(id, objectType, type, codeType, lifecycleId, phaseId, fixTran, exeCls, tranExeCls, toId, isHide, isValid, chgField, notSend, closeRes, orderNum) VALUES ('44583418-1fac-43bf-95f1-35d853947ccb', 'DOC', '1', NULL, '44583418-1fac-43bf-95f1-35d853947ccb', '302d077b-ca73-4998-804f-2c5161a768ef', '1,2,4,11,12,5,6,9,10,28,7,8,13,14,16,17,18,19', '', '', NULL, NULL, 'Y', NULL, NULL, NULL, '32');
INSERT INTO en_lifecyclephase_rlt(id, objectType, type, codeType, lifecycleId, phaseId, fixTran, exeCls, tranExeCls, toId, isHide, isValid, chgField, notSend, closeRes, orderNum) VALUES ('51f37652-5463-4001-b29b-57493caa28be', 'DOC', '1', NULL, 'e18469fe-de29-4aa3-8fbd-25445b3e06b9', '96adc043-1bc6-4aaf-9970-9e1a5a0b3466', '1,4,11,6,9,10,13,18', '', '', NULL, NULL, 'Y', NULL, NULL, NULL, '2');
INSERT INTO en_lifecyclephase_rlt(id, objectType, type, codeType, lifecycleId, phaseId, fixTran, exeCls, tranExeCls, toId, isHide, isValid, chgField, notSend, closeRes, orderNum) VALUES ('680d8122-5c4c-44fb-b06c-112bbd9b88de', 'DOC', '1', NULL, '680d8122-5c4c-44fb-b06c-112bbd9b88de', '96adc043-1bc6-4aaf-9970-9e1a5a0b3466', '1,2,4,11,12,5,6,9,10,28,7,8,13,14,16,17,18,19', '', '', NULL, NULL, 'Y', NULL, NULL, NULL, '26');
INSERT INTO en_lifecyclephase_rlt(id, objectType, type, codeType, lifecycleId, phaseId, fixTran, exeCls, tranExeCls, toId, isHide, isValid, chgField, notSend, closeRes, orderNum) VALUES ('758fb4de-46aa-487a-a8b3-f4d83552ada8', 'DOC', '1', NULL, 'e18469fe-de29-4aa3-8fbd-25445b3e06b9', '1ebeaf6d-7f6e-4e0e-ac50-d1e8cf78388b', '1,4,11,6,9,10,13', '', '', NULL, NULL, 'Y', NULL, NULL, NULL, '9');
INSERT INTO en_lifecyclephase_rlt(id, objectType, type, codeType, lifecycleId, phaseId, fixTran, exeCls, tranExeCls, toId, isHide, isValid, chgField, notSend, closeRes, orderNum) VALUES ('77b1ebd8-a586-4e59-ae90-b3a3474fb14a', 'DOC', '1', NULL, '9ea1b988-797d-4177-8c02-2c2da2d02de6', '57edc664-5656-46a2-afe0-1a395f938c84', '1,2,4,11,12,5,6,9,10,28,7,8,13,14,16,17,18,19', '', '', NULL, NULL, 'Y', NULL, NULL, NULL, '34');
INSERT INTO en_lifecyclephase_rlt(id, objectType, type, codeType, lifecycleId, phaseId, fixTran, exeCls, tranExeCls, toId, isHide, isValid, chgField, notSend, closeRes, orderNum) VALUES ('7bbbc085-9b88-4ca6-a30b-f7edcafdc036', 'DOC', '1', NULL, 'e18469fe-de29-4aa3-8fbd-25445b3e06b9', '302d077b-ca73-4998-804f-2c5161a768ef', '1,4,11,6,9,10,13', '', '', NULL, NULL, 'Y', NULL, NULL, NULL, '8');
INSERT INTO en_lifecyclephase_rlt(id, objectType, type, codeType, lifecycleId, phaseId, fixTran, exeCls, tranExeCls, toId, isHide, isValid, chgField, notSend, closeRes, orderNum) VALUES ('b56b9f6f-54a1-413b-9484-7ec98c718178', 'DOC', '0', NULL, '9ea1b988-797d-4177-8c02-2c2da2d02de6', NULL, ',1,2,4,11,12,5,6,9,10,28,7,8,13,14,16,17,18,19', '', '', '[{\"o\":\"1\",\"v\":\"b56b9f6f-54a1-413b-9484-7ec98c718178\"}]', NULL, 'Y', NULL, NULL, NULL, '33');

/**文档字段初始化**/
INSERT INTO sys_field(id, colName, showName, objectType, dataType, htmlType, fieldType, displayWidth, remark, defaultValue, defaultRule, extendClass, layout, showMobile, isCommon, parentId, isValid, orderNum, creatorId, createdTime, modifyId, modifyTime, isDBField) VALUES ('00ee64db-4e7b-4cd2-aad6-4d800ebfed6e', 'summary', '概要', 'DOC', 'varchar', 'AREA', 'S', '120', '', '', '{\"areaLength\":\"1024\",\"areaIsLimit\":\"Y\",\"areaRows\":\"8\",\"isRecorded\":\"N\",\"isRequired\":\"N\"}', '', 'F', NULL, 'N', '', 'Y', NULL, 'b8ab9427-627b-469f-bfd0-4b1buser0001', '2022-08-08', 'b8ab9427-627b-469f-bfd0-4b1buser0001', '2022-08-08', 'Y');
INSERT INTO sys_field(id, colName, showName, objectType, dataType, htmlType, fieldType, displayWidth, remark, defaultValue, defaultRule, extendClass, layout, showMobile, isCommon, parentId, isValid, orderNum, creatorId, createdTime, modifyId, modifyTime, isDBField)  VALUES ('02c529af-ca34-4c60-be92-66caaa27ddd7', 'modifyId', '更新人', 'DOC', 'varchar', 'USER', 'S', '120', '', NULL, '{\"isRecorded\":\"N\",\"userIsMul\":\"Y\",\"isRequired\":\"N\",\"userDefaultRule\":\"CS\"}', '', 'T', NULL, 'N', '', 'Y', NULL, 'b8ab9427-627b-469f-bfd0-4b1buser0001', '2022-08-08', 'b8ab9427-627b-469f-bfd0-4b1buser0001', '2022-08-08', 'Y');
INSERT INTO sys_field(id, colName, showName, objectType, dataType, htmlType, fieldType, displayWidth, remark, defaultValue, defaultRule, extendClass, layout, showMobile, isCommon, parentId, isValid, orderNum, creatorId, createdTime, modifyId, modifyTime, isDBField)  VALUES ('0cb6a5f2-0072-488c-b99e-570418e080cd', 'extendName', '扩展名', 'DOC', 'varchar', 'TEXT', 'S', '40', '', '', '{\"isRecorded\":\"N\",\"textLength\":\"128\",\"isRequired\":\"N\"}', '', 'T', NULL, 'N', '', 'Y', NULL, 'b8ab9427-627b-469f-bfd0-4b1buser0001', '2022-08-08', 'b8ab9427-627b-469f-bfd0-4b1buser0001', '2022-08-08', 'Y');
INSERT INTO sys_field(id, colName, showName, objectType, dataType, htmlType, fieldType, displayWidth, remark, defaultValue, defaultRule, extendClass, layout, showMobile, isCommon, parentId, isValid, orderNum, creatorId, createdTime, modifyId, modifyTime, isDBField)  VALUES ('18efad66-a390-4ab7-987e-ef8bf378a8b2', 'upgradeCount', '升级次数', 'DOC', 'float', 'NUMBER', 'S', '120', '', '', '{\"numberMax\":\"\",\"numberFormat\":\"D\",\"isRecorded\":\"N\",\"numberMin\":\"\",\"numberPrecision\":\"\",\"isRequired\":\"N\",\"unitId\":\"\"}', '', 'T', NULL, 'N', '', 'Y', NULL, 'b8ab9427-627b-469f-bfd0-4b1buser0001', '2022-08-08', 'b8ab9427-627b-469f-bfd0-4b1buser0001', '2022-08-08', 'Y');
INSERT INTO sys_field(id, colName, showName, objectType, dataType, htmlType, fieldType, displayWidth, remark, defaultValue, defaultRule, extendClass, layout, showMobile, isCommon, parentId, isValid, orderNum, creatorId, createdTime, modifyId, modifyTime, isDBField)  VALUES ('1b828fc5-c6eb-49b2-bd02-725ebe76ce30', 'checkOutUserId', '检出人', 'DOC', 'varchar', 'USER', 'S', '1', '', NULL, '{\"isRecorded\":\"N\",\"userIsMul\":\"Y\",\"isRequired\":\"N\",\"userDefaultRule\":\"N\"}', '', 'T', NULL, 'N', '', 'Y', NULL, 'b8ab9427-627b-469f-bfd0-4b1buser0001', '2022-08-08', 'b8ab9427-627b-469f-bfd0-4b1buser0001', '2022-08-08', 'Y');
INSERT INTO sys_field(id, colName, showName, objectType, dataType, htmlType, fieldType, displayWidth, remark, defaultValue, defaultRule, extendClass, layout, showMobile, isCommon, parentId, isValid, orderNum, creatorId, createdTime, modifyId, modifyTime, isDBField)  VALUES ('26e379a1-551f-446b-a7ab-e9bb740cd5e7', 'com_t_00001', '的点点滴滴多多多多多多多多', 'DOC', 'varchar', 'TEXT', 'CM', '120', '', '', '{\"isRecorded\":\"N\",\"textLength\":\"128\",\"isRequired\":\"N\"}', '', 'T', NULL, 'Y', '', 'Y', NULL, 'b8ab9427-627b-469f-bfd0-4b1buser0001', '2022-08-08', 'b8ab9427-627b-469f-bfd0-4b1buser0001', '2022-08-08', 'Y');
INSERT INTO sys_field(id, colName, showName, objectType, dataType, htmlType, fieldType, displayWidth, remark, defaultValue, defaultRule, extendClass, layout, showMobile, isCommon, parentId, isValid, orderNum, creatorId, createdTime, modifyId, modifyTime, isDBField)  VALUES ('37903850-1dfa-48f0-8028-ef3e8b8a89b2', 'downLoadCount', '下载次数', 'DOC', 'float', 'NUMBER', 'S', '120', '', '', '{\"numberMax\":\"\",\"numberFormat\":\"D\",\"isRecorded\":\"N\",\"numberMin\":\"0\",\"numberPrecision\":\"\",\"isRequired\":\"N\",\"unitId\":\"0b7d0935-7d9e-40cc-9dfd-69cccunit018\"}', '', 'T', NULL, 'N', '', 'Y', NULL, 'b8ab9427-627b-469f-bfd0-4b1buser0001', '2022-08-08', 'b8ab9427-627b-469f-bfd0-4b1buser0001', '2022-08-08', 'Y');
INSERT INTO sys_field(id, colName, showName, objectType, dataType, htmlType, fieldType, displayWidth, remark, defaultValue, defaultRule, extendClass, layout, showMobile, isCommon, parentId, isValid, orderNum, creatorId, createdTime, modifyId, modifyTime, isDBField)  VALUES ('45f346cd-ad8e-4922-98d7-a82d02f21521', 'name', '名称', 'DOC', 'varchar', 'TEXT', 'S', '300', '', '', '{\"isRecorded\":\"Y\",\"textLength\":\"128\",\"isRequired\":\"Y\"}', '', 'F', NULL, 'N', '', 'Y', NULL, 'b8ab9427-627b-469f-bfd0-4b1buser0001', '2022-08-08', 'b8ab9427-627b-469f-bfd0-4b1buser0001', '2022-08-08', 'Y');
INSERT INTO sys_field(id, colName, showName, objectType, dataType, htmlType, fieldType, displayWidth, remark, defaultValue, defaultRule, extendClass, layout, showMobile, isCommon, parentId, isValid, orderNum, creatorId, createdTime, modifyId, modifyTime, isDBField)  VALUES ('4e0fc02b-78a0-4e20-aa5a-bba32be4b948', 'quaLevId', '文档质量', 'DOC', 'varchar', 'SELECT', 'S', '120', '', '', '{\"selectSource\":\"53ee95d3-4aae-4337-965c-9210552948f1\",\"setCascade\":\"N\",\"isRecorded\":\"N\",\"isRequired\":\"N\"}', '', 'T', NULL, 'N', '', 'Y', NULL, 'b8ab9427-627b-469f-bfd0-4b1buser0001', '2022-08-08', 'b8ab9427-627b-469f-bfd0-4b1buser0001', '2022-08-08', 'Y');
INSERT INTO sys_field(id, colName, showName, objectType, dataType, htmlType, fieldType, displayWidth, remark, defaultValue, defaultRule, extendClass, layout, showMobile, isCommon, parentId, isValid, orderNum, creatorId, createdTime, modifyId, modifyTime, isDBField)  VALUES ('5ae6f69f-a6f9-471e-8d10-e0647b4775aa', 'related', '关联', 'DOC', 'varchar', 'SIGN', 'S', '120', '', NULL, '{\"isRecorded\":\"N\",\"isRequired\":\"N\",\"signDefaultRule\":\"ZDY\",\"isShowed\":\"N\"}', 'com.dream.relatedSign.RelatedSign', 'F', NULL, 'N', NULL, 'Y', '51', 'b8ab9427-627b-469f-bfd0-4b1buser0001', '2022-08-08', 'b8ab9427-627b-469f-bfd0-4b1buser0001', '2022-08-08', 'Y');
INSERT INTO sys_field(id, colName, showName, objectType, dataType, htmlType, fieldType, displayWidth, remark, defaultValue, defaultRule, extendClass, layout, showMobile, isCommon, parentId, isValid, orderNum, creatorId, createdTime, modifyId, modifyTime, isDBField)  VALUES ('6eae14ce-3ce4-49f8-a191-72a5730a5466', 'viewCount', '预览次数', 'DOC', 'float', 'NUMBER', 'S', '120', '', '', '{\"numberMax\":\"\",\"numberFormat\":\"D\",\"isRecorded\":\"N\",\"numberMin\":\"0\",\"numberPrecision\":\"\",\"isRequired\":\"N\",\"unitId\":\"0b7d0935-7d9e-40cc-9dfd-69cccunit018\"}', '', 'T', NULL, 'N', '', 'Y', NULL, 'b8ab9427-627b-469f-bfd0-4b1buser0001', '2022-08-08', 'b8ab9427-627b-469f-bfd0-4b1buser0001', '2022-08-08', 'Y');
INSERT INTO sys_field(id, colName, showName, objectType, dataType, htmlType, fieldType, displayWidth, remark, defaultValue, defaultRule, extendClass, layout, showMobile, isCommon, parentId, isValid, orderNum, creatorId, createdTime, modifyId, modifyTime, isDBField)  VALUES ('7754c441-edaf-4c40-a46b-492bbd609746', 'version', '版本', 'DOC', 'varchar', 'TEXT', 'S', '80', '', '', '{\"isRecorded\":\"N\",\"textLength\":\"128\",\"isRequired\":\"N\"}', '', 'T', NULL, 'N', '', 'Y', NULL, 'b8ab9427-627b-469f-bfd0-4b1buser0001', '2022-08-08', 'b8ab9427-627b-469f-bfd0-4b1buser0001', '2022-08-08', 'Y');
INSERT INTO sys_field(id, colName, showName, objectType, dataType, htmlType, fieldType, displayWidth, remark, defaultValue, defaultRule, extendClass, layout, showMobile, isCommon, parentId, isValid, orderNum, creatorId, createdTime, modifyId, modifyTime, isDBField)  VALUES ('8073ec57-24eb-4c88-8852-3ce864683bff', 'keyWords', '关键字', 'DOC', 'varchar', 'TEXT', 'S', '120', '', '', '{\"isRecorded\":\"N\",\"textLength\":\"128\",\"isRequired\":\"N\"}', '', 'T', NULL, 'N', '', 'Y', NULL, 'b8ab9427-627b-469f-bfd0-4b1buser0001', '2022-08-08', 'b8ab9427-627b-469f-bfd0-4b1buser0001', '2022-08-08', 'Y');
INSERT INTO sys_field(id, colName, showName, objectType, dataType, htmlType, fieldType, displayWidth, remark, defaultValue, defaultRule, extendClass, layout, showMobile, isCommon, parentId, isValid, orderNum, creatorId, createdTime, modifyId, modifyTime, isDBField)  VALUES ('83c8ab58-7b78-4f3a-89c3-07d556ee36d8', 'projectId', '归属项目', 'DOC', 'varchar', 'PJT', 'S', '120', '', NULL, '{\"isRecorded\":\"N\",\"isRequired\":\"N\"}', '', 'F', NULL, 'N', '', 'Y', NULL, 'b8ab9427-627b-469f-bfd0-4b1buser0001', '2022-08-08', 'b8ab9427-627b-469f-bfd0-4b1buser0001', '2022-08-08', 'Y');
INSERT INTO sys_field(id, colName, showName, objectType, dataType, htmlType, fieldType, displayWidth, remark, defaultValue, defaultRule, extendClass, layout, showMobile, isCommon, parentId, isValid, orderNum, creatorId, createdTime, modifyId, modifyTime, isDBField)  VALUES ('85435caf-8a2c-4a54-9606-4bc27f09b20a', 'modifyTime', '最新更新日期', 'DOC', 'datetime', 'DATE', 'S', '120', '', NULL, '{\"isRecorded\":\"N\",\"dateDefaultRule\":\"CD\",\"isRequired\":\"N\"}', '', 'T', NULL, 'N', '', 'Y', NULL, 'b8ab9427-627b-469f-bfd0-4b1buser0001', '2022-08-08', 'b8ab9427-627b-469f-bfd0-4b1buser0001', '2022-08-08', 'Y');
INSERT INTO sys_field(id, colName, showName, objectType, dataType, htmlType, fieldType, displayWidth, remark, defaultValue, defaultRule, extendClass, layout, showMobile, isCommon, parentId, isValid, orderNum, creatorId, createdTime, modifyId, modifyTime, isDBField)  VALUES ('886fcc96-091a-4f62-970c-415ee0889a86', 'actorId', '参与人', 'DOC', 'varchar', 'USER', 'S', '120', '', NULL, '{\"isRecorded\":\"N\",\"userIsMul\":\"Y\",\"isRequired\":\"N\",\"userDefaultRule\":\"N\"}', '', 'T', NULL, 'N', '', 'Y', NULL, 'b8ab9427-627b-469f-bfd0-4b1buser0001', '2022-08-08', 'b8ab9427-627b-469f-bfd0-4b1buser0001', '2022-08-08', 'Y');
INSERT INTO sys_field(id, colName, showName, objectType, dataType, htmlType, fieldType, displayWidth, remark, defaultValue, defaultRule, extendClass, layout, showMobile, isCommon, parentId, isValid, orderNum, creatorId, createdTime, modifyId, modifyTime, isDBField)  VALUES ('9ff2ef0a-c90f-4659-a3a1-59d23700110d', 'creatorId', '创建人', 'DOC', 'varchar', 'USER', 'S', '120', '', NULL, '{\"isRecorded\":\"N\",\"userIsMul\":\"Y\",\"isRequired\":\"N\",\"userDefaultRule\":\"CS\"}', '', 'T', NULL, 'N', '', 'Y', NULL, 'b8ab9427-627b-469f-bfd0-4b1buser0001', '2022-08-08', 'b8ab9427-627b-469f-bfd0-4b1buser0001', '2022-08-08', 'Y');
INSERT INTO sys_field(id, colName, showName, objectType, dataType, htmlType, fieldType, displayWidth, remark, defaultValue, defaultRule, extendClass, layout, showMobile, isCommon, parentId, isValid, orderNum, creatorId, createdTime, modifyId, modifyTime, isDBField)  VALUES ('a47471d7-f703-42f0-8c10-68cbe90713a9', 'typeId', '文档类型', 'DOC', 'varchar', 'SELECT', 'S', '120', '', '', '{\"selectSource\":\"\",\"setCascade\":\"N\",\"isRecorded\":\"Y\",\"isRequired\":\"Y\"}', '', 'T', NULL, 'N', '', 'Y', NULL, 'b8ab9427-627b-469f-bfd0-4b1buser0001', '2022-08-08', 'b8ab9427-627b-469f-bfd0-4b1buser0001', '2022-08-08', 'Y');
INSERT INTO sys_field(id, colName, showName, objectType, dataType, htmlType, fieldType, displayWidth, remark, defaultValue, defaultRule, extendClass, layout, showMobile, isCommon, parentId, isValid, orderNum, creatorId, createdTime, modifyId, modifyTime, isDBField)  VALUES ('a7fbe901-8c76-4bb3-91ba-299383f5d770', 'lifecycleId', '生命周期', 'DOC', 'varchar', 'SELECT', 'S', '120', '', '', '{\"selectSource\":\"\",\"setCascade\":\"N\",\"isRecorded\":\"Y\",\"isRequired\":\"Y\"}', '', 'T', NULL, 'N', '', 'Y', NULL, 'b8ab9427-627b-469f-bfd0-4b1buser0001', '2022-08-08', 'b8ab9427-627b-469f-bfd0-4b1buser0001', '2022-08-08', 'Y');
INSERT INTO sys_field(id, colName, showName, objectType, dataType, htmlType, fieldType, displayWidth, remark, defaultValue, defaultRule, extendClass, layout, showMobile, isCommon, parentId, isValid, orderNum, creatorId, createdTime, modifyId, modifyTime, isDBField)  VALUES ('aa91f314-1e23-4f64-9eb7-de4beae29f5f', 'departmentId', '归属部门', 'DOC', 'varchar', 'DEPT', 'S', '120', '', NULL, '{\"isRecorded\":\"N\",\"deptDefaultRule\":\"N\",\"isRequired\":\"N\"}', '', 'F', NULL, 'N', '', 'Y', NULL, 'b8ab9427-627b-469f-bfd0-4b1buser0001', '2022-08-08', 'b8ab9427-627b-469f-bfd0-4b1buser0001', '2022-08-08', 'Y');
INSERT INTO sys_field(id, colName, showName, objectType, dataType, htmlType, fieldType, displayWidth, remark, defaultValue, defaultRule, extendClass, layout, showMobile, isCommon, parentId, isValid, orderNum, creatorId, createdTime, modifyId, modifyTime, isDBField)  VALUES ('abf97903-2f3f-486c-a2b3-a8461619e626', 'phaseId', '生命阶段', 'DOC', 'varchar', 'SELECT', 'S', '120', '', '', '{\"selectSource\":\"\",\"setCascade\":\"N\",\"isRecorded\":\"Y\",\"isRequired\":\"Y\"}', '', 'T', NULL, 'N', '', 'Y', NULL, 'b8ab9427-627b-469f-bfd0-4b1buser0001', '2022-08-08', 'b8ab9427-627b-469f-bfd0-4b1buser0001', '2022-08-08', 'Y');
INSERT INTO sys_field(id, colName, showName, objectType, dataType, htmlType, fieldType, displayWidth, remark, defaultValue, defaultRule, extendClass, layout, showMobile, isCommon, parentId, isValid, orderNum, creatorId, createdTime, modifyId, modifyTime, isDBField)  VALUES ('b5d50090-c1a8-4aa5-be5b-bebf0477ba07', 'ownerId', '责任人', 'DOC', 'varchar', 'USER', 'S', '120', '', NULL, '{\"isRecorded\":\"N\",\"userIsMul\":\"N\",\"isRequired\":\"N\",\"userDefaultRule\":\"N\"}', '', 'T', NULL, 'N', '', 'Y', NULL, 'b8ab9427-627b-469f-bfd0-4b1buser0001', '2022-08-08', 'b8ab9427-627b-469f-bfd0-4b1buser0001', '2022-08-08', 'Y');
INSERT INTO sys_field(id, colName, showName, objectType, dataType, htmlType, fieldType, displayWidth, remark, defaultValue, defaultRule, extendClass, layout, showMobile, isCommon, parentId, isValid, orderNum, creatorId, createdTime, modifyId, modifyTime, isDBField)  VALUES ('ba9b9ab5-576b-4b50-b351-0f18313fc3d3', 'createdTime', '创建日期', 'DOC', 'datetime', 'DATE', 'S', '120', '', NULL, '{\"isRecorded\":\"N\",\"dateDefaultRule\":\"CD\",\"isRequired\":\"N\"}', '', 'T', NULL, 'N', '', 'Y', NULL, 'b8ab9427-627b-469f-bfd0-4b1buser0001', '2022-08-08', 'b8ab9427-627b-469f-bfd0-4b1buser0001', '2022-08-08', 'Y');
INSERT INTO sys_field(id, colName, showName, objectType, dataType, htmlType, fieldType, displayWidth, remark, defaultValue, defaultRule, extendClass, layout, showMobile, isCommon, parentId, isValid, orderNum, creatorId, createdTime, modifyId, modifyTime, isDBField)  VALUES ('bced8e0f-f398-4390-a00e-c8dccc1c1322', 'remark', '备注', 'DOC', 'varchar', 'AREA', 'S', '120', '', '', '{\"areaLength\":\"1024\",\"areaIsLimit\":\"Y\",\"areaRows\":\"8\",\"isRecorded\":\"N\",\"isRequired\":\"N\"}', '', 'F', NULL, 'N', '', 'Y', NULL, 'b8ab9427-627b-469f-bfd0-4b1buser0001', '2022-08-08', 'b8ab9427-627b-469f-bfd0-4b1buser0001', '2022-08-08', 'Y');
INSERT INTO sys_field(id, colName, showName, objectType, dataType, htmlType, fieldType, displayWidth, remark, defaultValue, defaultRule, extendClass, layout, showMobile, isCommon, parentId, isValid, orderNum, creatorId, createdTime, modifyId, modifyTime, isDBField)  VALUES ('cce19c64-0ec6-4c93-a3fb-432b57ab3ec1', 'secLevId', '保密等级', 'DOC', 'varchar', 'SELECT', 'S', '120', '', '', '{\"selectSource\":\"3b38a54b-1e15-40c1-8ab0-1611241ef3b0\",\"setCascade\":\"N\",\"isRecorded\":\"N\",\"isRequired\":\"N\"}', '', 'T', NULL, 'N', '', 'Y', NULL, 'b8ab9427-627b-469f-bfd0-4b1buser0001', '2022-08-08', 'b8ab9427-627b-469f-bfd0-4b1buser0001', '2022-08-08', 'Y');
INSERT INTO sys_field(id, colName, showName, objectType, dataType, htmlType, fieldType, displayWidth, remark, defaultValue, defaultRule, extendClass, layout, showMobile, isCommon, parentId, isValid, orderNum, creatorId, createdTime, modifyId, modifyTime, isDBField)  VALUES ('ce856623-10df-4359-95d7-c79dc27068ae', 'authorId', '作者', 'DOC', 'varchar', 'USER', 'S', '120', '', NULL, '{\"isRecorded\":\"N\",\"userIsMul\":\"Y\",\"isRequired\":\"N\",\"userDefaultRule\":\"N\"}', '', 'T', NULL, 'N', '', 'Y', NULL, 'b8ab9427-627b-469f-bfd0-4b1buser0001', '2022-08-08', 'b8ab9427-627b-469f-bfd0-4b1buser0001', '2022-08-08', 'Y');
INSERT INTO sys_field(id, colName, showName, objectType, dataType, htmlType, fieldType, displayWidth, remark, defaultValue, defaultRule, extendClass, layout, showMobile, isCommon, parentId, isValid, orderNum, creatorId, createdTime, modifyId, modifyTime, isDBField)  VALUES ('d1d61bb4-8b3f-4e8e-b257-13e7d6290f29', 'fileSign', '附件', 'DOC', 'varchar', 'SIGN', 'S', '120', '', NULL, '{\"isRecorded\":\"N\",\"isRequired\":\"N\",\"signDefaultRule\":\"ZDY\",\"isShowed\":\"N\"}', 'com.dream.fileSign.FileSign', 'F', NULL, 'N', NULL, 'Y', '49', 'b8ab9427-627b-469f-bfd0-4b1buser0001', '2022-08-08', 'b8ab9427-627b-469f-bfd0-4b1buser0001', '2022-08-08', 'Y');
INSERT INTO sys_field(id, colName, showName, objectType, dataType, htmlType, fieldType, displayWidth, remark, defaultValue, defaultRule, extendClass, layout, showMobile, isCommon, parentId, isValid, orderNum, creatorId, createdTime, modifyId, modifyTime, isDBField)  VALUES ('d6cb91f5-b325-407b-aec4-d4cec2a43e38', 'checkOutTime', '检出时间', 'DOC', 'datetime', 'DATE', 'S', '120', '', NULL, '{\"isRecorded\":\"N\",\"dateDefaultRule\":\"N\",\"isRequired\":\"N\"}', '', 'T', NULL, 'N', '', 'Y', NULL, 'b8ab9427-627b-469f-bfd0-4b1buser0001', '2022-08-08', 'b8ab9427-627b-469f-bfd0-4b1buser0001', '2022-08-08', 'Y');
INSERT INTO sys_field(id, colName, showName, objectType, dataType, htmlType, fieldType, displayWidth, remark, defaultValue, defaultRule, extendClass, layout, showMobile, isCommon, parentId, isValid, orderNum, creatorId, createdTime, modifyId, modifyTime, isDBField)  VALUES ('d9c8582b-d680-4b4b-93b4-4f99616195a0', 'code', '编码', 'DOC', 'varchar', 'TEXT', 'S', '120', '', '', '{\"isRecorded\":\"N\",\"textLength\":\"128\",\"isRequired\":\"N\"}', '', 'T', NULL, 'N', '', 'Y', NULL, 'b8ab9427-627b-469f-bfd0-4b1buser0001', '2022-08-08', 'b8ab9427-627b-469f-bfd0-4b1buser0001', '2022-08-08', 'Y');
INSERT INTO sys_field(id, colName, showName, objectType, dataType, htmlType, fieldType, displayWidth, remark, defaultValue, defaultRule, extendClass, layout, showMobile, isCommon, parentId, isValid, orderNum, creatorId, createdTime, modifyId, modifyTime, isDBField)  VALUES ('ebf0a512-4260-4c1b-9650-be8a809b230a', 'fileSize', '文档大小', 'DOC', 'float', 'NUMBER', 'S', '120', '', '', '{\"numberMax\":\"\",\"numberFormat\":\"D\",\"isRecorded\":\"N\",\"numberMin\":\"0\",\"numberPrecision\":\"\",\"isRequired\":\"N\",\"unitId\":\"0b7d0935-7d9e-40cc-9dfd-69cccunit019\"}', '', 'T', NULL, 'N', '', 'Y', NULL, 'b8ab9427-627b-469f-bfd0-4b1buser0001', '2022-08-08', 'b8ab9427-627b-469f-bfd0-4b1buser0001', '2022-08-08', 'Y');

/**文档字段排序表初始化**/
INSERT INTO sys_fieldnum(id, objectType, fieldId, orderNum) VALUES ('8221c6ac-623d-405a-a40e-da9e7e823c46', 'DOC', '45f346cd-ad8e-4922-98d7-a82d02f21521', '5');
INSERT INTO sys_fieldnum(id, objectType, fieldId, orderNum) VALUES ('817010df-94a1-4b1f-8fa6-c7b13d143ed3', 'DOC', 'd9c8582b-d680-4b4b-93b4-4f99616195a0', '6');
INSERT INTO sys_fieldnum(id, objectType, fieldId, orderNum) VALUES ('d8d82667-dc05-489e-9964-bf1d69dccf0e', 'DOC', 'a47471d7-f703-42f0-8c10-68cbe90713a9', '8');
INSERT INTO sys_fieldnum(id, objectType, fieldId, orderNum) VALUES ('3ef811de-728e-490e-8484-7a5f86285078', 'DOC', 'a7fbe901-8c76-4bb3-91ba-299383f5d770', '10');
INSERT INTO sys_fieldnum(id, objectType, fieldId, orderNum) VALUES ('58a6f463-410a-4916-9be2-27fba9295230', 'DOC', 'abf97903-2f3f-486c-a2b3-a8461619e626', '12');
INSERT INTO sys_fieldnum(id, objectType, fieldId, orderNum) VALUES ('fca8217d-0e2f-4ad8-9549-3967e5e49248', 'DOC', '83c8ab58-7b78-4f3a-89c3-07d556ee36d8', '14');
INSERT INTO sys_fieldnum(id, objectType, fieldId, orderNum) VALUES ('aab9cd4a-70ff-453c-86b7-5f416fda52ba', 'DOC', 'aa91f314-1e23-4f64-9eb7-de4beae29f5f', '18');
INSERT INTO sys_fieldnum(id, objectType, fieldId, orderNum) VALUES ('f1e874fb-93e1-4cc6-9d59-cbef75d4674c', 'DOC', '7754c441-edaf-4c40-a46b-492bbd609746', '20');
INSERT INTO sys_fieldnum(id, objectType, fieldId, orderNum) VALUES ('ff10abb6-44c7-4a93-a7fd-6325f0af8d8e', 'DOC', 'ce856623-10df-4359-95d7-c79dc27068ae', '21');
INSERT INTO sys_fieldnum(id, objectType, fieldId, orderNum) VALUES ('ef316797-8ca0-4124-b7e2-6cc6cf5e45ab', 'DOC', '8073ec57-24eb-4c88-8852-3ce864683bff', '22');
INSERT INTO sys_fieldnum(id, objectType, fieldId, orderNum) VALUES ('940d87a1-5744-4897-9a54-5bf827cadb85', 'DOC', '00ee64db-4e7b-4cd2-aad6-4d800ebfed6e', '24');
INSERT INTO sys_fieldnum(id, objectType, fieldId, orderNum) VALUES ('f75ce838-7a18-4243-96e9-cb4c0e562fda', 'DOC', 'bced8e0f-f398-4390-a00e-c8dccc1c1322', '25');
INSERT INTO sys_fieldnum(id, objectType, fieldId, orderNum) VALUES ('1579178c-bac8-4f85-8e57-7fbb10deb160', 'DOC', 'ebf0a512-4260-4c1b-9650-be8a809b230a', '26');
INSERT INTO sys_fieldnum(id, objectType, fieldId, orderNum) VALUES ('1401ff7f-f455-4394-b393-74d1838e4061', 'DOC', '0cb6a5f2-0072-488c-b99e-570418e080cd', '28');
INSERT INTO sys_fieldnum(id, objectType, fieldId, orderNum) VALUES ('8b5eabd8-f588-4726-9033-66241b00e34d', 'DOC', 'cce19c64-0ec6-4c93-a3fb-432b57ab3ec1', '33');
INSERT INTO sys_fieldnum(id, objectType, fieldId, orderNum) VALUES ('a13139cd-1fdf-4b9c-a8bf-8e9bed4648b0', 'DOC', '4e0fc02b-78a0-4e20-aa5a-bba32be4b948', '34');
INSERT INTO sys_fieldnum(id, objectType, fieldId, orderNum) VALUES ('0a034ddc-4bc8-40d6-a1d8-592087410601', 'DOC', '6eae14ce-3ce4-49f8-a191-72a5730a5466', '37');
INSERT INTO sys_fieldnum(id, objectType, fieldId, orderNum) VALUES ('fa1ad46f-a792-412f-ae42-2f756c4af24b', 'DOC', '37903850-1dfa-48f0-8028-ef3e8b8a89b2', '38');
INSERT INTO sys_fieldnum(id, objectType, fieldId, orderNum) VALUES ('f53ba1b3-061e-4aea-9c0f-692b6ba9babf', 'DOC', '18efad66-a390-4ab7-987e-ef8bf378a8b2', '39');
INSERT INTO sys_fieldnum(id, objectType, fieldId, orderNum) VALUES ('9c0e08a7-95d5-4f79-acdc-accd855e4307', 'DOC', 'b5d50090-c1a8-4aa5-be5b-bebf0477ba07', '40');
INSERT INTO sys_fieldnum(id, objectType, fieldId, orderNum) VALUES ('aaec88c1-1d75-4e68-8f12-7507e7b05442', 'DOC', '886fcc96-091a-4f62-970c-415ee0889a86', '43');
INSERT INTO sys_fieldnum(id, objectType, fieldId, orderNum) VALUES ('015d2607-79a0-4aa9-89d0-8445a688bf42', 'DOC', '1b828fc5-c6eb-49b2-bd02-725ebe76ce30', '45');
INSERT INTO sys_fieldnum(id, objectType, fieldId, orderNum) VALUES ('50d163ed-ecb9-4fce-ae72-0c15255a6312', 'DOC', 'd6cb91f5-b325-407b-aec4-d4cec2a43e38', '46');
INSERT INTO sys_fieldnum(id, objectType, fieldId, orderNum) VALUES ('8928bdc9-0ee1-486a-bd6a-42d78a636ef3', 'DOC', 'd1d61bb4-8b3f-4e8e-b257-13e7d6290f29', '47');
INSERT INTO sys_fieldnum(id, objectType, fieldId, orderNum) VALUES ('b0bb12f0-a257-4ce5-8f6b-c439401e07ed', 'DOC', '5ae6f69f-a6f9-471e-8d10-e0647b4775aa', '48');
INSERT INTO sys_fieldnum(id, objectType, fieldId, orderNum) VALUES ('d89efd92-c995-4ab1-999c-02d01be2e53a', 'DOC', '9ff2ef0a-c90f-4659-a3a1-59d23700110d', '49');
INSERT INTO sys_fieldnum(id, objectType, fieldId, orderNum) VALUES ('f7b16ca0-c5bd-49aa-bf64-d562cbd60df9', 'DOC', 'ba9b9ab5-576b-4b50-b351-0f18313fc3d3', '51');
INSERT INTO sys_fieldnum(id, objectType, fieldId, orderNum) VALUES ('549fd133-fca6-4033-bd4b-1e0765a65434', 'DOC', '02c529af-ca34-4c60-be92-66caaa27ddd7', '52');
INSERT INTO sys_fieldnum(id, objectType, fieldId, orderNum) VALUES ('4d0a2fe0-3cf5-4f38-b4e2-64073ba26382', 'DOC', '85435caf-8a2c-4a54-9606-4bc27f09b20a', '53');

/**文档数据源**/
INSERT INTO sys_datasource(id, objectType, name, val, isSystem, remark, isValid, orderNum, creatorId, createdTime, modifyId, modifyTime) VALUES ('3b38a54b-1e15-40c1-8ab0-1611241ef3b0', 'DOC', '保密等级', NULL, 'Y', NULL, 'Y', '21', 'b8ab9427-627b-469f-bfd0-4b1buser0001', '2022-08-08', 'b8ab9427-627b-469f-bfd0-4b1buser0001', '2022-08-08');
INSERT INTO sys_datasource(id, objectType, name, val, isSystem, remark, isValid, orderNum, creatorId, createdTime, modifyId, modifyTime) VALUES ('53ee95d3-4aae-4337-965c-9210552948f1', 'DOC', '文档质量', NULL, 'Y', NULL, 'Y', '23', 'b8ab9427-627b-469f-bfd0-4b1buser0001', '2022-08-08', 'b8ab9427-627b-469f-bfd0-4b1buser0001', '2022-08-08');

/**文档数据源选项**/
INSERT INTO sys_dataoption(id, objectType, name, dataBaseId, parentId, isSystem, remark, bgColor, fColor, isValid, orderNum, creatorId, createdTime, modifyId, modifyTime) VALUES ('37830173-86db-4db5-ba6f-277d033f594f', 'DOC', '优秀', '53ee95d3-4aae-4337-965c-9210552948f1', NULL, 'Y', NULL, '', '', 'Y', '105', 'b8ab9427-627b-469f-bfd0-4b1buser0001', '2022-08-08', 'b8ab9427-627b-469f-bfd0-4b1buser0001', '2022-08-08');
INSERT INTO sys_dataoption(id, objectType, name, dataBaseId, parentId, isSystem, remark, bgColor, fColor, isValid, orderNum, creatorId, createdTime, modifyId, modifyTime) VALUES ('46b8400b-04ef-4d86-a9e8-c592854f4004', 'DOC', '良好', '53ee95d3-4aae-4337-965c-9210552948f1', NULL, 'Y', NULL, '', '', 'Y', '106', 'b8ab9427-627b-469f-bfd0-4b1buser0001', '2022-08-08', 'b8ab9427-627b-469f-bfd0-4b1buser0001', '2022-08-08');
INSERT INTO sys_dataoption(id, objectType, name, dataBaseId, parentId, isSystem, remark, bgColor, fColor, isValid, orderNum, creatorId, createdTime, modifyId, modifyTime) VALUES ('57b918ac-e94b-4ed5-8b0d-93e3ba1ae99c', 'DOC', '一般', '53ee95d3-4aae-4337-965c-9210552948f1', NULL, 'Y', NULL, '', '', 'Y', '107', 'b8ab9427-627b-469f-bfd0-4b1buser0001', '2022-08-08', 'b8ab9427-627b-469f-bfd0-4b1buser0001', '2022-08-08');
INSERT INTO sys_dataoption(id, objectType, name, dataBaseId, parentId, isSystem, remark, bgColor, fColor, isValid, orderNum, creatorId, createdTime, modifyId, modifyTime) VALUES ('638dec86-3cea-4783-b6f7-0759b84796dc', 'DOC', '内部公开', '3b38a54b-1e15-40c1-8ab0-1611241ef3b0', NULL, 'Y', NULL, '', '', 'Y', '103', 'b8ab9427-627b-469f-bfd0-4b1buser0001', '2022-08-08', 'b8ab9427-627b-469f-bfd0-4b1buser0001', '2022-08-08');
INSERT INTO sys_dataoption(id, objectType, name, dataBaseId, parentId, isSystem, remark, bgColor, fColor, isValid, orderNum, creatorId, createdTime, modifyId, modifyTime) VALUES ('89a2065a-64ba-439d-9455-d757cca94f7d', 'DOC', '差', '53ee95d3-4aae-4337-965c-9210552948f1', NULL, 'Y', NULL, '', '', 'Y', '108', 'b8ab9427-627b-469f-bfd0-4b1buser0001', '2022-08-08', 'b8ab9427-627b-469f-bfd0-4b1buser0001', '2022-08-08');
INSERT INTO sys_dataoption(id, objectType, name, dataBaseId, parentId, isSystem, remark, bgColor, fColor, isValid, orderNum, creatorId, createdTime, modifyId, modifyTime) VALUES ('aee4052e-4726-4cdb-9d73-8114bfdbea8a', 'DOC', '机密', '3b38a54b-1e15-40c1-8ab0-1611241ef3b0', NULL, 'Y', NULL, '', '', 'Y', '101', 'b8ab9427-627b-469f-bfd0-4b1buser0001', '2022-08-08', 'b8ab9427-627b-469f-bfd0-4b1buser0001', '2022-08-08');
INSERT INTO sys_dataoption(id, objectType, name, dataBaseId, parentId, isSystem, remark, bgColor, fColor, isValid, orderNum, creatorId, createdTime, modifyId, modifyTime) VALUES ('d54f842b-bfea-47ee-9c88-a560de29953a', 'DOC', '保密', '3b38a54b-1e15-40c1-8ab0-1611241ef3b0', NULL, 'Y', NULL, '', '', 'Y', '102', 'b8ab9427-627b-469f-bfd0-4b1buser0001', '2022-08-08', 'b8ab9427-627b-469f-bfd0-4b1buser0001', '2022-08-08');
INSERT INTO sys_dataoption(id, objectType, name, dataBaseId, parentId, isSystem, remark, bgColor, fColor, isValid, orderNum, creatorId, createdTime, modifyId, modifyTime) VALUES ('d5559ec3-1cb1-410c-a0c5-d42f7e22c4c8', 'DOC', '绝密', '3b38a54b-1e15-40c1-8ab0-1611241ef3b0', '', 'Y', NULL, '', '', 'Y', '2', 'b8ab9427-627b-469f-bfd0-4b1buser0001', '2022-08-08', 'b8ab9427-627b-469f-bfd0-4b1buser0001', '2022-08-08');
INSERT INTO sys_dataoption(id, objectType, name, dataBaseId, parentId, isSystem, remark, bgColor, fColor, isValid, orderNum, creatorId, createdTime, modifyId, modifyTime) VALUES ('f40396ae-fbfd-4bf9-8dbc-9bb063cabf60', 'DOC', '公开', '3b38a54b-1e15-40c1-8ab0-1611241ef3b0', NULL, 'Y', NULL, '', '', 'Y', '104', 'b8ab9427-627b-469f-bfd0-4b1buser0001', '2022-08-08', 'b8ab9427-627b-469f-bfd0-4b1buser0001', '2022-08-08');

/**页面配置**/
INSERT INTO sys_page(id, name, objectType, pageType, subType, parentId, workflowID, deriveWfType, deriveWfID, mapField, isStartPage, entityTypeID, extPageUrl, extPageCls, isSystem, remark, isValid, orderNum, creatorId, createdTime, modifyId, modifyTime) 
VALUES('07698511-fa9f-47e2-9f4c-5fbbfidoc001', '系统表单', 'DOC', '', '', NULL, NULL, NULL, NULL, NULL, NULL, NULL, NULL, NULL, 'Y', NULL, 'Y', 1, NULL, NULL, NULL, NULL);
INSERT INTO sys_page(id, name, objectType, pageType, subType, parentId, workflowID, deriveWfType, deriveWfID, mapField, isStartPage, entityTypeID, extPageUrl, extPageCls, isSystem, remark, isValid, orderNum, creatorId, createdTime, modifyId, modifyTime) 
VALUES('07698511-fa9f-47e2-9f4c-5fbbfidoc002', '新建页面', 'DOC', 'FORM', 'ADD', '07698511-fa9f-47e2-9f4c-5fbbfidoc001', NULL, NULL, NULL, NULL, NULL, NULL, NULL, NULL, 'Y', NULL, 'Y', 2, 'b8ab9427-627b-469f-bfd0-4b1buser0001', '2022-08-08', 'b8ab9427-627b-469f-bfd0-4b1buser0001', '2022-08-08');
INSERT INTO sys_page(id, name, objectType, pageType, subType, parentId, workflowID, deriveWfType, deriveWfID, mapField, isStartPage, entityTypeID, extPageUrl, extPageCls, isSystem, remark, isValid, orderNum, creatorId, createdTime, modifyId, modifyTime) 
VALUES('07698511-fa9f-47e2-9f4c-5fbbfidoc003', '查看页面', 'DOC', 'FORM', 'VIEW', '07698511-fa9f-47e2-9f4c-5fbbfidoc001', NULL, NULL, NULL, NULL, NULL, NULL, NULL, NULL, 'Y', NULL, 'Y', 3, 'b8ab9427-627b-469f-bfd0-4b1buser0001', '2022-08-08', 'b8ab9427-627b-469f-bfd0-4b1buser0001', '2022-08-08');
INSERT INTO sys_page(id, name, objectType, pageType, subType, parentId, workflowID, deriveWfType, deriveWfID, mapField, isStartPage, entityTypeID, extPageUrl, extPageCls, isSystem, remark, isValid, orderNum, creatorId, createdTime, modifyId, modifyTime) 
VALUES('07698511-fa9f-47e2-9f4c-5fbbfidoc004', '编辑页面', 'DOC', 'FORM', 'EDIT', '07698511-fa9f-47e2-9f4c-5fbbfidoc001', NULL, NULL, NULL, NULL, NULL, NULL, NULL, NULL, 'Y', NULL, 'Y', 4, 'b8ab9427-627b-469f-bfd0-4b1buser0001', '2022-08-08', 'b8ab9427-627b-469f-bfd0-4b1buser0001', '2022-08-08');
INSERT INTO sys_page(id, name, objectType, pageType, parentId, workflowID, deriveWfType, deriveWfID, mapField, isStartPage, entityTypeID, extPageUrl, extPageCls, isSystem, remark, isValid, orderNum, creatorId, createdTime, modifyId, modifyTime) 
VALUES('07698511-fa9f-47e2-9f4c-5fbbfidoc013', '系统视图', 'DOC', NULL, NULL, NULL, NULL, NULL, NULL, NULL, NULL, NULL, NULL, 'Y', NULL, 'Y', 5, NULL, NULL, NULL, NULL);
INSERT INTO sys_page(id, name, objectType, pageType, parentId, workflowID, deriveWfType, deriveWfID, mapField, isStartPage, entityTypeID, extPageUrl, extPageCls, isSystem, remark, isValid, orderNum, creatorId, createdTime, modifyId, modifyTime) 
VALUES('07698511-fa9f-47e2-9f4c-5fbbfidoc014', '默认视图', 'DOC', 'LIST', '07698511-fa9f-47e2-9f4c-5fbbfidoc013', NULL, NULL, NULL, NULL, NULL, NULL, NULL, NULL, 'Y', NULL, 'Y', 6, 'b8ab9427-627b-469f-bfd0-4b1buser0001', '2022-08-08', 'b8ab9427-627b-469f-bfd0-4b1buser0001', '2022-08-08');
INSERT INTO sys_page(id, name, objectType, pageType, parentId, workflowID, deriveWfType, deriveWfID, mapField, isStartPage, entityTypeID, extPageUrl, extPageCls, isSystem, remark, isValid, orderNum, creatorId, createdTime, modifyId, modifyTime) 
VALUES('07698511-fa9f-47e2-9f4c-5fbbfidoc005', '导入导出视图', 'DOC', 'IMPEXPLIST', '', NULL, NULL, NULL, NULL, NULL, NULL, NULL, NULL, 'Y', NULL, 'Y', 7, NULL, NULL, NULL, NULL);
INSERT INTO sys_page(id, name, objectType, pageType, parentId, workflowID, deriveWfType, deriveWfID, mapField, isStartPage, entityTypeID, extPageUrl, extPageCls, isSystem, remark, isValid, orderNum, creatorId, createdTime, modifyId, modifyTime) 
VALUES('07698511-fa9f-47e2-9f4c-5fbbfidoc006', '导入视图', 'DOC', 'IMPLIST', '07698511-fa9f-47e2-9f4c-5fbbfidoc005', NULL, NULL, NULL, NULL, NULL, NULL, NULL, NULL, 'Y', NULL, 'Y', 8, 'b8ab9427-627b-469f-bfd0-4b1buser0001', '2022-08-08', 'b8ab9427-627b-469f-bfd0-4b1buser0001', '2022-08-08');
INSERT INTO sys_page(id, name, objectType, pageType, parentId, workflowID, deriveWfType, deriveWfID, mapField, isStartPage, entityTypeID, extPageUrl, extPageCls, isSystem, remark, isValid, orderNum, creatorId, createdTime, modifyId, modifyTime) 
VALUES('07698511-fa9f-47e2-9f4c-5fbbfidoc007', '导出视图', 'DOC', 'EXPLIST', '07698511-fa9f-47e2-9f4c-5fbbfidoc005', NULL, NULL, NULL, NULL, NULL, NULL, NULL, NULL, 'Y', NULL, 'Y', 9, 'b8ab9427-627b-469f-bfd0-4b1buser0001', '2022-08-08', 'b8ab9427-627b-469f-bfd0-4b1buser0001', '2022-08-08');
INSERT INTO sys_page(id, name, objectType, pageType, parentId, workflowID, deriveWfType, deriveWfID, mapField, isStartPage, entityTypeID, extPageUrl, extPageCls, isSystem, remark, isValid, orderNum, creatorId, createdTime, modifyId, modifyTime) 
VALUES('07698511-fa9f-47e2-9f4c-5fbbfidoc015', '个人视图', 'DOC', 'CUSLIST', '', NULL, NULL, NULL, NULL, NULL, NULL, NULL, NULL, 'Y', NULL, 'Y', 10, NULL, NULL, NULL, NULL);

/**新建文档、查看文档、编辑文档**/
INSERT INTO sys_pagefield_rlt(id, pageId, fieldId, orderNum, isRequired, isReaded, isReseted, isRecorded, isShowed, layout, isValid, module) VALUES ('3d8a7a2f-5454-4a57-bee8-3f4298ae1627', '07698511-fa9f-47e2-9f4c-5fbbfidoc002', '45f346cd-ad8e-4922-98d7-a82d02f21521', '1', 'Y', 'N', 'N', 'Y', NULL, 'F', 'Y', NULL);
INSERT INTO sys_pagefield_rlt(id, pageId, fieldId, orderNum, isRequired, isReaded, isReseted, isRecorded, isShowed, layout, isValid, module) VALUES ('fb9789e3-c9bd-4410-bc5d-5dd5b8ca11fc', '07698511-fa9f-47e2-9f4c-5fbbfidoc002', 'a47471d7-f703-42f0-8c10-68cbe90713a9', '2', 'Y', 'N', 'N', 'Y', NULL, 'T', 'Y', NULL);
INSERT INTO sys_pagefield_rlt(id, pageId, fieldId, orderNum, isRequired, isReaded, isReseted, isRecorded, isShowed, layout, isValid, module) VALUES ('e29535af-f0c8-4c5c-9d59-323c0353d23e', '07698511-fa9f-47e2-9f4c-5fbbfidoc002', 'abf97903-2f3f-486c-a2b3-a8461619e626', '3', 'Y', 'N', 'N', 'Y', NULL, 'T', 'Y', NULL);
INSERT INTO sys_pagefield_rlt(id, pageId, fieldId, orderNum, isRequired, isReaded, isReseted, isRecorded, isShowed, layout, isValid, module) VALUES ('eeb49549-bea1-455f-a54f-a9ce3728b375', '07698511-fa9f-47e2-9f4c-5fbbfidoc002', '83c8ab58-7b78-4f3a-89c3-07d556ee36d8', '4', 'N', 'N', 'N', 'N', NULL, 'F', 'Y', NULL);
INSERT INTO sys_pagefield_rlt(id, pageId, fieldId, orderNum, isRequired, isReaded, isReseted, isRecorded, isShowed, layout, isValid, module) VALUES ('52dba707-19b7-4d00-8a6d-6c22c5ef0109', '07698511-fa9f-47e2-9f4c-5fbbfidoc002', 'aa91f314-1e23-4f64-9eb7-de4beae29f5f', '6', 'N', 'N', 'N', 'N', NULL, 'F', 'Y', NULL);
INSERT INTO sys_pagefield_rlt(id, pageId, fieldId, orderNum, isRequired, isReaded, isReseted, isRecorded, isShowed, layout, isValid, module) VALUES ('2090b25e-9cb6-4575-b3ea-89d7304cd468', '07698511-fa9f-47e2-9f4c-5fbbfidoc002', 'ce856623-10df-4359-95d7-c79dc27068ae', '7', 'N', 'N', 'N', 'N', NULL, 'T', 'Y', NULL);
INSERT INTO sys_pagefield_rlt(id, pageId, fieldId, orderNum, isRequired, isReaded, isReseted, isRecorded, isShowed, layout, isValid, module) VALUES ('8bbc87b0-db74-4279-bb4f-afc7bd35e652', '07698511-fa9f-47e2-9f4c-5fbbfidoc002', 'b5d50090-c1a8-4aa5-be5b-bebf0477ba07', '8', 'N', 'N', 'N', 'N', NULL, 'T', 'Y', NULL);
INSERT INTO sys_pagefield_rlt(id, pageId, fieldId, orderNum, isRequired, isReaded, isReseted, isRecorded, isShowed, layout, isValid, module) VALUES ('84d02bec-a12e-47bc-9ae6-e906e73578ba', '07698511-fa9f-47e2-9f4c-5fbbfidoc002', '8073ec57-24eb-4c88-8852-3ce864683bff', '9', 'N', 'N', 'N', 'N', NULL, 'F', 'Y', NULL);
INSERT INTO sys_pagefield_rlt(id, pageId, fieldId, orderNum, isRequired, isReaded, isReseted, isRecorded, isShowed, layout, isValid, module) VALUES ('0c23be0d-1016-4c33-bcbd-e848f31ba28a', '07698511-fa9f-47e2-9f4c-5fbbfidoc002', '00ee64db-4e7b-4cd2-aad6-4d800ebfed6e', '10', 'N', 'N', 'N', 'N', NULL, 'F', 'Y', NULL);
INSERT INTO sys_pagefield_rlt(id, pageId, fieldId, orderNum, isRequired, isReaded, isReseted, isRecorded, isShowed, layout, isValid, module) VALUES ('8ccab1b1-bca3-4a9e-9484-4a28d1b0b47b', '07698511-fa9f-47e2-9f4c-5fbbfidoc002', 'bced8e0f-f398-4390-a00e-c8dccc1c1322', '11', 'N', 'N', 'N', 'N', NULL, 'F', 'Y', NULL);
INSERT INTO sys_pagefield_rlt(id, pageId, fieldId, orderNum, isRequired, isReaded, isReseted, isRecorded, isShowed, layout, isValid, module) VALUES ('30b7cdd7-3a2f-472d-9161-69e13f405b22', '07698511-fa9f-47e2-9f4c-5fbbfidoc003', 'detail_sign', '1', NULL, NULL, NULL, NULL, 'N', 'F', 'Y', NULL);
INSERT INTO sys_pagefield_rlt(id, pageId, fieldId, orderNum, isRequired, isReaded, isReseted, isRecorded, isShowed, layout, isValid, module) VALUES ('9dba5b29-3a79-4a84-99e6-ce16981b7b7c', '07698511-fa9f-47e2-9f4c-5fbbfidoc003', '45f346cd-ad8e-4922-98d7-a82d02f21521', '2', 'N', 'Y', 'N', 'N', NULL, 'F', 'Y', NULL);
INSERT INTO sys_pagefield_rlt(id, pageId, fieldId, orderNum, isRequired, isReaded, isReseted, isRecorded, isShowed, layout, isValid, module) VALUES ('9457fd82-2289-46f5-b7b1-395c94b2d99c', '07698511-fa9f-47e2-9f4c-5fbbfidoc003', 'a47471d7-f703-42f0-8c10-68cbe90713a9', '3', 'N', 'Y', 'N', 'N', NULL, 'T', 'Y', NULL);
INSERT INTO sys_pagefield_rlt(id, pageId, fieldId, orderNum, isRequired, isReaded, isReseted, isRecorded, isShowed, layout, isValid, module) VALUES ('d41233bc-7ff0-475e-80b5-028ff690e978', '07698511-fa9f-47e2-9f4c-5fbbfidoc003', 'a7fbe901-8c76-4bb3-91ba-299383f5d770', '4', 'N', 'Y', 'N', 'N', NULL, 'T', 'Y', NULL);
INSERT INTO sys_pagefield_rlt(id, pageId, fieldId, orderNum, isRequired, isReaded, isReseted, isRecorded, isShowed, layout, isValid, module) VALUES ('fe424590-4aa1-43df-9d96-c9c29375adc9', '07698511-fa9f-47e2-9f4c-5fbbfidoc003', 'abf97903-2f3f-486c-a2b3-a8461619e626', '5', 'N', 'Y', 'N', 'N', NULL, 'T', 'Y', NULL);
INSERT INTO sys_pagefield_rlt(id, pageId, fieldId, orderNum, isRequired, isReaded, isReseted, isRecorded, isShowed, layout, isValid, module) VALUES ('dafe1c99-e4c6-4d21-a7b4-5a33bdfbee85', '07698511-fa9f-47e2-9f4c-5fbbfidoc003', '7754c441-edaf-4c40-a46b-492bbd609746', '6', 'N', 'Y', 'N', 'N', NULL, 'T', 'Y', NULL);
INSERT INTO sys_pagefield_rlt(id, pageId, fieldId, orderNum, isRequired, isReaded, isReseted, isRecorded, isShowed, layout, isValid, module) VALUES ('1ce78efc-68db-4a94-a978-15bbf6c053f1', '07698511-fa9f-47e2-9f4c-5fbbfidoc003', '83c8ab58-7b78-4f3a-89c3-07d556ee36d8', '7', 'N', 'Y', 'N', 'N', NULL, 'F', 'Y', NULL);
INSERT INTO sys_pagefield_rlt(id, pageId, fieldId, orderNum, isRequired, isReaded, isReseted, isRecorded, isShowed, layout, isValid, module) VALUES ('3e5fe02c-34f0-412b-bb72-9611df2dc0ca', '07698511-fa9f-47e2-9f4c-5fbbfidoc003', 'aa91f314-1e23-4f64-9eb7-de4beae29f5f', '9', 'N', 'Y', 'N', 'N', NULL, 'F', 'Y', NULL);
INSERT INTO sys_pagefield_rlt(id, pageId, fieldId, orderNum, isRequired, isReaded, isReseted, isRecorded, isShowed, layout, isValid, module) VALUES ('4b787132-632a-4d92-9406-e87cdd8f9d96', '07698511-fa9f-47e2-9f4c-5fbbfidoc003', 'ce856623-10df-4359-95d7-c79dc27068ae', '10', 'N', 'Y', 'N', 'N', NULL, 'T', 'Y', NULL);
INSERT INTO sys_pagefield_rlt(id, pageId, fieldId, orderNum, isRequired, isReaded, isReseted, isRecorded, isShowed, layout, isValid, module) VALUES ('bac0d40d-dbb4-4fc7-9f34-46307cd229cf', '07698511-fa9f-47e2-9f4c-5fbbfidoc003', 'b5d50090-c1a8-4aa5-be5b-bebf0477ba07', '11', 'N', 'Y', 'N', 'N', NULL, 'T', 'Y', NULL);
INSERT INTO sys_pagefield_rlt(id, pageId, fieldId, orderNum, isRequired, isReaded, isReseted, isRecorded, isShowed, layout, isValid, module) VALUES ('bb01f8b8-81f8-42d4-8abc-3f53b682bdac', '07698511-fa9f-47e2-9f4c-5fbbfidoc003', '8073ec57-24eb-4c88-8852-3ce864683bff', '12', 'N', 'Y', 'N', 'N', NULL, 'F', 'Y', NULL);
INSERT INTO sys_pagefield_rlt(id, pageId, fieldId, orderNum, isRequired, isReaded, isReseted, isRecorded, isShowed, layout, isValid, module) VALUES ('f7fbc416-6a1c-4491-9d61-b282cc279b54', '07698511-fa9f-47e2-9f4c-5fbbfidoc003', '00ee64db-4e7b-4cd2-aad6-4d800ebfed6e', '13', 'N', 'Y', 'N', 'N', NULL, 'F', 'Y', NULL);
INSERT INTO sys_pagefield_rlt(id, pageId, fieldId, orderNum, isRequired, isReaded, isReseted, isRecorded, isShowed, layout, isValid, module) VALUES ('5e2773bc-d3e6-4103-b9c4-6dca4f3903ad', '07698511-fa9f-47e2-9f4c-5fbbfidoc003', 'bced8e0f-f398-4390-a00e-c8dccc1c1322', '14', 'N', 'Y', 'N', 'N', NULL, 'F', 'Y', NULL);
INSERT INTO sys_pagefield_rlt(id, pageId, fieldId, orderNum, isRequired, isReaded, isReseted, isRecorded, isShowed, layout, isValid, module) VALUES ('ee46467b-2dd7-44b5-994f-77f33f5685f6', '07698511-fa9f-47e2-9f4c-5fbbfidoc003', '02c529af-ca34-4c60-be92-66caaa27ddd7', '15', 'N', 'Y', 'N', 'N', NULL, 'T', 'Y', NULL);
INSERT INTO sys_pagefield_rlt(id, pageId, fieldId, orderNum, isRequired, isReaded, isReseted, isRecorded, isShowed, layout, isValid, module) VALUES ('02a434d0-c44e-45cc-b420-05414e6d251f', '07698511-fa9f-47e2-9f4c-5fbbfidoc003', '9ff2ef0a-c90f-4659-a3a1-59d23700110d', '16', 'N', 'Y', 'N', 'N', NULL, 'T', 'Y', NULL);
INSERT INTO sys_pagefield_rlt(id, pageId, fieldId, orderNum, isRequired, isReaded, isReseted, isRecorded, isShowed, layout, isValid, module) VALUES ('858a04c3-cc0b-46f2-a890-2b93a888dcc8', '07698511-fa9f-47e2-9f4c-5fbbfidoc003', '85435caf-8a2c-4a54-9606-4bc27f09b20a', '17', 'N', 'Y', 'N', 'N', NULL, 'T', 'Y', NULL);
INSERT INTO sys_pagefield_rlt(id, pageId, fieldId, orderNum, isRequired, isReaded, isReseted, isRecorded, isShowed, layout, isValid, module) VALUES ('573f4062-6d28-4967-b493-648bca212df7', '07698511-fa9f-47e2-9f4c-5fbbfidoc003', 'ba9b9ab5-576b-4b50-b351-0f18313fc3d3', '18', 'N', 'Y', 'N', 'N', NULL, 'T', 'Y', NULL);
INSERT INTO sys_pagefield_rlt(id, pageId, fieldId, orderNum, isRequired, isReaded, isReseted, isRecorded, isShowed, layout, isValid, module) VALUES ('8eebaacf-9eeb-4209-bbf6-f533facfc48c', '07698511-fa9f-47e2-9f4c-5fbbfidoc004', 'detail_sign', '1', NULL, NULL, NULL, NULL, 'N', 'F', 'Y', NULL);
INSERT INTO sys_pagefield_rlt(id, pageId, fieldId, orderNum, isRequired, isReaded, isReseted, isRecorded, isShowed, layout, isValid, module) VALUES ('120f9abf-bc95-4631-a235-82678bb16285', '07698511-fa9f-47e2-9f4c-5fbbfidoc004', '45f346cd-ad8e-4922-98d7-a82d02f21521', '2', 'Y', 'N', 'N', 'Y', NULL, 'F', 'Y', NULL);
INSERT INTO sys_pagefield_rlt(id, pageId, fieldId, orderNum, isRequired, isReaded, isReseted, isRecorded, isShowed, layout, isValid, module) VALUES ('9f109e9c-4b84-453b-b4f0-a17300db55f6', '07698511-fa9f-47e2-9f4c-5fbbfidoc004', 'a47471d7-f703-42f0-8c10-68cbe90713a9', '3', 'Y', 'N', 'N', 'Y', NULL, 'T', 'Y', NULL);
INSERT INTO sys_pagefield_rlt(id, pageId, fieldId, orderNum, isRequired, isReaded, isReseted, isRecorded, isShowed, layout, isValid, module) VALUES ('b5164e70-569c-4b91-b165-a357d01de659', '07698511-fa9f-47e2-9f4c-5fbbfidoc004', 'a7fbe901-8c76-4bb3-91ba-299383f5d770', '4', 'Y', 'N', 'N', 'Y', NULL, 'T', 'Y', NULL);
INSERT INTO sys_pagefield_rlt(id, pageId, fieldId, orderNum, isRequired, isReaded, isReseted, isRecorded, isShowed, layout, isValid, module) VALUES ('6032a613-7305-4f10-8154-84a8a0dd10bd', '07698511-fa9f-47e2-9f4c-5fbbfidoc004', 'abf97903-2f3f-486c-a2b3-a8461619e626', '5', 'Y', 'N', 'N', 'Y', NULL, 'T', 'Y', NULL);
INSERT INTO sys_pagefield_rlt(id, pageId, fieldId, orderNum, isRequired, isReaded, isReseted, isRecorded, isShowed, layout, isValid, module) VALUES ('fc113c0c-87a0-4c80-a08f-a3642914463b', '07698511-fa9f-47e2-9f4c-5fbbfidoc004', '7754c441-edaf-4c40-a46b-492bbd609746', '6', 'N', 'Y', 'N', 'N', NULL, 'T', 'Y', NULL);
INSERT INTO sys_pagefield_rlt(id, pageId, fieldId, orderNum, isRequired, isReaded, isReseted, isRecorded, isShowed, layout, isValid, module) VALUES ('789a0a40-b8e5-45f7-9b1c-2a0fddb4b51b', '07698511-fa9f-47e2-9f4c-5fbbfidoc004', '83c8ab58-7b78-4f3a-89c3-07d556ee36d8', '7', 'N', 'N', 'N', 'N', NULL, 'F', 'Y', NULL);
INSERT INTO sys_pagefield_rlt(id, pageId, fieldId, orderNum, isRequired, isReaded, isReseted, isRecorded, isShowed, layout, isValid, module) VALUES ('b1de31d7-0802-4ccd-960d-cc0bfceadee7', '07698511-fa9f-47e2-9f4c-5fbbfidoc004', 'aa91f314-1e23-4f64-9eb7-de4beae29f5f', '9', 'N', 'N', 'N', 'N', NULL, 'F', 'Y', NULL);
INSERT INTO sys_pagefield_rlt(id, pageId, fieldId, orderNum, isRequired, isReaded, isReseted, isRecorded, isShowed, layout, isValid, module) VALUES ('74b814d9-3896-4076-bbce-81fa083070bb', '07698511-fa9f-47e2-9f4c-5fbbfidoc004', 'ce856623-10df-4359-95d7-c79dc27068ae', '10', 'N', 'N', 'N', 'N', NULL, 'T', 'Y', NULL);
INSERT INTO sys_pagefield_rlt(id, pageId, fieldId, orderNum, isRequired, isReaded, isReseted, isRecorded, isShowed, layout, isValid, module) VALUES ('e3a70af3-b67b-4fef-995e-731f9de982af', '07698511-fa9f-47e2-9f4c-5fbbfidoc004', 'b5d50090-c1a8-4aa5-be5b-bebf0477ba07', '11', 'N', 'N', 'N', 'N', NULL, 'T', 'Y', NULL);
INSERT INTO sys_pagefield_rlt(id, pageId, fieldId, orderNum, isRequired, isReaded, isReseted, isRecorded, isShowed, layout, isValid, module) VALUES ('22d37931-16c8-4f3a-adbd-d1e132063ac3', '07698511-fa9f-47e2-9f4c-5fbbfidoc004', '8073ec57-24eb-4c88-8852-3ce864683bff', '12', 'N', 'N', 'N', 'N', NULL, 'F', 'Y', NULL);
INSERT INTO sys_pagefield_rlt(id, pageId, fieldId, orderNum, isRequired, isReaded, isReseted, isRecorded, isShowed, layout, isValid, module) VALUES ('eeecd175-6fb3-4f32-b1fd-5f532d99a6ed', '07698511-fa9f-47e2-9f4c-5fbbfidoc004', '00ee64db-4e7b-4cd2-aad6-4d800ebfed6e', '13', 'N', 'N', 'N', 'N', NULL, 'F', 'Y', NULL);
INSERT INTO sys_pagefield_rlt(id, pageId, fieldId, orderNum, isRequired, isReaded, isReseted, isRecorded, isShowed, layout, isValid, module) VALUES ('3d345cb0-45fd-4cf2-ae7c-d02f722401ff', '07698511-fa9f-47e2-9f4c-5fbbfidoc004', 'bced8e0f-f398-4390-a00e-c8dccc1c1322', '14', 'N', 'N', 'N', 'N', NULL, 'F', 'Y', NULL);
INSERT INTO sys_pagefield_rlt(id, pageId, fieldId, orderNum, isRequired, isReaded, isReseted, isRecorded, isShowed, layout, isValid, module) VALUES ('26716dcc-6b45-4874-be08-7cd5a240383b', '07698511-fa9f-47e2-9f4c-5fbbfidoc004', '02c529af-ca34-4c60-be92-66caaa27ddd7', '15', 'N', 'Y', 'N', 'N', NULL, 'T', 'Y', NULL);
INSERT INTO sys_pagefield_rlt(id, pageId, fieldId, orderNum, isRequired, isReaded, isReseted, isRecorded, isShowed, layout, isValid, module) VALUES ('cbe2dd04-8b50-4e4e-8b86-7a3e79eb38bf', '07698511-fa9f-47e2-9f4c-5fbbfidoc004', '9ff2ef0a-c90f-4659-a3a1-59d23700110d', '16', 'N', 'Y', 'N', 'N', NULL, 'T', 'Y', NULL);
INSERT INTO sys_pagefield_rlt(id, pageId, fieldId, orderNum, isRequired, isReaded, isReseted, isRecorded, isShowed, layout, isValid, module) VALUES ('432e7c45-9508-424a-a74b-e1970dacd274', '07698511-fa9f-47e2-9f4c-5fbbfidoc004', '85435caf-8a2c-4a54-9606-4bc27f09b20a', '17', 'N', 'Y', 'N', 'N', NULL, 'T', 'Y', NULL);
INSERT INTO sys_pagefield_rlt(id, pageId, fieldId, orderNum, isRequired, isReaded, isReseted, isRecorded, isShowed, layout, isValid, module) VALUES ('e80c9e76-687f-47df-8bf2-4fbb77105bf4', '07698511-fa9f-47e2-9f4c-5fbbfidoc004', 'ba9b9ab5-576b-4b50-b351-0f18313fc3d3', '18', 'N', 'Y', 'N', 'N', NULL, 'T', 'Y', NULL);

/**文档默认列表页面配置**/
INSERT INTO sys_pagelist_rlt(id, pageId, objectType, fieldView, filterCondition, isValid) VALUES ('1ec19606-076c-4437-9e4f-6210940701d3', '07698511-fa9f-47e2-9f4c-5fbbfidoc014', 'DOC', '{\"pageSize\":\"20\",\"orderBy\":\"modifyTime\",\"orderByType\":\"desc\",\"query\":\"\",\"view\":[{\"f\":\"id\",\"a\":\"center\",\"w\":\"60px\",\"t\":\"ID\",\"r\":\"\",\"s\":false,\"h\":false,\"i\":\"\"},{\"f\":\"extendName\",\"a\":\"left\",\"w\":\"40px\",\"t\":\"TEXT\",\"r\":\"\",\"s\":false,\"h\":false,\"i\":\"0cb6a5f2-0072-488c-b99e-570418e080cd\"},{\"f\":\"checkOutUserId\",\"a\":\"left\",\"w\":\"1px\",\"t\":\"USER\",\"r\":\"\",\"s\":false,\"h\":false,\"i\":\"1b828fc5-c6eb-49b2-bd02-725ebe76ce30\"},{\"f\":\"name\",\"a\":\"left\",\"w\":\"300px\",\"t\":\"TEXT\",\"r\":\"\",\"s\":true,\"h\":true,\"i\":\"45f346cd-ad8e-4922-98d7-a82d02f21521\"},{\"f\":\"code\",\"a\":\"left\",\"w\":\"120px\",\"t\":\"TEXT\",\"r\":\"\",\"s\":false,\"h\":false,\"i\":\"d9c8582b-d680-4b4b-93b4-4f99616195a0\"},{\"f\":\"version\",\"a\":\"left\",\"w\":\"80px\",\"t\":\"TEXT\",\"r\":\"\",\"s\":false,\"h\":false,\"i\":\"7754c441-edaf-4c40-a46b-492bbd609746\"},{\"f\":\"fileSize\",\"a\":\"left\",\"w\":\"120px\",\"t\":\"NUMBER\",\"r\":\"\",\"s\":false,\"h\":false,\"i\":\"ebf0a512-4260-4c1b-9650-be8a809b230a\"},{\"f\":\"typeId\",\"a\":\"left\",\"w\":\"120px\",\"t\":\"SELECT\",\"r\":\"\",\"s\":true,\"h\":true,\"i\":\"a47471d7-f703-42f0-8c10-68cbe90713a9\"},{\"f\":\"phaseId\",\"a\":\"left\",\"w\":\"120px\",\"t\":\"SELECT\",\"r\":\"\",\"s\":false,\"h\":false,\"i\":\"abf97903-2f3f-486c-a2b3-a8461619e626\"},{\"f\":\"projectId\",\"a\":\"left\",\"w\":\"120px\",\"t\":\"PJT\",\"r\":\"\",\"s\":false,\"h\":false,\"i\":\"83c8ab58-7b78-4f3a-89c3-07d556ee36d8\"},{\"f\":\"modifyTime\",\"a\":\"left\",\"w\":\"120px\",\"t\":\"DATE\",\"r\":\"\",\"s\":true,\"h\":false,\"i\":\"85435caf-8a2c-4a54-9606-4bc27f09b20a\"}]}', '', 'Y');

/**文档类型**/
INSERT INTO en_type(id, name, objectType, code, codeRule, editionRule, lifecycleId, parentId, remark, bgColor, fColor, isSystem, orderNum, isValid, creatorId, createdTime, modifyId, modifyTime) VALUES ('af22b1fa-1ee3-4c5c-b3ff-5882714fbc2e', '管理类', 'DOC', NULL, '{\"codeSign\":\"DOC\",\"codeSuffix\":\"SN\"}', NULL, '9ea1b988-797d-4177-8c02-2c2da2d02de6', '', '', NULL, NULL, NULL, '9', 'Y', 'b8ab9427-627b-469f-bfd0-4b1buser0001', '2022-08-08', 'b8ab9427-627b-469f-bfd0-4b1buser0001', '2022-08-08');
INSERT INTO en_type(id, name, objectType, code, codeRule, editionRule, lifecycleId, parentId, remark, bgColor, fColor, isSystem, orderNum, isValid, creatorId, createdTime, modifyId, modifyTime) VALUES ('401a693c-c2f4-4783-a69f-a0ac66fd235d', '工程类', 'DOC', NULL, '{\"codeSign\":\"DOC\",\"codeSuffix\":\"SN\"}', NULL, 'e18469fe-de29-4aa3-8fbd-25445b3e06b9', '', '', NULL, NULL, NULL, '10', 'Y', 'b8ab9427-627b-469f-bfd0-4b1buser0001', '2022-08-08', 'b8ab9427-627b-469f-bfd0-4b1buser0001', '2022-08-08');
INSERT INTO en_type(id, name, objectType, code, codeRule, editionRule, lifecycleId, parentId, remark, bgColor, fColor, isSystem, orderNum, isValid, creatorId, createdTime, modifyId, modifyTime) VALUES ('8135a869-9ab4-4627-97f1-5cc4ad32c80a', '体系类', 'DOC', NULL, '{\"codeSign\":\"DOC\",\"codeSuffix\":\"SN\"}', NULL, '9ea1b988-797d-4177-8c02-2c2da2d02de6', '', '', NULL, NULL, NULL, '12', 'N', 'b8ab9427-627b-469f-bfd0-4b1buser0001', '2022-08-08', 'b8ab9427-627b-469f-bfd0-4b1buser0001', '2022-08-08');
INSERT INTO en_type(id, name, objectType, code, codeRule, editionRule, lifecycleId, parentId, remark, bgColor, fColor, isSystem, orderNum, isValid, creatorId, createdTime, modifyId, modifyTime) VALUES ('131532af-da08-4f72-a128-7ca51d96ff06', '产品类', 'DOC', NULL, '{\"codeSign\":\"DOC\",\"codeSuffix\":\"SN\"}', NULL, 'e18469fe-de29-4aa3-8fbd-25445b3e06b9', '', '', NULL, NULL, NULL, '13', 'Y', 'b8ab9427-627b-469f-bfd0-4b1buser0001', '2022-08-08', 'b8ab9427-627b-469f-bfd0-4b1buser0001', '2022-08-08');
INSERT INTO en_type(id, name, objectType, code, codeRule, editionRule, lifecycleId, parentId, remark, bgColor, fColor, isSystem, orderNum, isValid, creatorId, createdTime, modifyId, modifyTime) VALUES ('99f81dfa-2d21-431a-980f-177b3a14704e', '市场类', 'DOC', NULL, '{\"codeSign\":\"DOC\",\"codeSuffix\":\"SN\"}', NULL, 'e18469fe-de29-4aa3-8fbd-25445b3e06b9', '131532af-da08-4f72-a128-7ca51d96ff06', '', NULL, NULL, NULL, '1', 'Y', 'b8ab9427-627b-469f-bfd0-4b1buser0001', '2022-08-08', 'b8ab9427-627b-469f-bfd0-4b1buser0001', '2022-08-08');
INSERT INTO en_type(id, name, objectType, code, codeRule, editionRule, lifecycleId, parentId, remark, bgColor, fColor, isSystem, orderNum, isValid, creatorId, createdTime, modifyId, modifyTime) VALUES ('e8541026-970a-4eda-91e5-337da0d5d33d', '财经类', 'DOC', NULL, '{\"codeSign\":\"DOC\",\"codeSuffix\":\"SN\"}', NULL, 'e18469fe-de29-4aa3-8fbd-25445b3e06b9', '131532af-da08-4f72-a128-7ca51d96ff06', '', NULL, NULL, NULL, '2', 'Y', 'b8ab9427-627b-469f-bfd0-4b1buser0001', '2022-08-08', 'b8ab9427-627b-469f-bfd0-4b1buser0001', '2022-08-08');
INSERT INTO en_type(id, name, objectType, code, codeRule, editionRule, lifecycleId, parentId, remark, bgColor, fColor, isSystem, orderNum, isValid, creatorId, createdTime, modifyId, modifyTime) VALUES ('5d0c8f6a-ae3b-4b1b-936a-808bc91be0fb', '需求类', 'DOC', NULL, '{\"codeSign\":\"DOC\",\"codeSuffix\":\"SN\"}', NULL, 'e18469fe-de29-4aa3-8fbd-25445b3e06b9', '401a693c-c2f4-4783-a69f-a0ac66fd235d', '', NULL, NULL, NULL, '3', 'Y', 'b8ab9427-627b-469f-bfd0-4b1buser0001', '2022-08-08', 'b8ab9427-627b-469f-bfd0-4b1buser0001', '2022-08-08');
INSERT INTO en_type(id, name, objectType, code, codeRule, editionRule, lifecycleId, parentId, remark, bgColor, fColor, isSystem, orderNum, isValid, creatorId, createdTime, modifyId, modifyTime) VALUES ('d1316fba-8e04-4bad-a8fb-5171468b05b1', '总体设计类', 'DOC', NULL, '{\"codeSign\":\"DOC\",\"codeSuffix\":\"SN\"}', NULL, 'e18469fe-de29-4aa3-8fbd-25445b3e06b9', '401a693c-c2f4-4783-a69f-a0ac66fd235d', '', NULL, NULL, NULL, '4', 'Y', 'b8ab9427-627b-469f-bfd0-4b1buser0001', '2022-08-08', 'b8ab9427-627b-469f-bfd0-4b1buser0001', '2022-08-08');
INSERT INTO en_type(id, name, objectType, code, codeRule, editionRule, lifecycleId, parentId, remark, bgColor, fColor, isSystem, orderNum, isValid, creatorId, createdTime, modifyId, modifyTime) VALUES ('05082a95-208f-4e58-b6d5-3057f81b6dfb', '概要设计类', 'DOC', NULL, '{\"codeSign\":\"DOC\",\"codeSuffix\":\"SN\"}', NULL, 'e18469fe-de29-4aa3-8fbd-25445b3e06b9', '401a693c-c2f4-4783-a69f-a0ac66fd235d', '', NULL, NULL, NULL, '5', 'Y', 'b8ab9427-627b-469f-bfd0-4b1buser0001', '2022-08-08', 'b8ab9427-627b-469f-bfd0-4b1buser0001', '2022-08-08');
INSERT INTO en_type(id, name, objectType, code, codeRule, editionRule, lifecycleId, parentId, remark, bgColor, fColor, isSystem, orderNum, isValid, creatorId, createdTime, modifyId, modifyTime) VALUES ('4ca6c880-c4f4-44ae-8cfa-9e942781c48e', '详细设计类', 'DOC', NULL, '{\"codeSign\":\"DOC\",\"codeSuffix\":\"SN\"}', NULL, 'e18469fe-de29-4aa3-8fbd-25445b3e06b9', '401a693c-c2f4-4783-a69f-a0ac66fd235d', '', NULL, NULL, NULL, '6', 'Y', 'b8ab9427-627b-469f-bfd0-4b1buser0001', '2022-08-08', 'b8ab9427-627b-469f-bfd0-4b1buser0001', '2022-08-08');
INSERT INTO en_type(id, name, objectType, code, codeRule, editionRule, lifecycleId, parentId, remark, bgColor, fColor, isSystem, orderNum, isValid, creatorId, createdTime, modifyId, modifyTime) VALUES ('40ad3732-67ff-4b49-a431-859fd28cba0b', '计划类', 'DOC', NULL, '{\"codeSign\":\"DOC\",\"codeSuffix\":\"SN\"}', NULL, '9ea1b988-797d-4177-8c02-2c2da2d02de6', 'af22b1fa-1ee3-4c5c-b3ff-5882714fbc2e', '', NULL, NULL, NULL, '7', 'Y', 'b8ab9427-627b-469f-bfd0-4b1buser0001', '2022-08-08', 'b8ab9427-627b-469f-bfd0-4b1buser0001', '2022-08-08');
INSERT INTO en_type(id, name, objectType, code, codeRule, editionRule, lifecycleId, parentId, remark, bgColor, fColor, isSystem, orderNum, isValid, creatorId, createdTime, modifyId, modifyTime) VALUES ('45c6c975-ef63-416c-a55f-57d4b53c9fac', '报告类', 'DOC', NULL, '{\"codeSign\":\"DOC\",\"codeSuffix\":\"SN\"}', NULL, '9ea1b988-797d-4177-8c02-2c2da2d02de6', 'af22b1fa-1ee3-4c5c-b3ff-5882714fbc2e', '', NULL, NULL, NULL, '8', 'Y', 'b8ab9427-627b-469f-bfd0-4b1buser0001', '2022-08-08', 'b8ab9427-627b-469f-bfd0-4b1buser0001', '2022-08-08');

/**文档高级设置初始化**/
INSERT INTO sys_advanceset(id, name, val, num, objectType) VALUES ('07698511-fa9f-47e2-9f4c-5fadvance006', 'maxFileNum', '5', '0', 'DOC');
INSERT INTO sys_advanceset(id, name, val, num, objectType) VALUES ('07698511-fa9f-47e2-9f4c-5fadvance007', 'maxFileSize', '2048', '0', 'DOC');
INSERT INTO sys_advanceset(id, name, val, num, objectType) VALUES ('07698511-fa9f-47e2-9f4c-5fadvance008', 'fileType', '*.exe;*.bat;', '0', 'DOC');
INSERT INTO sys_advanceset(id, name, val, num, objectType) VALUES ('07698511-fa9f-47e2-9f4c-5fadvance009', 'fileTips', '提示：最多上传5个文件，支持格式为docx、doc、pdf、txt、xlsx、rar、zip、xls、ppt、pptx、png、jpg、jpeg、mp4', '0', 'DOC');
INSERT INTO sys_advanceset(id, name, val, num, objectType) VALUES ('07698511-fa9f-47e2-9f4c-5fadvance010', 'fileAddress', 'E:/dream/uploadedFiles/', '0', 'DOC');

INSERT INTO sys_reportchart(id, name, simpleName, status, isCandidate, objectType, chartType, dataFieldId, categoryFieldId, scope, remark, orderNum, isValid, creatorId, createdTime, modifyId, modifyTime, parentId, pjtStatus, isUsePjt, pjtOrderNum, height, width) VALUES ('2373ab44-7695-465a-8c2c-47951cc70002', '文档', '文档', 'RN', 'Y', 'DOC', 'catalog', '', '', 'P', '', '0', 'Y', 'b8ab9427-627b-469f-bfd0-4b1buser0001', '2022-08-08', 'b8ab9427-627b-469f-bfd0-4b1buser0001', '2022-08-08', '', 'RN', 'Y', '4', NULL, NULL);
INSERT INTO sys_reportchart(id, name, simpleName, status, isCandidate, objectType, chartType, dataFieldId, categoryFieldId, scope, remark, orderNum, isValid, creatorId, createdTime, modifyId, modifyTime, parentId, pjtStatus, isUsePjt, pjtOrderNum, height, width) VALUES ('5397818f-4af0-49a3-9a8c-6ac3be166c72', '文档类型分布图', '文档类型分布', 'RN', 'Y', 'DOC', 'pie-basic', 'a47471d7-f703-42f0-8c10-68cbe90713a9', '', 'L,P,S', '', '1', 'Y', 'b8ab9427-627b-469f-bfd0-4b1buser0001', '2022-08-08', 'b8ab9427-627b-469f-bfd0-4b1buser0001', '2022-08-08', '2373ab44-7695-465a-8c2c-47951cc70002', 'RN', 'N', '1', NULL, NULL);
INSERT INTO sys_reportchart(id, name, simpleName, status, isCandidate, objectType, chartType, dataFieldId, categoryFieldId, scope, remark, orderNum, isValid, creatorId, createdTime, modifyId, modifyTime, parentId, pjtStatus, isUsePjt, pjtOrderNum, height, width) VALUES ('b4d31748-ee0c-42b2-8bbc-a5306c9dcb00', '文档状态分布图', '文档状态分布', 'RN', 'Y', 'DOC', 'pie-basic', 'phaseId', '', 'L,P,S', '', '2', 'Y', 'b8ab9427-627b-469f-bfd0-4b1buser0001', '2022-08-08', 'b8ab9427-627b-469f-bfd0-4b1buser0001', '2022-08-08', '2373ab44-7695-465a-8c2c-47951cc70002', 'RN', 'N', '2', '1', '1');
INSERT INTO sys_reportchart(id, name, simpleName, status, isCandidate, objectType, chartType, dataFieldId, categoryFieldId, scope, remark, orderNum, isValid, creatorId, createdTime, modifyId, modifyTime, parentId, pjtStatus, isUsePjt, pjtOrderNum, height, width) VALUES ('f955632c-fe5c-4233-942e-f7065e8faf9e', '文档质量分布图', '文档质量分布', 'RN', 'Y', 'DOC', 'pie-basic', '4e0fc02b-78a0-4e20-aa5a-bba32be4b948', '', 'L,P,S', '', '4', 'Y', 'b8ab9427-627b-469f-bfd0-4b1buser0001', '2022-08-08', 'b8ab9427-627b-469f-bfd0-4b1buser0001', '2022-08-08', '2373ab44-7695-465a-8c2c-47951cc70002', 'RN', 'N', '3', '1', '1');

INSERT INTO com_aopmodule_rlt(id, name, val, objectType, exeCls, orderNum) VALUES ('77e16c9e-f290-4027-aeb1-8629atdoc001', '新建', 'create', 'DOC', '', '1');
INSERT INTO com_aopmodule_rlt(id, name, val, objectType, exeCls, orderNum) VALUES ('77e16c9e-f290-4027-aeb1-8629atdoc002', '打开', 'open', 'DOC', '', '2');
INSERT INTO com_aopmodule_rlt(id, name, val, objectType, exeCls, orderNum) VALUES ('77e16c9e-f290-4027-aeb1-8629atdoc003', '升级大版本', 'upgrade', 'DOC', '', '3');
INSERT INTO com_aopmodule_rlt(id, name, val, objectType, exeCls, orderNum) VALUES ('77e16c9e-f290-4027-aeb1-8629atdoc004', '检入/检出', 'check', 'DOC', '', '4');
INSERT INTO com_aopmodule_rlt(id, name, val, objectType, exeCls, orderNum) VALUES ('77e16c9e-f290-4027-aeb1-8629atdoc005', '重命名', 'rename', 'DOC', '', '5');
INSERT INTO com_aopmodule_rlt(id, name, val, objectType, exeCls, orderNum) VALUES ('77e16c9e-f290-4027-aeb1-8629atdoc006', '编辑', 'edit', 'DOC', '', '6');
INSERT INTO com_aopmodule_rlt(id, name, val, objectType, exeCls, orderNum) VALUES ('77e16c9e-f290-4027-aeb1-8629atdoc007', '设置生命阶段', 'setPhase', 'DOC', '', '7');
INSERT INTO com_aopmodule_rlt(id, name, val, objectType, exeCls, orderNum) VALUES ('77e16c9e-f290-4027-aeb1-8629atdoc008', '删除', 'delete', 'DOC', '', '8');

INSERT INTO en_lifecycle(id, name, status, objectType, remark, isDefault, isSystem, orderNum, isValid, creatorId, createdTime, modifyId, modifyTime) VALUES ('714df9c1-c86d-4a81-8159-4df77056d6f8', '标准生命周期', '1', 'PJT', '', 'N', 'Y', '1', 'Y', 'b8ab9427-627b-469f-bfd0-4b1buser0001', '2022-08-08', 'b8ab9427-627b-469f-bfd0-4b1buser0001', '2022-08-08');

INSERT INTO en_phase(id, name, status, objectType, remark, orderNum, isValid, creatorId, createdTime, modifyId, modifyTime, bgColor, fColor, isEnd) VALUES ('b9e0df04-ba32-4d29-8548-4e17d1fd4749', '进行中', '1', 'PJT', '', '1', 'Y', 'b8ab9427-627b-469f-bfd0-4b1buser0001', '2022-08-08', 'b8ab9427-627b-469f-bfd0-4b1buser0001', '2022-08-08', '', '', NULL);
INSERT INTO en_phase(id, name, status, objectType, remark, orderNum, isValid, creatorId, createdTime, modifyId, modifyTime, bgColor, fColor, isEnd) VALUES ('0f8add42-aabd-4aa4-80a5-9e5dbab12468', '暂停', '1', 'PJT', '', '2', 'Y', 'b8ab9427-627b-469f-bfd0-4b1buser0001', '2022-08-08', 'b8ab9427-627b-469f-bfd0-4b1buser0001', '2022-08-08', '', '', NULL);
INSERT INTO en_phase(id, name, status, objectType, remark, orderNum, isValid, creatorId, createdTime, modifyId, modifyTime, bgColor, fColor, isEnd) VALUES ('a4038141-b29c-46aa-9579-aca34484d6bb', '关闭', '1', 'PJT', '', '3', 'Y', 'b8ab9427-627b-469f-bfd0-4b1buser0001', '2022-08-08', 'b8ab9427-627b-469f-bfd0-4b1buser0001', '2022-08-08', '', '', NULL);

INSERT INTO en_lifecyclephase_rlt(id, objectType, type, codeType, lifecycleId, phaseId, fixTran, exeCls, tranExeCls, toId, isHide, isValid, chgField, notSend, closeRes, orderNum) VALUES ('ee82aaa0-f400-4a5a-8fbf-e26406dc49a6', 'PJT', '1', NULL, '714df9c1-c86d-4a81-8159-4df77056d6f8', NULL, '9,10,13,18', NULL, NULL, NULL, NULL, 'Y', NULL, NULL, NULL, '1');
INSERT INTO en_lifecyclephase_rlt(id, objectType, type, codeType, lifecycleId, phaseId, fixTran, exeCls, tranExeCls, toId, isHide, isValid, chgField, notSend, closeRes, orderNum) VALUES ('feaeae10-6aec-44b7-8bf0-cac5f315cca1', 'PJT', '1', NULL, '714df9c1-c86d-4a81-8159-4df77056d6f8', 'b9e0df04-ba32-4d29-8548-4e17d1fd4749', '2,9,10,13,14,16,17', NULL, NULL, NULL, NULL, 'Y', NULL, NULL, NULL, '8');
INSERT INTO en_lifecyclephase_rlt(id, objectType, type, codeType, lifecycleId, phaseId, fixTran, exeCls, tranExeCls, toId, isHide, isValid, chgField, notSend, closeRes, orderNum) VALUES ('c222d2a8-e47f-4b54-bc27-72afb4b64c43', 'PJT', '1', NULL, '714df9c1-c86d-4a81-8159-4df77056d6f8', '0f8add42-aabd-4aa4-80a5-9e5dbab12468', '2,9,10,13,14,16,17', NULL, NULL, NULL, NULL, 'Y', NULL, NULL, NULL, '9');
INSERT INTO en_lifecyclephase_rlt(id, objectType, type, codeType, lifecycleId, phaseId, fixTran, exeCls, tranExeCls, toId, isHide, isValid, chgField, notSend, closeRes, orderNum) VALUES ('8693da1f-4c44-4a4a-8bb0-ad101ec19b3b', 'PJT', '1', NULL, '714df9c1-c86d-4a81-8159-4df77056d6f8', 'a4038141-b29c-46aa-9579-aca34484d6bb', '9,10,13', NULL, NULL, NULL, 'Y', 'Y', NULL, NULL, 'Y', '10');

INSERT INTO sys_field(id, colName, showName, objectType, dataType, htmlType, fieldType, displayWidth, remark, defaultValue, defaultRule, extendClass, layout, showMobile, isCommon, parentId, isValid, orderNum, creatorId, createdTime, modifyId, modifyTime, isDBField) VALUES ('154f8ead-3d3f-4290-a597-b07ee20c25cd', 'name', '名称', 'PJT', 'varchar', 'TEXT', 'S', '120', '', '', '{\"isRecorded\":\"Y\",\"textLength\":\"256\",\"isRequired\":\"Y\"}', '', 'F', NULL, 'N', NULL, 'Y', '6', 'b8ab9427-627b-469f-bfd0-4b1buser0001', '2022-08-08', 'b8ab9427-627b-469f-bfd0-4b1buser0001', '2022-08-08', 'Y');
INSERT INTO sys_field(id, colName, showName, objectType, dataType, htmlType, fieldType, displayWidth, remark, defaultValue, defaultRule, extendClass, layout, showMobile, isCommon, parentId, isValid, orderNum, creatorId, createdTime, modifyId, modifyTime, isDBField) VALUES ('cb1cb62d-1212-48dc-8e42-1b6bcb2d661d', 'simpleName', '简称', 'PJT', 'varchar', 'TEXT', 'S', '120', '', '', '{\"isRecorded\":\"N\",\"textLength\":\"128\",\"isRequired\":\"N\"}', '', 'T', NULL, 'N', NULL, 'Y', '7', 'b8ab9427-627b-469f-bfd0-4b1buser0001', '2022-08-08', 'b8ab9427-627b-469f-bfd0-4b1buser0001', '2022-08-08', 'Y');
INSERT INTO sys_field(id, colName, showName, objectType, dataType, htmlType, fieldType, displayWidth, remark, defaultValue, defaultRule, extendClass, layout, showMobile, isCommon, parentId, isValid, orderNum, creatorId, createdTime, modifyId, modifyTime, isDBField) VALUES ('85ef9d50-9868-4731-8091-24753f734927', 'code', '编号', 'PJT', 'varchar', 'TEXT', 'S', '120', '', '', '{\"isRecorded\":\"Y\",\"textLength\":\"128\",\"isRequired\":\"N\"}', '', 'T', NULL, 'N', NULL, 'Y', '8', 'b8ab9427-627b-469f-bfd0-4b1buser0001', '2022-08-08', 'b8ab9427-627b-469f-bfd0-4b1buser0001', '2022-08-08', 'Y');
INSERT INTO sys_field(id, colName, showName, objectType, dataType, htmlType, fieldType, displayWidth, remark, defaultValue, defaultRule, extendClass, layout, showMobile, isCommon, parentId, isValid, orderNum, creatorId, createdTime, modifyId, modifyTime, isDBField) VALUES ('cfd2fad4-e028-48de-bb1f-471b738e294a', 'typeId', '项目类型', 'PJT', 'varchar', 'SELECT', 'S', '120', '', '', '{\"isSeached\":\"Y\",\"selectSource\":\"\",\"setCascade\":\"\",\"isRecorded\":\"Y\",\"isRequired\":\"Y\"}', '', 'T', NULL, 'N', NULL, 'Y', '9', 'b8ab9427-627b-469f-bfd0-4b1buser0001', '2022-08-08', 'b8ab9427-627b-469f-bfd0-4b1buser0001', '2022-08-08', 'Y');
INSERT INTO sys_field(id, colName, showName, objectType, dataType, htmlType, fieldType, displayWidth, remark, defaultValue, defaultRule, extendClass, layout, showMobile, isCommon, parentId, isValid, orderNum, creatorId, createdTime, modifyId, modifyTime, isDBField) VALUES ('18208e77-ae38-4edb-8808-0608c619037d', 'lifecycleId', '生命周期', 'PJT', 'varchar', 'SELECT', 'S', '120', '', '', '{\"isSeached\":\"Y\",\"selectSource\":\"\",\"setCascade\":\"\",\"isRecorded\":\"Y\",\"isRequired\":\"Y\"}', '', 'T', NULL, 'N', NULL, 'Y', '12', 'b8ab9427-627b-469f-bfd0-4b1buser0001', '2022-08-08', 'b8ab9427-627b-469f-bfd0-4b1buser0001', '2022-08-08', 'Y');
INSERT INTO sys_field(id, colName, showName, objectType, dataType, htmlType, fieldType, displayWidth, remark, defaultValue, defaultRule, extendClass, layout, showMobile, isCommon, parentId, isValid, orderNum, creatorId, createdTime, modifyId, modifyTime, isDBField) VALUES ('ebf66a94-a159-4cfb-a827-8163c514edae', 'phaseId', '生命阶段', 'PJT', 'varchar', 'SELECT', 'S', '120', '', '', '{\"isSeached\":\"Y\",\"selectSource\":\"\",\"setCascade\":\"\",\"isRecorded\":\"Y\",\"isRequired\":\"Y\"}', '', 'T', NULL, 'N', NULL, 'Y', '13', 'b8ab9427-627b-469f-bfd0-4b1buser0001', '2022-08-08', 'b8ab9427-627b-469f-bfd0-4b1buser0001', '2022-08-08', 'Y');
INSERT INTO sys_field(id, colName, showName, objectType, dataType, htmlType, fieldType, displayWidth, remark, defaultValue, defaultRule, extendClass, layout, showMobile, isCommon, parentId, isValid, orderNum, creatorId, createdTime, modifyId, modifyTime, isDBField) VALUES ('85b70d7d-be65-4505-8678-00536536d8b1', 'departmentId', '归属部门', 'PJT', 'varchar', 'DEPT', 'S', '120', '', NULL, '{\"isRecorded\":\"N\",\"deptDefaultRule\":\"CD\",\"isRequired\":\"Y\"}', '', 'T', NULL, 'N', NULL, 'Y', '15', 'b8ab9427-627b-469f-bfd0-4b1buser0001', '2022-08-08', 'b8ab9427-627b-469f-bfd0-4b1buser0001', '2022-08-08', 'Y');
INSERT INTO sys_field(id, colName, showName, objectType, dataType, htmlType, fieldType, displayWidth, remark, defaultValue, defaultRule, extendClass, layout, showMobile, isCommon, parentId, isValid, orderNum, creatorId, createdTime, modifyId, modifyTime, isDBField) VALUES ('b7a6dd5b-9ffb-45d3-a2de-a3cb2be0d77a', 'levelId', '优先级', 'PJT', 'varchar', 'SELECT', 'S', '120', '', '', '{\"isSeached\":\"Y\",\"selectSource\":\"d9fe807c-814e-47c0-841b-0f810ab57057\",\"setCascade\":\"\",\"isRecorded\":\"Y\",\"isRequired\":\"Y\"}', '', 'T', NULL, 'N', NULL, 'Y', '16', 'b8ab9427-627b-469f-bfd0-4b1buser0001', '2022-08-08', 'b8ab9427-627b-469f-bfd0-4b1buser0001', '2022-08-08', 'Y');
INSERT INTO sys_field(id, colName, showName, objectType, dataType, htmlType, fieldType, displayWidth, remark, defaultValue, defaultRule, extendClass, layout, showMobile, isCommon, parentId, isValid, orderNum, creatorId, createdTime, modifyId, modifyTime, isDBField) VALUES ('0536fc91-48a6-4e07-ad31-a16f017a9222', 'managerId', '项目经理', 'PJT', 'varchar', 'USER', 'S', '120', '', NULL, '{\"isRecorded\":\"N\",\"userIsMul\":\"\",\"isRequired\":\"Y\",\"userDefaultRule\":\"N\"}', '', 'T', NULL, 'N', NULL, 'Y', '17', 'b8ab9427-627b-469f-bfd0-4b1buser0001', '2022-08-08', 'b8ab9427-627b-469f-bfd0-4b1buser0001', '2022-08-08', 'Y');
INSERT INTO sys_field(id, colName, showName, objectType, dataType, htmlType, fieldType, displayWidth, remark, defaultValue, defaultRule, extendClass, layout, showMobile, isCommon, parentId, isValid, orderNum, creatorId, createdTime, modifyId, modifyTime, isDBField) VALUES ('56bebaac-c511-4564-b34f-4ebdda8905ef', 'assistantId', '项目助理', 'PJT', 'varchar', 'USER', 'S', '120', '', NULL, '{\"isRecorded\":\"N\",\"userIsMul\":\"\",\"isRequired\":\"N\",\"userDefaultRule\":\"CS\"}', '', 'T', NULL, 'N', NULL, 'Y', '18', 'b8ab9427-627b-469f-bfd0-4b1buser0001', '2022-08-08', 'b8ab9427-627b-469f-bfd0-4b1buser0001', '2022-08-08', 'Y');
INSERT INTO sys_field(id, colName, showName, objectType, dataType, htmlType, fieldType, displayWidth, remark, defaultValue, defaultRule, extendClass, layout, showMobile, isCommon, parentId, isValid, orderNum, creatorId, createdTime, modifyId, modifyTime, isDBField) VALUES ('56c519a9-9583-424a-baf5-e390dc62c7fb', 'customerName', '客户名称', 'PJT', 'varchar', 'TEXT', 'S', '120', '', '', '{\"isRecorded\":\"N\",\"textLength\":\"128\",\"isRequired\":\"N\"}', '', 'T', NULL, 'N', NULL, 'Y', '19', 'b8ab9427-627b-469f-bfd0-4b1buser0001', '2022-08-08', 'b8ab9427-627b-469f-bfd0-4b1buser0001', '2022-08-08', 'Y');
INSERT INTO sys_field(id, colName, showName, objectType, dataType, htmlType, fieldType, displayWidth, remark, defaultValue, defaultRule, extendClass, layout, showMobile, isCommon, parentId, isValid, orderNum, creatorId, createdTime, modifyId, modifyTime, isDBField) VALUES ('c0af7439-7da4-420f-88dc-2688b240efbd', 'address', '开发地点', 'PJT', 'varchar', 'TEXT', 'S', '240', '', '', '{\"isRecorded\":\"N\",\"textLength\":\"128\",\"isRequired\":\"N\"}', '', 'T', NULL, 'N', NULL, 'Y', '20', 'b8ab9427-627b-469f-bfd0-4b1buser0001', '2022-08-08', 'b8ab9427-627b-469f-bfd0-4b1buser0001', '2022-08-08', 'Y');
INSERT INTO sys_field(id, colName, showName, objectType, dataType, htmlType, fieldType, displayWidth, remark, defaultValue, defaultRule, extendClass, layout, showMobile, isCommon, parentId, isValid, orderNum, creatorId, createdTime, modifyId, modifyTime, isDBField) VALUES ('05ec0ea9-0c86-4580-9c47-4cd298062af2', 'planStartDate', '计划启动日期', 'PJT', 'datetime', 'DATE', 'S', '120', '', NULL, '{\"isRecorded\":\"N\",\"dateFormatRule\":\"YMD\",\"dateDefaultRule\":\"N\",\"isRequired\":\"N\"}', '', 'T', NULL, 'N', NULL, 'Y', '21', 'b8ab9427-627b-469f-bfd0-4b1buser0001', '2022-08-08', 'b8ab9427-627b-469f-bfd0-4b1buser0001', '2022-08-08', 'Y');
INSERT INTO sys_field(id, colName, showName, objectType, dataType, htmlType, fieldType, displayWidth, remark, defaultValue, defaultRule, extendClass, layout, showMobile, isCommon, parentId, isValid, orderNum, creatorId, createdTime, modifyId, modifyTime, isDBField) VALUES ('37b52e67-87b9-4aaf-b21c-3555743fa326', 'planEndDate', '计划关闭日期', 'PJT', 'datetime', 'DATE', 'S', '120', '', NULL, '{\"isRecorded\":\"N\",\"dateFormatRule\":\"YMD\",\"dateDefaultRule\":\"N\",\"isRequired\":\"N\"}', '', 'T', NULL, 'N', NULL, 'Y', '22', 'b8ab9427-627b-469f-bfd0-4b1buser0001', '2022-08-08', 'b8ab9427-627b-469f-bfd0-4b1buser0001', '2022-08-08', 'Y');
INSERT INTO sys_field(id, colName, showName, objectType, dataType, htmlType, fieldType, displayWidth, remark, defaultValue, defaultRule, extendClass, layout, showMobile, isCommon, parentId, isValid, orderNum, creatorId, createdTime, modifyId, modifyTime, isDBField) VALUES ('78caeb46-6116-4a98-9040-841303a2a104', 'realStartDate', '实际启动日期', 'PJT', 'datetime', 'DATE', 'S', '120', '', NULL, '{\"isRecorded\":\"N\",\"dateFormatRule\":\"YMD\",\"dateDefaultRule\":\"N\",\"isRequired\":\"N\"}', '', 'T', NULL, 'N', NULL, 'Y', '23', 'b8ab9427-627b-469f-bfd0-4b1buser0001', '2022-08-08', 'b8ab9427-627b-469f-bfd0-4b1buser0001', '2022-08-08', 'Y');
INSERT INTO sys_field(id, colName, showName, objectType, dataType, htmlType, fieldType, displayWidth, remark, defaultValue, defaultRule, extendClass, layout, showMobile, isCommon, parentId, isValid, orderNum, creatorId, createdTime, modifyId, modifyTime, isDBField) VALUES ('6b163c1c-a7aa-4932-a2f9-584db35fe436', 'realEndDate', '实际关闭日期', 'PJT', 'datetime', 'DATE', 'S', '120', '', NULL, '{\"isRecorded\":\"N\",\"dateFormatRule\":\"YMD\",\"dateDefaultRule\":\"N\",\"isRequired\":\"N\"}', '', 'T', NULL, 'N', NULL, 'Y', '24', 'b8ab9427-627b-469f-bfd0-4b1buser0001', '2022-08-08', 'b8ab9427-627b-469f-bfd0-4b1buser0001', '2022-08-08', 'Y');
INSERT INTO sys_field(id, colName, showName, objectType, dataType, htmlType, fieldType, displayWidth, remark, defaultValue, defaultRule, extendClass, layout, showMobile, isCommon, parentId, isValid, orderNum, creatorId, createdTime, modifyId, modifyTime, isDBField) VALUES ('aea6731a-244a-49ae-85e2-83ae9853bd98', 'copRate', '完成率', 'PJT', 'float', 'NUMBER', 'S', '120', '', '', '{\"numberMax\":\"\",\"numberFormat\":\"D\",\"isRecorded\":\"N\",\"numberMin\":\"\",\"numberPrecision\":\"\",\"isRequired\":\"N\",\"unitId\":\"0b7d0935-7d9e-40cc-9dfd-69cccunit017\"}', '', 'T', NULL, 'N', NULL, 'Y', '25', 'b8ab9427-627b-469f-bfd0-4b1buser0001', '2022-08-08', 'b8ab9427-627b-469f-bfd0-4b1buser0001', '2022-08-08', 'Y');
INSERT INTO sys_field(id, colName, showName, objectType, dataType, htmlType, fieldType, displayWidth, remark, defaultValue, defaultRule, extendClass, layout, showMobile, isCommon, parentId, isValid, orderNum, creatorId, createdTime, modifyId, modifyTime, isDBField) VALUES ('902c72a5-e0da-4a01-a139-94532151396f', 'devRate', '偏差率', 'PJT', 'float', 'NUMBER', 'S', '120', '', '', '{\"numberMax\":\"\",\"numberFormat\":\"D\",\"isRecorded\":\"N\",\"numberMin\":\"\",\"numberPrecision\":\"\",\"isRequired\":\"N\",\"unitId\":\"0b7d0935-7d9e-40cc-9dfd-69cccunit017\"}', '', 'T', NULL, 'N', NULL, 'Y', '26', 'b8ab9427-627b-469f-bfd0-4b1buser0001', '2022-08-08', 'b8ab9427-627b-469f-bfd0-4b1buser0001', '2022-08-08', 'Y');
INSERT INTO sys_field(id, colName, showName, objectType, dataType, htmlType, fieldType, displayWidth, remark, defaultValue, defaultRule, extendClass, layout, showMobile, isCommon, parentId, isValid, orderNum, creatorId, createdTime, modifyId, modifyTime, isDBField) VALUES ('515c3b0e-35e7-44a1-85eb-8e7681c2e1fe', 'workload', '已投入工作量', 'PJT', 'float', 'NUMBER', 'S', '120', '', '', '{\"numberMax\":\"\",\"numberFormat\":\"D\",\"isRecorded\":\"N\",\"numberMin\":\"\",\"numberPrecision\":\"\",\"isRequired\":\"N\",\"unitId\":\"0b7d0935-7d9e-40cc-9dfd-69cccunit002\"}', '', 'T', NULL, 'N', NULL, 'Y', '27', 'b8ab9427-627b-469f-bfd0-4b1buser0001', '2022-08-08', 'b8ab9427-627b-469f-bfd0-4b1buser0001', '2022-08-08', 'Y');
INSERT INTO sys_field(id, colName, showName, objectType, dataType, htmlType, fieldType, displayWidth, remark, defaultValue, defaultRule, extendClass, layout, showMobile, isCommon, parentId, isValid, orderNum, creatorId, createdTime, modifyId, modifyTime, isDBField) VALUES ('8f8766b4-837f-4d99-9412-a75f9f1713b2', 'ownerId', '责任人', 'PJT', 'varchar', 'USER', 'S', '120', '', NULL, '{\"isRecorded\":\"N\",\"userIsMul\":\"\",\"isRequired\":\"N\",\"userDefaultRule\":\"N\"}', '', 'T', NULL, 'N', NULL, 'Y', '29', 'b8ab9427-627b-469f-bfd0-4b1buser0001', '2022-08-08', 'b8ab9427-627b-469f-bfd0-4b1buser0001', '2022-08-08', 'Y');
INSERT INTO sys_field(id, colName, showName, objectType, dataType, htmlType, fieldType, displayWidth, remark, defaultValue, defaultRule, extendClass, layout, showMobile, isCommon, parentId, isValid, orderNum, creatorId, createdTime, modifyId, modifyTime, isDBField) VALUES ('d598e989-7505-4520-85fd-ab08c4d512e0', 'actorId', '参与人', 'PJT', 'varchar', 'USER', 'S', '120', '', NULL, '{\"isRecorded\":\"N\",\"userIsMul\":\"Y\",\"isRequired\":\"N\",\"userDefaultRule\":\"N\"}', '', 'T', NULL, 'N', NULL, 'Y', '30', 'b8ab9427-627b-469f-bfd0-4b1buser0001', '2022-08-08', 'b8ab9427-627b-469f-bfd0-4b1buser0001', '2022-08-08', 'Y');
INSERT INTO sys_field(id, colName, showName, objectType, dataType, htmlType, fieldType, displayWidth, remark, defaultValue, defaultRule, extendClass, layout, showMobile, isCommon, parentId, isValid, orderNum, creatorId, createdTime, modifyId, modifyTime, isDBField) VALUES ('8d54199f-3104-4378-985c-4591820e06ed', 'remark', '描述', 'PJT', 'varchar', 'AREA', 'S', '120', '', '', '{\"areaLength\":\"2048\",\"areaIsLimit\":\"Y\",\"areaRows\":\"8\",\"isRecorded\":\"N\",\"isRequired\":\"N\"}', '', 'F', NULL, 'N', NULL, 'Y', '31', 'b8ab9427-627b-469f-bfd0-4b1buser0001', '2022-08-08', 'b8ab9427-627b-469f-bfd0-4b1buser0001', '2022-08-08', 'Y');
INSERT INTO sys_field(id, colName, showName, objectType, dataType, htmlType, fieldType, displayWidth, remark, defaultValue, defaultRule, extendClass, layout, showMobile, isCommon, parentId, isValid, orderNum, creatorId, createdTime, modifyId, modifyTime, isDBField) VALUES ('fcab9714-ec8c-4c20-9083-1a91f411720d', 'lampSign', '指示灯', 'PJT', 'float', 'NUMBER', 'S', '120', '', '', '{\"numberFormat\":\"I\",\"isRecorded\":\"N\",\"isRequired\":\"N\",\"redLight\":\"79\",\"greenLight\":\"30\"}', '', 'T', NULL, 'N', NULL, 'Y', '32', 'b8ab9427-627b-469f-bfd0-4b1buser0001', '2022-08-08', 'b8ab9427-627b-469f-bfd0-4b1buser0001', '2022-08-08', 'Y');
INSERT INTO sys_field(id, colName, showName, objectType, dataType, htmlType, fieldType, displayWidth, remark, defaultValue, defaultRule, extendClass, layout, showMobile, isCommon, parentId, isValid, orderNum, creatorId, createdTime, modifyId, modifyTime, isDBField) VALUES ('4843c6a4-915d-43aa-98db-4ae8fd855c41', 'fileSign', '附件', 'PJT', 'varchar', 'SIGN', 'S', '120', '', NULL, '{\"isRecorded\":\"N\",\"isRequired\":\"N\",\"signDefaultRule\":\"ZDY\",\"isShowed\":\"N\"}', 'com.dream.fileSign.FileSign', 'F', NULL, 'N', NULL, 'Y', '33', 'b8ab9427-627b-469f-bfd0-4b1buser0001', '2022-08-08', 'b8ab9427-627b-469f-bfd0-4b1buser0001', '2022-08-08', 'N');
INSERT INTO sys_field(id, colName, showName, objectType, dataType, htmlType, fieldType, displayWidth, remark, defaultValue, defaultRule, extendClass, layout, showMobile, isCommon, parentId, isValid, orderNum, creatorId, createdTime, modifyId, modifyTime, isDBField) VALUES ('c4dc8dec-8119-4a3d-8c4b-5eb48339f756', 'related', '关联', 'PJT', 'varchar', 'SIGN', 'S', '120', '', NULL, '{\"isRecorded\":\"N\",\"isRequired\":\"N\",\"signDefaultRule\":\"ZDY\",\"isShowed\":\"N\"}', 'com.dream.relatedSign.RelatedSign', 'F', NULL, 'N', NULL, 'Y', '34', 'b8ab9427-627b-469f-bfd0-4b1buser0001', '2022-08-08', 'b8ab9427-627b-469f-bfd0-4b1buser0001', '2022-08-08', 'N');
INSERT INTO sys_field(id, colName, showName, objectType, dataType, htmlType, fieldType, displayWidth, remark, defaultValue, defaultRule, extendClass, layout, showMobile, isCommon, parentId, isValid, orderNum, creatorId, createdTime, modifyId, modifyTime, isDBField) VALUES ('ad334a50-8aea-42d7-ba9f-dd7afa43ea77', 'creatorId', '创建人', 'PJT', 'varchar', 'USER', 'S', '120', '', NULL, '{\"isRecorded\":\"N\",\"userIsMul\":\"\",\"isRequired\":\"N\",\"userDefaultRule\":\"N\"}', '', 'T', NULL, 'N', NULL, 'Y', '35', 'b8ab9427-627b-469f-bfd0-4b1buser0001', '2022-08-08', 'b8ab9427-627b-469f-bfd0-4b1buser0001', '2022-08-08', 'Y');
INSERT INTO sys_field(id, colName, showName, objectType, dataType, htmlType, fieldType, displayWidth, remark, defaultValue, defaultRule, extendClass, layout, showMobile, isCommon, parentId, isValid, orderNum, creatorId, createdTime, modifyId, modifyTime, isDBField) VALUES ('ed4882fc-f861-43da-9fff-5dacf302206f', 'createdTime', '创建时间', 'PJT', 'datetime', 'DATE', 'S', '120', '', NULL, '{\"isRecorded\":\"N\",\"dateFormatRule\":\"YMDHm\",\"dateDefaultRule\":\"N\",\"isRequired\":\"N\"}', '', 'T', NULL, 'N', NULL, 'Y', '36', 'b8ab9427-627b-469f-bfd0-4b1buser0001', '2022-08-08', 'b8ab9427-627b-469f-bfd0-4b1buser0001', '2022-08-08', 'Y');
INSERT INTO sys_field(id, colName, showName, objectType, dataType, htmlType, fieldType, displayWidth, remark, defaultValue, defaultRule, extendClass, layout, showMobile, isCommon, parentId, isValid, orderNum, creatorId, createdTime, modifyId, modifyTime, isDBField) VALUES ('4e48e711-75af-4954-af02-128c47ba77b2', 'modifyId', '更新人', 'PJT', 'varchar', 'USER', 'S', '120', '', NULL, '{\"isRecorded\":\"N\",\"userIsMul\":\"\",\"isRequired\":\"N\",\"userDefaultRule\":\"N\"}', '', 'T', NULL, 'N', NULL, 'Y', '37', 'b8ab9427-627b-469f-bfd0-4b1buser0001', '2022-08-08', 'b8ab9427-627b-469f-bfd0-4b1buser0001', '2022-08-08', 'Y');
INSERT INTO sys_field(id, colName, showName, objectType, dataType, htmlType, fieldType, displayWidth, remark, defaultValue, defaultRule, extendClass, layout, showMobile, isCommon, parentId, isValid, orderNum, creatorId, createdTime, modifyId, modifyTime, isDBField) VALUES ('62966c17-849b-45d9-bdef-24f5842d87f5', 'modifyTime', '最新更新时间', 'PJT', 'datetime', 'DATE', 'S', '120', '', NULL, '{\"isRecorded\":\"N\",\"dateFormatRule\":\"YMDHm\",\"dateDefaultRule\":\"N\",\"isRequired\":\"N\"}', '', 'T', NULL, 'N', NULL, 'Y', '38', 'b8ab9427-627b-469f-bfd0-4b1buser0001', '2022-08-08', 'b8ab9427-627b-469f-bfd0-4b1buser0001', '2022-08-08', 'Y');

INSERT INTO sys_fieldnum(id, objectType, fieldId, orderNum) VALUES ('05c5f7da-8a6f-4697-b9a6-d5a8d6da368f', 'PJT', '154f8ead-3d3f-4290-a597-b07ee20c25cd', '6');
INSERT INTO sys_fieldnum(id, objectType, fieldId, orderNum) VALUES ('2a5612a4-4c75-422e-a409-3c7f05d76c54', 'PJT', 'cb1cb62d-1212-48dc-8e42-1b6bcb2d661d', '7');
INSERT INTO sys_fieldnum(id, objectType, fieldId, orderNum) VALUES ('af86e1ce-7a61-43c9-aa04-440758aa6149', 'PJT', '85ef9d50-9868-4731-8091-24753f734927', '8');
INSERT INTO sys_fieldnum(id, objectType, fieldId, orderNum) VALUES ('8ab3bb10-9672-494b-b973-ccbc7570bad2', 'PJT', 'cfd2fad4-e028-48de-bb1f-471b738e294a', '9');
INSERT INTO sys_fieldnum(id, objectType, fieldId, orderNum) VALUES ('c8fff858-1ac2-409e-b5dc-c1e5b6fdef69', 'PJT', '18208e77-ae38-4edb-8808-0608c619037d', '12');
INSERT INTO sys_fieldnum(id, objectType, fieldId, orderNum) VALUES ('4e05a26a-d1f5-4bab-b55f-a5f7c6724914', 'PJT', 'ebf66a94-a159-4cfb-a827-8163c514edae', '13');
INSERT INTO sys_fieldnum(id, objectType, fieldId, orderNum) VALUES ('e770a360-824c-42e3-9883-6a674ff75870', 'PJT', '85b70d7d-be65-4505-8678-00536536d8b1', '15');
INSERT INTO sys_fieldnum(id, objectType, fieldId, orderNum) VALUES ('5e67ac75-8d6f-4305-bf13-daa14738fa1d', 'PJT', 'b7a6dd5b-9ffb-45d3-a2de-a3cb2be0d77a', '16');
INSERT INTO sys_fieldnum(id, objectType, fieldId, orderNum) VALUES ('7628c138-fda4-4608-a602-e3e1f07bd828', 'PJT', '0536fc91-48a6-4e07-ad31-a16f017a9222', '17');
INSERT INTO sys_fieldnum(id, objectType, fieldId, orderNum) VALUES ('78ef25f7-7055-4202-a828-5c76e469f77c', 'PJT', '56bebaac-c511-4564-b34f-4ebdda8905ef', '18');
INSERT INTO sys_fieldnum(id, objectType, fieldId, orderNum) VALUES ('71332048-be38-4498-a249-fcb52d26e3d2', 'PJT', '56c519a9-9583-424a-baf5-e390dc62c7fb', '19');
INSERT INTO sys_fieldnum(id, objectType, fieldId, orderNum) VALUES ('1d4bfa5b-995e-4000-a699-69f2c671d918', 'PJT', 'c0af7439-7da4-420f-88dc-2688b240efbd', '20');
INSERT INTO sys_fieldnum(id, objectType, fieldId, orderNum) VALUES ('0aa8c1a5-3c0c-4b4b-b1ef-208476b44b89', 'PJT', '05ec0ea9-0c86-4580-9c47-4cd298062af2', '21');
INSERT INTO sys_fieldnum(id, objectType, fieldId, orderNum) VALUES ('b7796232-7ee2-4e7a-b749-7ee9f5e791a3', 'PJT', '37b52e67-87b9-4aaf-b21c-3555743fa326', '22');
INSERT INTO sys_fieldnum(id, objectType, fieldId, orderNum) VALUES ('e12e8547-d80a-4037-a043-3cf7cff511ae', 'PJT', '78caeb46-6116-4a98-9040-841303a2a104', '23');
INSERT INTO sys_fieldnum(id, objectType, fieldId, orderNum) VALUES ('c9d09ab4-428e-4d49-96f6-96f2fb212158', 'PJT', '6b163c1c-a7aa-4932-a2f9-584db35fe436', '24');
INSERT INTO sys_fieldnum(id, objectType, fieldId, orderNum) VALUES ('22493178-b163-4f8d-8220-f6f0f8d64bc6', 'PJT', 'aea6731a-244a-49ae-85e2-83ae9853bd98', '25');
INSERT INTO sys_fieldnum(id, objectType, fieldId, orderNum) VALUES ('8964a15c-a140-4d5c-8806-30c9fde74b67', 'PJT', '902c72a5-e0da-4a01-a139-94532151396f', '26');
INSERT INTO sys_fieldnum(id, objectType, fieldId, orderNum) VALUES ('edf5aba7-d1a4-4d6c-a0ea-27198cf3b2df', 'PJT', '515c3b0e-35e7-44a1-85eb-8e7681c2e1fe', '27');
INSERT INTO sys_fieldnum(id, objectType, fieldId, orderNum) VALUES ('1d9cede7-59e9-493b-bf93-02dfb2c50d13', 'PJT', '8f8766b4-837f-4d99-9412-a75f9f1713b2', '29');
INSERT INTO sys_fieldnum(id, objectType, fieldId, orderNum) VALUES ('a84b69a5-5e1f-406c-b695-9076de03f566', 'PJT', 'd598e989-7505-4520-85fd-ab08c4d512e0', '30');
INSERT INTO sys_fieldnum(id, objectType, fieldId, orderNum) VALUES ('1d4e02d0-c403-4350-9a8d-d9af30f6b6e0', 'PJT', '8d54199f-3104-4378-985c-4591820e06ed', '31');
INSERT INTO sys_fieldnum(id, objectType, fieldId, orderNum) VALUES ('2c30cc65-dc40-403c-843d-ac6ef8cb35d0', 'PJT', 'fcab9714-ec8c-4c20-9083-1a91f411720d', '32');
INSERT INTO sys_fieldnum(id, objectType, fieldId, orderNum) VALUES ('6214c4f4-406e-47cb-bade-d74b7ba1dac6', 'PJT', '4843c6a4-915d-43aa-98db-4ae8fd855c41', '33');
INSERT INTO sys_fieldnum(id, objectType, fieldId, orderNum) VALUES ('1a7b182f-8152-4f15-9ba5-513e4124e0d3', 'PJT', 'c4dc8dec-8119-4a3d-8c4b-5eb48339f756', '34');
INSERT INTO sys_fieldnum(id, objectType, fieldId, orderNum) VALUES ('d4487d68-ff2d-48e6-a465-1cdda57cecfa', 'PJT', 'ad334a50-8aea-42d7-ba9f-dd7afa43ea77', '35');
INSERT INTO sys_fieldnum(id, objectType, fieldId, orderNum) VALUES ('e7723ada-1fa9-4eee-96b0-dffb90ee67bc', 'PJT', 'ed4882fc-f861-43da-9fff-5dacf302206f', '36');
INSERT INTO sys_fieldnum(id, objectType, fieldId, orderNum) VALUES ('3d1eca13-8812-4a1e-b0fa-9f42a82e5c95', 'PJT', '4e48e711-75af-4954-af02-128c47ba77b2', '37');
INSERT INTO sys_fieldnum(id, objectType, fieldId, orderNum) VALUES ('fe1ad70d-a4d7-4ff1-88d9-2bb147502e87', 'PJT', '62966c17-849b-45d9-bdef-24f5842d87f5', '38');

INSERT INTO sys_datasource(id, objectType, name, val, isSystem, remark, isValid, orderNum, creatorId, createdTime, modifyId, modifyTime, linkFieldId) VALUES ('d9fe807c-814e-47c0-841b-0f810ab57057', 'PJT', '优先级', NULL, 'Y', NULL, 'Y', '69', 'b8ab9427-627b-469f-bfd0-4b1buser0001', '2022-08-08', 'b8ab9427-627b-469f-bfd0-4b1buser0001', '2022-08-08', 'b7a6dd5b-9ffb-45d3-a2de-a3cb2be0d77a');

INSERT INTO sys_dataoption(id, objectType, name, dataBaseId, parentId, isSystem, remark, bgColor, fColor, isValid, orderNum, creatorId, createdTime, modifyId, modifyTime) VALUES ('a5d2a0e7-e8eb-44a7-b1ef-5363a33a3a18', 'PJT', '高', 'd9fe807c-814e-47c0-841b-0f810ab57057', '', 'Y', NULL, '', '', 'Y', '1', 'b8ab9427-627b-469f-bfd0-4b1buser0001', '2022-08-08', 'b8ab9427-627b-469f-bfd0-4b1buser0001', '2022-08-08');
INSERT INTO sys_dataoption(id, objectType, name, dataBaseId, parentId, isSystem, remark, bgColor, fColor, isValid, orderNum, creatorId, createdTime, modifyId, modifyTime) VALUES ('187ecd1a-9ccf-40da-a2f0-6f9efa82d9e2', 'PJT', '中', 'd9fe807c-814e-47c0-841b-0f810ab57057', '', 'Y', NULL, '', '', 'Y', '2', 'b8ab9427-627b-469f-bfd0-4b1buser0001', '2022-08-08', 'b8ab9427-627b-469f-bfd0-4b1buser0001', '2022-08-08');
INSERT INTO sys_dataoption(id, objectType, name, dataBaseId, parentId, isSystem, remark, bgColor, fColor, isValid, orderNum, creatorId, createdTime, modifyId, modifyTime) VALUES ('dd673455-a8c1-4165-8e18-b6045aa9821a', 'PJT', '低', 'd9fe807c-814e-47c0-841b-0f810ab57057', '', 'Y', NULL, '', '', 'Y', '3', 'b8ab9427-627b-469f-bfd0-4b1buser0001', '2022-08-08', 'b8ab9427-627b-469f-bfd0-4b1buser0001', '2022-08-08');

INSERT INTO sys_page(id, name, objectType, pageType, subType, parentId, workflowID, deriveWfType, deriveWfID, mapField, isStartPage, entityTypeID, extPageUrl, extPageCls, isSystem, remark, isValid, orderNum, creatorId, createdTime, modifyId, modifyTime) 
VALUES('07698511-fa9f-47e2-9f4c-5fbbfiPJT001', '系统表单', 'PJT', '', '', NULL, NULL, NULL, NULL, NULL, NULL, NULL, NULL, NULL, 'Y', NULL, 'Y', 1, NULL, NULL, NULL, NULL);
INSERT INTO sys_page(id, name, objectType, pageType, subType, parentId, workflowID, deriveWfType, deriveWfID, mapField, isStartPage, entityTypeID, extPageUrl, extPageCls, isSystem, remark, isValid, orderNum, creatorId, createdTime, modifyId, modifyTime) 
VALUES('07698511-fa9f-47e2-9f4c-5fbbfiPJT002', '新建页面', 'PJT', 'FORM', 'ADD', '07698511-fa9f-47e2-9f4c-5fbbfiPJT001', NULL, NULL, NULL, NULL, NULL, NULL, NULL, NULL, 'Y', NULL, 'Y', 2, 'b8ab9427-627b-469f-bfd0-4b1buser0001', '2022-08-08', 'b8ab9427-627b-469f-bfd0-4b1buser0001', '2022-08-08');
INSERT INTO sys_page(id, name, objectType, pageType, subType, parentId, workflowID, deriveWfType, deriveWfID, mapField, isStartPage, entityTypeID, extPageUrl, extPageCls, isSystem, remark, isValid, orderNum, creatorId, createdTime, modifyId, modifyTime) 
VALUES('07698511-fa9f-47e2-9f4c-5fbbfiPJT003', '查看页面', 'PJT', 'FORM', 'VIEW', '07698511-fa9f-47e2-9f4c-5fbbfiPJT001', NULL, NULL, NULL, NULL, NULL, NULL, NULL, NULL, 'Y', NULL, 'Y', 3, 'b8ab9427-627b-469f-bfd0-4b1buser0001', '2022-08-08', 'b8ab9427-627b-469f-bfd0-4b1buser0001', '2022-08-08');
INSERT INTO sys_page(id, name, objectType, pageType, subType, parentId, workflowID, deriveWfType, deriveWfID, mapField, isStartPage, entityTypeID, extPageUrl, extPageCls, isSystem, remark, isValid, orderNum, creatorId, createdTime, modifyId, modifyTime) 
VALUES('07698511-fa9f-47e2-9f4c-5fbbfiPJT004', '编辑页面', 'PJT', 'FORM', 'EDIT', '07698511-fa9f-47e2-9f4c-5fbbfiPJT001', NULL, NULL, NULL, NULL, NULL, NULL, NULL, NULL, 'Y', NULL, 'Y', 4, 'b8ab9427-627b-469f-bfd0-4b1buser0001', '2022-08-08', 'b8ab9427-627b-469f-bfd0-4b1buser0001', '2022-08-08');
INSERT INTO sys_page(id, name, objectType, pageType, parentId, workflowID, deriveWfType, deriveWfID, mapField, isStartPage, entityTypeID, extPageUrl, extPageCls, isSystem, remark, isValid, orderNum, creatorId, createdTime, modifyId, modifyTime) 
VALUES('07698511-fa9f-47e2-9f4c-5fbbfiPJT013', '系统视图', 'PJT', NULL, NULL, NULL, NULL, NULL, NULL, NULL, NULL, NULL, NULL, 'Y', NULL, 'Y', 5, NULL, NULL, NULL, NULL);
INSERT INTO sys_page(id, name, objectType, pageType, parentId, workflowID, deriveWfType, deriveWfID, mapField, isStartPage, entityTypeID, extPageUrl, extPageCls, isSystem, remark, isValid, orderNum, creatorId, createdTime, modifyId, modifyTime) 
VALUES('07698511-fa9f-47e2-9f4c-5fbbfiPJT014', '默认视图', 'PJT', 'LIST', '07698511-fa9f-47e2-9f4c-5fbbfiPJT013', NULL, NULL, NULL, NULL, NULL, NULL, NULL, NULL, 'Y', NULL, 'Y', 6, 'b8ab9427-627b-469f-bfd0-4b1buser0001', '2022-08-08', 'b8ab9427-627b-469f-bfd0-4b1buser0001', '2022-08-08');
INSERT INTO sys_page(id, name, objectType, pageType, parentId, workflowID, deriveWfType, deriveWfID, mapField, isStartPage, entityTypeID, extPageUrl, extPageCls, isSystem, remark, isValid, orderNum, creatorId, createdTime, modifyId, modifyTime) 
VALUES('07698511-fa9f-47e2-9f4c-5fbbfiPJT015', '个人视图', 'PJT', 'CUSLIST', '', NULL, NULL, NULL, NULL, NULL, NULL, NULL, NULL, 'Y', NULL, 'Y', 10, NULL, NULL, NULL, NULL);

INSERT INTO sys_pagefield_rlt(id, pageId, fieldId, orderNum, isRequired, isReaded, isReseted, isRecorded, isShowed, layout, isValid, module) VALUES ('472e0716-902e-4e34-96bf-218dbb057d20', '07698511-fa9f-47e2-9f4c-5fbbfiPJT002', '154f8ead-3d3f-4290-a597-b07ee20c25cd', '1', 'Y', 'N', NULL, NULL, 'Y', 'F', 'Y', NULL);
INSERT INTO sys_pagefield_rlt(id, pageId, fieldId, orderNum, isRequired, isReaded, isReseted, isRecorded, isShowed, layout, isValid, module) VALUES ('2305a653-b6f1-41ad-99f4-7b7bfcf20fc6', '07698511-fa9f-47e2-9f4c-5fbbfiPJT002', 'cb1cb62d-1212-48dc-8e42-1b6bcb2d661d', '2', 'N', 'N', NULL, NULL, 'Y', 'T', 'Y', NULL);
INSERT INTO sys_pagefield_rlt(id, pageId, fieldId, orderNum, isRequired, isReaded, isReseted, isRecorded, isShowed, layout, isValid, module) VALUES ('e6df0210-2085-46a8-be67-3680588d93d1', '07698511-fa9f-47e2-9f4c-5fbbfiPJT002', '85ef9d50-9868-4731-8091-24753f734927', '3', 'N', 'N', NULL, NULL, 'Y', 'T', 'Y', NULL);
INSERT INTO sys_pagefield_rlt(id, pageId, fieldId, orderNum, isRequired, isReaded, isReseted, isRecorded, isShowed, layout, isValid, module) VALUES ('747c21e2-2b53-4be2-8b5c-2eb40e34ac70', '07698511-fa9f-47e2-9f4c-5fbbfiPJT002', 'cfd2fad4-e028-48de-bb1f-471b738e294a', '4', 'Y', 'N', NULL, NULL, 'Y', 'T', 'Y', NULL);
INSERT INTO sys_pagefield_rlt(id, pageId, fieldId, orderNum, isRequired, isReaded, isReseted, isRecorded, isShowed, layout, isValid, module) VALUES ('8de77c8f-8e3b-4afb-b0cf-6ade89a62d63', '07698511-fa9f-47e2-9f4c-5fbbfiPJT002', 'ebf66a94-a159-4cfb-a827-8163c514edae', '5', 'Y', 'N', NULL, NULL, 'Y', 'T', 'Y', NULL);
INSERT INTO sys_pagefield_rlt(id, pageId, fieldId, orderNum, isRequired, isReaded, isReseted, isRecorded, isShowed, layout, isValid, module) VALUES ('4f5df42f-462a-43e0-8c21-1ec257ccc9e0', '07698511-fa9f-47e2-9f4c-5fbbfiPJT002', 'b7a6dd5b-9ffb-45d3-a2de-a3cb2be0d77a', '6', 'Y', 'N', NULL, NULL, 'Y', 'T', 'Y', NULL);
INSERT INTO sys_pagefield_rlt(id, pageId, fieldId, orderNum, isRequired, isReaded, isReseted, isRecorded, isShowed, layout, isValid, module) VALUES ('fd0c1c14-1c5d-4ac2-a1ac-f389b94a69f6', '07698511-fa9f-47e2-9f4c-5fbbfiPJT002', '85b70d7d-be65-4505-8678-00536536d8b1', '7', 'Y', 'N', NULL, NULL, 'Y', 'T', 'Y', NULL);
INSERT INTO sys_pagefield_rlt(id, pageId, fieldId, orderNum, isRequired, isReaded, isReseted, isRecorded, isShowed, layout, isValid, module) VALUES ('99a2b68b-61b4-48af-8c3c-890c9213b81f', '07698511-fa9f-47e2-9f4c-5fbbfiPJT002', '0536fc91-48a6-4e07-ad31-a16f017a9222', '8', 'Y', 'N', NULL, NULL, 'Y', 'T', 'Y', NULL);
INSERT INTO sys_pagefield_rlt(id, pageId, fieldId, orderNum, isRequired, isReaded, isReseted, isRecorded, isShowed, layout, isValid, module) VALUES ('48bc6e90-fd01-4c3e-9338-656f346d77bb', '07698511-fa9f-47e2-9f4c-5fbbfiPJT002', '56bebaac-c511-4564-b34f-4ebdda8905ef', '9', 'N', 'N', NULL, NULL, 'Y', 'T', 'Y', NULL);
INSERT INTO sys_pagefield_rlt(id, pageId, fieldId, orderNum, isRequired, isReaded, isReseted, isRecorded, isShowed, layout, isValid, module) VALUES ('8ae59bfa-607d-428a-9ebe-07d4752ed5bb', '07698511-fa9f-47e2-9f4c-5fbbfiPJT002', '56c519a9-9583-424a-baf5-e390dc62c7fb', '10', 'N', 'N', NULL, NULL, 'Y', 'F', 'Y', NULL);
INSERT INTO sys_pagefield_rlt(id, pageId, fieldId, orderNum, isRequired, isReaded, isReseted, isRecorded, isShowed, layout, isValid, module) VALUES ('ebd606ba-c3c6-4abd-bc5f-4676762bd9e7', '07698511-fa9f-47e2-9f4c-5fbbfiPJT002', 'c0af7439-7da4-420f-88dc-2688b240efbd', '11', 'N', 'N', NULL, NULL, 'Y', 'F', 'Y', NULL);
INSERT INTO sys_pagefield_rlt(id, pageId, fieldId, orderNum, isRequired, isReaded, isReseted, isRecorded, isShowed, layout, isValid, module) VALUES ('5f0bbfc0-cce9-49ab-8308-bf616e0aef15', '07698511-fa9f-47e2-9f4c-5fbbfiPJT002', '8d54199f-3104-4378-985c-4591820e06ed', '12', 'N', 'N', NULL, NULL, 'Y', 'F', 'Y', NULL);
INSERT INTO sys_pagefield_rlt(id, pageId, fieldId, orderNum, isRequired, isReaded, isReseted, isRecorded, isShowed, layout, isValid, module) VALUES ('d1c0a87e-ff29-401f-a5aa-e76d69fe44e9', '07698511-fa9f-47e2-9f4c-5fbbfiPJT003', '154f8ead-3d3f-4290-a597-b07ee20c25cd', '1', 'N', 'Y', NULL, NULL, 'Y', 'F', 'Y', NULL);
INSERT INTO sys_pagefield_rlt(id, pageId, fieldId, orderNum, isRequired, isReaded, isReseted, isRecorded, isShowed, layout, isValid, module) VALUES ('92b40f2b-5cf5-4424-82fd-9d791c225109', '07698511-fa9f-47e2-9f4c-5fbbfiPJT003', 'cb1cb62d-1212-48dc-8e42-1b6bcb2d661d', '2', 'N', 'Y', NULL, NULL, 'Y', 'T', 'Y', NULL);
INSERT INTO sys_pagefield_rlt(id, pageId, fieldId, orderNum, isRequired, isReaded, isReseted, isRecorded, isShowed, layout, isValid, module) VALUES ('d1d09e86-fcbe-4c6a-b571-474bf6367b7a', '07698511-fa9f-47e2-9f4c-5fbbfiPJT003', '85ef9d50-9868-4731-8091-24753f734927', '3', 'N', 'Y', NULL, NULL, 'Y', 'T', 'Y', NULL);
INSERT INTO sys_pagefield_rlt(id, pageId, fieldId, orderNum, isRequired, isReaded, isReseted, isRecorded, isShowed, layout, isValid, module) VALUES ('e30703e3-a003-403a-9691-10e6395ae061', '07698511-fa9f-47e2-9f4c-5fbbfiPJT003', '85b70d7d-be65-4505-8678-00536536d8b1', '4', 'N', 'Y', NULL, NULL, 'Y', 'F', 'Y', NULL);
INSERT INTO sys_pagefield_rlt(id, pageId, fieldId, orderNum, isRequired, isReaded, isReseted, isRecorded, isShowed, layout, isValid, module) VALUES ('de7473ee-974d-47ec-98ac-b053d92e87b0', '07698511-fa9f-47e2-9f4c-5fbbfiPJT003', 'cfd2fad4-e028-48de-bb1f-471b738e294a', '5', 'N', 'Y', NULL, NULL, 'Y', 'T', 'Y', NULL);
INSERT INTO sys_pagefield_rlt(id, pageId, fieldId, orderNum, isRequired, isReaded, isReseted, isRecorded, isShowed, layout, isValid, module) VALUES ('f9ecd1fb-17ec-42f5-b003-b76216461389', '07698511-fa9f-47e2-9f4c-5fbbfiPJT003', 'b7a6dd5b-9ffb-45d3-a2de-a3cb2be0d77a', '6', 'N', 'Y', NULL, NULL, 'Y', 'T', 'Y', NULL);
INSERT INTO sys_pagefield_rlt(id, pageId, fieldId, orderNum, isRequired, isReaded, isReseted, isRecorded, isShowed, layout, isValid, module) VALUES ('2fed090b-ea6f-4b6b-95fb-33df765c51d2', '07698511-fa9f-47e2-9f4c-5fbbfiPJT003', '0536fc91-48a6-4e07-ad31-a16f017a9222', '7', 'N', 'Y', NULL, NULL, 'Y', 'T', 'Y', NULL);
INSERT INTO sys_pagefield_rlt(id, pageId, fieldId, orderNum, isRequired, isReaded, isReseted, isRecorded, isShowed, layout, isValid, module) VALUES ('43f5d2b6-352c-48fe-95d2-f04cd3f110ac', '07698511-fa9f-47e2-9f4c-5fbbfiPJT003', '56bebaac-c511-4564-b34f-4ebdda8905ef', '8', 'N', 'Y', NULL, NULL, 'Y', 'T', 'Y', NULL);
INSERT INTO sys_pagefield_rlt(id, pageId, fieldId, orderNum, isRequired, isReaded, isReseted, isRecorded, isShowed, layout, isValid, module) VALUES ('beae61c4-c6d0-4a9d-ab9f-328226fe31c2', '07698511-fa9f-47e2-9f4c-5fbbfiPJT003', '56c519a9-9583-424a-baf5-e390dc62c7fb', '9', 'N', 'Y', NULL, NULL, 'Y', 'F', 'Y', NULL);
INSERT INTO sys_pagefield_rlt(id, pageId, fieldId, orderNum, isRequired, isReaded, isReseted, isRecorded, isShowed, layout, isValid, module) VALUES ('dccada31-ec07-4362-bbe4-7a4035c0f701', '07698511-fa9f-47e2-9f4c-5fbbfiPJT003', 'c0af7439-7da4-420f-88dc-2688b240efbd', '10', 'N', 'Y', NULL, NULL, 'Y', 'F', 'Y', NULL);
INSERT INTO sys_pagefield_rlt(id, pageId, fieldId, orderNum, isRequired, isReaded, isReseted, isRecorded, isShowed, layout, isValid, module) VALUES ('11670111-3637-44f9-bdd3-05ced50d93a3', '07698511-fa9f-47e2-9f4c-5fbbfiPJT003', '8d54199f-3104-4378-985c-4591820e06ed', '11', 'N', 'Y', NULL, NULL, 'Y', 'F', 'Y', NULL);
INSERT INTO sys_pagefield_rlt(id, pageId, fieldId, orderNum, isRequired, isReaded, isReseted, isRecorded, isShowed, layout, isValid, module) VALUES ('8c4cbcd2-1728-4308-bcce-c64c1cdb368d', '07698511-fa9f-47e2-9f4c-5fbbfiPJT003', 'ad334a50-8aea-42d7-ba9f-dd7afa43ea77', '12', 'N', 'Y', NULL, NULL, 'Y', 'T', 'Y', NULL);
INSERT INTO sys_pagefield_rlt(id, pageId, fieldId, orderNum, isRequired, isReaded, isReseted, isRecorded, isShowed, layout, isValid, module) VALUES ('df82d7f5-1ff8-4324-b80c-886017757aa4', '07698511-fa9f-47e2-9f4c-5fbbfiPJT003', 'ed4882fc-f861-43da-9fff-5dacf302206f', '13', 'N', 'Y', NULL, NULL, 'Y', 'T', 'Y', NULL);
INSERT INTO sys_pagefield_rlt(id, pageId, fieldId, orderNum, isRequired, isReaded, isReseted, isRecorded, isShowed, layout, isValid, module) VALUES ('319e1cdd-5968-4bb4-abd3-78491ba174ef', '07698511-fa9f-47e2-9f4c-5fbbfiPJT003', '4e48e711-75af-4954-af02-128c47ba77b2', '14', 'N', 'Y', NULL, NULL, 'Y', 'T', 'Y', NULL);
INSERT INTO sys_pagefield_rlt(id, pageId, fieldId, orderNum, isRequired, isReaded, isReseted, isRecorded, isShowed, layout, isValid, module) VALUES ('6f753ddf-c061-44a4-9b87-7a61bc6d7f3a', '07698511-fa9f-47e2-9f4c-5fbbfiPJT003', '62966c17-849b-45d9-bdef-24f5842d87f5', '15', 'N', 'Y', NULL, NULL, 'Y', 'T', 'Y', NULL);
INSERT INTO sys_pagefield_rlt(id, pageId, fieldId, orderNum, isRequired, isReaded, isReseted, isRecorded, isShowed, layout, isValid, module) VALUES ('40c0e72b-8e07-4a74-b77c-be0a0c572977', '07698511-fa9f-47e2-9f4c-5fbbfiPJT004', '154f8ead-3d3f-4290-a597-b07ee20c25cd', '1', 'Y', 'N', NULL, NULL, 'Y', 'F', 'Y', NULL);
INSERT INTO sys_pagefield_rlt(id, pageId, fieldId, orderNum, isRequired, isReaded, isReseted, isRecorded, isShowed, layout, isValid, module) VALUES ('c18c7d01-1e36-4229-adf7-c8ada02b3545', '07698511-fa9f-47e2-9f4c-5fbbfiPJT004', 'cb1cb62d-1212-48dc-8e42-1b6bcb2d661d', '2', 'N', 'N', NULL, NULL, 'Y', 'T', 'Y', NULL);
INSERT INTO sys_pagefield_rlt(id, pageId, fieldId, orderNum, isRequired, isReaded, isReseted, isRecorded, isShowed, layout, isValid, module) VALUES ('0bf5a71a-90fa-4a5f-b5d2-51ba5d5db2db', '07698511-fa9f-47e2-9f4c-5fbbfiPJT004', '85ef9d50-9868-4731-8091-24753f734927', '3', 'N', 'N', NULL, NULL, 'Y', 'T', 'Y', NULL);
INSERT INTO sys_pagefield_rlt(id, pageId, fieldId, orderNum, isRequired, isReaded, isReseted, isRecorded, isShowed, layout, isValid, module) VALUES ('702d8f2e-b0a3-418d-b907-73873f2eeb75', '07698511-fa9f-47e2-9f4c-5fbbfiPJT004', '85b70d7d-be65-4505-8678-00536536d8b1', '4', 'Y', 'N', NULL, NULL, 'Y', 'F', 'Y', NULL);
INSERT INTO sys_pagefield_rlt(id, pageId, fieldId, orderNum, isRequired, isReaded, isReseted, isRecorded, isShowed, layout, isValid, module) VALUES ('1c28e7ac-6493-47db-a004-b9dd3ee6db61', '07698511-fa9f-47e2-9f4c-5fbbfiPJT004', '0536fc91-48a6-4e07-ad31-a16f017a9222', '5', 'Y', 'N', NULL, NULL, 'Y', 'T', 'Y', NULL);
INSERT INTO sys_pagefield_rlt(id, pageId, fieldId, orderNum, isRequired, isReaded, isReseted, isRecorded, isShowed, layout, isValid, module) VALUES ('db3a2598-fb3a-47b8-a7d2-c454a8440b32', '07698511-fa9f-47e2-9f4c-5fbbfiPJT004', '56bebaac-c511-4564-b34f-4ebdda8905ef', '6', 'N', 'N', NULL, NULL, 'Y', 'T', 'Y', NULL);
INSERT INTO sys_pagefield_rlt(id, pageId, fieldId, orderNum, isRequired, isReaded, isReseted, isRecorded, isShowed, layout, isValid, module) VALUES ('d14981bc-b11a-4e0f-8197-d96ceec33e0e', '07698511-fa9f-47e2-9f4c-5fbbfiPJT004', 'cfd2fad4-e028-48de-bb1f-471b738e294a', '7', 'Y', 'N', NULL, NULL, 'Y', 'T', 'Y', NULL);
INSERT INTO sys_pagefield_rlt(id, pageId, fieldId, orderNum, isRequired, isReaded, isReseted, isRecorded, isShowed, layout, isValid, module) VALUES ('2ee9dcaa-0759-4544-b639-681a139e12fe', '07698511-fa9f-47e2-9f4c-5fbbfiPJT004', 'b7a6dd5b-9ffb-45d3-a2de-a3cb2be0d77a', '8', 'Y', 'N', NULL, NULL, 'Y', 'T', 'Y', NULL);
INSERT INTO sys_pagefield_rlt(id, pageId, fieldId, orderNum, isRequired, isReaded, isReseted, isRecorded, isShowed, layout, isValid, module) VALUES ('d99daeb8-342b-44ef-8af9-ce7c1be2cdea', '07698511-fa9f-47e2-9f4c-5fbbfiPJT004', '56c519a9-9583-424a-baf5-e390dc62c7fb', '9', 'N', 'N', NULL, NULL, 'Y', 'F', 'Y', NULL);
INSERT INTO sys_pagefield_rlt(id, pageId, fieldId, orderNum, isRequired, isReaded, isReseted, isRecorded, isShowed, layout, isValid, module) VALUES ('f384eb9f-cbb9-4def-a455-03c4db86a9c0', '07698511-fa9f-47e2-9f4c-5fbbfiPJT004', 'c0af7439-7da4-420f-88dc-2688b240efbd', '10', 'N', 'N', NULL, NULL, 'Y', 'F', 'Y', NULL);
INSERT INTO sys_pagefield_rlt(id, pageId, fieldId, orderNum, isRequired, isReaded, isReseted, isRecorded, isShowed, layout, isValid, module) VALUES ('66558614-91fd-4423-9a83-d24f1bee79a6', '07698511-fa9f-47e2-9f4c-5fbbfiPJT004', '8d54199f-3104-4378-985c-4591820e06ed', '11', 'N', 'N', NULL, NULL, 'Y', 'F', 'Y', NULL);

INSERT INTO sys_pagelist_rlt(id, pageId, objectType, fieldView, filterCondition, isValid) VALUES ('40b8a8e1-1cb2-43ae-8f80-86ba12b22d44', '07698511-fa9f-47e2-9f4c-5fbbfiPJT014', 'PJT', '{\"pageSize\":\"20\",\"orderBy\":\"\",\"orderByType\":\"desc\",\"query\":\"\",\"view\":[{\"f\":\"id\",\"a\":\"center\",\"w\":\"60px\",\"t\":\"ID\",\"r\":\"\",\"s\":false,\"h\":false,\"i\":\"\"},{\"f\":\"name\",\"a\":\"left\",\"w\":\"218px\",\"t\":\"TEXT\",\"r\":\"true\",\"s\":false,\"h\":false,\"i\":\"154f8ead-3d3f-4290-a597-b07ee20c25cd\"},{\"f\":\"code\",\"a\":\"left\",\"w\":\"120px\",\"t\":\"TEXT\",\"r\":false,\"s\":false,\"h\":false,\"i\":\"85ef9d50-9868-4731-8091-24753f734927\"},{\"f\":\"managerId\",\"a\":\"left\",\"w\":\"120px\",\"t\":\"USER\",\"r\":\"true\",\"s\":false,\"h\":false,\"i\":\"0536fc91-48a6-4e07-ad31-a16f017a9222\"},{\"f\":\"phaseId\",\"a\":\"left\",\"w\":\"120px\",\"t\":\"SELECT\",\"r\":\"true\",\"s\":false,\"h\":false,\"i\":\"ebf66a94-a159-4cfb-a827-8163c514edae\"},{\"f\":\"typeId\",\"a\":\"left\",\"w\":\"120px\",\"t\":\"SELECT\",\"r\":\"true\",\"s\":false,\"h\":false,\"i\":\"cfd2fad4-e028-48de-bb1f-471b738e294a\"},{\"f\":\"copRate\",\"a\":\"left\",\"w\":\"120px\",\"t\":\"NUMBER\",\"r\":false,\"s\":false,\"h\":false,\"i\":\"aea6731a-244a-49ae-85e2-83ae9853bd98\"},{\"f\":\"devRate\",\"a\":\"left\",\"w\":\"120px\",\"t\":\"NUMBER\",\"r\":false,\"s\":false,\"h\":false,\"i\":\"902c72a5-e0da-4a01-a139-94532151396f\"},{\"f\":\"departmentId\",\"a\":\"left\",\"w\":\"120px\",\"t\":\"DEPT\",\"r\":\"true\",\"s\":false,\"h\":false,\"i\":\"85b70d7d-be65-4505-8678-00536536d8b1\"},{\"f\":\"creatorId\",\"a\":\"left\",\"w\":\"120px\",\"t\":\"USER\",\"r\":false,\"s\":false,\"h\":false,\"i\":\"ad334a50-8aea-42d7-ba9f-dd7afa43ea77\"},{\"f\":\"modifyTime\",\"a\":\"left\",\"w\":\"120px\",\"t\":\"DATE\",\"r\":false,\"s\":false,\"h\":false,\"i\":\"62966c17-849b-45d9-bdef-24f5842d87f5\"}]}', '', 'Y');

INSERT INTO en_type(id, name, objectType, code, codeRule, editionRule, lifecycleId, parentId, remark, bgColor, fColor, isSystem, orderNum, isValid, creatorId, createdTime, modifyId, modifyTime, workflowGroupId, planTemplateId) VALUES ('2a41edfa-8b2e-40fb-88b3-75a3a70b5f12', '新产品研发项目', 'PJT', NULL, '{\"codeSign\":\"PJT\",\"codeSuffix\":\"SN\"}', NULL, '714df9c1-c86d-4a81-8159-4df77056d6f8', '', '', NULL, NULL, NULL, '2', 'Y', 'b8ab9427-627b-469f-bfd0-4b1buser0001', '2022-08-08', 'b8ab9427-627b-469f-bfd0-4b1buser0001', '2022-08-08', '', '');
INSERT INTO en_type(id, name, objectType, code, codeRule, editionRule, lifecycleId, parentId, remark, bgColor, fColor, isSystem, orderNum, isValid, creatorId, createdTime, modifyId, modifyTime, workflowGroupId, planTemplateId) VALUES ('caafb8c7-8c6e-439a-b0e5-680694d785e4', '技术创新项目', 'PJT', NULL, '{\"codeSign\":\"PJT\",\"codeSuffix\":\"SN\"}', NULL, '714df9c1-c86d-4a81-8159-4df77056d6f8', '', '', NULL, NULL, NULL, '3', 'Y', 'b8ab9427-627b-469f-bfd0-4b1buser0001', '2022-08-08', 'b8ab9427-627b-469f-bfd0-4b1buser0001', '2022-08-08', '', '');
INSERT INTO en_type(id, name, objectType, code, codeRule, editionRule, lifecycleId, parentId, remark, bgColor, fColor, isSystem, orderNum, isValid, creatorId, createdTime, modifyId, modifyTime, workflowGroupId, planTemplateId) VALUES ('22fd2c69-208e-47ca-bf18-62ced196240d', '软件开发项目', 'PJT', NULL, '{\"codeSign\":\"PJT\",\"codeSuffix\":\"SN\"}', NULL, '714df9c1-c86d-4a81-8159-4df77056d6f8', '', '', NULL, NULL, NULL, '4', 'Y', 'b8ab9427-627b-469f-bfd0-4b1buser0001', '2022-08-08', 'b8ab9427-627b-469f-bfd0-4b1buser0001', '2022-08-08', '', '');
INSERT INTO en_type(id, name, objectType, code, codeRule, editionRule, lifecycleId, parentId, remark, bgColor, fColor, isSystem, orderNum, isValid, creatorId, createdTime, modifyId, modifyTime, workflowGroupId, planTemplateId) VALUES ('bd419cfe-5887-4045-b21d-7530fddbcc24', '系统集成项目', 'PJT', NULL, '{\"codeSign\":\"PJT\",\"codeSuffix\":\"SN\"}', NULL, '714df9c1-c86d-4a81-8159-4df77056d6f8', '', '', NULL, NULL, NULL, '5', 'Y', 'b8ab9427-627b-469f-bfd0-4b1buser0001', '2022-08-08', 'b8ab9427-627b-469f-bfd0-4b1buser0001', '2022-08-08', '', '');
INSERT INTO en_type(id, name, objectType, code, codeRule, editionRule, lifecycleId, parentId, remark, bgColor, fColor, isSystem, orderNum, isValid, creatorId, createdTime, modifyId, modifyTime, workflowGroupId, planTemplateId) VALUES ('d19f18a0-5612-4d4c-92db-e896b00cc799', '产品改进项目', 'PJT', NULL, '{\"codeSign\":\"PJT\",\"codeSuffix\":\"SN\"}', NULL, '714df9c1-c86d-4a81-8159-4df77056d6f8', '', '', NULL, NULL, NULL, '6', 'Y', 'b8ab9427-627b-469f-bfd0-4b1buser0001', '2022-08-08', 'b8ab9427-627b-469f-bfd0-4b1buser0001', '2022-08-08', '', '');

INSERT INTO sys_advanceset(id, name, val, num, objectType) VALUES ('07698511-fa9f-47e2-9f4c-5fadvance014', 'planDevCalc', 'PC', null, 'PJT');

INSERT INTO sys_reportchart(id, name, simpleName, status, isCandidate, objectType, chartType, dataFieldId, categoryFieldId, scope, remark, orderNum, isValid, creatorId, createdTime, modifyId, modifyTime, parentId, pjtStatus, isUsePjt, pjtOrderNum, height, width) VALUES ('186c6d6a-b92a-49b4-a28a-2d36c3ededf1', '项目优先级 - 生命阶段对比图', '项目优先级 - 生命阶段对比', 'RN', 'Y', 'PJT', 'bar-group', 'b7a6dd5b-9ffb-45d3-a2de-a3cb2be0d77a', 'phaseId', 'L', '', '6', 'Y', 'b8ab9427-627b-469f-bfd0-4b1buser0001', '2022-08-08', 'b8ab9427-627b-469f-bfd0-4b1buser0001', '2022-08-08', '', 'RN', 'N', '1', '1', '1');
INSERT INTO sys_reportchart(id, name, simpleName, status, isCandidate, objectType, chartType, dataFieldId, categoryFieldId, scope, remark, orderNum, isValid, creatorId, createdTime, modifyId, modifyTime, parentId, pjtStatus, isUsePjt, pjtOrderNum, height, width) VALUES ('5a645e38-21da-42ad-a9b8-32d410ef07c9', '项目类型分布图', '项目类型分布', 'RN', 'Y', 'PJT', 'pie-basic', 'cfd2fad4-e028-48de-bb1f-471b738e294a', '', 'L', '', '2', 'Y', 'b8ab9427-627b-469f-bfd0-4b1buser0001', '2022-08-08', 'b8ab9427-627b-469f-bfd0-4b1buser0001', '2022-08-08', '', 'RN', 'N', '1', '1', '1');
INSERT INTO sys_reportchart(id, name, simpleName, status, isCandidate, objectType, chartType, dataFieldId, categoryFieldId, scope, remark, orderNum, isValid, creatorId, createdTime, modifyId, modifyTime, parentId, pjtStatus, isUsePjt, pjtOrderNum, height, width) VALUES ('7ddad47b-b6c8-48de-8ba9-ab50b35e6689', '项目优先级分布图', '项目优先级分布', 'RN', 'Y', 'PJT', 'pie-basic', 'b7a6dd5b-9ffb-45d3-a2de-a3cb2be0d77a', '', 'L', '', '3', 'Y', 'b8ab9427-627b-469f-bfd0-4b1buser0001', '2022-08-08', 'b8ab9427-627b-469f-bfd0-4b1buser0001', '2022-08-08', '', 'RN', 'N', '1', '1', '1');
INSERT INTO sys_reportchart(id, name, simpleName, status, isCandidate, objectType, chartType, dataFieldId, categoryFieldId, scope, remark, orderNum, isValid, creatorId, createdTime, modifyId, modifyTime, parentId, pjtStatus, isUsePjt, pjtOrderNum, height, width) VALUES ('e7c337e7-2daa-4b9c-a5c7-c418e00b326b', '项目类型 - 生命阶段对比图', '项目类型 - 生命阶段对比', 'RN', 'Y', 'PJT', 'bar-group', 'cfd2fad4-e028-48de-bb1f-471b738e294a', 'phaseId', 'L', '', '5', 'Y', 'b8ab9427-627b-469f-bfd0-4b1buser0001', '2022-08-08', 'b8ab9427-627b-469f-bfd0-4b1buser0001', '2022-08-08', '', 'RN', 'N', '8', '1', '1');
INSERT INTO sys_reportchart(id, name, simpleName, status, isCandidate, objectType, chartType, dataFieldId, categoryFieldId, scope, remark, orderNum, isValid, creatorId, createdTime, modifyId, modifyTime, parentId, pjtStatus, isUsePjt, pjtOrderNum, height, width) VALUES ('fca0def6-1bbf-4f74-b274-61ce7db96f04', '项目类型 - 优先级对比图', '项目类型 - 优先级对比', 'RN', 'Y', 'PJT', 'bar-group', 'cfd2fad4-e028-48de-bb1f-471b738e294a', 'b7a6dd5b-9ffb-45d3-a2de-a3cb2be0d77a', 'L', '', '4', 'Y', 'b8ab9427-627b-469f-bfd0-4b1buser0001', '2022-08-08', 'b8ab9427-627b-469f-bfd0-4b1buser0001', '2022-08-08', '', 'RN', 'N', '7', '1', '1');
INSERT INTO sys_reportchart(id, name, simpleName, status, isCandidate, objectType, chartType, dataFieldId, categoryFieldId, scope, remark, orderNum, isValid, creatorId, createdTime, modifyId, modifyTime, parentId, pjtStatus, isUsePjt, pjtOrderNum, height, width) VALUES ('pjt68397-293e-4e16-ab24-52b8apjt0002', '里程碑', '里程碑', 'RN', 'Y', 'PJT', 'catalog', '', '', 'P', '', '36', 'Y', 'b8ab9427-627b-469f-bfd0-4b1buser0001', '2022-08-08', 'b8ab9427-627b-469f-bfd0-4b1buser0001', '2022-08-08', '', 'RN', 'Y', '3', '1', '3');
INSERT INTO sys_reportchart(id, name, simpleName, status, isCandidate, objectType, chartType, dataFieldId, categoryFieldId, scope, remark, orderNum, isValid, creatorId, createdTime, modifyId, modifyTime, parentId, pjtStatus, isUsePjt, pjtOrderNum, height, width) VALUES ('pjt68397-293e-4e16-ab24-52b8apjt0003', '燃尽图', '燃尽图', 'RN', 'Y', 'PJT', 'catalog', '', '', 'P', '', '36', 'Y', 'b8ab9427-627b-469f-bfd0-4b1buser0001', '2022-08-08', 'b8ab9427-627b-469f-bfd0-4b1buser0001', '2022-08-08', '', 'RN', 'Y', '1', '1', '2');
INSERT INTO sys_reportchart(id, name, simpleName, status, isCandidate, objectType, chartType, dataFieldId, categoryFieldId, scope, remark, orderNum, parentId, pjtOrderNum, pjtStatus, isUsePjt, height, width, isValid, creatorId, createdTime, modifyId, modifyTime) VALUES ('eaaf780a-09d9-41bc-bf5c-516a0e6ddca5', '项目阶段分布', '项目阶段分布', 'RN', 'Y', 'PJT', 'pie-basic', 'phaseId', '', 'L,S', '', 1, NULL, 1, 'RN', 'N', '1', '1', 'Y', '2373ab44-7695-465a-8c2c-47951cc70001', '2022-08-08', '2373ab44-7695-465a-8c2c-47951cc70001', '2022-08-08');

INSERT INTO com_aopmodule_rlt(id, name, val, objectType, exeCls, orderNum) VALUES ('77e16c9e-f290-4027-aeb1-8629atpjt001', '新建', 'create', 'PJT', '', '1');
INSERT INTO com_aopmodule_rlt(id, name, val, objectType, exeCls, orderNum) VALUES ('77e16c9e-f290-4027-aeb1-8629atpjt002', '打开', 'open', 'PJT', '', '2');
INSERT INTO com_aopmodule_rlt(id, name, val, objectType, exeCls, orderNum) VALUES ('77e16c9e-f290-4027-aeb1-8629atpjt003', '重命名', 'rename', 'PJT', '', '3');
INSERT INTO com_aopmodule_rlt(id, name, val, objectType, exeCls, orderNum) VALUES ('77e16c9e-f290-4027-aeb1-8629atpjt004', '编辑', 'edit', 'PJT', '', '4');
INSERT INTO com_aopmodule_rlt(id, name, val, objectType, exeCls, orderNum) VALUES ('77e16c9e-f290-4027-aeb1-8629atpjt005', '设置生命阶段', 'setPhase', 'PJT', '', '5');
INSERT INTO com_aopmodule_rlt(id, name, val, objectType, exeCls, orderNum) VALUES ('77e16c9e-f290-4027-aeb1-8629atpjt006', '删除', 'delete', 'PJT', '', '6');

INSERT INTO en_pjt_phase(id, name, status, remark, orderNum, isValid, creatorId, createdTime, modifyId, modifyTime, isTemplate, objectId, objectType) VALUES ('a392dd52-e5db-47c4-aa65-c6c6da1313db', '概念阶段', '1', '', '61', 'Y', 'b8ab9427-627b-469f-bfd0-4b1buser0001', '2022-08-08', 'b8ab9427-627b-469f-bfd0-4b1buser0001', '2022-08-08', 'Y', NULL, NULL);
INSERT INTO en_pjt_phase(id, name, status, remark, orderNum, isValid, creatorId, createdTime, modifyId, modifyTime, isTemplate, objectId, objectType) VALUES ('38df9a62-062d-4083-883d-af3569bfb4e8', '规划阶段', '1', '', '62', 'Y', 'b8ab9427-627b-469f-bfd0-4b1buser0001', '2022-08-08', 'b8ab9427-627b-469f-bfd0-4b1buser0001', '2022-08-08', 'Y', NULL, NULL);
INSERT INTO en_pjt_phase(id, name, status, remark, orderNum, isValid, creatorId, createdTime, modifyId, modifyTime, isTemplate, objectId, objectType) VALUES ('ee5860ef-fb11-4ca7-97d5-752b11cafbca', '实施阶段', '1', '', '63', 'Y', 'b8ab9427-627b-469f-bfd0-4b1buser0001', '2022-08-08', 'b8ab9427-627b-469f-bfd0-4b1buser0001', '2022-08-08', 'Y', NULL, NULL);
INSERT INTO en_pjt_phase(id, name, status, remark, orderNum, isValid, creatorId, createdTime, modifyId, modifyTime, isTemplate, objectId, objectType) VALUES ('046a2955-999b-4209-be58-e1379f783036', '收尾阶段', '1', '', '64', 'Y', 'b8ab9427-627b-469f-bfd0-4b1buser0001', '2022-08-08', 'b8ab9427-627b-469f-bfd0-4b1buser0001', '2022-08-08', 'Y', NULL, NULL);

INSERT INTO en_mstnode(id, name, typeId, projectId, mileId, phaseId, canDelete, status, isTemplete, planEndDate, realEndDate, remark, orderNum, isValid, creatorId, createdTime, modifyId, modifyTime) VALUES ('4f0c1fad-0952-4951-93e2-af58fb845b5f', '项目启动会', '22fd2c69-208e-47ca-bf18-62ced196240d', '', '', 'a392dd52-e5db-47c4-aa65-c6c6da1313db', NULL, 'IN', 'Y', NULL, NULL, '正式启动项目,明确项目目标和团队职责', '1', 'Y', 'b8ab9427-627b-469f-bfd0-4b1buser0001', '2022-08-08', 'b8ab9427-627b-469f-bfd0-4b1buser0001', '2022-08-08');
INSERT INTO en_mstnode(id, name, typeId, projectId, mileId, phaseId, canDelete, status, isTemplete, planEndDate, realEndDate, remark, orderNum, isValid, creatorId, createdTime, modifyId, modifyTime) VALUES ('85acb130-895e-4cd1-a13e-3a21db0175ce', '需求确认', '22fd2c69-208e-47ca-bf18-62ced196240d', '', '', 'a392dd52-e5db-47c4-aa65-c6c6da1313db', NULL, 'IN', 'Y', NULL, NULL, '明确软件功能和用户需求', '2', 'Y', 'b8ab9427-627b-469f-bfd0-4b1buser0001', '2022-08-08', 'b8ab9427-627b-469f-bfd0-4b1buser0001', '2022-08-08');
INSERT INTO en_mstnode(id, name, typeId, projectId, mileId, phaseId, canDelete, status, isTemplete, planEndDate, realEndDate, remark, orderNum, isValid, creatorId, createdTime, modifyId, modifyTime) VALUES ('36f683ca-166e-4029-a868-d60aee526053', '软件设计', '22fd2c69-208e-47ca-bf18-62ced196240d', '', '', '38df9a62-062d-4083-883d-af3569bfb4e8', NULL, 'IN', 'Y', NULL, NULL, '完成软件系统的设计和架构规划', '5', 'Y', 'b8ab9427-627b-469f-bfd0-4b1buser0001', '2022-08-08', 'b8ab9427-627b-469f-bfd0-4b1buser0001', '2022-08-08');
INSERT INTO en_mstnode(id, name, typeId, projectId, mileId, phaseId, canDelete, status, isTemplete, planEndDate, realEndDate, remark, orderNum, isValid, creatorId, createdTime, modifyId, modifyTime) VALUES ('ac93ddc9-a81b-4a32-ac9d-fc94caef2625', '软件开发', '22fd2c69-208e-47ca-bf18-62ced196240d', '', '', 'ee5860ef-fb11-4ca7-97d5-752b11cafbca', NULL, 'IN', 'Y', NULL, NULL, '完成软件编码和开发', '6', 'Y', 'b8ab9427-627b-469f-bfd0-4b1buser0001', '2022-08-08', 'b8ab9427-627b-469f-bfd0-4b1buser0001', '2022-08-08');
INSERT INTO en_mstnode(id, name, typeId, projectId, mileId, phaseId, canDelete, status, isTemplete, planEndDate, realEndDate, remark, orderNum, isValid, creatorId, createdTime, modifyId, modifyTime) VALUES ('ca8a38cb-2e1a-4fa8-9005-7f0ada7001e2', '软件测试', '22fd2c69-208e-47ca-bf18-62ced196240d', '', '', 'ee5860ef-fb11-4ca7-97d5-752b11cafbca', NULL, 'IN', 'Y', NULL, NULL, '经过测试验证,确认软件功能和质量', '7', 'Y', 'b8ab9427-627b-469f-bfd0-4b1buser0001', '2022-08-08', 'b8ab9427-627b-469f-bfd0-4b1buser0001', '2022-08-08');
INSERT INTO en_mstnode(id, name, typeId, projectId, mileId, phaseId, canDelete, status, isTemplete, planEndDate, realEndDate, remark, orderNum, isValid, creatorId, createdTime, modifyId, modifyTime) VALUES ('46a9a75b-3bab-40a2-9404-c43026a67988', '正式发布', '22fd2c69-208e-47ca-bf18-62ced196240d', '', '', 'ee5860ef-fb11-4ca7-97d5-752b11cafbca', NULL, 'IN', 'Y', NULL, NULL, '将软件发布到生产环境中', '8', 'Y', 'b8ab9427-627b-469f-bfd0-4b1buser0001', '2022-08-08', 'b8ab9427-627b-469f-bfd0-4b1buser0001', '2022-08-08');
INSERT INTO en_mstnode(id, name, typeId, projectId, mileId, phaseId, canDelete, status, isTemplete, planEndDate, realEndDate, remark, orderNum, isValid, creatorId, createdTime, modifyId, modifyTime) VALUES ('8372cf6c-0e11-4a88-a94a-6fbaccdc27cc', '项目结束', '22fd2c69-208e-47ca-bf18-62ced196240d', '', '', '046a2955-999b-4209-be58-e1379f783036', NULL, 'IN', 'Y', NULL, NULL, '项目完成合同收尾和行政收尾', '11', 'Y', 'b8ab9427-627b-469f-bfd0-4b1buser0001', '2022-08-08', 'b8ab9427-627b-469f-bfd0-4b1buser0001', '2022-08-08');
INSERT INTO en_mstnode(id, name, typeId, projectId, mileId, phaseId, canDelete, status, isTemplete, planEndDate, realEndDate, remark, orderNum, isValid, creatorId, createdTime, modifyId, modifyTime) VALUES ('1d8d14fb-5e41-4664-8567-6bc45103d340', '项目启动会', '2a41edfa-8b2e-40fb-88b3-75a3a70b5f12', '', '', 'a392dd52-e5db-47c4-aa65-c6c6da1313db', NULL, 'IN', 'Y', NULL, NULL, '正式启动项目,明确项目目标和团队职责', '1', 'Y', 'b8ab9427-627b-469f-bfd0-4b1buser0001', '2022-08-08', 'b8ab9427-627b-469f-bfd0-4b1buser0001', '2022-08-08');
INSERT INTO en_mstnode(id, name, typeId, projectId, mileId, phaseId, canDelete, status, isTemplete, planEndDate, realEndDate, remark, orderNum, isValid, creatorId, createdTime, modifyId, modifyTime) VALUES ('5b8c9833-b99e-414d-917d-bb47b16f9a9b', '概念验证', '2a41edfa-8b2e-40fb-88b3-75a3a70b5f12', '', '', 'a392dd52-e5db-47c4-aa65-c6c6da1313db', NULL, 'IN', 'Y', NULL, NULL, '确认产品概念和可行性', '2', 'Y', 'b8ab9427-627b-469f-bfd0-4b1buser0001', '2022-08-08', 'b8ab9427-627b-469f-bfd0-4b1buser0001', '2022-08-08');
INSERT INTO en_mstnode(id, name, typeId, projectId, mileId, phaseId, canDelete, status, isTemplete, planEndDate, realEndDate, remark, orderNum, isValid, creatorId, createdTime, modifyId, modifyTime) VALUES ('15f4d3b2-405b-4dc7-9132-b923b1b82cc0', '原型设计', '2a41edfa-8b2e-40fb-88b3-75a3a70b5f12', '', '', '38df9a62-062d-4083-883d-af3569bfb4e8', NULL, 'IN', 'Y', NULL, NULL, '完成初步产品设计并制作原型', '3', 'Y', 'b8ab9427-627b-469f-bfd0-4b1buser0001', '2022-08-08', 'b8ab9427-627b-469f-bfd0-4b1buser0001', '2022-08-08');
INSERT INTO en_mstnode(id, name, typeId, projectId, mileId, phaseId, canDelete, status, isTemplete, planEndDate, realEndDate, remark, orderNum, isValid, creatorId, createdTime, modifyId, modifyTime) VALUES ('f1526db0-f1bb-4016-b021-d854aafb139e', '可行性验证', '2a41edfa-8b2e-40fb-88b3-75a3a70b5f12', '', '', '38df9a62-062d-4083-883d-af3569bfb4e8', NULL, 'IN', 'Y', NULL, NULL, '确认所选技术在产品开发中的可行性', '4', 'Y', 'b8ab9427-627b-469f-bfd0-4b1buser0001', '2022-08-08', 'b8ab9427-627b-469f-bfd0-4b1buser0001', '2022-08-08');
INSERT INTO en_mstnode(id, name, typeId, projectId, mileId, phaseId, canDelete, status, isTemplete, planEndDate, realEndDate, remark, orderNum, isValid, creatorId, createdTime, modifyId, modifyTime) VALUES ('e113e08f-2efb-483c-8785-c447c6b77973', '产品开发', '2a41edfa-8b2e-40fb-88b3-75a3a70b5f12', '', '', 'ee5860ef-fb11-4ca7-97d5-752b11cafbca', NULL, 'IN', 'Y', NULL, NULL, '产品的功能开发', '6', 'Y', 'b8ab9427-627b-469f-bfd0-4b1buser0001', '2022-08-08', 'b8ab9427-627b-469f-bfd0-4b1buser0001', '2022-08-08');
INSERT INTO en_mstnode(id, name, typeId, projectId, mileId, phaseId, canDelete, status, isTemplete, planEndDate, realEndDate, remark, orderNum, isValid, creatorId, createdTime, modifyId, modifyTime) VALUES ('673b45c9-64da-45d9-8df7-8954a127b3ea', '测试验证', '2a41edfa-8b2e-40fb-88b3-75a3a70b5f12', '', '', 'ee5860ef-fb11-4ca7-97d5-752b11cafbca', NULL, 'IN', 'Y', NULL, NULL, '产品经过全面测试,确认达到质量标准', '7', 'Y', 'b8ab9427-627b-469f-bfd0-4b1buser0001', '2022-08-08', 'b8ab9427-627b-469f-bfd0-4b1buser0001', '2022-08-08');
INSERT INTO en_mstnode(id, name, typeId, projectId, mileId, phaseId, canDelete, status, isTemplete, planEndDate, realEndDate, remark, orderNum, isValid, creatorId, createdTime, modifyId, modifyTime) VALUES ('b773fb55-b71f-46a5-a889-f64cc0de121c', '产品发布', '2a41edfa-8b2e-40fb-88b3-75a3a70b5f12', '', '', 'ee5860ef-fb11-4ca7-97d5-752b11cafbca', NULL, 'IN', 'Y', NULL, NULL, '产品上线并向市场推出', '8', 'Y', 'b8ab9427-627b-469f-bfd0-4b1buser0001', '2022-08-08', 'b8ab9427-627b-469f-bfd0-4b1buser0001', '2022-08-08');
INSERT INTO en_mstnode(id, name, typeId, projectId, mileId, phaseId, canDelete, status, isTemplete, planEndDate, realEndDate, remark, orderNum, isValid, creatorId, createdTime, modifyId, modifyTime) VALUES ('7fcc91a8-bb69-4df0-b8fc-51387887fd5b', '项目结束', '2a41edfa-8b2e-40fb-88b3-75a3a70b5f12', '', '', '046a2955-999b-4209-be58-e1379f783036', NULL, 'IN', 'Y', NULL, NULL, '项目完成合同收尾和行政收尾', '11', 'Y', 'b8ab9427-627b-469f-bfd0-4b1buser0001', '2022-08-08', 'b8ab9427-627b-469f-bfd0-4b1buser0001', '2022-08-08');
INSERT INTO en_mstnode(id, name, typeId, projectId, mileId, phaseId, canDelete, status, isTemplete, planEndDate, realEndDate, remark, orderNum, isValid, creatorId, createdTime, modifyId, modifyTime) VALUES ('f42e534f-96ec-495b-a95f-afb84dc48700', '项目启动会', 'bd419cfe-5887-4045-b21d-7530fddbcc24', '', '', '', NULL, 'IN', 'Y', NULL, NULL, '正式启动项目,明确项目目标和团队职责', '1', 'Y', 'b8ab9427-627b-469f-bfd0-4b1buser0001', '2022-08-08', 'b8ab9427-627b-469f-bfd0-4b1buser0001', '2022-08-08');
INSERT INTO en_mstnode(id, name, typeId, projectId, mileId, phaseId, canDelete, status, isTemplete, planEndDate, realEndDate, remark, orderNum, isValid, creatorId, createdTime, modifyId, modifyTime) VALUES ('1695abd1-99f6-463b-b9e7-57d615289425', '需求分析', 'bd419cfe-5887-4045-b21d-7530fddbcc24', '', '', '', NULL, 'IN', 'Y', NULL, NULL, '明确系统集成的需求和功能', '2', 'Y', 'b8ab9427-627b-469f-bfd0-4b1buser0001', '2022-08-08', 'b8ab9427-627b-469f-bfd0-4b1buser0001', '2022-08-08');
INSERT INTO en_mstnode(id, name, typeId, projectId, mileId, phaseId, canDelete, status, isTemplete, planEndDate, realEndDate, remark, orderNum, isValid, creatorId, createdTime, modifyId, modifyTime) VALUES ('4e3fa1f5-a29e-4217-885b-369665a23356', '系统设计', 'bd419cfe-5887-4045-b21d-7530fddbcc24', '', '', '', NULL, 'IN', 'Y', NULL, NULL, '完成系统集成的设计和架构规划', '3', 'Y', 'b8ab9427-627b-469f-bfd0-4b1buser0001', '2022-08-08', 'b8ab9427-627b-469f-bfd0-4b1buser0001', '2022-08-08');
INSERT INTO en_mstnode(id, name, typeId, projectId, mileId, phaseId, canDelete, status, isTemplete, planEndDate, realEndDate, remark, orderNum, isValid, creatorId, createdTime, modifyId, modifyTime) VALUES ('af149c03-eaf6-440a-a967-b71ffe20d38e', '系统集成', 'bd419cfe-5887-4045-b21d-7530fddbcc24', '', '', '', NULL, 'IN', 'Y', NULL, NULL, '将各个子系统或组件整合成一个完整系统', '4', 'Y', 'b8ab9427-627b-469f-bfd0-4b1buser0001', '2022-08-08', 'b8ab9427-627b-469f-bfd0-4b1buser0001', '2022-08-08');
INSERT INTO en_mstnode(id, name, typeId, projectId, mileId, phaseId, canDelete, status, isTemplete, planEndDate, realEndDate, remark, orderNum, isValid, creatorId, createdTime, modifyId, modifyTime) VALUES ('9dde8c0a-24b0-43cd-85b2-050e61fa89d5', '系统测试', 'bd419cfe-5887-4045-b21d-7530fddbcc24', '', '', '', NULL, 'IN', 'Y', NULL, NULL, '对整个系统进行测试和验证', '5', 'Y', 'b8ab9427-627b-469f-bfd0-4b1buser0001', '2022-08-08', 'b8ab9427-627b-469f-bfd0-4b1buser0001', '2022-08-08');
INSERT INTO en_mstnode(id, name, typeId, projectId, mileId, phaseId, canDelete, status, isTemplete, planEndDate, realEndDate, remark, orderNum, isValid, creatorId, createdTime, modifyId, modifyTime) VALUES ('17ef2982-498e-4b96-af54-4a64e6ae1db9', '系统部署', 'bd419cfe-5887-4045-b21d-7530fddbcc24', '', '', '', NULL, 'IN', 'Y', NULL, NULL, '将集成系统部署到生产环境中', '6', 'Y', 'b8ab9427-627b-469f-bfd0-4b1buser0001', '2022-08-08', 'b8ab9427-627b-469f-bfd0-4b1buser0001', '2022-08-08');
INSERT INTO en_mstnode(id, name, typeId, projectId, mileId, phaseId, canDelete, status, isTemplete, planEndDate, realEndDate, remark, orderNum, isValid, creatorId, createdTime, modifyId, modifyTime) VALUES ('d81e14d9-08f9-4878-b3f1-0376080c36f6', '项目结束', 'bd419cfe-5887-4045-b21d-7530fddbcc24', '', '', '', NULL, 'IN', 'Y', NULL, NULL, '项目完成合同收尾和行政收尾', '7', 'Y', 'b8ab9427-627b-469f-bfd0-4b1buser0001', '2022-08-08', 'b8ab9427-627b-469f-bfd0-4b1buser0001', '2022-08-08');
INSERT INTO en_mstnode(id, name, typeId, projectId, mileId, phaseId, canDelete, status, isTemplete, planEndDate, realEndDate, remark, orderNum, isValid, creatorId, createdTime, modifyId, modifyTime) VALUES ('5eb89611-015d-47f9-a651-67202345f098', '项目启动会', 'caafb8c7-8c6e-439a-b0e5-680694d785e4', '', '', 'a392dd52-e5db-47c4-aa65-c6c6da1313db', NULL, 'IN', 'Y', NULL, NULL, '正式启动项目,明确项目目标和团队职责', '1', 'Y', 'b8ab9427-627b-469f-bfd0-4b1buser0001', '2022-08-08', 'b8ab9427-627b-469f-bfd0-4b1buser0001', '2022-08-08');
INSERT INTO en_mstnode(id, name, typeId, projectId, mileId, phaseId, canDelete, status, isTemplete, planEndDate, realEndDate, remark, orderNum, isValid, creatorId, createdTime, modifyId, modifyTime) VALUES ('cebbdd2b-bc81-4291-ac96-6648c7f58d07', '需求确认', 'caafb8c7-8c6e-439a-b0e5-680694d785e4', '', '', 'a392dd52-e5db-47c4-aa65-c6c6da1313db', NULL, 'IN', 'Y', NULL, NULL, '明确技术创新的目标和要求', '2', 'Y', 'b8ab9427-627b-469f-bfd0-4b1buser0001', '2022-08-08', 'b8ab9427-627b-469f-bfd0-4b1buser0001', '2022-08-08');
INSERT INTO en_mstnode(id, name, typeId, projectId, mileId, phaseId, canDelete, status, isTemplete, planEndDate, realEndDate, remark, orderNum, isValid, creatorId, createdTime, modifyId, modifyTime) VALUES ('70c7b12e-c87f-4a57-a211-42c28d4a3323', '技术验证', 'caafb8c7-8c6e-439a-b0e5-680694d785e4', '', '', '38df9a62-062d-4083-883d-af3569bfb4e8', NULL, 'IN', 'Y', NULL, NULL, '进行技术研究和验证可行性', '4', 'Y', 'b8ab9427-627b-469f-bfd0-4b1buser0001', '2022-08-08', 'b8ab9427-627b-469f-bfd0-4b1buser0001', '2022-08-08');
INSERT INTO en_mstnode(id, name, typeId, projectId, mileId, phaseId, canDelete, status, isTemplete, planEndDate, realEndDate, remark, orderNum, isValid, creatorId, createdTime, modifyId, modifyTime) VALUES ('bc20b22d-3dac-4186-a6cc-6a879254b856', '技术开发', 'caafb8c7-8c6e-439a-b0e5-680694d785e4', '', '', 'ee5860ef-fb11-4ca7-97d5-752b11cafbca', NULL, 'IN', 'Y', NULL, NULL, '完成新技术的研发和开发', '5', 'Y', 'b8ab9427-627b-469f-bfd0-4b1buser0001', '2022-08-08', 'b8ab9427-627b-469f-bfd0-4b1buser0001', '2022-08-08');
INSERT INTO en_mstnode(id, name, typeId, projectId, mileId, phaseId, canDelete, status, isTemplete, planEndDate, realEndDate, remark, orderNum, isValid, creatorId, createdTime, modifyId, modifyTime) VALUES ('77c48147-1fdc-4bab-9b8f-85cf514a070b', '测试验证', 'caafb8c7-8c6e-439a-b0e5-680694d785e4', '', '', 'ee5860ef-fb11-4ca7-97d5-752b11cafbca', NULL, 'IN', 'Y', NULL, NULL, '经过测试验证,确认技术满足要求', '6', 'Y', 'b8ab9427-627b-469f-bfd0-4b1buser0001', '2022-08-08', 'b8ab9427-627b-469f-bfd0-4b1buser0001', '2022-08-08');
INSERT INTO en_mstnode(id, name, typeId, projectId, mileId, phaseId, canDelete, status, isTemplete, planEndDate, realEndDate, remark, orderNum, isValid, creatorId, createdTime, modifyId, modifyTime) VALUES ('92462d45-1490-4ac6-bdc3-721e3de9ae23', '技术应用', 'caafb8c7-8c6e-439a-b0e5-680694d785e4', '', '', 'ee5860ef-fb11-4ca7-97d5-752b11cafbca', NULL, 'IN', 'Y', NULL, NULL, '将技术应用到实际场景中', '8', 'Y', 'b8ab9427-627b-469f-bfd0-4b1buser0001', '2022-08-08', 'b8ab9427-627b-469f-bfd0-4b1buser0001', '2022-08-08');
INSERT INTO en_mstnode(id, name, typeId, projectId, mileId, phaseId, canDelete, status, isTemplete, planEndDate, realEndDate, remark, orderNum, isValid, creatorId, createdTime, modifyId, modifyTime) VALUES ('abb4f9a5-62e7-47ca-99dc-62198d447a74', '项目结束', 'caafb8c7-8c6e-439a-b0e5-680694d785e4', '', '', '046a2955-999b-4209-be58-e1379f783036', NULL, 'IN', 'Y', NULL, NULL, '项目完成合同收尾和行政收尾', '11', 'Y', 'b8ab9427-627b-469f-bfd0-4b1buser0001', '2022-08-08', 'b8ab9427-627b-469f-bfd0-4b1buser0001', '2022-08-08');
INSERT INTO en_mstnode(id, name, typeId, projectId, mileId, phaseId, canDelete, status, isTemplete, planEndDate, realEndDate, remark, orderNum, isValid, creatorId, createdTime, modifyId, modifyTime) VALUES ('8b3e2512-ec7d-4089-b752-a5633e387850', '项目启动会', 'd19f18a0-5612-4d4c-92db-e896b00cc799', '', '', '', NULL, 'IN', 'Y', NULL, NULL, '正式启动项目,明确项目目标和团队职责', '1', 'Y', 'b8ab9427-627b-469f-bfd0-4b1buser0001', '2022-08-08', 'b8ab9427-627b-469f-bfd0-4b1buser0001', '2022-08-08');
INSERT INTO en_mstnode(id, name, typeId, projectId, mileId, phaseId, canDelete, status, isTemplete, planEndDate, realEndDate, remark, orderNum, isValid, creatorId, createdTime, modifyId, modifyTime) VALUES ('e8a18e7c-8da9-4490-ba32-4cf777c37473', '需求确认', 'd19f18a0-5612-4d4c-92db-e896b00cc799', '', '', '', NULL, 'IN', 'Y', NULL, NULL, '确认产品改进的需求和目标', '2', 'Y', 'b8ab9427-627b-469f-bfd0-4b1buser0001', '2022-08-08', 'b8ab9427-627b-469f-bfd0-4b1buser0001', '2022-08-08');
INSERT INTO en_mstnode(id, name, typeId, projectId, mileId, phaseId, canDelete, status, isTemplete, planEndDate, realEndDate, remark, orderNum, isValid, creatorId, createdTime, modifyId, modifyTime) VALUES ('3e313035-32b9-479d-9fbe-59974752b689', '原型设计', 'd19f18a0-5612-4d4c-92db-e896b00cc799', '', '', '', NULL, 'IN', 'Y', NULL, NULL, '完成产品改进的设计和原型制作', '3', 'Y', 'b8ab9427-627b-469f-bfd0-4b1buser0001', '2022-08-08', 'b8ab9427-627b-469f-bfd0-4b1buser0001', '2022-08-08');
INSERT INTO en_mstnode(id, name, typeId, projectId, mileId, phaseId, canDelete, status, isTemplete, planEndDate, realEndDate, remark, orderNum, isValid, creatorId, createdTime, modifyId, modifyTime) VALUES ('bcbe0ac6-68ba-410c-bf25-82daa635c73b', '功能开发', 'd19f18a0-5612-4d4c-92db-e896b00cc799', '', '', '', NULL, 'IN', 'Y', NULL, NULL, '完成产品改进的功能开发', '4', 'Y', 'b8ab9427-627b-469f-bfd0-4b1buser0001', '2022-08-08', 'b8ab9427-627b-469f-bfd0-4b1buser0001', '2022-08-08');
INSERT INTO en_mstnode(id, name, typeId, projectId, mileId, phaseId, canDelete, status, isTemplete, planEndDate, realEndDate, remark, orderNum, isValid, creatorId, createdTime, modifyId, modifyTime) VALUES ('53444634-3534-425d-be73-f717356e6d3f', '验证测试', 'd19f18a0-5612-4d4c-92db-e896b00cc799', '', '', '', NULL, 'IN', 'Y', NULL, NULL, '经过测试验证,确认改进功能没有引入新问题', '5', 'Y', 'b8ab9427-627b-469f-bfd0-4b1buser0001', '2022-08-08', 'b8ab9427-627b-469f-bfd0-4b1buser0001', '2022-08-08');
INSERT INTO en_mstnode(id, name, typeId, projectId, mileId, phaseId, canDelete, status, isTemplete, planEndDate, realEndDate, remark, orderNum, isValid, creatorId, createdTime, modifyId, modifyTime) VALUES ('abfe1899-f4b9-46e0-b166-803444ea4229', '部署完成', 'd19f18a0-5612-4d4c-92db-e896b00cc799', '', '', '', NULL, 'IN', 'Y', NULL, NULL, '成功将改进部署到生产环境中', '6', 'Y', 'b8ab9427-627b-469f-bfd0-4b1buser0001', '2022-08-08', 'b8ab9427-627b-469f-bfd0-4b1buser0001', '2022-08-08');
INSERT INTO en_mstnode(id, name, typeId, projectId, mileId, phaseId, canDelete, status, isTemplete, planEndDate, realEndDate, remark, orderNum, isValid, creatorId, createdTime, modifyId, modifyTime) VALUES ('86e6dbae-371d-4d71-8a73-8940f52a11a2', '项目结束', 'd19f18a0-5612-4d4c-92db-e896b00cc799', '', '', '', NULL, 'IN', 'Y', NULL, NULL, '项目完成合同收尾和行政收尾', '7', 'Y', 'b8ab9427-627b-469f-bfd0-4b1buser0001', '2022-08-08', 'b8ab9427-627b-469f-bfd0-4b1buser0001', '2022-08-08');

INSERT INTO sys_role(id, name, roleName, roleSign, parentId, remark, objectType, objectId, orderNum, isSystem, isValid, creatorId, createdTime, modifyId, modifyTime, dataScope, filterField, tabRight) VALUES ('8ef66673-8901-4cb1-bf10-19d2b67a7298', 'xiangmujingli', '项目经理', NULL, '', '', 'TYPE', '22fd2c69-208e-47ca-bf18-62ced196240d', '1', NULL, 'Y', 'b8ab9427-627b-469f-bfd0-4b1buser0001', '2022-08-08', 'b8ab9427-627b-469f-bfd0-4b1buser0001', '2022-08-08', 'All', '', '{\"tabs\":\"tab_Y_plan,tab_Y_milestone,tab_Y_roleAndUser,tab_Y_doc,tab_Y_demand,tab_Y_test,tab_Y_relate,tab_Y_file,tab_Y_dashboard,tab_Y_dynamics,tab_Y_workflow,tab_Y_BUG,tab_Y_ISU\",\"tabRight\":{\"plan\":\"ADDPLAN,MNGPLN,ADDTSK,EDITTSK,SETBASELINE,DELTSK\",\"milestone\":\"ADD,EDIT,PUBLISH,STOP,STARTCHANGE,DEL\",\"roleAndUser\":\"ADD,EDIT,DEL\",\"doc\":\"ADD,EDIT,EXP,DEL\",\"demand\":\"ADD,EDIT,EXP,DEL\",\"test\":\"ADD,EDIT,EXP,DEL\",\"relate\":\"LINKOBJECT,DEL\",\"file\":\"ADDFILE,LINKDOC,DL,DEL\",\"dashboard\":\"PRINT,REFRESH\",\"dynamics\":\"SPREAD\",\"workflow\":\"ADD,DEL\",\"BUG\":\"ADD,EDIT,EXP,DEL\",\"ISU\":\"ADD,EDIT,EXP,DEL\"}}');
INSERT INTO sys_role(id, name, roleName, roleSign, parentId, remark, objectType, objectId, orderNum, isSystem, isValid, creatorId, createdTime, modifyId, modifyTime, dataScope, filterField, tabRight) VALUES ('7de1469e-eb9c-441b-9585-dfa4d0e3d493', 'xiangmuzhuli', '项目助理', NULL, '', '', 'TYPE', '22fd2c69-208e-47ca-bf18-62ced196240d', '2', NULL, 'Y', 'b8ab9427-627b-469f-bfd0-4b1buser0001', '2022-08-08', 'b8ab9427-627b-469f-bfd0-4b1buser0001', '2022-08-08', 'All', '', '{\"tabs\":\"tab_Y_plan,tab_Y_milestone,tab_Y_roleAndUser,tab_Y_doc,tab_Y_demand,tab_Y_test,tab_Y_relate,tab_Y_file,tab_Y_dashboard,tab_Y_dynamics,tab_Y_workflow,tab_Y_BUG,tab_Y_ISU\",\"tabRight\":{\"plan\":\"ADDPLAN,MNGPLN,ADDTSK,EDITTSK,SETBASELINE,DELTSK\",\"milestone\":\"ADD,EDIT,PUBLISH,STOP,STARTCHANGE,DEL\",\"roleAndUser\":\"ADD,EDIT,DEL\",\"doc\":\"ADD,EDIT,EXP,DEL\",\"demand\":\"ADD,EDIT,EXP,DEL\",\"test\":\"ADD,EDIT,EXP,DEL\",\"relate\":\"LINKOBJECT,DEL\",\"file\":\"ADDFILE,LINKDOC,DL,DEL\",\"dashboard\":\"PRINT,REFRESH\",\"dynamics\":\"SPREAD\",\"workflow\":\"ADD,DEL\",\"BUG\":\"ADD,EDIT,EXP,DEL\",\"ISU\":\"ADD,EDIT,EXP,DEL\"}}');
INSERT INTO sys_role(id, name, roleName, roleSign, parentId, remark, objectType, objectId, orderNum, isSystem, isValid, creatorId, createdTime, modifyId, modifyTime, dataScope, filterField, tabRight) VALUES ('8daa45b2-8584-41fd-8380-e98d61d2a2d2', 'xiangmujingli', '项目经理', NULL, '', '', 'TYPE', '2a41edfa-8b2e-40fb-88b3-75a3a70b5f12', '3', NULL, 'Y', 'b8ab9427-627b-469f-bfd0-4b1buser0001', '2022-08-08', 'b8ab9427-627b-469f-bfd0-4b1buser0001', '2022-08-08', 'All', '', '{\"tabs\":\"tab_Y_plan,tab_Y_milestone,tab_Y_roleAndUser,tab_Y_doc,tab_Y_demand,tab_Y_test,tab_Y_relate,tab_Y_file,tab_Y_dashboard,tab_Y_dynamics,tab_Y_workflow,tab_Y_BUG,tab_Y_ISU\",\"tabRight\":{\"plan\":\"ADDPLAN,MNGPLN,ADDTSK,EDITTSK,SETBASELINE,DELTSK\",\"milestone\":\"ADD,EDIT,PUBLISH,STOP,STARTCHANGE,DEL\",\"roleAndUser\":\"ADD,EDIT,DEL\",\"doc\":\"ADD,EDIT,EXP,DEL\",\"demand\":\"ADD,EDIT,EXP,DEL\",\"test\":\"ADD,EDIT,EXP,DEL\",\"relate\":\"LINKOBJECT,DEL\",\"file\":\"ADDFILE,LINKDOC,DL,DEL\",\"dashboard\":\"PRINT,REFRESH\",\"dynamics\":\"SPREAD\",\"workflow\":\"ADD,DEL\",\"BUG\":\"ADD,EDIT,EXP,DEL\",\"ISU\":\"ADD,EDIT,EXP,DEL\"}}');
INSERT INTO sys_role(id, name, roleName, roleSign, parentId, remark, objectType, objectId, orderNum, isSystem, isValid, creatorId, createdTime, modifyId, modifyTime, dataScope, filterField, tabRight) VALUES ('281cb1da-2228-4b79-82b2-57073d0bc10d', 'xiangmuzhuli', '项目助理', NULL, '', '', 'TYPE', '2a41edfa-8b2e-40fb-88b3-75a3a70b5f12', '4', NULL, 'Y', 'b8ab9427-627b-469f-bfd0-4b1buser0001', '2022-08-08', 'b8ab9427-627b-469f-bfd0-4b1buser0001', '2022-08-08', 'All', '', '{\"tabs\":\"tab_Y_plan,tab_Y_milestone,tab_Y_roleAndUser,tab_Y_doc,tab_Y_demand,tab_Y_test,tab_Y_relate,tab_Y_file,tab_Y_dashboard,tab_Y_dynamics,tab_Y_workflow,tab_Y_BUG,tab_Y_ISU\",\"tabRight\":{\"plan\":\"ADDPLAN,MNGPLN,ADDTSK,EDITTSK,SETBASELINE,DELTSK\",\"milestone\":\"ADD,EDIT,PUBLISH,STOP,STARTCHANGE,DEL\",\"roleAndUser\":\"ADD,EDIT,DEL\",\"doc\":\"ADD,EDIT,EXP,DEL\",\"demand\":\"ADD,EDIT,EXP,DEL\",\"test\":\"ADD,EDIT,EXP,DEL\",\"relate\":\"LINKOBJECT,DEL\",\"file\":\"ADDFILE,LINKDOC,DL,DEL\",\"dashboard\":\"PRINT,REFRESH\",\"dynamics\":\"SPREAD\",\"workflow\":\"ADD,DEL\",\"BUG\":\"ADD,EDIT,EXP,DEL\",\"ISU\":\"ADD,EDIT,EXP,DEL\"}}');
INSERT INTO sys_role(id, name, roleName, roleSign, parentId, remark, objectType, objectId, orderNum, isSystem, isValid, creatorId, createdTime, modifyId, modifyTime, dataScope, filterField, tabRight) VALUES ('c753ee21-cbf4-406a-898c-ac6c4738123a', 'xiangmujingli', '项目经理', NULL, '', '', 'TYPE', 'bd419cfe-5887-4045-b21d-7530fddbcc24', '1', NULL, 'Y', 'b8ab9427-627b-469f-bfd0-4b1buser0001', '2022-08-08', 'b8ab9427-627b-469f-bfd0-4b1buser0001', '2022-08-08', 'All', '', '{\"tabs\":\"tab_Y_plan,tab_Y_milestone,tab_Y_roleAndUser,tab_Y_doc,tab_Y_demand,tab_Y_test,tab_Y_relate,tab_Y_file,tab_Y_dashboard,tab_Y_dynamics,tab_Y_workflow,tab_Y_BUG,tab_Y_ISU\",\"tabRight\":{\"plan\":\"ADDPLAN,MNGPLN,ADDTSK,EDITTSK,SETBASELINE,DELTSK\",\"milestone\":\"ADD,EDIT,PUBLISH,STOP,STARTCHANGE,DEL\",\"roleAndUser\":\"ADD,EDIT,DEL\",\"doc\":\"ADD,EDIT,EXP,DEL\",\"demand\":\"ADD,EDIT,EXP,DEL\",\"test\":\"ADD,EDIT,EXP,DEL\",\"relate\":\"LINKOBJECT,DEL\",\"file\":\"ADDFILE,LINKDOC,DL,DEL\",\"dashboard\":\"PRINT,REFRESH\",\"dynamics\":\"SPREAD\",\"workflow\":\"ADD,DEL\",\"BUG\":\"ADD,EDIT,EXP,DEL\",\"ISU\":\"ADD,EDIT,EXP,DEL\"}}');
INSERT INTO sys_role(id, name, roleName, roleSign, parentId, remark, objectType, objectId, orderNum, isSystem, isValid, creatorId, createdTime, modifyId, modifyTime, dataScope, filterField, tabRight) VALUES ('303fb7fc-0d73-43ca-b439-1e9d70f6dafd', 'xiangmuzhuli', '项目助理', NULL, '', '', 'TYPE', 'bd419cfe-5887-4045-b21d-7530fddbcc24', '2', NULL, 'Y', 'b8ab9427-627b-469f-bfd0-4b1buser0001', '2022-08-08', 'b8ab9427-627b-469f-bfd0-4b1buser0001', '2022-08-08', 'All', '', '{\"tabs\":\"tab_Y_plan,tab_Y_milestone,tab_Y_roleAndUser,tab_Y_doc,tab_Y_demand,tab_Y_test,tab_Y_relate,tab_Y_file,tab_Y_dashboard,tab_Y_dynamics,tab_Y_workflow,tab_Y_BUG,tab_Y_ISU\",\"tabRight\":{\"plan\":\"ADDPLAN,MNGPLN,ADDTSK,EDITTSK,SETBASELINE,DELTSK\",\"milestone\":\"ADD,EDIT,PUBLISH,STOP,STARTCHANGE,DEL\",\"roleAndUser\":\"ADD,EDIT,DEL\",\"doc\":\"ADD,EDIT,EXP,DEL\",\"demand\":\"ADD,EDIT,EXP,DEL\",\"test\":\"ADD,EDIT,EXP,DEL\",\"relate\":\"LINKOBJECT,DEL\",\"file\":\"ADDFILE,LINKDOC,DL,DEL\",\"dashboard\":\"PRINT,REFRESH\",\"dynamics\":\"SPREAD\",\"workflow\":\"ADD,DEL\",\"BUG\":\"ADD,EDIT,EXP,DEL\",\"ISU\":\"ADD,EDIT,EXP,DEL\"}}');
INSERT INTO sys_role(id, name, roleName, roleSign, parentId, remark, objectType, objectId, orderNum, isSystem, isValid, creatorId, createdTime, modifyId, modifyTime, dataScope, filterField, tabRight) VALUES ('d1d0af48-3d13-4996-b4e2-949f6f01fc56', 'xiangmujingli', '项目经理', NULL, '', '', 'TYPE', 'caafb8c7-8c6e-439a-b0e5-680694d785e4', '1', NULL, 'Y', 'b8ab9427-627b-469f-bfd0-4b1buser0001', '2022-08-08', 'b8ab9427-627b-469f-bfd0-4b1buser0001', '2022-08-08', 'All', '', '{\"tabs\":\"tab_Y_plan,tab_Y_milestone,tab_Y_roleAndUser,tab_Y_doc,tab_Y_demand,tab_Y_test,tab_Y_relate,tab_Y_file,tab_Y_dashboard,tab_Y_dynamics,tab_Y_workflow,tab_Y_BUG,tab_Y_ISU\",\"tabRight\":{\"plan\":\"ADDPLAN,MNGPLN,ADDTSK,EDITTSK,SETBASELINE,DELTSK\",\"milestone\":\"ADD,EDIT,PUBLISH,STOP,STARTCHANGE,DEL\",\"roleAndUser\":\"ADD,EDIT,DEL\",\"doc\":\"ADD,EDIT,EXP,DEL\",\"demand\":\"ADD,EDIT,EXP,DEL\",\"test\":\"ADD,EDIT,EXP,DEL\",\"relate\":\"LINKOBJECT,DEL\",\"file\":\"ADDFILE,LINKDOC,DL,DEL\",\"dashboard\":\"PRINT,REFRESH\",\"dynamics\":\"SPREAD\",\"workflow\":\"ADD,DEL\",\"BUG\":\"ADD,EDIT,EXP,DEL\",\"ISU\":\"ADD,EDIT,EXP,DEL\"}}');
INSERT INTO sys_role(id, name, roleName, roleSign, parentId, remark, objectType, objectId, orderNum, isSystem, isValid, creatorId, createdTime, modifyId, modifyTime, dataScope, filterField, tabRight) VALUES ('4f33c18f-115e-4ac4-8ca5-d3cd16fe7b7d', 'xiangmuzhuli', '项目助理', NULL, '', '', 'TYPE', 'caafb8c7-8c6e-439a-b0e5-680694d785e4', '2', NULL, 'Y', 'b8ab9427-627b-469f-bfd0-4b1buser0001', '2022-08-08', 'b8ab9427-627b-469f-bfd0-4b1buser0001', '2022-08-08', 'All', '', '{\"tabs\":\"tab_Y_plan,tab_Y_milestone,tab_Y_roleAndUser,tab_Y_doc,tab_Y_demand,tab_Y_test,tab_Y_relate,tab_Y_file,tab_Y_dashboard,tab_Y_dynamics,tab_Y_workflow,tab_Y_BUG,tab_Y_ISU\",\"tabRight\":{\"plan\":\"ADDPLAN,MNGPLN,ADDTSK,EDITTSK,SETBASELINE,DELTSK\",\"milestone\":\"ADD,EDIT,PUBLISH,STOP,STARTCHANGE,DEL\",\"roleAndUser\":\"ADD,EDIT,DEL\",\"doc\":\"ADD,EDIT,EXP,DEL\",\"demand\":\"ADD,EDIT,EXP,DEL\",\"test\":\"ADD,EDIT,EXP,DEL\",\"relate\":\"LINKOBJECT,DEL\",\"file\":\"ADDFILE,LINKDOC,DL,DEL\",\"dashboard\":\"PRINT,REFRESH\",\"dynamics\":\"SPREAD\",\"workflow\":\"ADD,DEL\",\"BUG\":\"ADD,EDIT,EXP,DEL\",\"ISU\":\"ADD,EDIT,EXP,DEL\"}}');
INSERT INTO sys_role(id, name, roleName, roleSign, parentId, remark, objectType, objectId, orderNum, isSystem, isValid, creatorId, createdTime, modifyId, modifyTime, dataScope, filterField, tabRight) VALUES ('326fb26d-624a-4116-ab0f-2775232ddf50', 'xiangmujingli', '项目经理', NULL, '', '', 'TYPE', 'd19f18a0-5612-4d4c-92db-e896b00cc799', '1', NULL, 'Y', 'b8ab9427-627b-469f-bfd0-4b1buser0001', '2022-08-08', 'b8ab9427-627b-469f-bfd0-4b1buser0001', '2022-08-08', 'All', '', '{\"tabs\":\"tab_Y_plan,tab_Y_milestone,tab_Y_roleAndUser,tab_Y_doc,tab_Y_demand,tab_Y_test,tab_Y_relate,tab_Y_file,tab_Y_dashboard,tab_Y_dynamics,tab_Y_workflow,tab_Y_BUG,tab_Y_ISU\",\"tabRight\":{\"plan\":\"ADDPLAN,MNGPLN,ADDTSK,EDITTSK,SETBASELINE,DELTSK\",\"milestone\":\"ADD,EDIT,PUBLISH,STOP,STARTCHANGE,DEL\",\"roleAndUser\":\"ADD,EDIT,DEL\",\"doc\":\"ADD,EDIT,EXP,DEL\",\"demand\":\"ADD,EDIT,EXP,DEL\",\"test\":\"ADD,EDIT,EXP,DEL\",\"relate\":\"LINKOBJECT,DEL\",\"file\":\"ADDFILE,LINKDOC,DL,DEL\",\"dashboard\":\"PRINT,REFRESH\",\"dynamics\":\"SPREAD\",\"workflow\":\"ADD,DEL\",\"BUG\":\"ADD,EDIT,EXP,DEL\",\"ISU\":\"ADD,EDIT,EXP,DEL\"}}');
INSERT INTO sys_role(id, name, roleName, roleSign, parentId, remark, objectType, objectId, orderNum, isSystem, isValid, creatorId, createdTime, modifyId, modifyTime, dataScope, filterField, tabRight) VALUES ('1096fcd8-e846-4106-98ab-15a6ea909d99', 'xiangmuzhuli', '项目助理', NULL, '', '', 'TYPE', 'd19f18a0-5612-4d4c-92db-e896b00cc799', '2', NULL, 'Y', 'b8ab9427-627b-469f-bfd0-4b1buser0001', '2022-08-08', 'b8ab9427-627b-469f-bfd0-4b1buser0001', '2022-08-08', 'All', '', '{\"tabs\":\"tab_Y_plan,tab_Y_milestone,tab_Y_roleAndUser,tab_Y_doc,tab_Y_demand,tab_Y_test,tab_Y_relate,tab_Y_file,tab_Y_dashboard,tab_Y_dynamics,tab_Y_workflow,tab_Y_BUG,tab_Y_ISU\",\"tabRight\":{\"plan\":\"ADDPLAN,MNGPLN,ADDTSK,EDITTSK,SETBASELINE,DELTSK\",\"milestone\":\"ADD,EDIT,PUBLISH,STOP,STARTCHANGE,DEL\",\"roleAndUser\":\"ADD,EDIT,DEL\",\"doc\":\"ADD,EDIT,EXP,DEL\",\"demand\":\"ADD,EDIT,EXP,DEL\",\"test\":\"ADD,EDIT,EXP,DEL\",\"relate\":\"LINKOBJECT,DEL\",\"file\":\"ADDFILE,LINKDOC,DL,DEL\",\"dashboard\":\"PRINT,REFRESH\",\"dynamics\":\"SPREAD\",\"workflow\":\"ADD,DEL\",\"BUG\":\"ADD,EDIT,EXP,DEL\",\"ISU\":\"ADD,EDIT,EXP,DEL\"}}');

INSERT INTO en_plan(id, name, parentId, isTemplate, objectId, objectType, status, planStartDate, planEndDate, realStartDate, realEndDate, copRate, devRate, ownerId, actorId, isCurPlan, remark, lampSign, orderNum, isValid, creatorId, createdTime, modifyId, modifyTime) VALUES ('daa4007f-1226-4aae-9de9-8bd69d2134c2', '通讯行业计划模板', NULL, 'Y', '', '', '1', '2024-09-11 00:00:00', '2024-12-16 00:00:00', NULL, NULL, NULL, NULL, NULL, NULL, NULL, '', NULL, '1', 'Y', 'b8ab9427-627b-469f-bfd0-4b1buser0001', '2022-08-08', 'b8ab9427-627b-469f-bfd0-4b1buser0001', '2022-08-08');
INSERT INTO en_plan(id, name, parentId, isTemplate, objectId, objectType, status, planStartDate, planEndDate, realStartDate, realEndDate, copRate, devRate, ownerId, actorId, isCurPlan, remark, lampSign, orderNum, isValid, creatorId, createdTime, modifyId, modifyTime) VALUES ('54abba8b-d079-412a-bf31-13b8bca7b706', '化工行业计划模板', NULL, 'Y', '', '', '1', '2024-09-09 00:00:00', '2024-10-23 00:00:00', NULL, NULL, NULL, NULL, NULL, NULL, NULL, '', NULL, '5', 'Y', 'b8ab9427-627b-469f-bfd0-4b1buser0001', '2022-08-08', 'b8ab9427-627b-469f-bfd0-4b1buser0001', '2022-08-08');
INSERT INTO en_plan(id, name, parentId, isTemplate, objectId, objectType, status, planStartDate, planEndDate, realStartDate, realEndDate, copRate, devRate, ownerId, actorId, isCurPlan, remark, lampSign, orderNum, isValid, creatorId, createdTime, modifyId, modifyTime) VALUES ('f2665bba-fbc6-4ef6-b6d4-61a257f0461b', '软件行业计划模板', NULL, 'Y', '', '', '1', '2024-07-23 00:00:00', '2025-03-05 00:00:00', NULL, NULL, NULL, NULL, NULL, NULL, NULL, '', NULL, '12', 'Y', 'b8ab9427-627b-469f-bfd0-4b1buser0001', '2022-08-08', 'b8ab9427-627b-469f-bfd0-4b1buser0001', '2022-08-08');

INSERT INTO en_tsk(id, name, projectId, deptId, planId, nodeId, typeId, levelId, planStartDate, planEndDate, realStartDate, realEndDate, planWorkload, realWorkload, confirmWorkload, planDuration, realDuration, copRate, devRate, statusId, ownerId, actorId, publisherId, publishDate, auditorId, keyEvent, acceptCriteria, remark, selfEvalId, lastEvalId, preTaskId, milestoneId, parentId, isNode, isShare, isTemplate, changeNum, orderNum, isValid, creatorId, createdTime, modifyId, modifyTime, taskType, baselineData) VALUES ('93824182-f5e6-464c-85d6-66bb21b0088b', '阶段A', NULL, NULL, '54abba8b-d079-412a-bf31-13b8bca7b706', NULL, NULL, NULL, '2024-09-09 00:00:00', '2024-09-23 00:00:00', NULL, NULL, '0', NULL, NULL, '0', NULL, NULL, NULL, '07698511-fa9f-47e2-9f4c-5fbstatus001', NULL, NULL, NULL, NULL, NULL, NULL, NULL, '小批量试产及支持', NULL, NULL, NULL, NULL, NULL, 'Y', NULL, 'Y', NULL, '1', 'Y', 'b8ab9427-627b-469f-bfd0-4b1buser0001', '2022-08-08', 'b8ab9427-627b-469f-bfd0-4b1buser0001', '2022-08-08', 'PT', NULL);
INSERT INTO en_tsk(id, name, projectId, deptId, planId, nodeId, typeId, levelId, planStartDate, planEndDate, realStartDate, realEndDate, planWorkload, realWorkload, confirmWorkload, planDuration, realDuration, copRate, devRate, statusId, ownerId, actorId, publisherId, publishDate, auditorId, keyEvent, acceptCriteria, remark, selfEvalId, lastEvalId, preTaskId, milestoneId, parentId, isNode, isShare, isTemplate, changeNum, orderNum, isValid, creatorId, createdTime, modifyId, modifyTime, taskType, baselineData) VALUES ('b0e8d977-900f-4785-aeda-131f5126c2f5', '准备转产所需资料', NULL, NULL, '54abba8b-d079-412a-bf31-13b8bca7b706', NULL, NULL, NULL, '2024-09-09 00:00:00', '2024-09-11 00:00:00', NULL, NULL, '0', NULL, NULL, '0', NULL, NULL, NULL, '07698511-fa9f-47e2-9f4c-5fbstatus001', NULL, NULL, NULL, NULL, NULL, NULL, NULL, '转产前的文档清单', NULL, NULL, NULL, NULL, '93824182-f5e6-464c-85d6-66bb21b0088b', 'N', NULL, 'Y', NULL, '6', 'Y', 'b8ab9427-627b-469f-bfd0-4b1buser0001', '2022-08-08', 'b8ab9427-627b-469f-bfd0-4b1buser0001', '2022-08-08', 'PT', NULL);
INSERT INTO en_tsk(id, name, projectId, deptId, planId, nodeId, typeId, levelId, planStartDate, planEndDate, realStartDate, realEndDate, planWorkload, realWorkload, confirmWorkload, planDuration, realDuration, copRate, devRate, statusId, ownerId, actorId, publisherId, publishDate, auditorId, keyEvent, acceptCriteria, remark, selfEvalId, lastEvalId, preTaskId, milestoneId, parentId, isNode, isShare, isTemplate, changeNum, orderNum, isValid, creatorId, createdTime, modifyId, modifyTime, taskType, baselineData) VALUES ('4ab8c077-3451-4611-acc3-69bddf67f548', '阶段B', NULL, NULL, '54abba8b-d079-412a-bf31-13b8bca7b706', NULL, NULL, NULL, '2024-09-24 00:00:00', '2024-10-03 00:00:00', NULL, NULL, '0', NULL, NULL, '0', NULL, NULL, NULL, '07698511-fa9f-47e2-9f4c-5fbstatus001', NULL, NULL, NULL, NULL, NULL, NULL, NULL, '转产评审及向制造发布', NULL, NULL, NULL, NULL, NULL, 'Y', NULL, 'Y', NULL, '7', 'Y', 'b8ab9427-627b-469f-bfd0-4b1buser0001', '2022-08-08', 'b8ab9427-627b-469f-bfd0-4b1buser0001', '2022-08-08', 'PT', NULL);
INSERT INTO en_tsk(id, name, projectId, deptId, planId, nodeId, typeId, levelId, planStartDate, planEndDate, realStartDate, realEndDate, planWorkload, realWorkload, confirmWorkload, planDuration, realDuration, copRate, devRate, statusId, ownerId, actorId, publisherId, publishDate, auditorId, keyEvent, acceptCriteria, remark, selfEvalId, lastEvalId, preTaskId, milestoneId, parentId, isNode, isShare, isTemplate, changeNum, orderNum, isValid, creatorId, createdTime, modifyId, modifyTime, taskType, baselineData) VALUES ('86c1d206-41d6-4d7b-9dd0-e141ca048ed1', '评估目标成本达成情况', NULL, NULL, '54abba8b-d079-412a-bf31-13b8bca7b706', NULL, NULL, NULL, '2024-09-24 00:00:00', '2024-09-28 00:00:00', NULL, NULL, '0', NULL, NULL, '0', NULL, NULL, NULL, '07698511-fa9f-47e2-9f4c-5fbstatus001', NULL, NULL, NULL, NULL, NULL, NULL, NULL, '财务组织项目相关责任人对目标成本达成情况做反省', NULL, NULL, NULL, NULL, '4ab8c077-3451-4611-acc3-69bddf67f548', 'N', NULL, 'Y', NULL, '8', 'Y', 'b8ab9427-627b-469f-bfd0-4b1buser0001', '2022-08-08', 'b8ab9427-627b-469f-bfd0-4b1buser0001', '2022-08-08', 'PT', NULL);
INSERT INTO en_tsk(id, name, projectId, deptId, planId, nodeId, typeId, levelId, planStartDate, planEndDate, realStartDate, realEndDate, planWorkload, realWorkload, confirmWorkload, planDuration, realDuration, copRate, devRate, statusId, ownerId, actorId, publisherId, publishDate, auditorId, keyEvent, acceptCriteria, remark, selfEvalId, lastEvalId, preTaskId, milestoneId, parentId, isNode, isShare, isTemplate, changeNum, orderNum, isValid, creatorId, createdTime, modifyId, modifyTime, taskType, baselineData) VALUES ('c1ed8713-86d8-4f89-8544-e436556f5cba', '继续小批量试产与验证', NULL, NULL, '54abba8b-d079-412a-bf31-13b8bca7b706', NULL, NULL, NULL, '2024-09-12 00:00:00', '2024-09-14 00:00:00', NULL, NULL, '0', NULL, NULL, '0', NULL, NULL, NULL, '07698511-fa9f-47e2-9f4c-5fbstatus001', NULL, NULL, NULL, NULL, NULL, NULL, NULL, '持续的试产与制造验证', NULL, NULL, NULL, NULL, '93824182-f5e6-464c-85d6-66bb21b0088b', 'N', NULL, 'Y', NULL, '8', 'Y', 'b8ab9427-627b-469f-bfd0-4b1buser0001', '2022-08-08', 'b8ab9427-627b-469f-bfd0-4b1buser0001', '2022-08-08', 'PT', NULL);
INSERT INTO en_tsk(id, name, projectId, deptId, planId, nodeId, typeId, levelId, planStartDate, planEndDate, realStartDate, realEndDate, planWorkload, realWorkload, confirmWorkload, planDuration, realDuration, copRate, devRate, statusId, ownerId, actorId, publisherId, publishDate, auditorId, keyEvent, acceptCriteria, remark, selfEvalId, lastEvalId, preTaskId, milestoneId, parentId, isNode, isShare, isTemplate, changeNum, orderNum, isValid, creatorId, createdTime, modifyId, modifyTime, taskType, baselineData) VALUES ('f394a3c1-e58c-4cf7-bfce-a2a0f41c577b', '转产评审', NULL, NULL, '54abba8b-d079-412a-bf31-13b8bca7b706', NULL, NULL, NULL, '2024-09-30 00:00:00', '2024-10-03 00:00:00', NULL, NULL, '0', NULL, NULL, '0', NULL, NULL, NULL, '07698511-fa9f-47e2-9f4c-5fbstatus001', NULL, NULL, NULL, NULL, NULL, NULL, NULL, '量产前对产品各方面的准备情况的综合评审。', NULL, NULL, NULL, NULL, '4ab8c077-3451-4611-acc3-69bddf67f548', 'N', NULL, 'Y', NULL, '9', 'Y', 'b8ab9427-627b-469f-bfd0-4b1buser0001', '2022-08-08', 'b8ab9427-627b-469f-bfd0-4b1buser0001', '2022-08-08', 'PT', NULL);
INSERT INTO en_tsk(id, name, projectId, deptId, planId, nodeId, typeId, levelId, planStartDate, planEndDate, realStartDate, realEndDate, planWorkload, realWorkload, confirmWorkload, planDuration, realDuration, copRate, devRate, statusId, ownerId, actorId, publisherId, publishDate, auditorId, keyEvent, acceptCriteria, remark, selfEvalId, lastEvalId, preTaskId, milestoneId, parentId, isNode, isShare, isTemplate, changeNum, orderNum, isValid, creatorId, createdTime, modifyId, modifyTime, taskType, baselineData) VALUES ('fdfe1e1c-38fa-4fe6-a20e-fc64bc775278', '持续客户服务和问题反馈', NULL, NULL, '54abba8b-d079-412a-bf31-13b8bca7b706', NULL, NULL, NULL, '2024-09-10 00:00:00', '2024-09-19 00:00:00', NULL, NULL, '0', NULL, NULL, '0', NULL, NULL, NULL, '07698511-fa9f-47e2-9f4c-5fbstatus001', NULL, NULL, NULL, NULL, NULL, NULL, NULL, '客户问题的支持', NULL, NULL, NULL, NULL, '93824182-f5e6-464c-85d6-66bb21b0088b', 'N', NULL, 'Y', NULL, '9', 'Y', 'b8ab9427-627b-469f-bfd0-4b1buser0001', '2022-08-08', 'b8ab9427-627b-469f-bfd0-4b1buser0001', '2022-08-08', 'PT', NULL);
INSERT INTO en_tsk(id, name, projectId, deptId, planId, nodeId, typeId, levelId, planStartDate, planEndDate, realStartDate, realEndDate, planWorkload, realWorkload, confirmWorkload, planDuration, realDuration, copRate, devRate, statusId, ownerId, actorId, publisherId, publishDate, auditorId, keyEvent, acceptCriteria, remark, selfEvalId, lastEvalId, preTaskId, milestoneId, parentId, isNode, isShare, isTemplate, changeNum, orderNum, isValid, creatorId, createdTime, modifyId, modifyTime, taskType, baselineData) VALUES ('0be827b0-6855-4489-b19c-d0fc548581cb', '阶段C', NULL, NULL, '54abba8b-d079-412a-bf31-13b8bca7b706', NULL, NULL, NULL, '2024-10-04 00:00:00', '2024-10-08 00:00:00', NULL, NULL, '0', NULL, NULL, '0', NULL, NULL, NULL, '07698511-fa9f-47e2-9f4c-5fbstatus001', NULL, NULL, NULL, NULL, NULL, NULL, NULL, NULL, NULL, NULL, NULL, NULL, NULL, 'Y', NULL, 'Y', NULL, '10', 'Y', 'b8ab9427-627b-469f-bfd0-4b1buser0001', '2022-08-08', 'b8ab9427-627b-469f-bfd0-4b1buser0001', '2022-08-08', 'PT', NULL);
INSERT INTO en_tsk(id, name, projectId, deptId, planId, nodeId, typeId, levelId, planStartDate, planEndDate, realStartDate, realEndDate, planWorkload, realWorkload, confirmWorkload, planDuration, realDuration, copRate, devRate, statusId, ownerId, actorId, publisherId, publishDate, auditorId, keyEvent, acceptCriteria, remark, selfEvalId, lastEvalId, preTaskId, milestoneId, parentId, isNode, isShare, isTemplate, changeNum, orderNum, isValid, creatorId, createdTime, modifyId, modifyTime, taskType, baselineData) VALUES ('03f5883f-7ecf-4fe3-bf8c-fca59f890cce', '发布量产BOM', NULL, NULL, '54abba8b-d079-412a-bf31-13b8bca7b706', NULL, NULL, NULL, '2024-10-04 00:00:00', '2024-10-08 00:00:00', NULL, NULL, '0', NULL, NULL, '0', NULL, NULL, NULL, '07698511-fa9f-47e2-9f4c-5fbstatus001', NULL, NULL, NULL, NULL, NULL, NULL, NULL, '量产BOM的发布，要求准确率100%', NULL, NULL, NULL, NULL, '0be827b0-6855-4489-b19c-d0fc548581cb', 'N', NULL, 'Y', NULL, '11', 'Y', 'b8ab9427-627b-469f-bfd0-4b1buser0001', '2022-08-08', 'b8ab9427-627b-469f-bfd0-4b1buser0001', '2022-08-08', 'PT', NULL);
INSERT INTO en_tsk(id, name, projectId, deptId, planId, nodeId, typeId, levelId, planStartDate, planEndDate, realStartDate, realEndDate, planWorkload, realWorkload, confirmWorkload, planDuration, realDuration, copRate, devRate, statusId, ownerId, actorId, publisherId, publishDate, auditorId, keyEvent, acceptCriteria, remark, selfEvalId, lastEvalId, preTaskId, milestoneId, parentId, isNode, isShare, isTemplate, changeNum, orderNum, isValid, creatorId, createdTime, modifyId, modifyTime, taskType, baselineData) VALUES ('3a9d0cab-da87-4184-a8c7-267955eb8cef', '阶段D', NULL, NULL, '54abba8b-d079-412a-bf31-13b8bca7b706', NULL, NULL, NULL, '2024-10-09 00:00:00', '2024-10-11 00:00:00', NULL, NULL, '0', NULL, NULL, '0', NULL, NULL, NULL, '07698511-fa9f-47e2-9f4c-5fbstatus001', NULL, NULL, NULL, NULL, NULL, NULL, NULL, NULL, NULL, NULL, NULL, NULL, NULL, 'Y', NULL, 'Y', NULL, '12', 'Y', 'b8ab9427-627b-469f-bfd0-4b1buser0001', '2022-08-08', 'b8ab9427-627b-469f-bfd0-4b1buser0001', '2022-08-08', 'PT', NULL);
INSERT INTO en_tsk(id, name, projectId, deptId, planId, nodeId, typeId, levelId, planStartDate, planEndDate, realStartDate, realEndDate, planWorkload, realWorkload, confirmWorkload, planDuration, realDuration, copRate, devRate, statusId, ownerId, actorId, publisherId, publishDate, auditorId, keyEvent, acceptCriteria, remark, selfEvalId, lastEvalId, preTaskId, milestoneId, parentId, isNode, isShare, isTemplate, changeNum, orderNum, isValid, creatorId, createdTime, modifyId, modifyTime, taskType, baselineData) VALUES ('c224831d-4f71-4068-a7d9-06935941f00b', '开发产品宣传资料', NULL, NULL, '54abba8b-d079-412a-bf31-13b8bca7b706', NULL, NULL, NULL, '2024-10-09 00:00:00', '2024-10-11 00:00:00', NULL, NULL, '0', NULL, NULL, '0', NULL, NULL, NULL, '07698511-fa9f-47e2-9f4c-5fbstatus001', NULL, NULL, NULL, NULL, NULL, NULL, NULL, '开发产品宣传资料', NULL, NULL, NULL, NULL, '3a9d0cab-da87-4184-a8c7-267955eb8cef', 'N', NULL, 'Y', NULL, '13', 'Y', 'b8ab9427-627b-469f-bfd0-4b1buser0001', '2022-08-08', 'b8ab9427-627b-469f-bfd0-4b1buser0001', '2022-08-08', 'PT', NULL);
INSERT INTO en_tsk(id, name, projectId, deptId, planId, nodeId, typeId, levelId, planStartDate, planEndDate, realStartDate, realEndDate, planWorkload, realWorkload, confirmWorkload, planDuration, realDuration, copRate, devRate, statusId, ownerId, actorId, publisherId, publishDate, auditorId, keyEvent, acceptCriteria, remark, selfEvalId, lastEvalId, preTaskId, milestoneId, parentId, isNode, isShare, isTemplate, changeNum, orderNum, isValid, creatorId, createdTime, modifyId, modifyTime, taskType, baselineData) VALUES ('5493e259-a2ea-4fa0-9b86-491b4801d7b8', '项目管理', NULL, NULL, '54abba8b-d079-412a-bf31-13b8bca7b706', NULL, NULL, NULL, '2024-10-12 00:00:00', '2024-10-17 00:00:00', NULL, NULL, '0', NULL, NULL, '0', NULL, NULL, NULL, '07698511-fa9f-47e2-9f4c-5fbstatus001', NULL, NULL, NULL, NULL, NULL, NULL, NULL, '量产决策', NULL, NULL, NULL, NULL, NULL, 'Y', NULL, 'Y', NULL, '14', 'Y', 'b8ab9427-627b-469f-bfd0-4b1buser0001', '2022-08-08', 'b8ab9427-627b-469f-bfd0-4b1buser0001', '2022-08-08', 'PT', NULL);
INSERT INTO en_tsk(id, name, projectId, deptId, planId, nodeId, typeId, levelId, planStartDate, planEndDate, realStartDate, realEndDate, planWorkload, realWorkload, confirmWorkload, planDuration, realDuration, copRate, devRate, statusId, ownerId, actorId, publisherId, publishDate, auditorId, keyEvent, acceptCriteria, remark, selfEvalId, lastEvalId, preTaskId, milestoneId, parentId, isNode, isShare, isTemplate, changeNum, orderNum, isValid, creatorId, createdTime, modifyId, modifyTime, taskType, baselineData) VALUES ('26936948-ca5c-468c-aa50-8911126c3056', '准备量产决策报告', NULL, NULL, '54abba8b-d079-412a-bf31-13b8bca7b706', NULL, NULL, NULL, '2024-10-12 00:00:00', '2024-10-14 00:00:00', NULL, NULL, '0', NULL, NULL, '0', NULL, NULL, NULL, '07698511-fa9f-47e2-9f4c-5fbstatus001', NULL, NULL, NULL, NULL, NULL, NULL, NULL, '项目经理组织相关人员进行量产情况汇总和分析，提交产品决策委员会做决策信息支撑。', NULL, NULL, NULL, NULL, '5493e259-a2ea-4fa0-9b86-491b4801d7b8', 'N', NULL, 'Y', NULL, '15', 'Y', 'b8ab9427-627b-469f-bfd0-4b1buser0001', '2022-08-08', 'b8ab9427-627b-469f-bfd0-4b1buser0001', '2022-08-08', 'PT', NULL);
INSERT INTO en_tsk(id, name, projectId, deptId, planId, nodeId, typeId, levelId, planStartDate, planEndDate, realStartDate, realEndDate, planWorkload, realWorkload, confirmWorkload, planDuration, realDuration, copRate, devRate, statusId, ownerId, actorId, publisherId, publishDate, auditorId, keyEvent, acceptCriteria, remark, selfEvalId, lastEvalId, preTaskId, milestoneId, parentId, isNode, isShare, isTemplate, changeNum, orderNum, isValid, creatorId, createdTime, modifyId, modifyTime, taskType, baselineData) VALUES ('e0bc16ce-edc3-476b-8c5d-014e67665344', '量产决策', NULL, NULL, '54abba8b-d079-412a-bf31-13b8bca7b706', NULL, NULL, NULL, '2024-10-15 00:00:00', '2024-10-17 00:00:00', NULL, NULL, '0', NULL, NULL, '0', NULL, NULL, NULL, '07698511-fa9f-47e2-9f4c-5fbstatus001', NULL, NULL, NULL, NULL, NULL, NULL, NULL, '产品决策委员会对产品是否量产决策，见决策要素', NULL, NULL, NULL, NULL, '5493e259-a2ea-4fa0-9b86-491b4801d7b8', 'N', NULL, 'Y', NULL, '16', 'Y', 'b8ab9427-627b-469f-bfd0-4b1buser0001', '2022-08-08', 'b8ab9427-627b-469f-bfd0-4b1buser0001', '2022-08-08', 'PT', NULL);
INSERT INTO en_tsk(id, name, projectId, deptId, planId, nodeId, typeId, levelId, planStartDate, planEndDate, realStartDate, realEndDate, planWorkload, realWorkload, confirmWorkload, planDuration, realDuration, copRate, devRate, statusId, ownerId, actorId, publisherId, publishDate, auditorId, keyEvent, acceptCriteria, remark, selfEvalId, lastEvalId, preTaskId, milestoneId, parentId, isNode, isShare, isTemplate, changeNum, orderNum, isValid, creatorId, createdTime, modifyId, modifyTime, taskType, baselineData) VALUES ('9e9c453d-1170-4706-ba4b-f41869765bcb', '支撑管理', NULL, NULL, '54abba8b-d079-412a-bf31-13b8bca7b706', NULL, NULL, NULL, '2024-10-18 00:00:00', '2024-10-23 00:00:00', NULL, NULL, '0', NULL, NULL, '0', NULL, NULL, NULL, '07698511-fa9f-47e2-9f4c-5fbstatus001', NULL, NULL, NULL, NULL, NULL, NULL, NULL, '本阶段经验教训总结', NULL, NULL, NULL, NULL, NULL, 'Y', NULL, 'Y', NULL, '17', 'Y', 'b8ab9427-627b-469f-bfd0-4b1buser0001', '2022-08-08', 'b8ab9427-627b-469f-bfd0-4b1buser0001', '2022-08-08', 'PT', NULL);
INSERT INTO en_tsk(id, name, projectId, deptId, planId, nodeId, typeId, levelId, planStartDate, planEndDate, realStartDate, realEndDate, planWorkload, realWorkload, confirmWorkload, planDuration, realDuration, copRate, devRate, statusId, ownerId, actorId, publisherId, publishDate, auditorId, keyEvent, acceptCriteria, remark, selfEvalId, lastEvalId, preTaskId, milestoneId, parentId, isNode, isShare, isTemplate, changeNum, orderNum, isValid, creatorId, createdTime, modifyId, modifyTime, taskType, baselineData) VALUES ('6ad31553-96ed-4353-90c5-5d8ad74022fb', '产品认证', NULL, NULL, '54abba8b-d079-412a-bf31-13b8bca7b706', NULL, NULL, NULL, '2024-09-20 00:00:00', '2024-09-23 00:00:00', NULL, NULL, '8', NULL, NULL, '1', NULL, NULL, NULL, '07698511-fa9f-47e2-9f4c-5fbstatus001', NULL, NULL, NULL, NULL, NULL, NULL, NULL, NULL, NULL, NULL, NULL, NULL, '93824182-f5e6-464c-85d6-66bb21b0088b', 'N', NULL, 'Y', NULL, '18', 'Y', 'b8ab9427-627b-469f-bfd0-4b1buser0001', '2022-08-08', 'b8ab9427-627b-469f-bfd0-4b1buser0001', '2022-08-08', 'PT', NULL);
INSERT INTO en_tsk(id, name, projectId, deptId, planId, nodeId, typeId, levelId, planStartDate, planEndDate, realStartDate, realEndDate, planWorkload, realWorkload, confirmWorkload, planDuration, realDuration, copRate, devRate, statusId, ownerId, actorId, publisherId, publishDate, auditorId, keyEvent, acceptCriteria, remark, selfEvalId, lastEvalId, preTaskId, milestoneId, parentId, isNode, isShare, isTemplate, changeNum, orderNum, isValid, creatorId, createdTime, modifyId, modifyTime, taskType, baselineData) VALUES ('f1172631-566f-46b1-98ec-c3364c8a1384', '小批量试产阶段经验教训总结', NULL, NULL, '54abba8b-d079-412a-bf31-13b8bca7b706', NULL, NULL, NULL, '2024-10-18 00:00:00', '2024-10-20 00:00:00', NULL, NULL, '0', NULL, NULL, '0', NULL, NULL, NULL, '07698511-fa9f-47e2-9f4c-5fbstatus001', NULL, NULL, NULL, NULL, NULL, NULL, NULL, '本阶段经验教训总结', NULL, NULL, NULL, NULL, '9e9c453d-1170-4706-ba4b-f41869765bcb', 'N', NULL, 'Y', NULL, '18', 'Y', 'b8ab9427-627b-469f-bfd0-4b1buser0001', '2022-08-08', 'b8ab9427-627b-469f-bfd0-4b1buser0001', '2022-08-08', 'PT', NULL);
INSERT INTO en_tsk(id, name, projectId, deptId, planId, nodeId, typeId, levelId, planStartDate, planEndDate, realStartDate, realEndDate, planWorkload, realWorkload, confirmWorkload, planDuration, realDuration, copRate, devRate, statusId, ownerId, actorId, publisherId, publishDate, auditorId, keyEvent, acceptCriteria, remark, selfEvalId, lastEvalId, preTaskId, milestoneId, parentId, isNode, isShare, isTemplate, changeNum, orderNum, isValid, creatorId, createdTime, modifyId, modifyTime, taskType, baselineData) VALUES ('23fbc416-ff4f-4cb6-9c0b-bd10b669da0d', '小批量试产阶段文档归档', NULL, NULL, '54abba8b-d079-412a-bf31-13b8bca7b706', NULL, NULL, NULL, '2024-10-21 00:00:00', '2024-10-23 00:00:00', NULL, NULL, '0', NULL, NULL, '0', NULL, NULL, NULL, '07698511-fa9f-47e2-9f4c-5fbstatus001', NULL, NULL, NULL, NULL, NULL, NULL, NULL, '本阶段文档归档', NULL, NULL, NULL, NULL, '9e9c453d-1170-4706-ba4b-f41869765bcb', 'N', NULL, 'Y', NULL, '19', 'Y', 'b8ab9427-627b-469f-bfd0-4b1buser0001', '2022-08-08', 'b8ab9427-627b-469f-bfd0-4b1buser0001', '2022-08-08', 'PT', NULL);
INSERT INTO en_tsk(id, name, projectId, deptId, planId, nodeId, typeId, levelId, planStartDate, planEndDate, realStartDate, realEndDate, planWorkload, realWorkload, confirmWorkload, planDuration, realDuration, copRate, devRate, statusId, ownerId, actorId, publisherId, publishDate, auditorId, keyEvent, acceptCriteria, remark, selfEvalId, lastEvalId, preTaskId, milestoneId, parentId, isNode, isShare, isTemplate, changeNum, orderNum, isValid, creatorId, createdTime, modifyId, modifyTime, taskType, baselineData) VALUES ('700a4916-915f-4221-9e43-b856334d45fa', '项目启动', NULL, NULL, 'daa4007f-1226-4aae-9de9-8bd69d2134c2', NULL, NULL, NULL, '2024-09-11 00:00:00', '2024-09-19 00:00:00', NULL, NULL, '0', NULL, NULL, '0', NULL, NULL, NULL, '07698511-fa9f-47e2-9f4c-5fbstatus001', NULL, NULL, NULL, NULL, NULL, NULL, NULL, '项目启动准备', NULL, NULL, NULL, NULL, NULL, 'Y', NULL, 'Y', NULL, '1', 'Y', 'b8ab9427-627b-469f-bfd0-4b1buser0001', '2022-08-08', 'b8ab9427-627b-469f-bfd0-4b1buser0001', '2022-08-08', 'PT', NULL);
INSERT INTO en_tsk(id, name, projectId, deptId, planId, nodeId, typeId, levelId, planStartDate, planEndDate, realStartDate, realEndDate, planWorkload, realWorkload, confirmWorkload, planDuration, realDuration, copRate, devRate, statusId, ownerId, actorId, publisherId, publishDate, auditorId, keyEvent, acceptCriteria, remark, selfEvalId, lastEvalId, preTaskId, milestoneId, parentId, isNode, isShare, isTemplate, changeNum, orderNum, isValid, creatorId, createdTime, modifyId, modifyTime, taskType, baselineData) VALUES ('94560bc3-a608-4bcf-9299-28abbd115da4', '下达立项任务书', NULL, NULL, 'daa4007f-1226-4aae-9de9-8bd69d2134c2', NULL, NULL, NULL, '2024-09-11 00:00:00', '2024-09-12 00:00:00', NULL, NULL, '0', NULL, NULL, '0', NULL, NULL, NULL, '07698511-fa9f-47e2-9f4c-5fbstatus001', NULL, NULL, NULL, NULL, NULL, NULL, NULL, '1、立项任务书的下达，标志着项目正式启动\n2、该任务书的责任人是产品审批委员会，但其可以授权项目管理部完成', NULL, NULL, NULL, NULL, '700a4916-915f-4221-9e43-b856334d45fa', 'N', NULL, 'Y', NULL, '4', 'Y', 'b8ab9427-627b-469f-bfd0-4b1buser0001', '2022-08-08', 'b8ab9427-627b-469f-bfd0-4b1buser0001', '2022-08-08', 'PT', NULL);
INSERT INTO en_tsk(id, name, projectId, deptId, planId, nodeId, typeId, levelId, planStartDate, planEndDate, realStartDate, realEndDate, planWorkload, realWorkload, confirmWorkload, planDuration, realDuration, copRate, devRate, statusId, ownerId, actorId, publisherId, publishDate, auditorId, keyEvent, acceptCriteria, remark, selfEvalId, lastEvalId, preTaskId, milestoneId, parentId, isNode, isShare, isTemplate, changeNum, orderNum, isValid, creatorId, createdTime, modifyId, modifyTime, taskType, baselineData) VALUES ('c2fc1df5-b0eb-4003-b544-8fbbcd1784d9', '制定项目计划', NULL, NULL, 'daa4007f-1226-4aae-9de9-8bd69d2134c2', NULL, NULL, NULL, '2024-09-20 00:00:00', '2024-10-09 00:00:00', NULL, NULL, '0', NULL, NULL, '0', NULL, NULL, NULL, '07698511-fa9f-47e2-9f4c-5fbstatus001', NULL, NULL, NULL, NULL, NULL, NULL, NULL, '制定本阶段项目详细计划', NULL, NULL, NULL, NULL, NULL, 'Y', NULL, 'Y', NULL, '8', 'Y', 'b8ab9427-627b-469f-bfd0-4b1buser0001', '2022-08-08', 'b8ab9427-627b-469f-bfd0-4b1buser0001', '2022-08-08', 'PT', NULL);
INSERT INTO en_tsk(id, name, projectId, deptId, planId, nodeId, typeId, levelId, planStartDate, planEndDate, realStartDate, realEndDate, planWorkload, realWorkload, confirmWorkload, planDuration, realDuration, copRate, devRate, statusId, ownerId, actorId, publisherId, publishDate, auditorId, keyEvent, acceptCriteria, remark, selfEvalId, lastEvalId, preTaskId, milestoneId, parentId, isNode, isShare, isTemplate, changeNum, orderNum, isValid, creatorId, createdTime, modifyId, modifyTime, taskType, baselineData) VALUES ('119754f1-6b7e-450d-bd3b-823697ea1460', '制定项目里程碑计划', NULL, NULL, 'daa4007f-1226-4aae-9de9-8bd69d2134c2', NULL, NULL, NULL, '2024-09-20 00:00:00', '2024-09-27 00:00:00', NULL, NULL, '0', NULL, NULL, '0', NULL, NULL, NULL, '07698511-fa9f-47e2-9f4c-5fbstatus001', NULL, NULL, NULL, NULL, NULL, NULL, NULL, '明确里程碑计划点', NULL, NULL, NULL, NULL, 'c2fc1df5-b0eb-4003-b544-8fbbcd1784d9', 'N', NULL, 'Y', NULL, '9', 'Y', 'b8ab9427-627b-469f-bfd0-4b1buser0001', '2022-08-08', 'b8ab9427-627b-469f-bfd0-4b1buser0001', '2022-08-08', 'PT', NULL);
INSERT INTO en_tsk(id, name, projectId, deptId, planId, nodeId, typeId, levelId, planStartDate, planEndDate, realStartDate, realEndDate, planWorkload, realWorkload, confirmWorkload, planDuration, realDuration, copRate, devRate, statusId, ownerId, actorId, publisherId, publishDate, auditorId, keyEvent, acceptCriteria, remark, selfEvalId, lastEvalId, preTaskId, milestoneId, parentId, isNode, isShare, isTemplate, changeNum, orderNum, isValid, creatorId, createdTime, modifyId, modifyTime, taskType, baselineData) VALUES ('567bf83a-db9b-4eb4-92c9-d6ddab0a238d', '制定立项阶段详细计划', NULL, NULL, 'daa4007f-1226-4aae-9de9-8bd69d2134c2', NULL, NULL, NULL, '2024-09-20 00:00:00', '2024-10-09 00:00:00', NULL, NULL, '0', NULL, NULL, '0', NULL, NULL, NULL, '07698511-fa9f-47e2-9f4c-5fbstatus001', NULL, NULL, NULL, NULL, NULL, NULL, NULL, '根据立项阶段详细计划模板,由项目经理协同各专员共同制定计划', NULL, NULL, NULL, NULL, 'c2fc1df5-b0eb-4003-b544-8fbbcd1784d9', 'N', NULL, 'Y', NULL, '10', 'Y', 'b8ab9427-627b-469f-bfd0-4b1buser0001', '2022-08-08', 'b8ab9427-627b-469f-bfd0-4b1buser0001', '2022-08-08', 'PT', NULL);
INSERT INTO en_tsk(id, name, projectId, deptId, planId, nodeId, typeId, levelId, planStartDate, planEndDate, realStartDate, realEndDate, planWorkload, realWorkload, confirmWorkload, planDuration, realDuration, copRate, devRate, statusId, ownerId, actorId, publisherId, publishDate, auditorId, keyEvent, acceptCriteria, remark, selfEvalId, lastEvalId, preTaskId, milestoneId, parentId, isNode, isShare, isTemplate, changeNum, orderNum, isValid, creatorId, createdTime, modifyId, modifyTime, taskType, baselineData) VALUES ('635311c7-1996-450d-8139-77ac13354691', '产品需求与技术可行性分析', NULL, NULL, 'daa4007f-1226-4aae-9de9-8bd69d2134c2', NULL, NULL, NULL, '2024-10-10 00:00:00', '2024-12-03 00:00:00', NULL, NULL, '0', NULL, NULL, '0', NULL, NULL, NULL, '07698511-fa9f-47e2-9f4c-5fbstatus001', NULL, NULL, NULL, NULL, NULL, NULL, NULL, '项目外部、内部需求及技术可行性分析', NULL, NULL, NULL, NULL, NULL, 'Y', NULL, 'Y', NULL, '11', 'Y', 'b8ab9427-627b-469f-bfd0-4b1buser0001', '2022-08-08', 'b8ab9427-627b-469f-bfd0-4b1buser0001', '2022-08-08', 'PT', NULL);
INSERT INTO en_tsk(id, name, projectId, deptId, planId, nodeId, typeId, levelId, planStartDate, planEndDate, realStartDate, realEndDate, planWorkload, realWorkload, confirmWorkload, planDuration, realDuration, copRate, devRate, statusId, ownerId, actorId, publisherId, publishDate, auditorId, keyEvent, acceptCriteria, remark, selfEvalId, lastEvalId, preTaskId, milestoneId, parentId, isNode, isShare, isTemplate, changeNum, orderNum, isValid, creatorId, createdTime, modifyId, modifyTime, taskType, baselineData) VALUES ('b1e4c4d1-71ce-41ac-b139-4f249250246b', '召开项目开工会', NULL, NULL, 'daa4007f-1226-4aae-9de9-8bd69d2134c2', NULL, NULL, NULL, '2024-09-13 00:00:00', '2024-09-19 00:00:00', NULL, NULL, '0', NULL, NULL, '0', NULL, NULL, NULL, '07698511-fa9f-47e2-9f4c-5fbstatus001', NULL, NULL, NULL, NULL, NULL, NULL, NULL, '按照开工会会议议程召开开工会：\n1、项目组任命\n2、介绍项目目标\n3、前期工作回顾\n4、本阶段流程和交付简要介绍\n5、介绍团队成员的角色和职责\n6、明确本阶段项目计划、考评和汇报关系、日常沟通方式\n7、领导动员', NULL, NULL, NULL, NULL, '700a4916-915f-4221-9e43-b856334d45fa', 'N', NULL, 'Y', NULL, '11', 'Y', 'b8ab9427-627b-469f-bfd0-4b1buser0001', '2022-08-08', 'b8ab9427-627b-469f-bfd0-4b1buser0001', '2022-08-08', 'PT', NULL);
INSERT INTO en_tsk(id, name, projectId, deptId, planId, nodeId, typeId, levelId, planStartDate, planEndDate, realStartDate, realEndDate, planWorkload, realWorkload, confirmWorkload, planDuration, realDuration, copRate, devRate, statusId, ownerId, actorId, publisherId, publishDate, auditorId, keyEvent, acceptCriteria, remark, selfEvalId, lastEvalId, preTaskId, milestoneId, parentId, isNode, isShare, isTemplate, changeNum, orderNum, isValid, creatorId, createdTime, modifyId, modifyTime, taskType, baselineData) VALUES ('affa952d-d55b-47dd-a6c7-8f99ce1fab0d', '整合产品需求', NULL, NULL, 'daa4007f-1226-4aae-9de9-8bd69d2134c2', NULL, NULL, NULL, '2024-10-10 00:00:00', '2024-11-14 00:00:00', NULL, NULL, '0', NULL, NULL, '0', NULL, NULL, NULL, '07698511-fa9f-47e2-9f4c-5fbstatus001', NULL, NULL, NULL, NULL, NULL, NULL, NULL, NULL, NULL, NULL, NULL, NULL, '635311c7-1996-450d-8139-77ac13354691', 'Y', NULL, 'Y', NULL, '12', 'Y', 'b8ab9427-627b-469f-bfd0-4b1buser0001', '2022-08-08', 'b8ab9427-627b-469f-bfd0-4b1buser0001', '2022-08-08', 'PT', NULL);
INSERT INTO en_tsk(id, name, projectId, deptId, planId, nodeId, typeId, levelId, planStartDate, planEndDate, realStartDate, realEndDate, planWorkload, realWorkload, confirmWorkload, planDuration, realDuration, copRate, devRate, statusId, ownerId, actorId, publisherId, publishDate, auditorId, keyEvent, acceptCriteria, remark, selfEvalId, lastEvalId, preTaskId, milestoneId, parentId, isNode, isShare, isTemplate, changeNum, orderNum, isValid, creatorId, createdTime, modifyId, modifyTime, taskType, baselineData) VALUES ('2da85b39-7900-4701-8d5a-81c3d95d34a5', '汇总整理市场需求', NULL, NULL, 'daa4007f-1226-4aae-9de9-8bd69d2134c2', NULL, NULL, NULL, '2024-10-10 00:00:00', '2024-11-14 00:00:00', NULL, NULL, '0', NULL, NULL, '0', NULL, NULL, NULL, '07698511-fa9f-47e2-9f4c-5fbstatus001', NULL, NULL, NULL, NULL, NULL, NULL, NULL, '1、需求评审会由质量专员主持，系统工程师拍板\n2、会议前至少提前三个工作日发出会议通知，会前由质量专员将各评审专家的反馈意见汇总\n3、按照评审流程开会，并进行会后的问题跟踪与确认', NULL, NULL, NULL, NULL, 'affa952d-d55b-47dd-a6c7-8f99ce1fab0d', 'N', NULL, 'Y', NULL, '13', 'Y', 'b8ab9427-627b-469f-bfd0-4b1buser0001', '2022-08-08', 'b8ab9427-627b-469f-bfd0-4b1buser0001', '2022-08-08', 'PT', NULL);
INSERT INTO en_tsk(id, name, projectId, deptId, planId, nodeId, typeId, levelId, planStartDate, planEndDate, realStartDate, realEndDate, planWorkload, realWorkload, confirmWorkload, planDuration, realDuration, copRate, devRate, statusId, ownerId, actorId, publisherId, publishDate, auditorId, keyEvent, acceptCriteria, remark, selfEvalId, lastEvalId, preTaskId, milestoneId, parentId, isNode, isShare, isTemplate, changeNum, orderNum, isValid, creatorId, createdTime, modifyId, modifyTime, taskType, baselineData) VALUES ('4c428392-9e7d-4f93-9bbd-554626868a2f', '提出可测试性需求', NULL, NULL, 'daa4007f-1226-4aae-9de9-8bd69d2134c2', NULL, NULL, NULL, '2024-10-10 00:00:00', '2024-11-14 00:00:00', NULL, NULL, '0', NULL, NULL, '0', NULL, NULL, NULL, '07698511-fa9f-47e2-9f4c-5fbstatus001', NULL, NULL, NULL, NULL, NULL, NULL, NULL, '可测试性需求，由测试工程师提出，方便后期的测试工作', NULL, NULL, NULL, NULL, 'affa952d-d55b-47dd-a6c7-8f99ce1fab0d', 'N', NULL, 'Y', NULL, '14', 'Y', 'b8ab9427-627b-469f-bfd0-4b1buser0001', '2022-08-08', 'b8ab9427-627b-469f-bfd0-4b1buser0001', '2022-08-08', 'PT', NULL);
INSERT INTO en_tsk(id, name, projectId, deptId, planId, nodeId, typeId, levelId, planStartDate, planEndDate, realStartDate, realEndDate, planWorkload, realWorkload, confirmWorkload, planDuration, realDuration, copRate, devRate, statusId, ownerId, actorId, publisherId, publishDate, auditorId, keyEvent, acceptCriteria, remark, selfEvalId, lastEvalId, preTaskId, milestoneId, parentId, isNode, isShare, isTemplate, changeNum, orderNum, isValid, creatorId, createdTime, modifyId, modifyTime, taskType, baselineData) VALUES ('a58974f8-787c-4f2b-8bfc-a8925abeffcf', '提出可服务性需求', NULL, NULL, 'daa4007f-1226-4aae-9de9-8bd69d2134c2', NULL, NULL, NULL, '2024-10-10 00:00:00', '2024-11-13 00:00:00', NULL, NULL, '0', NULL, NULL, '0', NULL, NULL, NULL, '07698511-fa9f-47e2-9f4c-5fbstatus001', NULL, NULL, NULL, NULL, NULL, NULL, NULL, '1、可服务性需求，由客服专员提出\n2、包括可安装性需求和可维护性需求', NULL, NULL, NULL, NULL, 'affa952d-d55b-47dd-a6c7-8f99ce1fab0d', 'N', NULL, 'Y', NULL, '15', 'Y', 'b8ab9427-627b-469f-bfd0-4b1buser0001', '2022-08-08', 'b8ab9427-627b-469f-bfd0-4b1buser0001', '2022-08-08', 'PT', NULL);
INSERT INTO en_tsk(id, name, projectId, deptId, planId, nodeId, typeId, levelId, planStartDate, planEndDate, realStartDate, realEndDate, planWorkload, realWorkload, confirmWorkload, planDuration, realDuration, copRate, devRate, statusId, ownerId, actorId, publisherId, publishDate, auditorId, keyEvent, acceptCriteria, remark, selfEvalId, lastEvalId, preTaskId, milestoneId, parentId, isNode, isShare, isTemplate, changeNum, orderNum, isValid, creatorId, createdTime, modifyId, modifyTime, taskType, baselineData) VALUES ('15ac2671-7b8f-4d4a-a0d3-cdacd156c049', '提出可制造性需求', NULL, NULL, 'daa4007f-1226-4aae-9de9-8bd69d2134c2', NULL, NULL, NULL, '2024-10-10 00:00:00', '2024-11-14 00:00:00', NULL, NULL, '0', NULL, NULL, '0', NULL, NULL, NULL, '07698511-fa9f-47e2-9f4c-5fbstatus001', NULL, NULL, NULL, NULL, NULL, NULL, NULL, '1、由制造专员提出\n2、包括生产可测试性、可装配性等需求', NULL, NULL, NULL, NULL, 'affa952d-d55b-47dd-a6c7-8f99ce1fab0d', 'N', NULL, 'Y', NULL, '16', 'Y', 'b8ab9427-627b-469f-bfd0-4b1buser0001', '2022-08-08', 'b8ab9427-627b-469f-bfd0-4b1buser0001', '2022-08-08', 'PT', NULL);
INSERT INTO en_tsk(id, name, projectId, deptId, planId, nodeId, typeId, levelId, planStartDate, planEndDate, realStartDate, realEndDate, planWorkload, realWorkload, confirmWorkload, planDuration, realDuration, copRate, devRate, statusId, ownerId, actorId, publisherId, publishDate, auditorId, keyEvent, acceptCriteria, remark, selfEvalId, lastEvalId, preTaskId, milestoneId, parentId, isNode, isShare, isTemplate, changeNum, orderNum, isValid, creatorId, createdTime, modifyId, modifyTime, taskType, baselineData) VALUES ('34a856bb-720a-4527-971c-076e44ce2297', '产品包需求评审', NULL, NULL, 'daa4007f-1226-4aae-9de9-8bd69d2134c2', NULL, NULL, NULL, '2024-10-10 00:00:00', '2024-10-28 00:00:00', NULL, NULL, '0', NULL, NULL, '0', NULL, NULL, NULL, '07698511-fa9f-47e2-9f4c-5fbstatus001', NULL, NULL, NULL, NULL, NULL, NULL, NULL, '按照项目的目标收集市场需求，可通过访谈，调查问卷等多种方式\n\n需求调研的问题要用开放性问题。', NULL, NULL, NULL, NULL, 'affa952d-d55b-47dd-a6c7-8f99ce1fab0d', 'N', NULL, 'Y', NULL, '17', 'Y', 'b8ab9427-627b-469f-bfd0-4b1buser0001', '2022-08-08', 'b8ab9427-627b-469f-bfd0-4b1buser0001', '2022-08-08', 'PT', NULL);
INSERT INTO en_tsk(id, name, projectId, deptId, planId, nodeId, typeId, levelId, planStartDate, planEndDate, realStartDate, realEndDate, planWorkload, realWorkload, confirmWorkload, planDuration, realDuration, copRate, devRate, statusId, ownerId, actorId, publisherId, publishDate, auditorId, keyEvent, acceptCriteria, remark, selfEvalId, lastEvalId, preTaskId, milestoneId, parentId, isNode, isShare, isTemplate, changeNum, orderNum, isValid, creatorId, createdTime, modifyId, modifyTime, taskType, baselineData) VALUES ('72133ebb-7e8d-4eb4-8192-06bf47e63ccf', '整合产品需求', NULL, NULL, 'daa4007f-1226-4aae-9de9-8bd69d2134c2', NULL, NULL, NULL, '2024-10-10 00:00:00', '2024-10-18 00:00:00', NULL, NULL, '0', NULL, NULL, '0', NULL, NULL, NULL, '07698511-fa9f-47e2-9f4c-5fbstatus001', NULL, NULL, NULL, NULL, NULL, NULL, NULL, '1、产品需求包括外部需求（市场需求）和内部需求（可测试性需求、可服务性需求和可生产性需求等）\n2、系统工程师将外部需求和内部需求进行整合，分析各需求是否冲突，并进行优先级排序\n3、确定产品需求', NULL, NULL, NULL, NULL, 'affa952d-d55b-47dd-a6c7-8f99ce1fab0d', 'N', NULL, 'Y', NULL, '18', 'Y', 'b8ab9427-627b-469f-bfd0-4b1buser0001', '2022-08-08', 'b8ab9427-627b-469f-bfd0-4b1buser0001', '2022-08-08', 'PT', NULL);
INSERT INTO en_tsk(id, name, projectId, deptId, planId, nodeId, typeId, levelId, planStartDate, planEndDate, realStartDate, realEndDate, planWorkload, realWorkload, confirmWorkload, planDuration, realDuration, copRate, devRate, statusId, ownerId, actorId, publisherId, publishDate, auditorId, keyEvent, acceptCriteria, remark, selfEvalId, lastEvalId, preTaskId, milestoneId, parentId, isNode, isShare, isTemplate, changeNum, orderNum, isValid, creatorId, createdTime, modifyId, modifyTime, taskType, baselineData) VALUES ('c59330dd-e4da-48e7-b9dc-719507354e53', '技术可行性分析', NULL, NULL, 'daa4007f-1226-4aae-9de9-8bd69d2134c2', NULL, NULL, NULL, '2024-11-15 00:00:00', '2024-12-03 00:00:00', NULL, NULL, '0', NULL, NULL, '0', NULL, NULL, NULL, '07698511-fa9f-47e2-9f4c-5fbstatus001', NULL, NULL, NULL, NULL, NULL, NULL, NULL, NULL, NULL, NULL, NULL, NULL, '635311c7-1996-450d-8139-77ac13354691', 'Y', NULL, 'Y', NULL, '19', 'Y', 'b8ab9427-627b-469f-bfd0-4b1buser0001', '2022-08-08', 'b8ab9427-627b-469f-bfd0-4b1buser0001', '2022-08-08', 'PT', NULL);
INSERT INTO en_tsk(id, name, projectId, deptId, planId, nodeId, typeId, levelId, planStartDate, planEndDate, realStartDate, realEndDate, planWorkload, realWorkload, confirmWorkload, planDuration, realDuration, copRate, devRate, statusId, ownerId, actorId, publisherId, publishDate, auditorId, keyEvent, acceptCriteria, remark, selfEvalId, lastEvalId, preTaskId, milestoneId, parentId, isNode, isShare, isTemplate, changeNum, orderNum, isValid, creatorId, createdTime, modifyId, modifyTime, taskType, baselineData) VALUES ('c35d790c-e4f0-4639-b51a-221cf6110554', '关键技术实现初步方案', NULL, NULL, 'daa4007f-1226-4aae-9de9-8bd69d2134c2', NULL, NULL, NULL, '2024-11-15 00:00:00', '2024-11-21 00:00:00', NULL, NULL, '0', NULL, NULL, '0', NULL, NULL, NULL, '07698511-fa9f-47e2-9f4c-5fbstatus001', NULL, NULL, NULL, NULL, NULL, NULL, NULL, '对实现产品需求所需的关键技术进行识别，然后分析实现的初步方案（从技术难度、成本、风险、知识产权、可制造性、可服务性、可测试性、质量要求等方面），分析的结果一并纳入技术可行性分析报告。', NULL, NULL, NULL, NULL, 'c59330dd-e4da-48e7-b9dc-719507354e53', 'N', NULL, 'Y', NULL, '20', 'Y', 'b8ab9427-627b-469f-bfd0-4b1buser0001', '2022-08-08', 'b8ab9427-627b-469f-bfd0-4b1buser0001', '2022-08-08', 'PT', NULL);
INSERT INTO en_tsk(id, name, projectId, deptId, planId, nodeId, typeId, levelId, planStartDate, planEndDate, realStartDate, realEndDate, planWorkload, realWorkload, confirmWorkload, planDuration, realDuration, copRate, devRate, statusId, ownerId, actorId, publisherId, publishDate, auditorId, keyEvent, acceptCriteria, remark, selfEvalId, lastEvalId, preTaskId, milestoneId, parentId, isNode, isShare, isTemplate, changeNum, orderNum, isValid, creatorId, createdTime, modifyId, modifyTime, taskType, baselineData) VALUES ('f0e9ee0f-513b-42b9-9c02-3554e63bd0d8', '知识产权分析', NULL, NULL, 'daa4007f-1226-4aae-9de9-8bd69d2134c2', NULL, NULL, NULL, '2024-11-22 00:00:00', '2024-11-28 00:00:00', NULL, NULL, '0', NULL, NULL, '0', NULL, NULL, NULL, '07698511-fa9f-47e2-9f4c-5fbstatus001', NULL, NULL, NULL, NULL, NULL, NULL, NULL, '1、分析行业知识产权\n2、识别自身可能产生的专利\n3、对外界的知识产权提出有效的规避措施', NULL, NULL, NULL, NULL, 'c59330dd-e4da-48e7-b9dc-719507354e53', 'N', NULL, 'Y', NULL, '21', 'Y', 'b8ab9427-627b-469f-bfd0-4b1buser0001', '2022-08-08', 'b8ab9427-627b-469f-bfd0-4b1buser0001', '2022-08-08', 'PT', NULL);
INSERT INTO en_tsk(id, name, projectId, deptId, planId, nodeId, typeId, levelId, planStartDate, planEndDate, realStartDate, realEndDate, planWorkload, realWorkload, confirmWorkload, planDuration, realDuration, copRate, devRate, statusId, ownerId, actorId, publisherId, publishDate, auditorId, keyEvent, acceptCriteria, remark, selfEvalId, lastEvalId, preTaskId, milestoneId, parentId, isNode, isShare, isTemplate, changeNum, orderNum, isValid, creatorId, createdTime, modifyId, modifyTime, taskType, baselineData) VALUES ('93379690-988d-4eef-b81c-fee0252e5b03', '编写技术可行性分析报告', NULL, NULL, 'daa4007f-1226-4aae-9de9-8bd69d2134c2', NULL, NULL, NULL, '2024-11-29 00:00:00', '2024-12-03 00:00:00', NULL, NULL, '0', NULL, NULL, '0', NULL, NULL, NULL, '07698511-fa9f-47e2-9f4c-5fbstatus001', NULL, NULL, NULL, NULL, NULL, NULL, NULL, '对关键技术的实现方案进行评估，选择最佳的实施方案，编写技术可行性分析报告。', NULL, NULL, NULL, NULL, 'c59330dd-e4da-48e7-b9dc-719507354e53', 'N', NULL, 'Y', NULL, '22', 'Y', 'b8ab9427-627b-469f-bfd0-4b1buser0001', '2022-08-08', 'b8ab9427-627b-469f-bfd0-4b1buser0001', '2022-08-08', 'PT', NULL);
INSERT INTO en_tsk(id, name, projectId, deptId, planId, nodeId, typeId, levelId, planStartDate, planEndDate, realStartDate, realEndDate, planWorkload, realWorkload, confirmWorkload, planDuration, realDuration, copRate, devRate, statusId, ownerId, actorId, publisherId, publishDate, auditorId, keyEvent, acceptCriteria, remark, selfEvalId, lastEvalId, preTaskId, milestoneId, parentId, isNode, isShare, isTemplate, changeNum, orderNum, isValid, creatorId, createdTime, modifyId, modifyTime, taskType, baselineData) VALUES ('acbc8265-01e9-43a5-ae1a-250ed49ed2e8', 'ID设计', NULL, NULL, 'daa4007f-1226-4aae-9de9-8bd69d2134c2', NULL, NULL, NULL, '2024-12-04 00:00:00', '2024-12-11 00:00:00', NULL, NULL, '0', NULL, NULL, '0', NULL, NULL, NULL, '07698511-fa9f-47e2-9f4c-5fbstatus001', NULL, NULL, NULL, NULL, NULL, NULL, NULL, 'ID初步设计', NULL, NULL, NULL, NULL, NULL, 'Y', NULL, 'Y', NULL, '30', 'Y', 'b8ab9427-627b-469f-bfd0-4b1buser0001', '2022-08-08', 'b8ab9427-627b-469f-bfd0-4b1buser0001', '2022-08-08', 'PT', NULL);
INSERT INTO en_tsk(id, name, projectId, deptId, planId, nodeId, typeId, levelId, planStartDate, planEndDate, realStartDate, realEndDate, planWorkload, realWorkload, confirmWorkload, planDuration, realDuration, copRate, devRate, statusId, ownerId, actorId, publisherId, publishDate, auditorId, keyEvent, acceptCriteria, remark, selfEvalId, lastEvalId, preTaskId, milestoneId, parentId, isNode, isShare, isTemplate, changeNum, orderNum, isValid, creatorId, createdTime, modifyId, modifyTime, taskType, baselineData) VALUES ('eca14d21-78ab-4bc1-886d-2333f22218dd', 'ID初步设计', NULL, NULL, 'daa4007f-1226-4aae-9de9-8bd69d2134c2', NULL, NULL, NULL, '2024-12-04 00:00:00', '2024-12-10 00:00:00', NULL, NULL, '0', NULL, NULL, '0', NULL, NULL, NULL, '07698511-fa9f-47e2-9f4c-5fbstatus001', NULL, NULL, NULL, NULL, NULL, NULL, NULL, '1、明确产品所定位的目标客户群\n2、了解客户对产品的喜好\n3、确定造型设计理念\n4、把设计理念转化为效果图', NULL, NULL, NULL, NULL, 'acbc8265-01e9-43a5-ae1a-250ed49ed2e8', 'N', NULL, 'Y', NULL, '31', 'Y', 'b8ab9427-627b-469f-bfd0-4b1buser0001', '2022-08-08', 'b8ab9427-627b-469f-bfd0-4b1buser0001', '2022-08-08', 'PT', NULL);
INSERT INTO en_tsk(id, name, projectId, deptId, planId, nodeId, typeId, levelId, planStartDate, planEndDate, realStartDate, realEndDate, planWorkload, realWorkload, confirmWorkload, planDuration, realDuration, copRate, devRate, statusId, ownerId, actorId, publisherId, publishDate, auditorId, keyEvent, acceptCriteria, remark, selfEvalId, lastEvalId, preTaskId, milestoneId, parentId, isNode, isShare, isTemplate, changeNum, orderNum, isValid, creatorId, createdTime, modifyId, modifyTime, taskType, baselineData) VALUES ('1b26eacc-7ae5-4aa9-9a87-1b2c18924655', 'ID概念评审', NULL, NULL, 'daa4007f-1226-4aae-9de9-8bd69d2134c2', NULL, NULL, NULL, '2024-12-11 00:00:00', '2024-12-11 00:00:00', NULL, NULL, '0', NULL, NULL, '0', NULL, NULL, NULL, '07698511-fa9f-47e2-9f4c-5fbstatus001', NULL, NULL, NULL, NULL, NULL, NULL, NULL, '根据评审要素对ID进行评审', NULL, NULL, NULL, NULL, 'acbc8265-01e9-43a5-ae1a-250ed49ed2e8', 'N', NULL, 'Y', NULL, '32', 'Y', 'b8ab9427-627b-469f-bfd0-4b1buser0001', '2022-08-08', 'b8ab9427-627b-469f-bfd0-4b1buser0001', '2022-08-08', 'PT', NULL);
INSERT INTO en_tsk(id, name, projectId, deptId, planId, nodeId, typeId, levelId, planStartDate, planEndDate, realStartDate, realEndDate, planWorkload, realWorkload, confirmWorkload, planDuration, realDuration, copRate, devRate, statusId, ownerId, actorId, publisherId, publishDate, auditorId, keyEvent, acceptCriteria, remark, selfEvalId, lastEvalId, preTaskId, milestoneId, parentId, isNode, isShare, isTemplate, changeNum, orderNum, isValid, creatorId, createdTime, modifyId, modifyTime, taskType, baselineData) VALUES ('8566b6ff-84ea-473e-80f4-460c8b44a78b', '项目阶段总结', NULL, NULL, 'daa4007f-1226-4aae-9de9-8bd69d2134c2', NULL, NULL, NULL, '2024-12-12 00:00:00', '2024-12-16 00:00:00', NULL, NULL, '0', NULL, NULL, '0', NULL, NULL, NULL, '07698511-fa9f-47e2-9f4c-5fbstatus001', NULL, NULL, NULL, NULL, NULL, NULL, NULL, '项目阶段结项', NULL, NULL, NULL, NULL, NULL, 'Y', NULL, 'Y', NULL, '33', 'Y', 'b8ab9427-627b-469f-bfd0-4b1buser0001', '2022-08-08', 'b8ab9427-627b-469f-bfd0-4b1buser0001', '2022-08-08', 'PT', NULL);
INSERT INTO en_tsk(id, name, projectId, deptId, planId, nodeId, typeId, levelId, planStartDate, planEndDate, realStartDate, realEndDate, planWorkload, realWorkload, confirmWorkload, planDuration, realDuration, copRate, devRate, statusId, ownerId, actorId, publisherId, publishDate, auditorId, keyEvent, acceptCriteria, remark, selfEvalId, lastEvalId, preTaskId, milestoneId, parentId, isNode, isShare, isTemplate, changeNum, orderNum, isValid, creatorId, createdTime, modifyId, modifyTime, taskType, baselineData) VALUES ('10b96eb2-6f8b-488d-a3e8-8d7369aa4386', '立项阶段经验教训总结', NULL, NULL, 'daa4007f-1226-4aae-9de9-8bd69d2134c2', NULL, NULL, NULL, '2024-12-12 00:00:00', '2024-12-12 00:00:00', NULL, NULL, '0', NULL, NULL, '0', NULL, NULL, NULL, '07698511-fa9f-47e2-9f4c-5fbstatus001', NULL, NULL, NULL, NULL, NULL, NULL, NULL, '1、此总结主要是从项目管理层面的角度去完成\n2、项目经理和各专员共同讨论成功的经验和需提高的教训', NULL, NULL, NULL, NULL, '8566b6ff-84ea-473e-80f4-460c8b44a78b', 'N', NULL, 'Y', NULL, '34', 'Y', 'b8ab9427-627b-469f-bfd0-4b1buser0001', '2022-08-08', 'b8ab9427-627b-469f-bfd0-4b1buser0001', '2022-08-08', 'PT', NULL);
INSERT INTO en_tsk(id, name, projectId, deptId, planId, nodeId, typeId, levelId, planStartDate, planEndDate, realStartDate, realEndDate, planWorkload, realWorkload, confirmWorkload, planDuration, realDuration, copRate, devRate, statusId, ownerId, actorId, publisherId, publishDate, auditorId, keyEvent, acceptCriteria, remark, selfEvalId, lastEvalId, preTaskId, milestoneId, parentId, isNode, isShare, isTemplate, changeNum, orderNum, isValid, creatorId, createdTime, modifyId, modifyTime, taskType, baselineData) VALUES ('92a9f946-742b-4a89-977b-921ca9317e3c', '立项阶段文档归档', NULL, NULL, 'daa4007f-1226-4aae-9de9-8bd69d2134c2', NULL, NULL, NULL, '2024-12-16 00:00:00', '2024-12-16 00:00:00', NULL, NULL, '0', NULL, NULL, '0', NULL, NULL, NULL, '07698511-fa9f-47e2-9f4c-5fbstatus001', NULL, NULL, NULL, NULL, NULL, NULL, NULL, '由项目助理核实是否该阶段的所有文档均已按要求归档', NULL, NULL, NULL, NULL, '8566b6ff-84ea-473e-80f4-460c8b44a78b', 'N', NULL, 'Y', NULL, '35', 'Y', 'b8ab9427-627b-469f-bfd0-4b1buser0001', '2022-08-08', 'b8ab9427-627b-469f-bfd0-4b1buser0001', '2022-08-08', 'PT', NULL);
INSERT INTO en_tsk(id, name, projectId, deptId, planId, nodeId, typeId, levelId, planStartDate, planEndDate, realStartDate, realEndDate, planWorkload, realWorkload, confirmWorkload, planDuration, realDuration, copRate, devRate, statusId, ownerId, actorId, publisherId, publishDate, auditorId, keyEvent, acceptCriteria, remark, selfEvalId, lastEvalId, preTaskId, milestoneId, parentId, isNode, isShare, isTemplate, changeNum, orderNum, isValid, creatorId, createdTime, modifyId, modifyTime, taskType, baselineData) VALUES ('16fb3377-74d9-4ef7-a725-b00604c04d82', '概念阶段', NULL, NULL, 'f2665bba-fbc6-4ef6-b6d4-61a257f0461b', NULL, NULL, NULL, '2024-07-23 00:00:00', '2024-10-01 00:00:00', NULL, NULL, '0', NULL, NULL, '0', NULL, NULL, NULL, '07698511-fa9f-47e2-9f4c-5fbstatus001', NULL, NULL, NULL, NULL, NULL, NULL, NULL, NULL, NULL, NULL, NULL, NULL, NULL, 'Y', NULL, 'Y', NULL, '1', 'Y', 'b8ab9427-627b-469f-bfd0-4b1buser0001', '2022-08-08', 'b8ab9427-627b-469f-bfd0-4b1buser0001', '2022-08-08', 'PT', NULL);
INSERT INTO en_tsk(id, name, projectId, deptId, planId, nodeId, typeId, levelId, planStartDate, planEndDate, realStartDate, realEndDate, planWorkload, realWorkload, confirmWorkload, planDuration, realDuration, copRate, devRate, statusId, ownerId, actorId, publisherId, publishDate, auditorId, keyEvent, acceptCriteria, remark, selfEvalId, lastEvalId, preTaskId, milestoneId, parentId, isNode, isShare, isTemplate, changeNum, orderNum, isValid, creatorId, createdTime, modifyId, modifyTime, taskType, baselineData) VALUES ('c21228d7-3265-414a-9237-882cf7851df9', '项目启动', NULL, NULL, 'f2665bba-fbc6-4ef6-b6d4-61a257f0461b', NULL, NULL, NULL, '2024-07-23 00:00:00', '2024-07-23 00:00:00', NULL, NULL, '0', NULL, NULL, '0', NULL, NULL, NULL, '07698511-fa9f-47e2-9f4c-5fbstatus001', NULL, NULL, NULL, NULL, NULL, NULL, NULL, NULL, NULL, NULL, NULL, NULL, '16fb3377-74d9-4ef7-a725-b00604c04d82', 'N', NULL, 'Y', NULL, '2', 'Y', 'b8ab9427-627b-469f-bfd0-4b1buser0001', '2022-08-08', 'b8ab9427-627b-469f-bfd0-4b1buser0001', '2022-08-08', 'PT', NULL);
INSERT INTO en_tsk(id, name, projectId, deptId, planId, nodeId, typeId, levelId, planStartDate, planEndDate, realStartDate, realEndDate, planWorkload, realWorkload, confirmWorkload, planDuration, realDuration, copRate, devRate, statusId, ownerId, actorId, publisherId, publishDate, auditorId, keyEvent, acceptCriteria, remark, selfEvalId, lastEvalId, preTaskId, milestoneId, parentId, isNode, isShare, isTemplate, changeNum, orderNum, isValid, creatorId, createdTime, modifyId, modifyTime, taskType, baselineData) VALUES ('dfc21525-773c-4a97-b524-af526b27fa2d', '组建项目核心团队', NULL, NULL, 'f2665bba-fbc6-4ef6-b6d4-61a257f0461b', NULL, NULL, NULL, '2024-07-23 00:00:00', '2024-07-23 00:00:00', NULL, NULL, '0', NULL, NULL, '0', NULL, NULL, NULL, '07698511-fa9f-47e2-9f4c-5fbstatus001', NULL, NULL, NULL, NULL, NULL, NULL, NULL, NULL, NULL, NULL, NULL, NULL, '16fb3377-74d9-4ef7-a725-b00604c04d82', 'N', NULL, 'Y', NULL, '3', 'Y', 'b8ab9427-627b-469f-bfd0-4b1buser0001', '2022-08-08', 'b8ab9427-627b-469f-bfd0-4b1buser0001', '2022-08-08', 'PT', NULL);
INSERT INTO en_tsk(id, name, projectId, deptId, planId, nodeId, typeId, levelId, planStartDate, planEndDate, realStartDate, realEndDate, planWorkload, realWorkload, confirmWorkload, planDuration, realDuration, copRate, devRate, statusId, ownerId, actorId, publisherId, publishDate, auditorId, keyEvent, acceptCriteria, remark, selfEvalId, lastEvalId, preTaskId, milestoneId, parentId, isNode, isShare, isTemplate, changeNum, orderNum, isValid, creatorId, createdTime, modifyId, modifyTime, taskType, baselineData) VALUES ('f8d4ad4c-fdb6-4788-be01-ecb99aca6a35', '接受项目任务书', NULL, NULL, 'f2665bba-fbc6-4ef6-b6d4-61a257f0461b', NULL, NULL, NULL, '2024-07-23 00:00:00', '2024-07-23 00:00:00', NULL, NULL, '0', NULL, NULL, '0', NULL, NULL, NULL, '07698511-fa9f-47e2-9f4c-5fbstatus001', NULL, NULL, NULL, NULL, NULL, NULL, NULL, NULL, NULL, NULL, NULL, NULL, '16fb3377-74d9-4ef7-a725-b00604c04d82', 'N', NULL, 'Y', NULL, '4', 'Y', 'b8ab9427-627b-469f-bfd0-4b1buser0001', '2022-08-08', 'b8ab9427-627b-469f-bfd0-4b1buser0001', '2022-08-08', 'PT', NULL);
INSERT INTO en_tsk(id, name, projectId, deptId, planId, nodeId, typeId, levelId, planStartDate, planEndDate, realStartDate, realEndDate, planWorkload, realWorkload, confirmWorkload, planDuration, realDuration, copRate, devRate, statusId, ownerId, actorId, publisherId, publishDate, auditorId, keyEvent, acceptCriteria, remark, selfEvalId, lastEvalId, preTaskId, milestoneId, parentId, isNode, isShare, isTemplate, changeNum, orderNum, isValid, creatorId, createdTime, modifyId, modifyTime, taskType, baselineData) VALUES ('e3295344-bbc5-4480-a75c-303d0d56640c', '项目开工会', NULL, NULL, 'f2665bba-fbc6-4ef6-b6d4-61a257f0461b', NULL, NULL, NULL, '2024-07-23 00:00:00', '2024-07-23 00:00:00', NULL, NULL, '0', NULL, NULL, '0', NULL, NULL, NULL, '07698511-fa9f-47e2-9f4c-5fbstatus001', NULL, NULL, NULL, NULL, NULL, NULL, NULL, NULL, NULL, NULL, NULL, NULL, '16fb3377-74d9-4ef7-a725-b00604c04d82', 'N', NULL, 'Y', NULL, '5', 'Y', 'b8ab9427-627b-469f-bfd0-4b1buser0001', '2022-08-08', 'b8ab9427-627b-469f-bfd0-4b1buser0001', '2022-08-08', 'PT', NULL);
INSERT INTO en_tsk(id, name, projectId, deptId, planId, nodeId, typeId, levelId, planStartDate, planEndDate, realStartDate, realEndDate, planWorkload, realWorkload, confirmWorkload, planDuration, realDuration, copRate, devRate, statusId, ownerId, actorId, publisherId, publishDate, auditorId, keyEvent, acceptCriteria, remark, selfEvalId, lastEvalId, preTaskId, milestoneId, parentId, isNode, isShare, isTemplate, changeNum, orderNum, isValid, creatorId, createdTime, modifyId, modifyTime, taskType, baselineData) VALUES ('26c1da0f-969f-4dab-a635-ca7718e2e050', '团队培训', NULL, NULL, 'f2665bba-fbc6-4ef6-b6d4-61a257f0461b', NULL, NULL, NULL, '2024-07-24 00:00:00', '2024-07-26 00:00:00', NULL, NULL, '0', NULL, NULL, '0', NULL, NULL, NULL, '07698511-fa9f-47e2-9f4c-5fbstatus001', NULL, NULL, NULL, NULL, NULL, NULL, NULL, NULL, NULL, NULL, NULL, NULL, '16fb3377-74d9-4ef7-a725-b00604c04d82', 'N', NULL, 'Y', NULL, '6', 'Y', 'b8ab9427-627b-469f-bfd0-4b1buser0001', '2022-08-08', 'b8ab9427-627b-469f-bfd0-4b1buser0001', '2022-08-08', 'PT', NULL);
INSERT INTO en_tsk(id, name, projectId, deptId, planId, nodeId, typeId, levelId, planStartDate, planEndDate, realStartDate, realEndDate, planWorkload, realWorkload, confirmWorkload, planDuration, realDuration, copRate, devRate, statusId, ownerId, actorId, publisherId, publishDate, auditorId, keyEvent, acceptCriteria, remark, selfEvalId, lastEvalId, preTaskId, milestoneId, parentId, isNode, isShare, isTemplate, changeNum, orderNum, isValid, creatorId, createdTime, modifyId, modifyTime, taskType, baselineData) VALUES ('fa2a944e-18ba-4e36-bed0-db2c6e0610ee', '创建项目环境', NULL, NULL, 'f2665bba-fbc6-4ef6-b6d4-61a257f0461b', NULL, NULL, NULL, '2024-07-29 00:00:00', '2024-07-29 00:00:00', NULL, NULL, '0', NULL, NULL, '0', NULL, NULL, NULL, '07698511-fa9f-47e2-9f4c-5fbstatus001', NULL, NULL, NULL, NULL, NULL, NULL, NULL, NULL, NULL, NULL, NULL, NULL, '16fb3377-74d9-4ef7-a725-b00604c04d82', 'N', NULL, 'Y', NULL, '7', 'Y', 'b8ab9427-627b-469f-bfd0-4b1buser0001', '2022-08-08', 'b8ab9427-627b-469f-bfd0-4b1buser0001', '2022-08-08', 'PT', NULL);
INSERT INTO en_tsk(id, name, projectId, deptId, planId, nodeId, typeId, levelId, planStartDate, planEndDate, realStartDate, realEndDate, planWorkload, realWorkload, confirmWorkload, planDuration, realDuration, copRate, devRate, statusId, ownerId, actorId, publisherId, publishDate, auditorId, keyEvent, acceptCriteria, remark, selfEvalId, lastEvalId, preTaskId, milestoneId, parentId, isNode, isShare, isTemplate, changeNum, orderNum, isValid, creatorId, createdTime, modifyId, modifyTime, taskType, baselineData) VALUES ('3b9f8a36-2e26-4342-843a-22751516c7fc', '开设专项账户', NULL, NULL, 'f2665bba-fbc6-4ef6-b6d4-61a257f0461b', NULL, NULL, NULL, '2024-07-29 00:00:00', '2024-07-29 00:00:00', NULL, NULL, '0', NULL, NULL, '0', NULL, NULL, NULL, '07698511-fa9f-47e2-9f4c-5fbstatus001', NULL, NULL, NULL, NULL, NULL, NULL, NULL, NULL, NULL, NULL, NULL, NULL, '16fb3377-74d9-4ef7-a725-b00604c04d82', 'N', NULL, 'Y', NULL, '8', 'Y', 'b8ab9427-627b-469f-bfd0-4b1buser0001', '2022-08-08', 'b8ab9427-627b-469f-bfd0-4b1buser0001', '2022-08-08', 'PT', NULL);
INSERT INTO en_tsk(id, name, projectId, deptId, planId, nodeId, typeId, levelId, planStartDate, planEndDate, realStartDate, realEndDate, planWorkload, realWorkload, confirmWorkload, planDuration, realDuration, copRate, devRate, statusId, ownerId, actorId, publisherId, publishDate, auditorId, keyEvent, acceptCriteria, remark, selfEvalId, lastEvalId, preTaskId, milestoneId, parentId, isNode, isShare, isTemplate, changeNum, orderNum, isValid, creatorId, createdTime, modifyId, modifyTime, taskType, baselineData) VALUES ('0f0733f6-b7bc-4cf7-bd32-15e065b3d52d', '制定项目初始计划', NULL, NULL, 'f2665bba-fbc6-4ef6-b6d4-61a257f0461b', NULL, NULL, NULL, '2024-07-31 00:00:00', '2024-08-04 00:00:00', NULL, NULL, '0', NULL, NULL, '0', NULL, NULL, NULL, '07698511-fa9f-47e2-9f4c-5fbstatus001', NULL, NULL, NULL, NULL, NULL, NULL, NULL, NULL, NULL, NULL, NULL, NULL, '16fb3377-74d9-4ef7-a725-b00604c04d82', 'Y', NULL, 'Y', NULL, '9', 'Y', 'b8ab9427-627b-469f-bfd0-4b1buser0001', '2022-08-08', 'b8ab9427-627b-469f-bfd0-4b1buser0001', '2022-08-08', 'PT', NULL);
INSERT INTO en_tsk(id, name, projectId, deptId, planId, nodeId, typeId, levelId, planStartDate, planEndDate, realStartDate, realEndDate, planWorkload, realWorkload, confirmWorkload, planDuration, realDuration, copRate, devRate, statusId, ownerId, actorId, publisherId, publishDate, auditorId, keyEvent, acceptCriteria, remark, selfEvalId, lastEvalId, preTaskId, milestoneId, parentId, isNode, isShare, isTemplate, changeNum, orderNum, isValid, creatorId, createdTime, modifyId, modifyTime, taskType, baselineData) VALUES ('98314edf-0ef4-4fd0-8c0f-92a9e12280e6', '制定项目风险管理计划', NULL, NULL, 'f2665bba-fbc6-4ef6-b6d4-61a257f0461b', NULL, NULL, NULL, '2024-07-31 00:00:00', '2024-08-04 00:00:00', NULL, NULL, '0', NULL, NULL, '0', NULL, NULL, NULL, '07698511-fa9f-47e2-9f4c-5fbstatus001', NULL, NULL, NULL, NULL, NULL, NULL, NULL, NULL, NULL, NULL, NULL, NULL, '0f0733f6-b7bc-4cf7-bd32-15e065b3d52d', 'N', NULL, 'Y', NULL, '10', 'Y', 'b8ab9427-627b-469f-bfd0-4b1buser0001', '2022-08-08', 'b8ab9427-627b-469f-bfd0-4b1buser0001', '2022-08-08', 'PT', NULL);
INSERT INTO en_tsk(id, name, projectId, deptId, planId, nodeId, typeId, levelId, planStartDate, planEndDate, realStartDate, realEndDate, planWorkload, realWorkload, confirmWorkload, planDuration, realDuration, copRate, devRate, statusId, ownerId, actorId, publisherId, publishDate, auditorId, keyEvent, acceptCriteria, remark, selfEvalId, lastEvalId, preTaskId, milestoneId, parentId, isNode, isShare, isTemplate, changeNum, orderNum, isValid, creatorId, createdTime, modifyId, modifyTime, taskType, baselineData) VALUES ('a9b9ea0a-f067-4c93-997b-b8f2eee04bc9', '制定质量计划和目标', NULL, NULL, 'f2665bba-fbc6-4ef6-b6d4-61a257f0461b', NULL, NULL, NULL, '2024-07-31 00:00:00', '2024-08-04 00:00:00', NULL, NULL, '0', NULL, NULL, '0', NULL, NULL, NULL, '07698511-fa9f-47e2-9f4c-5fbstatus001', NULL, NULL, NULL, NULL, NULL, NULL, NULL, NULL, NULL, NULL, NULL, NULL, '0f0733f6-b7bc-4cf7-bd32-15e065b3d52d', 'N', NULL, 'Y', NULL, '11', 'Y', 'b8ab9427-627b-469f-bfd0-4b1buser0001', '2022-08-08', 'b8ab9427-627b-469f-bfd0-4b1buser0001', '2022-08-08', 'PT', NULL);
INSERT INTO en_tsk(id, name, projectId, deptId, planId, nodeId, typeId, levelId, planStartDate, planEndDate, realStartDate, realEndDate, planWorkload, realWorkload, confirmWorkload, planDuration, realDuration, copRate, devRate, statusId, ownerId, actorId, publisherId, publishDate, auditorId, keyEvent, acceptCriteria, remark, selfEvalId, lastEvalId, preTaskId, milestoneId, parentId, isNode, isShare, isTemplate, changeNum, orderNum, isValid, creatorId, createdTime, modifyId, modifyTime, taskType, baselineData) VALUES ('64312c59-5a1a-4873-9f8f-61cb707d33ec', '制定项目配置管理计划', NULL, NULL, 'f2665bba-fbc6-4ef6-b6d4-61a257f0461b', NULL, NULL, NULL, '2024-07-31 00:00:00', '2024-08-04 00:00:00', NULL, NULL, '0', NULL, NULL, '0', NULL, NULL, NULL, '07698511-fa9f-47e2-9f4c-5fbstatus001', NULL, NULL, NULL, NULL, NULL, NULL, NULL, NULL, NULL, NULL, NULL, NULL, '0f0733f6-b7bc-4cf7-bd32-15e065b3d52d', 'N', NULL, 'Y', NULL, '12', 'Y', 'b8ab9427-627b-469f-bfd0-4b1buser0001', '2022-08-08', 'b8ab9427-627b-469f-bfd0-4b1buser0001', '2022-08-08', 'PT', NULL);
INSERT INTO en_tsk(id, name, projectId, deptId, planId, nodeId, typeId, levelId, planStartDate, planEndDate, realStartDate, realEndDate, planWorkload, realWorkload, confirmWorkload, planDuration, realDuration, copRate, devRate, statusId, ownerId, actorId, publisherId, publishDate, auditorId, keyEvent, acceptCriteria, remark, selfEvalId, lastEvalId, preTaskId, milestoneId, parentId, isNode, isShare, isTemplate, changeNum, orderNum, isValid, creatorId, createdTime, modifyId, modifyTime, taskType, baselineData) VALUES ('2a5ae20b-dc70-4db8-9a6b-b81e4fbb235a', '制定概念阶段进度计划', NULL, NULL, 'f2665bba-fbc6-4ef6-b6d4-61a257f0461b', NULL, NULL, NULL, '2024-07-31 00:00:00', '2024-08-04 00:00:00', NULL, NULL, '0', NULL, NULL, '0', NULL, NULL, NULL, '07698511-fa9f-47e2-9f4c-5fbstatus001', NULL, NULL, NULL, NULL, NULL, NULL, NULL, NULL, NULL, NULL, NULL, NULL, '0f0733f6-b7bc-4cf7-bd32-15e065b3d52d', 'N', NULL, 'Y', NULL, '13', 'Y', 'b8ab9427-627b-469f-bfd0-4b1buser0001', '2022-08-08', 'b8ab9427-627b-469f-bfd0-4b1buser0001', '2022-08-08', 'PT', NULL);
INSERT INTO en_tsk(id, name, projectId, deptId, planId, nodeId, typeId, levelId, planStartDate, planEndDate, realStartDate, realEndDate, planWorkload, realWorkload, confirmWorkload, planDuration, realDuration, copRate, devRate, statusId, ownerId, actorId, publisherId, publishDate, auditorId, keyEvent, acceptCriteria, remark, selfEvalId, lastEvalId, preTaskId, milestoneId, parentId, isNode, isShare, isTemplate, changeNum, orderNum, isValid, creatorId, createdTime, modifyId, modifyTime, taskType, baselineData) VALUES ('6256eaac-975e-4dc5-b4e0-2c4a122687d8', '制定项目主计划', NULL, NULL, 'f2665bba-fbc6-4ef6-b6d4-61a257f0461b', NULL, NULL, NULL, '2024-07-31 00:00:00', '2024-08-04 00:00:00', NULL, NULL, '0', NULL, NULL, '0', NULL, NULL, NULL, '07698511-fa9f-47e2-9f4c-5fbstatus001', NULL, NULL, NULL, NULL, NULL, NULL, NULL, NULL, NULL, NULL, NULL, NULL, '0f0733f6-b7bc-4cf7-bd32-15e065b3d52d', 'N', NULL, 'Y', NULL, '14', 'Y', 'b8ab9427-627b-469f-bfd0-4b1buser0001', '2022-08-08', 'b8ab9427-627b-469f-bfd0-4b1buser0001', '2022-08-08', 'PT', NULL);
INSERT INTO en_tsk(id, name, projectId, deptId, planId, nodeId, typeId, levelId, planStartDate, planEndDate, realStartDate, realEndDate, planWorkload, realWorkload, confirmWorkload, planDuration, realDuration, copRate, devRate, statusId, ownerId, actorId, publisherId, publishDate, auditorId, keyEvent, acceptCriteria, remark, selfEvalId, lastEvalId, preTaskId, milestoneId, parentId, isNode, isShare, isTemplate, changeNum, orderNum, isValid, creatorId, createdTime, modifyId, modifyTime, taskType, baselineData) VALUES ('29f3e3c4-1f18-4c97-a44b-2dd36f5eb0b5', '持续监控', NULL, NULL, 'f2665bba-fbc6-4ef6-b6d4-61a257f0461b', NULL, NULL, NULL, '2024-08-05 00:00:00', '2024-08-08 00:00:00', NULL, NULL, '0', NULL, NULL, '0', NULL, NULL, NULL, '07698511-fa9f-47e2-9f4c-5fbstatus001', NULL, NULL, NULL, NULL, NULL, NULL, NULL, NULL, NULL, NULL, NULL, NULL, '16fb3377-74d9-4ef7-a725-b00604c04d82', 'Y', NULL, 'Y', NULL, '15', 'Y', 'b8ab9427-627b-469f-bfd0-4b1buser0001', '2022-08-08', 'b8ab9427-627b-469f-bfd0-4b1buser0001', '2022-08-08', 'PT', NULL);
INSERT INTO en_tsk(id, name, projectId, deptId, planId, nodeId, typeId, levelId, planStartDate, planEndDate, realStartDate, realEndDate, planWorkload, realWorkload, confirmWorkload, planDuration, realDuration, copRate, devRate, statusId, ownerId, actorId, publisherId, publishDate, auditorId, keyEvent, acceptCriteria, remark, selfEvalId, lastEvalId, preTaskId, milestoneId, parentId, isNode, isShare, isTemplate, changeNum, orderNum, isValid, creatorId, createdTime, modifyId, modifyTime, taskType, baselineData) VALUES ('f52f1b28-5c6a-4943-b09b-2c6b68b2f969', '持续监控项目进展', NULL, NULL, 'f2665bba-fbc6-4ef6-b6d4-61a257f0461b', NULL, NULL, NULL, '2024-08-05 00:00:00', '2024-08-08 00:00:00', NULL, NULL, '0', NULL, NULL, '0', NULL, NULL, NULL, '07698511-fa9f-47e2-9f4c-5fbstatus001', NULL, NULL, NULL, NULL, NULL, NULL, NULL, NULL, NULL, NULL, NULL, NULL, '29f3e3c4-1f18-4c97-a44b-2dd36f5eb0b5', 'N', NULL, 'Y', NULL, '16', 'Y', 'b8ab9427-627b-469f-bfd0-4b1buser0001', '2022-08-08', 'b8ab9427-627b-469f-bfd0-4b1buser0001', '2022-08-08', 'PT', NULL);
INSERT INTO en_tsk(id, name, projectId, deptId, planId, nodeId, typeId, levelId, planStartDate, planEndDate, realStartDate, realEndDate, planWorkload, realWorkload, confirmWorkload, planDuration, realDuration, copRate, devRate, statusId, ownerId, actorId, publisherId, publishDate, auditorId, keyEvent, acceptCriteria, remark, selfEvalId, lastEvalId, preTaskId, milestoneId, parentId, isNode, isShare, isTemplate, changeNum, orderNum, isValid, creatorId, createdTime, modifyId, modifyTime, taskType, baselineData) VALUES ('cb405b81-5203-41bc-ae5e-73ff25cb6240', '持续监控质量活动', NULL, NULL, 'f2665bba-fbc6-4ef6-b6d4-61a257f0461b', NULL, NULL, NULL, '2024-08-05 00:00:00', '2024-08-08 00:00:00', NULL, NULL, '0', NULL, NULL, '0', NULL, NULL, NULL, '07698511-fa9f-47e2-9f4c-5fbstatus001', NULL, NULL, NULL, NULL, NULL, NULL, NULL, NULL, NULL, NULL, NULL, NULL, '29f3e3c4-1f18-4c97-a44b-2dd36f5eb0b5', 'N', NULL, 'Y', NULL, '17', 'Y', 'b8ab9427-627b-469f-bfd0-4b1buser0001', '2022-08-08', 'b8ab9427-627b-469f-bfd0-4b1buser0001', '2022-08-08', 'PT', NULL);
INSERT INTO en_tsk(id, name, projectId, deptId, planId, nodeId, typeId, levelId, planStartDate, planEndDate, realStartDate, realEndDate, planWorkload, realWorkload, confirmWorkload, planDuration, realDuration, copRate, devRate, statusId, ownerId, actorId, publisherId, publishDate, auditorId, keyEvent, acceptCriteria, remark, selfEvalId, lastEvalId, preTaskId, milestoneId, parentId, isNode, isShare, isTemplate, changeNum, orderNum, isValid, creatorId, createdTime, modifyId, modifyTime, taskType, baselineData) VALUES ('a4ebcde7-f7f7-4ec4-93da-fe2897721611', '创建项目配置管理环境', NULL, NULL, 'f2665bba-fbc6-4ef6-b6d4-61a257f0461b', NULL, NULL, NULL, '2024-08-05 00:00:00', '2024-08-08 00:00:00', NULL, NULL, '0', NULL, NULL, '0', NULL, NULL, NULL, '07698511-fa9f-47e2-9f4c-5fbstatus001', NULL, NULL, NULL, NULL, NULL, NULL, NULL, NULL, NULL, NULL, NULL, NULL, '29f3e3c4-1f18-4c97-a44b-2dd36f5eb0b5', 'N', NULL, 'Y', NULL, '18', 'Y', 'b8ab9427-627b-469f-bfd0-4b1buser0001', '2022-08-08', 'b8ab9427-627b-469f-bfd0-4b1buser0001', '2022-08-08', 'PT', NULL);
INSERT INTO en_tsk(id, name, projectId, deptId, planId, nodeId, typeId, levelId, planStartDate, planEndDate, realStartDate, realEndDate, planWorkload, realWorkload, confirmWorkload, planDuration, realDuration, copRate, devRate, statusId, ownerId, actorId, publisherId, publishDate, auditorId, keyEvent, acceptCriteria, remark, selfEvalId, lastEvalId, preTaskId, milestoneId, parentId, isNode, isShare, isTemplate, changeNum, orderNum, isValid, creatorId, createdTime, modifyId, modifyTime, taskType, baselineData) VALUES ('5c7a5b00-41ae-47db-82c3-58bdd1bba66c', '持续配置状态发布', NULL, NULL, 'f2665bba-fbc6-4ef6-b6d4-61a257f0461b', NULL, NULL, NULL, '2024-08-05 00:00:00', '2024-08-08 00:00:00', NULL, NULL, '0', NULL, NULL, '0', NULL, NULL, NULL, '07698511-fa9f-47e2-9f4c-5fbstatus001', NULL, NULL, NULL, NULL, NULL, NULL, NULL, NULL, NULL, NULL, NULL, NULL, '29f3e3c4-1f18-4c97-a44b-2dd36f5eb0b5', 'N', NULL, 'Y', NULL, '19', 'Y', 'b8ab9427-627b-469f-bfd0-4b1buser0001', '2022-08-08', 'b8ab9427-627b-469f-bfd0-4b1buser0001', '2022-08-08', 'PT', NULL);
INSERT INTO en_tsk(id, name, projectId, deptId, planId, nodeId, typeId, levelId, planStartDate, planEndDate, realStartDate, realEndDate, planWorkload, realWorkload, confirmWorkload, planDuration, realDuration, copRate, devRate, statusId, ownerId, actorId, publisherId, publishDate, auditorId, keyEvent, acceptCriteria, remark, selfEvalId, lastEvalId, preTaskId, milestoneId, parentId, isNode, isShare, isTemplate, changeNum, orderNum, isValid, creatorId, createdTime, modifyId, modifyTime, taskType, baselineData) VALUES ('aa7f1a91-8f43-46f3-8ad3-70e75342037a', '持续收集财务数据', NULL, NULL, 'f2665bba-fbc6-4ef6-b6d4-61a257f0461b', NULL, NULL, NULL, '2024-08-05 00:00:00', '2024-08-08 00:00:00', NULL, NULL, '0', NULL, NULL, '0', NULL, NULL, NULL, '07698511-fa9f-47e2-9f4c-5fbstatus001', NULL, NULL, NULL, NULL, NULL, NULL, NULL, NULL, NULL, NULL, NULL, NULL, '29f3e3c4-1f18-4c97-a44b-2dd36f5eb0b5', 'N', NULL, 'Y', NULL, '20', 'Y', 'b8ab9427-627b-469f-bfd0-4b1buser0001', '2022-08-08', 'b8ab9427-627b-469f-bfd0-4b1buser0001', '2022-08-08', 'PT', NULL);
INSERT INTO en_tsk(id, name, projectId, deptId, planId, nodeId, typeId, levelId, planStartDate, planEndDate, realStartDate, realEndDate, planWorkload, realWorkload, confirmWorkload, planDuration, realDuration, copRate, devRate, statusId, ownerId, actorId, publisherId, publishDate, auditorId, keyEvent, acceptCriteria, remark, selfEvalId, lastEvalId, preTaskId, milestoneId, parentId, isNode, isShare, isTemplate, changeNum, orderNum, isValid, creatorId, createdTime, modifyId, modifyTime, taskType, baselineData) VALUES ('1e9de355-357c-4229-bcc3-3576506a3317', '行业趋势分析', NULL, NULL, 'f2665bba-fbc6-4ef6-b6d4-61a257f0461b', NULL, NULL, NULL, '2024-08-09 00:00:00', '2024-08-12 00:00:00', NULL, NULL, '0', NULL, NULL, '0', NULL, NULL, NULL, '07698511-fa9f-47e2-9f4c-5fbstatus001', NULL, NULL, NULL, NULL, NULL, NULL, NULL, NULL, NULL, NULL, NULL, NULL, '16fb3377-74d9-4ef7-a725-b00604c04d82', 'N', NULL, 'Y', NULL, '21', 'Y', 'b8ab9427-627b-469f-bfd0-4b1buser0001', '2022-08-08', 'b8ab9427-627b-469f-bfd0-4b1buser0001', '2022-08-08', 'PT', NULL);
INSERT INTO en_tsk(id, name, projectId, deptId, planId, nodeId, typeId, levelId, planStartDate, planEndDate, realStartDate, realEndDate, planWorkload, realWorkload, confirmWorkload, planDuration, realDuration, copRate, devRate, statusId, ownerId, actorId, publisherId, publishDate, auditorId, keyEvent, acceptCriteria, remark, selfEvalId, lastEvalId, preTaskId, milestoneId, parentId, isNode, isShare, isTemplate, changeNum, orderNum, isValid, creatorId, createdTime, modifyId, modifyTime, taskType, baselineData) VALUES ('41fff391-8782-4472-906d-606fd8cfcf1d', '收集客户需求', NULL, NULL, 'f2665bba-fbc6-4ef6-b6d4-61a257f0461b', NULL, NULL, NULL, '2024-08-13 00:00:00', '2024-08-15 00:00:00', NULL, NULL, '0', NULL, NULL, '0', NULL, NULL, NULL, '07698511-fa9f-47e2-9f4c-5fbstatus001', NULL, NULL, NULL, NULL, NULL, NULL, NULL, NULL, NULL, NULL, NULL, NULL, '16fb3377-74d9-4ef7-a725-b00604c04d82', 'N', NULL, 'Y', NULL, '22', 'Y', 'b8ab9427-627b-469f-bfd0-4b1buser0001', '2022-08-08', 'b8ab9427-627b-469f-bfd0-4b1buser0001', '2022-08-08', 'PT', NULL);
INSERT INTO en_tsk(id, name, projectId, deptId, planId, nodeId, typeId, levelId, planStartDate, planEndDate, realStartDate, realEndDate, planWorkload, realWorkload, confirmWorkload, planDuration, realDuration, copRate, devRate, statusId, ownerId, actorId, publisherId, publishDate, auditorId, keyEvent, acceptCriteria, remark, selfEvalId, lastEvalId, preTaskId, milestoneId, parentId, isNode, isShare, isTemplate, changeNum, orderNum, isValid, creatorId, createdTime, modifyId, modifyTime, taskType, baselineData) VALUES ('1aefef8c-97df-4bbc-83cd-73c0ab768a1a', '验证客户需求', NULL, NULL, 'f2665bba-fbc6-4ef6-b6d4-61a257f0461b', NULL, NULL, NULL, '2024-08-16 00:00:00', '2024-08-18 00:00:00', NULL, NULL, '0', NULL, NULL, '0', NULL, NULL, NULL, '07698511-fa9f-47e2-9f4c-5fbstatus001', NULL, NULL, NULL, NULL, NULL, NULL, NULL, NULL, NULL, NULL, NULL, NULL, '16fb3377-74d9-4ef7-a725-b00604c04d82', 'N', NULL, 'Y', NULL, '23', 'Y', 'b8ab9427-627b-469f-bfd0-4b1buser0001', '2022-08-08', 'b8ab9427-627b-469f-bfd0-4b1buser0001', '2022-08-08', 'PT', NULL);
INSERT INTO en_tsk(id, name, projectId, deptId, planId, nodeId, typeId, levelId, planStartDate, planEndDate, realStartDate, realEndDate, planWorkload, realWorkload, confirmWorkload, planDuration, realDuration, copRate, devRate, statusId, ownerId, actorId, publisherId, publishDate, auditorId, keyEvent, acceptCriteria, remark, selfEvalId, lastEvalId, preTaskId, milestoneId, parentId, isNode, isShare, isTemplate, changeNum, orderNum, isValid, creatorId, createdTime, modifyId, modifyTime, taskType, baselineData) VALUES ('20c9bf2e-3104-497a-9385-a6c3c400fc79', '项目知识产权分析', NULL, NULL, 'f2665bba-fbc6-4ef6-b6d4-61a257f0461b', NULL, NULL, NULL, '2024-08-19 00:00:00', '2024-08-21 00:00:00', NULL, NULL, '0', NULL, NULL, '0', NULL, NULL, NULL, '07698511-fa9f-47e2-9f4c-5fbstatus001', NULL, NULL, NULL, NULL, NULL, NULL, NULL, NULL, NULL, NULL, NULL, NULL, '16fb3377-74d9-4ef7-a725-b00604c04d82', 'N', NULL, 'Y', NULL, '24', 'Y', 'b8ab9427-627b-469f-bfd0-4b1buser0001', '2022-08-08', 'b8ab9427-627b-469f-bfd0-4b1buser0001', '2022-08-08', 'PT', NULL);
INSERT INTO en_tsk(id, name, projectId, deptId, planId, nodeId, typeId, levelId, planStartDate, planEndDate, realStartDate, realEndDate, planWorkload, realWorkload, confirmWorkload, planDuration, realDuration, copRate, devRate, statusId, ownerId, actorId, publisherId, publishDate, auditorId, keyEvent, acceptCriteria, remark, selfEvalId, lastEvalId, preTaskId, milestoneId, parentId, isNode, isShare, isTemplate, changeNum, orderNum, isValid, creatorId, createdTime, modifyId, modifyTime, taskType, baselineData) VALUES ('4f72000e-3be8-4ca5-a00c-61e7ed39a270', '项目智力资产分析', NULL, NULL, 'f2665bba-fbc6-4ef6-b6d4-61a257f0461b', NULL, NULL, NULL, '2024-08-22 00:00:00', '2024-08-24 00:00:00', NULL, NULL, '0', NULL, NULL, '0', NULL, NULL, NULL, '07698511-fa9f-47e2-9f4c-5fbstatus001', NULL, NULL, NULL, NULL, NULL, NULL, NULL, NULL, NULL, NULL, NULL, NULL, '16fb3377-74d9-4ef7-a725-b00604c04d82', 'N', NULL, 'Y', NULL, '25', 'Y', 'b8ab9427-627b-469f-bfd0-4b1buser0001', '2022-08-08', 'b8ab9427-627b-469f-bfd0-4b1buser0001', '2022-08-08', 'PT', NULL);
INSERT INTO en_tsk(id, name, projectId, deptId, planId, nodeId, typeId, levelId, planStartDate, planEndDate, realStartDate, realEndDate, planWorkload, realWorkload, confirmWorkload, planDuration, realDuration, copRate, devRate, statusId, ownerId, actorId, publisherId, publishDate, auditorId, keyEvent, acceptCriteria, remark, selfEvalId, lastEvalId, preTaskId, milestoneId, parentId, isNode, isShare, isTemplate, changeNum, orderNum, isValid, creatorId, createdTime, modifyId, modifyTime, taskType, baselineData) VALUES ('35979684-4eb4-4c8f-91eb-914b183c9e4c', '分析技术备选方案', NULL, NULL, 'f2665bba-fbc6-4ef6-b6d4-61a257f0461b', NULL, NULL, NULL, '2024-08-26 00:00:00', '2024-08-27 00:00:00', NULL, NULL, '0', NULL, NULL, '0', NULL, NULL, NULL, '07698511-fa9f-47e2-9f4c-5fbstatus001', NULL, NULL, NULL, NULL, NULL, NULL, NULL, NULL, NULL, NULL, NULL, NULL, '16fb3377-74d9-4ef7-a725-b00604c04d82', 'N', NULL, 'Y', NULL, '26', 'Y', 'b8ab9427-627b-469f-bfd0-4b1buser0001', '2022-08-08', 'b8ab9427-627b-469f-bfd0-4b1buser0001', '2022-08-08', 'PT', NULL);
INSERT INTO en_tsk(id, name, projectId, deptId, planId, nodeId, typeId, levelId, planStartDate, planEndDate, realStartDate, realEndDate, planWorkload, realWorkload, confirmWorkload, planDuration, realDuration, copRate, devRate, statusId, ownerId, actorId, publisherId, publishDate, auditorId, keyEvent, acceptCriteria, remark, selfEvalId, lastEvalId, preTaskId, milestoneId, parentId, isNode, isShare, isTemplate, changeNum, orderNum, isValid, creatorId, createdTime, modifyId, modifyTime, taskType, baselineData) VALUES ('31f6c725-d8cf-4ae0-a980-bf8287550e93', '明确软件保护需求', NULL, NULL, 'f2665bba-fbc6-4ef6-b6d4-61a257f0461b', NULL, NULL, NULL, '2024-08-28 00:00:00', '2024-08-30 00:00:00', NULL, NULL, '0', NULL, NULL, '0', NULL, NULL, NULL, '07698511-fa9f-47e2-9f4c-5fbstatus001', NULL, NULL, NULL, NULL, NULL, NULL, NULL, NULL, NULL, NULL, NULL, NULL, '16fb3377-74d9-4ef7-a725-b00604c04d82', 'N', NULL, 'Y', NULL, '27', 'Y', 'b8ab9427-627b-469f-bfd0-4b1buser0001', '2022-08-08', 'b8ab9427-627b-469f-bfd0-4b1buser0001', '2022-08-08', 'PT', NULL);
INSERT INTO en_tsk(id, name, projectId, deptId, planId, nodeId, typeId, levelId, planStartDate, planEndDate, realStartDate, realEndDate, planWorkload, realWorkload, confirmWorkload, planDuration, realDuration, copRate, devRate, statusId, ownerId, actorId, publisherId, publishDate, auditorId, keyEvent, acceptCriteria, remark, selfEvalId, lastEvalId, preTaskId, milestoneId, parentId, isNode, isShare, isTemplate, changeNum, orderNum, isValid, creatorId, createdTime, modifyId, modifyTime, taskType, baselineData) VALUES ('a2b59f8a-b598-4c33-8450-1f5d1519a20f', '明确可服务性需求', NULL, NULL, 'f2665bba-fbc6-4ef6-b6d4-61a257f0461b', NULL, NULL, NULL, '2024-08-31 00:00:00', '2024-09-02 00:00:00', NULL, NULL, '0', NULL, NULL, '0', NULL, NULL, NULL, '07698511-fa9f-47e2-9f4c-5fbstatus001', NULL, NULL, NULL, NULL, NULL, NULL, NULL, NULL, NULL, NULL, NULL, NULL, '16fb3377-74d9-4ef7-a725-b00604c04d82', 'N', NULL, 'Y', NULL, '28', 'Y', 'b8ab9427-627b-469f-bfd0-4b1buser0001', '2022-08-08', 'b8ab9427-627b-469f-bfd0-4b1buser0001', '2022-08-08', 'PT', NULL);
INSERT INTO en_tsk(id, name, projectId, deptId, planId, nodeId, typeId, levelId, planStartDate, planEndDate, realStartDate, realEndDate, planWorkload, realWorkload, confirmWorkload, planDuration, realDuration, copRate, devRate, statusId, ownerId, actorId, publisherId, publishDate, auditorId, keyEvent, acceptCriteria, remark, selfEvalId, lastEvalId, preTaskId, milestoneId, parentId, isNode, isShare, isTemplate, changeNum, orderNum, isValid, creatorId, createdTime, modifyId, modifyTime, taskType, baselineData) VALUES ('48a4282a-1649-45d3-bd0b-8de555a5d604', '明确资料开发需求', NULL, NULL, 'f2665bba-fbc6-4ef6-b6d4-61a257f0461b', NULL, NULL, NULL, '2024-09-02 00:00:00', '2024-09-04 00:00:00', NULL, NULL, '0', NULL, NULL, '0', NULL, NULL, NULL, '07698511-fa9f-47e2-9f4c-5fbstatus001', NULL, NULL, NULL, NULL, NULL, NULL, NULL, NULL, NULL, NULL, NULL, NULL, '16fb3377-74d9-4ef7-a725-b00604c04d82', 'N', NULL, 'Y', NULL, '29', 'Y', 'b8ab9427-627b-469f-bfd0-4b1buser0001', '2022-08-08', 'b8ab9427-627b-469f-bfd0-4b1buser0001', '2022-08-08', 'PT', NULL);
INSERT INTO en_tsk(id, name, projectId, deptId, planId, nodeId, typeId, levelId, planStartDate, planEndDate, realStartDate, realEndDate, planWorkload, realWorkload, confirmWorkload, planDuration, realDuration, copRate, devRate, statusId, ownerId, actorId, publisherId, publishDate, auditorId, keyEvent, acceptCriteria, remark, selfEvalId, lastEvalId, preTaskId, milestoneId, parentId, isNode, isShare, isTemplate, changeNum, orderNum, isValid, creatorId, createdTime, modifyId, modifyTime, taskType, baselineData) VALUES ('d5153c29-f8b2-4dd5-9bfb-fb1718c5b916', '明确可测试性需求', NULL, NULL, 'f2665bba-fbc6-4ef6-b6d4-61a257f0461b', NULL, NULL, NULL, '2024-09-02 00:00:00', '2024-09-04 00:00:00', NULL, NULL, '0', NULL, NULL, '0', NULL, NULL, NULL, '07698511-fa9f-47e2-9f4c-5fbstatus001', NULL, NULL, NULL, NULL, NULL, NULL, NULL, NULL, NULL, NULL, NULL, NULL, '16fb3377-74d9-4ef7-a725-b00604c04d82', 'N', NULL, 'Y', NULL, '30', 'Y', 'b8ab9427-627b-469f-bfd0-4b1buser0001', '2022-08-08', 'b8ab9427-627b-469f-bfd0-4b1buser0001', '2022-08-08', 'PT', NULL);
INSERT INTO en_tsk(id, name, projectId, deptId, planId, nodeId, typeId, levelId, planStartDate, planEndDate, realStartDate, realEndDate, planWorkload, realWorkload, confirmWorkload, planDuration, realDuration, copRate, devRate, statusId, ownerId, actorId, publisherId, publishDate, auditorId, keyEvent, acceptCriteria, remark, selfEvalId, lastEvalId, preTaskId, milestoneId, parentId, isNode, isShare, isTemplate, changeNum, orderNum, isValid, creatorId, createdTime, modifyId, modifyTime, taskType, baselineData) VALUES ('80e763fd-0479-4814-b7c4-981919f3a8dc', '准备制定商业计划', NULL, NULL, 'f2665bba-fbc6-4ef6-b6d4-61a257f0461b', NULL, NULL, NULL, '2024-09-05 00:00:00', '2024-09-07 00:00:00', NULL, NULL, '0', NULL, NULL, '0', NULL, NULL, NULL, '07698511-fa9f-47e2-9f4c-5fbstatus001', NULL, NULL, NULL, NULL, NULL, NULL, NULL, NULL, NULL, NULL, NULL, NULL, '16fb3377-74d9-4ef7-a725-b00604c04d82', 'N', NULL, 'Y', NULL, '31', 'Y', 'b8ab9427-627b-469f-bfd0-4b1buser0001', '2022-08-08', 'b8ab9427-627b-469f-bfd0-4b1buser0001', '2022-08-08', 'PT', NULL);
INSERT INTO en_tsk(id, name, projectId, deptId, planId, nodeId, typeId, levelId, planStartDate, planEndDate, realStartDate, realEndDate, planWorkload, realWorkload, confirmWorkload, planDuration, realDuration, copRate, devRate, statusId, ownerId, actorId, publisherId, publishDate, auditorId, keyEvent, acceptCriteria, remark, selfEvalId, lastEvalId, preTaskId, milestoneId, parentId, isNode, isShare, isTemplate, changeNum, orderNum, isValid, creatorId, createdTime, modifyId, modifyTime, taskType, baselineData) VALUES ('5ee7549c-9201-49e0-8b26-6d2bcf11e50d', '定义产品包需求', NULL, NULL, 'f2665bba-fbc6-4ef6-b6d4-61a257f0461b', NULL, NULL, NULL, '2024-09-09 00:00:00', '2024-09-09 00:00:00', NULL, NULL, '0', NULL, NULL, '0', NULL, NULL, NULL, '07698511-fa9f-47e2-9f4c-5fbstatus001', NULL, NULL, NULL, NULL, NULL, NULL, NULL, NULL, NULL, NULL, NULL, NULL, '16fb3377-74d9-4ef7-a725-b00604c04d82', 'N', NULL, 'Y', NULL, '32', 'Y', 'b8ab9427-627b-469f-bfd0-4b1buser0001', '2022-08-08', 'b8ab9427-627b-469f-bfd0-4b1buser0001', '2022-08-08', 'PT', NULL);
INSERT INTO en_tsk(id, name, projectId, deptId, planId, nodeId, typeId, levelId, planStartDate, planEndDate, realStartDate, realEndDate, planWorkload, realWorkload, confirmWorkload, planDuration, realDuration, copRate, devRate, statusId, ownerId, actorId, publisherId, publishDate, auditorId, keyEvent, acceptCriteria, remark, selfEvalId, lastEvalId, preTaskId, milestoneId, parentId, isNode, isShare, isTemplate, changeNum, orderNum, isValid, creatorId, createdTime, modifyId, modifyTime, taskType, baselineData) VALUES ('28102378-e559-400f-9d83-aa6509fa761d', '产品包需求评审', NULL, NULL, 'f2665bba-fbc6-4ef6-b6d4-61a257f0461b', NULL, NULL, NULL, '2024-09-10 00:00:00', '2024-09-12 00:00:00', NULL, NULL, '0', NULL, NULL, '0', NULL, NULL, NULL, '07698511-fa9f-47e2-9f4c-5fbstatus001', NULL, NULL, NULL, NULL, NULL, NULL, NULL, NULL, NULL, NULL, NULL, NULL, '16fb3377-74d9-4ef7-a725-b00604c04d82', 'Y', NULL, 'Y', NULL, '33', 'Y', 'b8ab9427-627b-469f-bfd0-4b1buser0001', '2022-08-08', 'b8ab9427-627b-469f-bfd0-4b1buser0001', '2022-08-08', 'PT', NULL);
INSERT INTO en_tsk(id, name, projectId, deptId, planId, nodeId, typeId, levelId, planStartDate, planEndDate, realStartDate, realEndDate, planWorkload, realWorkload, confirmWorkload, planDuration, realDuration, copRate, devRate, statusId, ownerId, actorId, publisherId, publishDate, auditorId, keyEvent, acceptCriteria, remark, selfEvalId, lastEvalId, preTaskId, milestoneId, parentId, isNode, isShare, isTemplate, changeNum, orderNum, isValid, creatorId, createdTime, modifyId, modifyTime, taskType, baselineData) VALUES ('59ffd1ad-6ddd-408b-be17-0e2b24f2e255', '产品包需求评审', NULL, NULL, 'f2665bba-fbc6-4ef6-b6d4-61a257f0461b', NULL, NULL, NULL, '2024-09-10 00:00:00', '2024-09-12 00:00:00', NULL, NULL, '0', NULL, NULL, '0', NULL, NULL, NULL, '07698511-fa9f-47e2-9f4c-5fbstatus001', NULL, NULL, NULL, NULL, NULL, NULL, NULL, '系统工程师主导产品包需求评审\n项目经理组织产品包需求评审\n质量保证员监督产品包需求评审', NULL, NULL, NULL, NULL, '28102378-e559-400f-9d83-aa6509fa761d', 'N', NULL, 'Y', NULL, '34', 'Y', 'b8ab9427-627b-469f-bfd0-4b1buser0001', '2022-08-08', 'b8ab9427-627b-469f-bfd0-4b1buser0001', '2022-08-08', 'PT', NULL);
INSERT INTO en_tsk(id, name, projectId, deptId, planId, nodeId, typeId, levelId, planStartDate, planEndDate, realStartDate, realEndDate, planWorkload, realWorkload, confirmWorkload, planDuration, realDuration, copRate, devRate, statusId, ownerId, actorId, publisherId, publishDate, auditorId, keyEvent, acceptCriteria, remark, selfEvalId, lastEvalId, preTaskId, milestoneId, parentId, isNode, isShare, isTemplate, changeNum, orderNum, isValid, creatorId, createdTime, modifyId, modifyTime, taskType, baselineData) VALUES ('efd16c2b-84f3-4405-b598-0bde01e964de', '产品包需求基线化', NULL, NULL, 'f2665bba-fbc6-4ef6-b6d4-61a257f0461b', NULL, NULL, NULL, '2024-09-10 00:00:00', '2024-09-12 00:00:00', NULL, NULL, '0', NULL, NULL, '0', NULL, NULL, NULL, '07698511-fa9f-47e2-9f4c-5fbstatus001', NULL, NULL, NULL, NULL, NULL, NULL, NULL, NULL, NULL, NULL, NULL, NULL, '28102378-e559-400f-9d83-aa6509fa761d', 'N', NULL, 'Y', NULL, '35', 'Y', 'b8ab9427-627b-469f-bfd0-4b1buser0001', '2022-08-08', 'b8ab9427-627b-469f-bfd0-4b1buser0001', '2022-08-08', 'PT', NULL);
INSERT INTO en_tsk(id, name, projectId, deptId, planId, nodeId, typeId, levelId, planStartDate, planEndDate, realStartDate, realEndDate, planWorkload, realWorkload, confirmWorkload, planDuration, realDuration, copRate, devRate, statusId, ownerId, actorId, publisherId, publishDate, auditorId, keyEvent, acceptCriteria, remark, selfEvalId, lastEvalId, preTaskId, milestoneId, parentId, isNode, isShare, isTemplate, changeNum, orderNum, isValid, creatorId, createdTime, modifyId, modifyTime, taskType, baselineData) VALUES ('ee95c883-38c9-43ae-9da5-da87c4ecdc29', '基线审计', NULL, NULL, 'f2665bba-fbc6-4ef6-b6d4-61a257f0461b', NULL, NULL, NULL, '2024-09-10 00:00:00', '2024-09-12 00:00:00', NULL, NULL, '0', NULL, NULL, '0', NULL, NULL, NULL, '07698511-fa9f-47e2-9f4c-5fbstatus001', NULL, NULL, NULL, NULL, NULL, NULL, NULL, NULL, NULL, NULL, NULL, NULL, '28102378-e559-400f-9d83-aa6509fa761d', 'N', NULL, 'Y', NULL, '36', 'Y', 'b8ab9427-627b-469f-bfd0-4b1buser0001', '2022-08-08', 'b8ab9427-627b-469f-bfd0-4b1buser0001', '2022-08-08', 'PT', NULL);
INSERT INTO en_tsk(id, name, projectId, deptId, planId, nodeId, typeId, levelId, planStartDate, planEndDate, realStartDate, realEndDate, planWorkload, realWorkload, confirmWorkload, planDuration, realDuration, copRate, devRate, statusId, ownerId, actorId, publisherId, publishDate, auditorId, keyEvent, acceptCriteria, remark, selfEvalId, lastEvalId, preTaskId, milestoneId, parentId, isNode, isShare, isTemplate, changeNum, orderNum, isValid, creatorId, createdTime, modifyId, modifyTime, taskType, baselineData) VALUES ('6c9b88c3-1978-4eaa-9503-75b668f22851', '持续监控管理需求更改', NULL, NULL, 'f2665bba-fbc6-4ef6-b6d4-61a257f0461b', NULL, NULL, NULL, '2024-09-10 00:00:00', '2024-09-12 00:00:00', NULL, NULL, '0', NULL, NULL, '0', NULL, NULL, NULL, '07698511-fa9f-47e2-9f4c-5fbstatus001', NULL, NULL, NULL, NULL, NULL, NULL, NULL, NULL, NULL, NULL, NULL, NULL, '28102378-e559-400f-9d83-aa6509fa761d', 'N', NULL, 'Y', NULL, '37', 'Y', 'b8ab9427-627b-469f-bfd0-4b1buser0001', '2022-08-08', 'b8ab9427-627b-469f-bfd0-4b1buser0001', '2022-08-08', 'PT', NULL);
INSERT INTO en_tsk(id, name, projectId, deptId, planId, nodeId, typeId, levelId, planStartDate, planEndDate, realStartDate, realEndDate, planWorkload, realWorkload, confirmWorkload, planDuration, realDuration, copRate, devRate, statusId, ownerId, actorId, publisherId, publishDate, auditorId, keyEvent, acceptCriteria, remark, selfEvalId, lastEvalId, preTaskId, milestoneId, parentId, isNode, isShare, isTemplate, changeNum, orderNum, isValid, creatorId, createdTime, modifyId, modifyTime, taskType, baselineData) VALUES ('60058935-0e4b-4b16-b4ff-4cc787b4cf80', '制定商业计划', NULL, NULL, 'f2665bba-fbc6-4ef6-b6d4-61a257f0461b', NULL, NULL, NULL, '2024-09-13 00:00:00', '2024-09-24 00:00:00', NULL, NULL, '0', NULL, NULL, '0', NULL, NULL, NULL, '07698511-fa9f-47e2-9f4c-5fbstatus001', NULL, NULL, NULL, NULL, NULL, NULL, NULL, NULL, NULL, NULL, NULL, NULL, '16fb3377-74d9-4ef7-a725-b00604c04d82', 'Y', NULL, 'Y', NULL, '38', 'Y', 'b8ab9427-627b-469f-bfd0-4b1buser0001', '2022-08-08', 'b8ab9427-627b-469f-bfd0-4b1buser0001', '2022-08-08', 'PT', NULL);
INSERT INTO en_tsk(id, name, projectId, deptId, planId, nodeId, typeId, levelId, planStartDate, planEndDate, realStartDate, realEndDate, planWorkload, realWorkload, confirmWorkload, planDuration, realDuration, copRate, devRate, statusId, ownerId, actorId, publisherId, publishDate, auditorId, keyEvent, acceptCriteria, remark, selfEvalId, lastEvalId, preTaskId, milestoneId, parentId, isNode, isShare, isTemplate, changeNum, orderNum, isValid, creatorId, createdTime, modifyId, modifyTime, taskType, baselineData) VALUES ('4f54955d-4280-4c56-915f-2714264d89f1', '更新采购清单', NULL, NULL, 'f2665bba-fbc6-4ef6-b6d4-61a257f0461b', NULL, NULL, NULL, '2024-09-13 00:00:00', '2024-09-16 00:00:00', NULL, NULL, '0', NULL, NULL, '0', NULL, NULL, NULL, '07698511-fa9f-47e2-9f4c-5fbstatus001', NULL, NULL, NULL, NULL, NULL, NULL, NULL, NULL, NULL, NULL, NULL, NULL, '60058935-0e4b-4b16-b4ff-4cc787b4cf80', 'N', NULL, 'Y', NULL, '39', 'Y', 'b8ab9427-627b-469f-bfd0-4b1buser0001', '2022-08-08', 'b8ab9427-627b-469f-bfd0-4b1buser0001', '2022-08-08', 'PT', NULL);
INSERT INTO en_tsk(id, name, projectId, deptId, planId, nodeId, typeId, levelId, planStartDate, planEndDate, realStartDate, realEndDate, planWorkload, realWorkload, confirmWorkload, planDuration, realDuration, copRate, devRate, statusId, ownerId, actorId, publisherId, publishDate, auditorId, keyEvent, acceptCriteria, remark, selfEvalId, lastEvalId, preTaskId, milestoneId, parentId, isNode, isShare, isTemplate, changeNum, orderNum, isValid, creatorId, createdTime, modifyId, modifyTime, taskType, baselineData) VALUES ('d14e2b3e-f4fb-4eea-91db-74a8ee93b44c', '制定软件保护策略', NULL, NULL, 'f2665bba-fbc6-4ef6-b6d4-61a257f0461b', NULL, NULL, NULL, '2024-09-13 00:00:00', '2024-09-16 00:00:00', NULL, NULL, '0', NULL, NULL, '0', NULL, NULL, NULL, '07698511-fa9f-47e2-9f4c-5fbstatus001', NULL, NULL, NULL, NULL, NULL, NULL, NULL, NULL, NULL, NULL, NULL, NULL, '60058935-0e4b-4b16-b4ff-4cc787b4cf80', 'N', NULL, 'Y', NULL, '40', 'Y', 'b8ab9427-627b-469f-bfd0-4b1buser0001', '2022-08-08', 'b8ab9427-627b-469f-bfd0-4b1buser0001', '2022-08-08', 'PT', NULL);
INSERT INTO en_tsk(id, name, projectId, deptId, planId, nodeId, typeId, levelId, planStartDate, planEndDate, realStartDate, realEndDate, planWorkload, realWorkload, confirmWorkload, planDuration, realDuration, copRate, devRate, statusId, ownerId, actorId, publisherId, publishDate, auditorId, keyEvent, acceptCriteria, remark, selfEvalId, lastEvalId, preTaskId, milestoneId, parentId, isNode, isShare, isTemplate, changeNum, orderNum, isValid, creatorId, createdTime, modifyId, modifyTime, taskType, baselineData) VALUES ('115ae87e-2978-4809-98e8-13bec2c351f1', '制定市场策略', NULL, NULL, 'f2665bba-fbc6-4ef6-b6d4-61a257f0461b', NULL, NULL, NULL, '2024-09-16 00:00:00', '2024-09-17 00:00:00', NULL, NULL, '0', NULL, NULL, '0', NULL, NULL, NULL, '07698511-fa9f-47e2-9f4c-5fbstatus001', NULL, NULL, NULL, NULL, NULL, NULL, NULL, NULL, NULL, NULL, NULL, NULL, '60058935-0e4b-4b16-b4ff-4cc787b4cf80', 'N', NULL, 'Y', NULL, '41', 'Y', 'b8ab9427-627b-469f-bfd0-4b1buser0001', '2022-08-08', 'b8ab9427-627b-469f-bfd0-4b1buser0001', '2022-08-08', 'PT', NULL);
INSERT INTO en_tsk(id, name, projectId, deptId, planId, nodeId, typeId, levelId, planStartDate, planEndDate, realStartDate, realEndDate, planWorkload, realWorkload, confirmWorkload, planDuration, realDuration, copRate, devRate, statusId, ownerId, actorId, publisherId, publishDate, auditorId, keyEvent, acceptCriteria, remark, selfEvalId, lastEvalId, preTaskId, milestoneId, parentId, isNode, isShare, isTemplate, changeNum, orderNum, isValid, creatorId, createdTime, modifyId, modifyTime, taskType, baselineData) VALUES ('c5c8fdcd-9ebf-4bd0-bd9d-e70da6df3e12', '制定服务策略', NULL, NULL, 'f2665bba-fbc6-4ef6-b6d4-61a257f0461b', NULL, NULL, NULL, '2024-09-18 00:00:00', '2024-09-18 00:00:00', NULL, NULL, '0', NULL, NULL, '0', NULL, NULL, NULL, '07698511-fa9f-47e2-9f4c-5fbstatus001', NULL, NULL, NULL, NULL, NULL, NULL, NULL, NULL, NULL, NULL, NULL, NULL, '60058935-0e4b-4b16-b4ff-4cc787b4cf80', 'N', NULL, 'Y', NULL, '42', 'Y', 'b8ab9427-627b-469f-bfd0-4b1buser0001', '2022-08-08', 'b8ab9427-627b-469f-bfd0-4b1buser0001', '2022-08-08', 'PT', NULL);
INSERT INTO en_tsk(id, name, projectId, deptId, planId, nodeId, typeId, levelId, planStartDate, planEndDate, realStartDate, realEndDate, planWorkload, realWorkload, confirmWorkload, planDuration, realDuration, copRate, devRate, statusId, ownerId, actorId, publisherId, publishDate, auditorId, keyEvent, acceptCriteria, remark, selfEvalId, lastEvalId, preTaskId, milestoneId, parentId, isNode, isShare, isTemplate, changeNum, orderNum, isValid, creatorId, createdTime, modifyId, modifyTime, taskType, baselineData) VALUES ('6fb06285-0114-4dd1-9bb3-0580de10c2df', '初步财务评估', NULL, NULL, 'f2665bba-fbc6-4ef6-b6d4-61a257f0461b', NULL, NULL, NULL, '2024-09-19 00:00:00', '2024-09-20 00:00:00', NULL, NULL, '0', NULL, NULL, '0', NULL, NULL, NULL, '07698511-fa9f-47e2-9f4c-5fbstatus001', NULL, NULL, NULL, NULL, NULL, NULL, NULL, NULL, NULL, NULL, NULL, NULL, '60058935-0e4b-4b16-b4ff-4cc787b4cf80', 'N', NULL, 'Y', NULL, '43', 'Y', 'b8ab9427-627b-469f-bfd0-4b1buser0001', '2022-08-08', 'b8ab9427-627b-469f-bfd0-4b1buser0001', '2022-08-08', 'PT', NULL);
INSERT INTO en_tsk(id, name, projectId, deptId, planId, nodeId, typeId, levelId, planStartDate, planEndDate, realStartDate, realEndDate, planWorkload, realWorkload, confirmWorkload, planDuration, realDuration, copRate, devRate, statusId, ownerId, actorId, publisherId, publishDate, auditorId, keyEvent, acceptCriteria, remark, selfEvalId, lastEvalId, preTaskId, milestoneId, parentId, isNode, isShare, isTemplate, changeNum, orderNum, isValid, creatorId, createdTime, modifyId, modifyTime, taskType, baselineData) VALUES ('3f974f13-2ca3-4173-99d8-0a7ebfda79d8', '制定资料开发策略', NULL, NULL, 'f2665bba-fbc6-4ef6-b6d4-61a257f0461b', NULL, NULL, NULL, '2024-09-21 00:00:00', '2024-09-21 00:00:00', NULL, NULL, '0', NULL, NULL, '0', NULL, NULL, NULL, '07698511-fa9f-47e2-9f4c-5fbstatus001', NULL, NULL, NULL, NULL, NULL, NULL, NULL, NULL, NULL, NULL, NULL, NULL, '60058935-0e4b-4b16-b4ff-4cc787b4cf80', 'N', NULL, 'Y', NULL, '44', 'Y', 'b8ab9427-627b-469f-bfd0-4b1buser0001', '2022-08-08', 'b8ab9427-627b-469f-bfd0-4b1buser0001', '2022-08-08', 'PT', NULL);
INSERT INTO en_tsk(id, name, projectId, deptId, planId, nodeId, typeId, levelId, planStartDate, planEndDate, realStartDate, realEndDate, planWorkload, realWorkload, confirmWorkload, planDuration, realDuration, copRate, devRate, statusId, ownerId, actorId, publisherId, publishDate, auditorId, keyEvent, acceptCriteria, remark, selfEvalId, lastEvalId, preTaskId, milestoneId, parentId, isNode, isShare, isTemplate, changeNum, orderNum, isValid, creatorId, createdTime, modifyId, modifyTime, taskType, baselineData) VALUES ('8939a877-606b-4d7a-a478-c3ebf13ab268', '制定商业计划', NULL, NULL, 'f2665bba-fbc6-4ef6-b6d4-61a257f0461b', NULL, NULL, NULL, '2024-09-22 00:00:00', '2024-09-24 00:00:00', NULL, NULL, '0', NULL, NULL, '0', NULL, NULL, NULL, '07698511-fa9f-47e2-9f4c-5fbstatus001', NULL, NULL, NULL, NULL, NULL, NULL, NULL, NULL, NULL, NULL, NULL, NULL, '60058935-0e4b-4b16-b4ff-4cc787b4cf80', 'N', NULL, 'Y', NULL, '45', 'Y', 'b8ab9427-627b-469f-bfd0-4b1buser0001', '2022-08-08', 'b8ab9427-627b-469f-bfd0-4b1buser0001', '2022-08-08', 'PT', NULL);
INSERT INTO en_tsk(id, name, projectId, deptId, planId, nodeId, typeId, levelId, planStartDate, planEndDate, realStartDate, realEndDate, planWorkload, realWorkload, confirmWorkload, planDuration, realDuration, copRate, devRate, statusId, ownerId, actorId, publisherId, publishDate, auditorId, keyEvent, acceptCriteria, remark, selfEvalId, lastEvalId, preTaskId, milestoneId, parentId, isNode, isShare, isTemplate, changeNum, orderNum, isValid, creatorId, createdTime, modifyId, modifyTime, taskType, baselineData) VALUES ('8030c867-14cd-4da1-a1f2-a444fd576b17', '制定项目总体进度计划', NULL, NULL, 'f2665bba-fbc6-4ef6-b6d4-61a257f0461b', NULL, NULL, NULL, '2024-09-25 00:00:00', '2024-09-26 00:00:00', NULL, NULL, '0', NULL, NULL, '0', NULL, NULL, NULL, '07698511-fa9f-47e2-9f4c-5fbstatus001', NULL, NULL, NULL, NULL, NULL, NULL, NULL, NULL, NULL, NULL, NULL, NULL, '16fb3377-74d9-4ef7-a725-b00604c04d82', 'N', NULL, 'Y', NULL, '46', 'Y', 'b8ab9427-627b-469f-bfd0-4b1buser0001', '2022-08-08', 'b8ab9427-627b-469f-bfd0-4b1buser0001', '2022-08-08', 'PT', NULL);
INSERT INTO en_tsk(id, name, projectId, deptId, planId, nodeId, typeId, levelId, planStartDate, planEndDate, realStartDate, realEndDate, planWorkload, realWorkload, confirmWorkload, planDuration, realDuration, copRate, devRate, statusId, ownerId, actorId, publisherId, publishDate, auditorId, keyEvent, acceptCriteria, remark, selfEvalId, lastEvalId, preTaskId, milestoneId, parentId, isNode, isShare, isTemplate, changeNum, orderNum, isValid, creatorId, createdTime, modifyId, modifyTime, taskType, baselineData) VALUES ('84d9d8a4-3ffe-47e7-91c1-96b1db29dbae', '概念决策', NULL, NULL, 'f2665bba-fbc6-4ef6-b6d4-61a257f0461b', NULL, NULL, NULL, '2024-09-27 00:00:00', '2024-09-27 00:00:00', NULL, NULL, '0', NULL, NULL, '0', NULL, NULL, NULL, '07698511-fa9f-47e2-9f4c-5fbstatus001', NULL, NULL, NULL, NULL, NULL, NULL, NULL, NULL, NULL, NULL, NULL, NULL, '16fb3377-74d9-4ef7-a725-b00604c04d82', 'N', NULL, 'Y', NULL, '47', 'Y', 'b8ab9427-627b-469f-bfd0-4b1buser0001', '2022-08-08', 'b8ab9427-627b-469f-bfd0-4b1buser0001', '2022-08-08', 'PT', NULL);
INSERT INTO en_tsk(id, name, projectId, deptId, planId, nodeId, typeId, levelId, planStartDate, planEndDate, realStartDate, realEndDate, planWorkload, realWorkload, confirmWorkload, planDuration, realDuration, copRate, devRate, statusId, ownerId, actorId, publisherId, publishDate, auditorId, keyEvent, acceptCriteria, remark, selfEvalId, lastEvalId, preTaskId, milestoneId, parentId, isNode, isShare, isTemplate, changeNum, orderNum, isValid, creatorId, createdTime, modifyId, modifyTime, taskType, baselineData) VALUES ('5218c274-2571-4efc-9a0b-0b34ad2adfc6', '概念阶段项目经验总结', NULL, NULL, 'f2665bba-fbc6-4ef6-b6d4-61a257f0461b', NULL, NULL, NULL, '2024-09-28 00:00:00', '2024-09-28 00:00:00', NULL, NULL, '0', NULL, NULL, '0', NULL, NULL, NULL, '07698511-fa9f-47e2-9f4c-5fbstatus001', NULL, NULL, NULL, NULL, NULL, NULL, NULL, NULL, NULL, NULL, NULL, NULL, '16fb3377-74d9-4ef7-a725-b00604c04d82', 'N', NULL, 'Y', NULL, '48', 'Y', 'b8ab9427-627b-469f-bfd0-4b1buser0001', '2022-08-08', 'b8ab9427-627b-469f-bfd0-4b1buser0001', '2022-08-08', 'PT', NULL);
INSERT INTO en_tsk(id, name, projectId, deptId, planId, nodeId, typeId, levelId, planStartDate, planEndDate, realStartDate, realEndDate, planWorkload, realWorkload, confirmWorkload, planDuration, realDuration, copRate, devRate, statusId, ownerId, actorId, publisherId, publishDate, auditorId, keyEvent, acceptCriteria, remark, selfEvalId, lastEvalId, preTaskId, milestoneId, parentId, isNode, isShare, isTemplate, changeNum, orderNum, isValid, creatorId, createdTime, modifyId, modifyTime, taskType, baselineData) VALUES ('e6db4718-d7e4-490b-b495-b1d68888e469', '更新项目环境', NULL, NULL, 'f2665bba-fbc6-4ef6-b6d4-61a257f0461b', NULL, NULL, NULL, '2024-09-30 00:00:00', '2024-09-30 00:00:00', NULL, NULL, '0', NULL, NULL, '0', NULL, NULL, NULL, '07698511-fa9f-47e2-9f4c-5fbstatus001', NULL, NULL, NULL, NULL, NULL, NULL, NULL, NULL, NULL, NULL, NULL, NULL, '16fb3377-74d9-4ef7-a725-b00604c04d82', 'N', NULL, 'Y', NULL, '49', 'Y', 'b8ab9427-627b-469f-bfd0-4b1buser0001', '2022-08-08', 'b8ab9427-627b-469f-bfd0-4b1buser0001', '2022-08-08', 'PT', NULL);
INSERT INTO en_tsk(id, name, projectId, deptId, planId, nodeId, typeId, levelId, planStartDate, planEndDate, realStartDate, realEndDate, planWorkload, realWorkload, confirmWorkload, planDuration, realDuration, copRate, devRate, statusId, ownerId, actorId, publisherId, publishDate, auditorId, keyEvent, acceptCriteria, remark, selfEvalId, lastEvalId, preTaskId, milestoneId, parentId, isNode, isShare, isTemplate, changeNum, orderNum, isValid, creatorId, createdTime, modifyId, modifyTime, taskType, baselineData) VALUES ('d5ec4699-91d9-42b1-aab6-d8a7db1f9d32', '概念阶段度量分析', NULL, NULL, 'f2665bba-fbc6-4ef6-b6d4-61a257f0461b', NULL, NULL, NULL, '2024-10-01 00:00:00', '2024-10-01 00:00:00', NULL, NULL, '0', NULL, NULL, '0', NULL, NULL, NULL, '07698511-fa9f-47e2-9f4c-5fbstatus001', NULL, NULL, NULL, NULL, NULL, NULL, NULL, NULL, NULL, NULL, NULL, NULL, '16fb3377-74d9-4ef7-a725-b00604c04d82', 'N', NULL, 'Y', NULL, '50', 'Y', 'b8ab9427-627b-469f-bfd0-4b1buser0001', '2022-08-08', 'b8ab9427-627b-469f-bfd0-4b1buser0001', '2022-08-08', 'PT', NULL);
INSERT INTO en_tsk(id, name, projectId, deptId, planId, nodeId, typeId, levelId, planStartDate, planEndDate, realStartDate, realEndDate, planWorkload, realWorkload, confirmWorkload, planDuration, realDuration, copRate, devRate, statusId, ownerId, actorId, publisherId, publishDate, auditorId, keyEvent, acceptCriteria, remark, selfEvalId, lastEvalId, preTaskId, milestoneId, parentId, isNode, isShare, isTemplate, changeNum, orderNum, isValid, creatorId, createdTime, modifyId, modifyTime, taskType, baselineData) VALUES ('e49572b0-9c00-4dab-8e32-49b3eaadf787', '计划阶段', NULL, NULL, 'f2665bba-fbc6-4ef6-b6d4-61a257f0461b', NULL, NULL, NULL, '2024-10-01 00:00:00', '2024-11-11 00:00:00', NULL, NULL, '0', NULL, NULL, '0', NULL, NULL, NULL, '07698511-fa9f-47e2-9f4c-5fbstatus001', NULL, NULL, NULL, NULL, NULL, NULL, NULL, NULL, NULL, NULL, NULL, NULL, NULL, 'Y', NULL, 'Y', NULL, '51', 'Y', 'b8ab9427-627b-469f-bfd0-4b1buser0001', '2022-08-08', 'b8ab9427-627b-469f-bfd0-4b1buser0001', '2022-08-08', 'PT', NULL);
INSERT INTO en_tsk(id, name, projectId, deptId, planId, nodeId, typeId, levelId, planStartDate, planEndDate, realStartDate, realEndDate, planWorkload, realWorkload, confirmWorkload, planDuration, realDuration, copRate, devRate, statusId, ownerId, actorId, publisherId, publishDate, auditorId, keyEvent, acceptCriteria, remark, selfEvalId, lastEvalId, preTaskId, milestoneId, parentId, isNode, isShare, isTemplate, changeNum, orderNum, isValid, creatorId, createdTime, modifyId, modifyTime, taskType, baselineData) VALUES ('8ed7896a-73fa-4338-aee1-7219654a93cb', '扩充项目团队', NULL, NULL, 'f2665bba-fbc6-4ef6-b6d4-61a257f0461b', NULL, NULL, NULL, '2024-10-01 00:00:00', '2024-10-01 00:00:00', NULL, NULL, '0', NULL, NULL, '0', NULL, NULL, NULL, '07698511-fa9f-47e2-9f4c-5fbstatus001', NULL, NULL, NULL, NULL, NULL, NULL, NULL, NULL, NULL, NULL, NULL, NULL, 'e49572b0-9c00-4dab-8e32-49b3eaadf787', 'N', NULL, 'Y', NULL, '52', 'Y', 'b8ab9427-627b-469f-bfd0-4b1buser0001', '2022-08-08', 'b8ab9427-627b-469f-bfd0-4b1buser0001', '2022-08-08', 'PT', NULL);
INSERT INTO en_tsk(id, name, projectId, deptId, planId, nodeId, typeId, levelId, planStartDate, planEndDate, realStartDate, realEndDate, planWorkload, realWorkload, confirmWorkload, planDuration, realDuration, copRate, devRate, statusId, ownerId, actorId, publisherId, publishDate, auditorId, keyEvent, acceptCriteria, remark, selfEvalId, lastEvalId, preTaskId, milestoneId, parentId, isNode, isShare, isTemplate, changeNum, orderNum, isValid, creatorId, createdTime, modifyId, modifyTime, taskType, baselineData) VALUES ('ab145952-6848-40b2-b3d1-4c80a83aa918', '项目开工会/团队培训', NULL, NULL, 'f2665bba-fbc6-4ef6-b6d4-61a257f0461b', NULL, NULL, NULL, '2024-10-03 00:00:00', '2024-10-04 00:00:00', NULL, NULL, '0', NULL, NULL, '0', NULL, NULL, NULL, '07698511-fa9f-47e2-9f4c-5fbstatus001', NULL, NULL, NULL, NULL, NULL, NULL, NULL, NULL, NULL, NULL, NULL, NULL, 'e49572b0-9c00-4dab-8e32-49b3eaadf787', 'N', NULL, 'Y', NULL, '53', 'Y', 'b8ab9427-627b-469f-bfd0-4b1buser0001', '2022-08-08', 'b8ab9427-627b-469f-bfd0-4b1buser0001', '2022-08-08', 'PT', NULL);
INSERT INTO en_tsk(id, name, projectId, deptId, planId, nodeId, typeId, levelId, planStartDate, planEndDate, realStartDate, realEndDate, planWorkload, realWorkload, confirmWorkload, planDuration, realDuration, copRate, devRate, statusId, ownerId, actorId, publisherId, publishDate, auditorId, keyEvent, acceptCriteria, remark, selfEvalId, lastEvalId, preTaskId, milestoneId, parentId, isNode, isShare, isTemplate, changeNum, orderNum, isValid, creatorId, createdTime, modifyId, modifyTime, taskType, baselineData) VALUES ('5a439f19-b97f-4974-876b-65f4f8727a16', '优化质量计划', NULL, NULL, 'f2665bba-fbc6-4ef6-b6d4-61a257f0461b', NULL, NULL, NULL, '2024-10-05 00:00:00', '2024-10-05 00:00:00', NULL, NULL, '0', NULL, NULL, '0', NULL, NULL, NULL, '07698511-fa9f-47e2-9f4c-5fbstatus001', NULL, NULL, NULL, NULL, NULL, NULL, NULL, NULL, NULL, NULL, NULL, NULL, 'e49572b0-9c00-4dab-8e32-49b3eaadf787', 'N', NULL, 'Y', NULL, '54', 'Y', 'b8ab9427-627b-469f-bfd0-4b1buser0001', '2022-08-08', 'b8ab9427-627b-469f-bfd0-4b1buser0001', '2022-08-08', 'PT', NULL);
INSERT INTO en_tsk(id, name, projectId, deptId, planId, nodeId, typeId, levelId, planStartDate, planEndDate, realStartDate, realEndDate, planWorkload, realWorkload, confirmWorkload, planDuration, realDuration, copRate, devRate, statusId, ownerId, actorId, publisherId, publishDate, auditorId, keyEvent, acceptCriteria, remark, selfEvalId, lastEvalId, preTaskId, milestoneId, parentId, isNode, isShare, isTemplate, changeNum, orderNum, isValid, creatorId, createdTime, modifyId, modifyTime, taskType, baselineData) VALUES ('874c6c4a-97aa-451a-b20a-6d7e878362e0', '准备度量表', NULL, NULL, 'f2665bba-fbc6-4ef6-b6d4-61a257f0461b', NULL, NULL, NULL, '2024-10-06 00:00:00', '2024-10-06 00:00:00', NULL, NULL, '0', NULL, NULL, '0', NULL, NULL, NULL, '07698511-fa9f-47e2-9f4c-5fbstatus001', NULL, NULL, NULL, NULL, NULL, NULL, NULL, NULL, NULL, NULL, NULL, NULL, 'e49572b0-9c00-4dab-8e32-49b3eaadf787', 'N', NULL, 'Y', NULL, '55', 'Y', 'b8ab9427-627b-469f-bfd0-4b1buser0001', '2022-08-08', 'b8ab9427-627b-469f-bfd0-4b1buser0001', '2022-08-08', 'PT', NULL);
INSERT INTO en_tsk(id, name, projectId, deptId, planId, nodeId, typeId, levelId, planStartDate, planEndDate, realStartDate, realEndDate, planWorkload, realWorkload, confirmWorkload, planDuration, realDuration, copRate, devRate, statusId, ownerId, actorId, publisherId, publishDate, auditorId, keyEvent, acceptCriteria, remark, selfEvalId, lastEvalId, preTaskId, milestoneId, parentId, isNode, isShare, isTemplate, changeNum, orderNum, isValid, creatorId, createdTime, modifyId, modifyTime, taskType, baselineData) VALUES ('1e66b75a-247d-400f-86cb-8c543e7da203', '更新配置管理计划', NULL, NULL, 'f2665bba-fbc6-4ef6-b6d4-61a257f0461b', NULL, NULL, NULL, '2024-10-07 00:00:00', '2024-10-07 00:00:00', NULL, NULL, '0', NULL, NULL, '0', NULL, NULL, NULL, '07698511-fa9f-47e2-9f4c-5fbstatus001', NULL, NULL, NULL, NULL, NULL, NULL, NULL, NULL, NULL, NULL, NULL, NULL, 'e49572b0-9c00-4dab-8e32-49b3eaadf787', 'N', NULL, 'Y', NULL, '56', 'Y', 'b8ab9427-627b-469f-bfd0-4b1buser0001', '2022-08-08', 'b8ab9427-627b-469f-bfd0-4b1buser0001', '2022-08-08', 'PT', NULL);
INSERT INTO en_tsk(id, name, projectId, deptId, planId, nodeId, typeId, levelId, planStartDate, planEndDate, realStartDate, realEndDate, planWorkload, realWorkload, confirmWorkload, planDuration, realDuration, copRate, devRate, statusId, ownerId, actorId, publisherId, publishDate, auditorId, keyEvent, acceptCriteria, remark, selfEvalId, lastEvalId, preTaskId, milestoneId, parentId, isNode, isShare, isTemplate, changeNum, orderNum, isValid, creatorId, createdTime, modifyId, modifyTime, taskType, baselineData) VALUES ('f4a2ca5e-0871-47ce-a313-4127a7598a2f', '制定总体方案', NULL, NULL, 'f2665bba-fbc6-4ef6-b6d4-61a257f0461b', NULL, NULL, NULL, '2024-10-08 00:00:00', '2024-10-12 00:00:00', NULL, NULL, '0', NULL, NULL, '0', NULL, NULL, NULL, '07698511-fa9f-47e2-9f4c-5fbstatus001', NULL, NULL, NULL, NULL, NULL, NULL, NULL, NULL, NULL, NULL, NULL, NULL, 'e49572b0-9c00-4dab-8e32-49b3eaadf787', 'Y', NULL, 'Y', NULL, '57', 'Y', 'b8ab9427-627b-469f-bfd0-4b1buser0001', '2022-08-08', 'b8ab9427-627b-469f-bfd0-4b1buser0001', '2022-08-08', 'PT', NULL);
INSERT INTO en_tsk(id, name, projectId, deptId, planId, nodeId, typeId, levelId, planStartDate, planEndDate, realStartDate, realEndDate, planWorkload, realWorkload, confirmWorkload, planDuration, realDuration, copRate, devRate, statusId, ownerId, actorId, publisherId, publishDate, auditorId, keyEvent, acceptCriteria, remark, selfEvalId, lastEvalId, preTaskId, milestoneId, parentId, isNode, isShare, isTemplate, changeNum, orderNum, isValid, creatorId, createdTime, modifyId, modifyTime, taskType, baselineData) VALUES ('45eed9c0-b34b-4488-932c-81c47623d27f', '组织详细需求分析', NULL, NULL, 'f2665bba-fbc6-4ef6-b6d4-61a257f0461b', NULL, NULL, NULL, '2024-10-08 00:00:00', '2024-10-08 00:00:00', NULL, NULL, '0', NULL, NULL, '0', NULL, NULL, NULL, '07698511-fa9f-47e2-9f4c-5fbstatus001', NULL, NULL, NULL, NULL, NULL, NULL, NULL, NULL, NULL, NULL, NULL, NULL, 'f4a2ca5e-0871-47ce-a313-4127a7598a2f', 'N', NULL, 'Y', NULL, '58', 'Y', 'b8ab9427-627b-469f-bfd0-4b1buser0001', '2022-08-08', 'b8ab9427-627b-469f-bfd0-4b1buser0001', '2022-08-08', 'PT', NULL);
INSERT INTO en_tsk(id, name, projectId, deptId, planId, nodeId, typeId, levelId, planStartDate, planEndDate, realStartDate, realEndDate, planWorkload, realWorkload, confirmWorkload, planDuration, realDuration, copRate, devRate, statusId, ownerId, actorId, publisherId, publishDate, auditorId, keyEvent, acceptCriteria, remark, selfEvalId, lastEvalId, preTaskId, milestoneId, parentId, isNode, isShare, isTemplate, changeNum, orderNum, isValid, creatorId, createdTime, modifyId, modifyTime, taskType, baselineData) VALUES ('76858def-076d-4bd4-a77d-948ee5be401f', '需求分解和分配', NULL, NULL, 'f2665bba-fbc6-4ef6-b6d4-61a257f0461b', NULL, NULL, NULL, '2024-10-09 00:00:00', '2024-10-09 00:00:00', NULL, NULL, '0', NULL, NULL, '0', NULL, NULL, NULL, '07698511-fa9f-47e2-9f4c-5fbstatus001', NULL, NULL, NULL, NULL, NULL, NULL, NULL, NULL, NULL, NULL, NULL, NULL, 'f4a2ca5e-0871-47ce-a313-4127a7598a2f', 'N', NULL, 'Y', NULL, '59', 'Y', 'b8ab9427-627b-469f-bfd0-4b1buser0001', '2022-08-08', 'b8ab9427-627b-469f-bfd0-4b1buser0001', '2022-08-08', 'PT', NULL);
INSERT INTO en_tsk(id, name, projectId, deptId, planId, nodeId, typeId, levelId, planStartDate, planEndDate, realStartDate, realEndDate, planWorkload, realWorkload, confirmWorkload, planDuration, realDuration, copRate, devRate, statusId, ownerId, actorId, publisherId, publishDate, auditorId, keyEvent, acceptCriteria, remark, selfEvalId, lastEvalId, preTaskId, milestoneId, parentId, isNode, isShare, isTemplate, changeNum, orderNum, isValid, creatorId, createdTime, modifyId, modifyTime, taskType, baselineData) VALUES ('4d9bd12b-75bb-4ac7-a69d-efec8022f3e5', '架构设计', NULL, NULL, 'f2665bba-fbc6-4ef6-b6d4-61a257f0461b', NULL, NULL, NULL, '2024-10-10 00:00:00', '2024-10-10 00:00:00', NULL, NULL, '0', NULL, NULL, '0', NULL, NULL, NULL, '07698511-fa9f-47e2-9f4c-5fbstatus001', NULL, NULL, NULL, NULL, NULL, NULL, NULL, NULL, NULL, NULL, NULL, NULL, 'f4a2ca5e-0871-47ce-a313-4127a7598a2f', 'N', NULL, 'Y', NULL, '60', 'Y', 'b8ab9427-627b-469f-bfd0-4b1buser0001', '2022-08-08', 'b8ab9427-627b-469f-bfd0-4b1buser0001', '2022-08-08', 'PT', NULL);
INSERT INTO en_tsk(id, name, projectId, deptId, planId, nodeId, typeId, levelId, planStartDate, planEndDate, realStartDate, realEndDate, planWorkload, realWorkload, confirmWorkload, planDuration, realDuration, copRate, devRate, statusId, ownerId, actorId, publisherId, publishDate, auditorId, keyEvent, acceptCriteria, remark, selfEvalId, lastEvalId, preTaskId, milestoneId, parentId, isNode, isShare, isTemplate, changeNum, orderNum, isValid, creatorId, createdTime, modifyId, modifyTime, taskType, baselineData) VALUES ('df1af86f-4a8e-4cd8-849a-87e94608b37b', '接口设计', NULL, NULL, 'f2665bba-fbc6-4ef6-b6d4-61a257f0461b', NULL, NULL, NULL, '2024-10-11 00:00:00', '2024-10-11 00:00:00', NULL, NULL, '0', NULL, NULL, '0', NULL, NULL, NULL, '07698511-fa9f-47e2-9f4c-5fbstatus001', NULL, NULL, NULL, NULL, NULL, NULL, NULL, NULL, NULL, NULL, NULL, NULL, 'f4a2ca5e-0871-47ce-a313-4127a7598a2f', 'N', NULL, 'Y', NULL, '61', 'Y', 'b8ab9427-627b-469f-bfd0-4b1buser0001', '2022-08-08', 'b8ab9427-627b-469f-bfd0-4b1buser0001', '2022-08-08', 'PT', NULL);
INSERT INTO en_tsk(id, name, projectId, deptId, planId, nodeId, typeId, levelId, planStartDate, planEndDate, realStartDate, realEndDate, planWorkload, realWorkload, confirmWorkload, planDuration, realDuration, copRate, devRate, statusId, ownerId, actorId, publisherId, publishDate, auditorId, keyEvent, acceptCriteria, remark, selfEvalId, lastEvalId, preTaskId, milestoneId, parentId, isNode, isShare, isTemplate, changeNum, orderNum, isValid, creatorId, createdTime, modifyId, modifyTime, taskType, baselineData) VALUES ('73f7e40c-4b49-4312-8fd2-852ceb355cf6', '总体方案评审', NULL, NULL, 'f2665bba-fbc6-4ef6-b6d4-61a257f0461b', NULL, NULL, NULL, '2024-10-12 00:00:00', '2024-10-12 00:00:00', NULL, NULL, '0', NULL, NULL, '0', NULL, NULL, NULL, '07698511-fa9f-47e2-9f4c-5fbstatus001', NULL, NULL, NULL, NULL, NULL, NULL, NULL, '系统工程师主导总体方案评审\n项目经理组织总体方案评审\n质量保证员监督总体方案评审\n其他人参与总体方案评审', NULL, NULL, NULL, NULL, 'f4a2ca5e-0871-47ce-a313-4127a7598a2f', 'N', NULL, 'Y', NULL, '62', 'Y', 'b8ab9427-627b-469f-bfd0-4b1buser0001', '2022-08-08', 'b8ab9427-627b-469f-bfd0-4b1buser0001', '2022-08-08', 'PT', NULL);
INSERT INTO en_tsk(id, name, projectId, deptId, planId, nodeId, typeId, levelId, planStartDate, planEndDate, realStartDate, realEndDate, planWorkload, realWorkload, confirmWorkload, planDuration, realDuration, copRate, devRate, statusId, ownerId, actorId, publisherId, publishDate, auditorId, keyEvent, acceptCriteria, remark, selfEvalId, lastEvalId, preTaskId, milestoneId, parentId, isNode, isShare, isTemplate, changeNum, orderNum, isValid, creatorId, createdTime, modifyId, modifyTime, taskType, baselineData) VALUES ('60cf0024-8969-4448-ba79-d9c33f56fac4', '总体方案建立基线', NULL, NULL, 'f2665bba-fbc6-4ef6-b6d4-61a257f0461b', NULL, NULL, NULL, '2024-10-13 00:00:00', '2024-10-13 00:00:00', NULL, NULL, '0', NULL, NULL, '0', NULL, NULL, NULL, '07698511-fa9f-47e2-9f4c-5fbstatus001', NULL, NULL, NULL, NULL, NULL, NULL, NULL, NULL, NULL, NULL, NULL, NULL, 'e49572b0-9c00-4dab-8e32-49b3eaadf787', 'N', NULL, 'Y', NULL, '63', 'Y', 'b8ab9427-627b-469f-bfd0-4b1buser0001', '2022-08-08', 'b8ab9427-627b-469f-bfd0-4b1buser0001', '2022-08-08', 'PT', NULL);
INSERT INTO en_tsk(id, name, projectId, deptId, planId, nodeId, typeId, levelId, planStartDate, planEndDate, realStartDate, realEndDate, planWorkload, realWorkload, confirmWorkload, planDuration, realDuration, copRate, devRate, statusId, ownerId, actorId, publisherId, publishDate, auditorId, keyEvent, acceptCriteria, remark, selfEvalId, lastEvalId, preTaskId, milestoneId, parentId, isNode, isShare, isTemplate, changeNum, orderNum, isValid, creatorId, createdTime, modifyId, modifyTime, taskType, baselineData) VALUES ('e6b37622-2c67-4ef9-9b2e-08214d9ca067', '基线审计', NULL, NULL, 'f2665bba-fbc6-4ef6-b6d4-61a257f0461b', NULL, NULL, NULL, '2024-10-14 00:00:00', '2024-10-14 00:00:00', NULL, NULL, '0', NULL, NULL, '0', NULL, NULL, NULL, '07698511-fa9f-47e2-9f4c-5fbstatus001', NULL, NULL, NULL, NULL, NULL, NULL, NULL, NULL, NULL, NULL, NULL, NULL, 'e49572b0-9c00-4dab-8e32-49b3eaadf787', 'N', NULL, 'Y', NULL, '64', 'Y', 'b8ab9427-627b-469f-bfd0-4b1buser0001', '2022-08-08', 'b8ab9427-627b-469f-bfd0-4b1buser0001', '2022-08-08', 'PT', NULL);
INSERT INTO en_tsk(id, name, projectId, deptId, planId, nodeId, typeId, levelId, planStartDate, planEndDate, realStartDate, realEndDate, planWorkload, realWorkload, confirmWorkload, planDuration, realDuration, copRate, devRate, statusId, ownerId, actorId, publisherId, publishDate, auditorId, keyEvent, acceptCriteria, remark, selfEvalId, lastEvalId, preTaskId, milestoneId, parentId, isNode, isShare, isTemplate, changeNum, orderNum, isValid, creatorId, createdTime, modifyId, modifyTime, taskType, baselineData) VALUES ('794a9d6a-26e4-48e3-8793-9d7fc91753ec', '制定各职能计划', NULL, NULL, 'f2665bba-fbc6-4ef6-b6d4-61a257f0461b', NULL, NULL, NULL, '2024-10-15 00:00:00', '2024-10-27 00:00:00', NULL, NULL, '0', NULL, NULL, '0', NULL, NULL, NULL, '07698511-fa9f-47e2-9f4c-5fbstatus001', NULL, NULL, NULL, NULL, NULL, NULL, NULL, NULL, NULL, NULL, NULL, NULL, 'e49572b0-9c00-4dab-8e32-49b3eaadf787', 'Y', NULL, 'Y', NULL, '65', 'Y', 'b8ab9427-627b-469f-bfd0-4b1buser0001', '2022-08-08', 'b8ab9427-627b-469f-bfd0-4b1buser0001', '2022-08-08', 'PT', NULL);
INSERT INTO en_tsk(id, name, projectId, deptId, planId, nodeId, typeId, levelId, planStartDate, planEndDate, realStartDate, realEndDate, planWorkload, realWorkload, confirmWorkload, planDuration, realDuration, copRate, devRate, statusId, ownerId, actorId, publisherId, publishDate, auditorId, keyEvent, acceptCriteria, remark, selfEvalId, lastEvalId, preTaskId, milestoneId, parentId, isNode, isShare, isTemplate, changeNum, orderNum, isValid, creatorId, createdTime, modifyId, modifyTime, taskType, baselineData) VALUES ('2c4d362d-4f11-436b-a852-360d9ad92123', '制定市场计划', NULL, NULL, 'f2665bba-fbc6-4ef6-b6d4-61a257f0461b', NULL, NULL, NULL, '2024-10-15 00:00:00', '2024-10-15 00:00:00', NULL, NULL, '0', NULL, NULL, '0', NULL, NULL, NULL, '07698511-fa9f-47e2-9f4c-5fbstatus001', NULL, NULL, NULL, NULL, NULL, NULL, NULL, NULL, NULL, NULL, NULL, NULL, '794a9d6a-26e4-48e3-8793-9d7fc91753ec', 'N', NULL, 'Y', NULL, '66', 'Y', 'b8ab9427-627b-469f-bfd0-4b1buser0001', '2022-08-08', 'b8ab9427-627b-469f-bfd0-4b1buser0001', '2022-08-08', 'PT', NULL);
INSERT INTO en_tsk(id, name, projectId, deptId, planId, nodeId, typeId, levelId, planStartDate, planEndDate, realStartDate, realEndDate, planWorkload, realWorkload, confirmWorkload, planDuration, realDuration, copRate, devRate, statusId, ownerId, actorId, publisherId, publishDate, auditorId, keyEvent, acceptCriteria, remark, selfEvalId, lastEvalId, preTaskId, milestoneId, parentId, isNode, isShare, isTemplate, changeNum, orderNum, isValid, creatorId, createdTime, modifyId, modifyTime, taskType, baselineData) VALUES ('58436440-1a98-4110-a703-5403c8acdc78', '制定服务计划', NULL, NULL, 'f2665bba-fbc6-4ef6-b6d4-61a257f0461b', NULL, NULL, NULL, '2024-10-16 00:00:00', '2024-10-16 00:00:00', NULL, NULL, '0', NULL, NULL, '0', NULL, NULL, NULL, '07698511-fa9f-47e2-9f4c-5fbstatus001', NULL, NULL, NULL, NULL, NULL, NULL, NULL, NULL, NULL, NULL, NULL, NULL, '794a9d6a-26e4-48e3-8793-9d7fc91753ec', 'N', NULL, 'Y', NULL, '67', 'Y', 'b8ab9427-627b-469f-bfd0-4b1buser0001', '2022-08-08', 'b8ab9427-627b-469f-bfd0-4b1buser0001', '2022-08-08', 'PT', NULL);
INSERT INTO en_tsk(id, name, projectId, deptId, planId, nodeId, typeId, levelId, planStartDate, planEndDate, realStartDate, realEndDate, planWorkload, realWorkload, confirmWorkload, planDuration, realDuration, copRate, devRate, statusId, ownerId, actorId, publisherId, publishDate, auditorId, keyEvent, acceptCriteria, remark, selfEvalId, lastEvalId, preTaskId, milestoneId, parentId, isNode, isShare, isTemplate, changeNum, orderNum, isValid, creatorId, createdTime, modifyId, modifyTime, taskType, baselineData) VALUES ('4ae4c71f-285d-415f-8c15-5e560074bae5', '制定培训计划', NULL, NULL, 'f2665bba-fbc6-4ef6-b6d4-61a257f0461b', NULL, NULL, NULL, '2024-10-17 00:00:00', '2024-10-17 00:00:00', NULL, NULL, '0', NULL, NULL, '0', NULL, NULL, NULL, '07698511-fa9f-47e2-9f4c-5fbstatus001', NULL, NULL, NULL, NULL, NULL, NULL, NULL, NULL, NULL, NULL, NULL, NULL, '794a9d6a-26e4-48e3-8793-9d7fc91753ec', 'N', NULL, 'Y', NULL, '68', 'Y', 'b8ab9427-627b-469f-bfd0-4b1buser0001', '2022-08-08', 'b8ab9427-627b-469f-bfd0-4b1buser0001', '2022-08-08', 'PT', NULL);
INSERT INTO en_tsk(id, name, projectId, deptId, planId, nodeId, typeId, levelId, planStartDate, planEndDate, realStartDate, realEndDate, planWorkload, realWorkload, confirmWorkload, planDuration, realDuration, copRate, devRate, statusId, ownerId, actorId, publisherId, publishDate, auditorId, keyEvent, acceptCriteria, remark, selfEvalId, lastEvalId, preTaskId, milestoneId, parentId, isNode, isShare, isTemplate, changeNum, orderNum, isValid, creatorId, createdTime, modifyId, modifyTime, taskType, baselineData) VALUES ('574aa4dc-425b-4a8b-851e-c607c9fbdd49', '优化财务评估', NULL, NULL, 'f2665bba-fbc6-4ef6-b6d4-61a257f0461b', NULL, NULL, NULL, '2024-10-18 00:00:00', '2024-10-18 00:00:00', NULL, NULL, '0', NULL, NULL, '0', NULL, NULL, NULL, '07698511-fa9f-47e2-9f4c-5fbstatus001', NULL, NULL, NULL, NULL, NULL, NULL, NULL, NULL, NULL, NULL, NULL, NULL, '794a9d6a-26e4-48e3-8793-9d7fc91753ec', 'N', NULL, 'Y', NULL, '69', 'Y', 'b8ab9427-627b-469f-bfd0-4b1buser0001', '2022-08-08', 'b8ab9427-627b-469f-bfd0-4b1buser0001', '2022-08-08', 'PT', NULL);
INSERT INTO en_tsk(id, name, projectId, deptId, planId, nodeId, typeId, levelId, planStartDate, planEndDate, realStartDate, realEndDate, planWorkload, realWorkload, confirmWorkload, planDuration, realDuration, copRate, devRate, statusId, ownerId, actorId, publisherId, publishDate, auditorId, keyEvent, acceptCriteria, remark, selfEvalId, lastEvalId, preTaskId, milestoneId, parentId, isNode, isShare, isTemplate, changeNum, orderNum, isValid, creatorId, createdTime, modifyId, modifyTime, taskType, baselineData) VALUES ('2afdff25-1f22-460f-b503-32ebe2dd5e9a', '制定采购计划', NULL, NULL, 'f2665bba-fbc6-4ef6-b6d4-61a257f0461b', NULL, NULL, NULL, '2024-10-19 00:00:00', '2024-10-19 00:00:00', NULL, NULL, '0', NULL, NULL, '0', NULL, NULL, NULL, '07698511-fa9f-47e2-9f4c-5fbstatus001', NULL, NULL, NULL, NULL, NULL, NULL, NULL, NULL, NULL, NULL, NULL, NULL, '794a9d6a-26e4-48e3-8793-9d7fc91753ec', 'N', NULL, 'Y', NULL, '70', 'Y', 'b8ab9427-627b-469f-bfd0-4b1buser0001', '2022-08-08', 'b8ab9427-627b-469f-bfd0-4b1buser0001', '2022-08-08', 'PT', NULL);
INSERT INTO en_tsk(id, name, projectId, deptId, planId, nodeId, typeId, levelId, planStartDate, planEndDate, realStartDate, realEndDate, planWorkload, realWorkload, confirmWorkload, planDuration, realDuration, copRate, devRate, statusId, ownerId, actorId, publisherId, publishDate, auditorId, keyEvent, acceptCriteria, remark, selfEvalId, lastEvalId, preTaskId, milestoneId, parentId, isNode, isShare, isTemplate, changeNum, orderNum, isValid, creatorId, createdTime, modifyId, modifyTime, taskType, baselineData) VALUES ('8ca467e9-1104-4302-bef6-d9930e1aaea9', '资料开发计划', NULL, NULL, 'f2665bba-fbc6-4ef6-b6d4-61a257f0461b', NULL, NULL, NULL, '2024-10-20 00:00:00', '2024-10-23 00:00:00', NULL, NULL, '0', NULL, NULL, '0', NULL, NULL, NULL, '07698511-fa9f-47e2-9f4c-5fbstatus001', NULL, NULL, NULL, NULL, NULL, NULL, NULL, NULL, NULL, NULL, NULL, NULL, '794a9d6a-26e4-48e3-8793-9d7fc91753ec', 'N', NULL, 'Y', NULL, '71', 'Y', 'b8ab9427-627b-469f-bfd0-4b1buser0001', '2022-08-08', 'b8ab9427-627b-469f-bfd0-4b1buser0001', '2022-08-08', 'PT', NULL);
INSERT INTO en_tsk(id, name, projectId, deptId, planId, nodeId, typeId, levelId, planStartDate, planEndDate, realStartDate, realEndDate, planWorkload, realWorkload, confirmWorkload, planDuration, realDuration, copRate, devRate, statusId, ownerId, actorId, publisherId, publishDate, auditorId, keyEvent, acceptCriteria, remark, selfEvalId, lastEvalId, preTaskId, milestoneId, parentId, isNode, isShare, isTemplate, changeNum, orderNum, isValid, creatorId, createdTime, modifyId, modifyTime, taskType, baselineData) VALUES ('d82ec825-27e3-4187-8a97-e1508aff6c78', '制定测试计划', NULL, NULL, 'f2665bba-fbc6-4ef6-b6d4-61a257f0461b', NULL, NULL, NULL, '2024-10-20 00:00:00', '2024-10-23 00:00:00', NULL, NULL, '0', NULL, NULL, '0', NULL, NULL, NULL, '07698511-fa9f-47e2-9f4c-5fbstatus001', NULL, NULL, NULL, NULL, NULL, NULL, NULL, NULL, NULL, NULL, NULL, NULL, '794a9d6a-26e4-48e3-8793-9d7fc91753ec', 'N', NULL, 'Y', NULL, '72', 'Y', 'b8ab9427-627b-469f-bfd0-4b1buser0001', '2022-08-08', 'b8ab9427-627b-469f-bfd0-4b1buser0001', '2022-08-08', 'PT', NULL);
INSERT INTO en_tsk(id, name, projectId, deptId, planId, nodeId, typeId, levelId, planStartDate, planEndDate, realStartDate, realEndDate, planWorkload, realWorkload, confirmWorkload, planDuration, realDuration, copRate, devRate, statusId, ownerId, actorId, publisherId, publishDate, auditorId, keyEvent, acceptCriteria, remark, selfEvalId, lastEvalId, preTaskId, milestoneId, parentId, isNode, isShare, isTemplate, changeNum, orderNum, isValid, creatorId, createdTime, modifyId, modifyTime, taskType, baselineData) VALUES ('3c20e1ed-e9b3-4c70-a4f0-47466961a9c7', '测试工具设计', NULL, NULL, 'f2665bba-fbc6-4ef6-b6d4-61a257f0461b', NULL, NULL, NULL, '2024-10-23 00:00:00', '2024-10-24 00:00:00', NULL, NULL, '0', NULL, NULL, '0', NULL, NULL, NULL, '07698511-fa9f-47e2-9f4c-5fbstatus001', NULL, NULL, NULL, NULL, NULL, NULL, NULL, NULL, NULL, NULL, NULL, NULL, '794a9d6a-26e4-48e3-8793-9d7fc91753ec', 'N', NULL, 'Y', NULL, '73', 'Y', 'b8ab9427-627b-469f-bfd0-4b1buser0001', '2022-08-08', 'b8ab9427-627b-469f-bfd0-4b1buser0001', '2022-08-08', 'PT', NULL);
INSERT INTO en_tsk(id, name, projectId, deptId, planId, nodeId, typeId, levelId, planStartDate, planEndDate, realStartDate, realEndDate, planWorkload, realWorkload, confirmWorkload, planDuration, realDuration, copRate, devRate, statusId, ownerId, actorId, publisherId, publishDate, auditorId, keyEvent, acceptCriteria, remark, selfEvalId, lastEvalId, preTaskId, milestoneId, parentId, isNode, isShare, isTemplate, changeNum, orderNum, isValid, creatorId, createdTime, modifyId, modifyTime, taskType, baselineData) VALUES ('7ec90afd-a997-4a21-8968-ec52f0168799', '开始申请专利', NULL, NULL, 'f2665bba-fbc6-4ef6-b6d4-61a257f0461b', NULL, NULL, NULL, '2024-10-25 00:00:00', '2024-10-27 00:00:00', NULL, NULL, '0', NULL, NULL, '0', NULL, NULL, NULL, '07698511-fa9f-47e2-9f4c-5fbstatus001', NULL, NULL, NULL, NULL, NULL, NULL, NULL, NULL, NULL, NULL, NULL, NULL, '794a9d6a-26e4-48e3-8793-9d7fc91753ec', 'N', NULL, 'Y', NULL, '74', 'Y', 'b8ab9427-627b-469f-bfd0-4b1buser0001', '2022-08-08', 'b8ab9427-627b-469f-bfd0-4b1buser0001', '2022-08-08', 'PT', NULL);
INSERT INTO en_tsk(id, name, projectId, deptId, planId, nodeId, typeId, levelId, planStartDate, planEndDate, realStartDate, realEndDate, planWorkload, realWorkload, confirmWorkload, planDuration, realDuration, copRate, devRate, statusId, ownerId, actorId, publisherId, publishDate, auditorId, keyEvent, acceptCriteria, remark, selfEvalId, lastEvalId, preTaskId, milestoneId, parentId, isNode, isShare, isTemplate, changeNum, orderNum, isValid, creatorId, createdTime, modifyId, modifyTime, taskType, baselineData) VALUES ('a1a3c4c8-46c7-420a-a5dd-134351f650cb', '优化商业计划', NULL, NULL, 'f2665bba-fbc6-4ef6-b6d4-61a257f0461b', NULL, NULL, NULL, '2024-10-28 00:00:00', '2024-10-30 00:00:00', NULL, NULL, '0', NULL, NULL, '0', NULL, NULL, NULL, '07698511-fa9f-47e2-9f4c-5fbstatus001', NULL, NULL, NULL, NULL, NULL, NULL, NULL, NULL, NULL, NULL, NULL, NULL, 'e49572b0-9c00-4dab-8e32-49b3eaadf787', 'N', NULL, 'Y', NULL, '75', 'Y', 'b8ab9427-627b-469f-bfd0-4b1buser0001', '2022-08-08', 'b8ab9427-627b-469f-bfd0-4b1buser0001', '2022-08-08', 'PT', NULL);
INSERT INTO en_tsk(id, name, projectId, deptId, planId, nodeId, typeId, levelId, planStartDate, planEndDate, realStartDate, realEndDate, planWorkload, realWorkload, confirmWorkload, planDuration, realDuration, copRate, devRate, statusId, ownerId, actorId, publisherId, publishDate, auditorId, keyEvent, acceptCriteria, remark, selfEvalId, lastEvalId, preTaskId, milestoneId, parentId, isNode, isShare, isTemplate, changeNum, orderNum, isValid, creatorId, createdTime, modifyId, modifyTime, taskType, baselineData) VALUES ('b115b37c-5d67-4f12-a244-1ff3caa14d3c', '更新计划', NULL, NULL, 'f2665bba-fbc6-4ef6-b6d4-61a257f0461b', NULL, NULL, NULL, '2024-10-31 00:00:00', '2024-11-05 00:00:00', NULL, NULL, '0', NULL, NULL, '0', NULL, NULL, NULL, '07698511-fa9f-47e2-9f4c-5fbstatus001', NULL, NULL, NULL, NULL, NULL, NULL, NULL, NULL, NULL, NULL, NULL, NULL, 'e49572b0-9c00-4dab-8e32-49b3eaadf787', 'Y', NULL, 'Y', NULL, '76', 'Y', 'b8ab9427-627b-469f-bfd0-4b1buser0001', '2022-08-08', 'b8ab9427-627b-469f-bfd0-4b1buser0001', '2022-08-08', 'PT', NULL);
INSERT INTO en_tsk(id, name, projectId, deptId, planId, nodeId, typeId, levelId, planStartDate, planEndDate, realStartDate, realEndDate, planWorkload, realWorkload, confirmWorkload, planDuration, realDuration, copRate, devRate, statusId, ownerId, actorId, publisherId, publishDate, auditorId, keyEvent, acceptCriteria, remark, selfEvalId, lastEvalId, preTaskId, milestoneId, parentId, isNode, isShare, isTemplate, changeNum, orderNum, isValid, creatorId, createdTime, modifyId, modifyTime, taskType, baselineData) VALUES ('5cb11a9c-b56d-48a8-a944-b919cb114ba5', '更新质量计划', NULL, NULL, 'f2665bba-fbc6-4ef6-b6d4-61a257f0461b', NULL, NULL, NULL, '2024-10-31 00:00:00', '2024-11-01 00:00:00', NULL, NULL, '0', NULL, NULL, '0', NULL, NULL, NULL, '07698511-fa9f-47e2-9f4c-5fbstatus001', NULL, NULL, NULL, NULL, NULL, NULL, NULL, NULL, NULL, NULL, NULL, NULL, 'b115b37c-5d67-4f12-a244-1ff3caa14d3c', 'N', NULL, 'Y', NULL, '77', 'Y', 'b8ab9427-627b-469f-bfd0-4b1buser0001', '2022-08-08', 'b8ab9427-627b-469f-bfd0-4b1buser0001', '2022-08-08', 'PT', NULL);
INSERT INTO en_tsk(id, name, projectId, deptId, planId, nodeId, typeId, levelId, planStartDate, planEndDate, realStartDate, realEndDate, planWorkload, realWorkload, confirmWorkload, planDuration, realDuration, copRate, devRate, statusId, ownerId, actorId, publisherId, publishDate, auditorId, keyEvent, acceptCriteria, remark, selfEvalId, lastEvalId, preTaskId, milestoneId, parentId, isNode, isShare, isTemplate, changeNum, orderNum, isValid, creatorId, createdTime, modifyId, modifyTime, taskType, baselineData) VALUES ('839cc8d8-bf23-4985-a58c-25a8568e2055', '更新配置管理计划', NULL, NULL, 'f2665bba-fbc6-4ef6-b6d4-61a257f0461b', NULL, NULL, NULL, '2024-11-02 00:00:00', '2024-11-03 00:00:00', NULL, NULL, '0', NULL, NULL, '0', NULL, NULL, NULL, '07698511-fa9f-47e2-9f4c-5fbstatus001', NULL, NULL, NULL, NULL, NULL, NULL, NULL, NULL, NULL, NULL, NULL, NULL, 'b115b37c-5d67-4f12-a244-1ff3caa14d3c', 'N', NULL, 'Y', NULL, '78', 'Y', 'b8ab9427-627b-469f-bfd0-4b1buser0001', '2022-08-08', 'b8ab9427-627b-469f-bfd0-4b1buser0001', '2022-08-08', 'PT', NULL);
INSERT INTO en_tsk(id, name, projectId, deptId, planId, nodeId, typeId, levelId, planStartDate, planEndDate, realStartDate, realEndDate, planWorkload, realWorkload, confirmWorkload, planDuration, realDuration, copRate, devRate, statusId, ownerId, actorId, publisherId, publishDate, auditorId, keyEvent, acceptCriteria, remark, selfEvalId, lastEvalId, preTaskId, milestoneId, parentId, isNode, isShare, isTemplate, changeNum, orderNum, isValid, creatorId, createdTime, modifyId, modifyTime, taskType, baselineData) VALUES ('8c97e04e-2b92-4e85-b6da-9b71fd391620', '更新项目计划', NULL, NULL, 'f2665bba-fbc6-4ef6-b6d4-61a257f0461b', NULL, NULL, NULL, '2024-11-04 00:00:00', '2024-11-05 00:00:00', NULL, NULL, '0', NULL, NULL, '0', NULL, NULL, NULL, '07698511-fa9f-47e2-9f4c-5fbstatus001', NULL, NULL, NULL, NULL, NULL, NULL, NULL, NULL, NULL, NULL, NULL, NULL, 'b115b37c-5d67-4f12-a244-1ff3caa14d3c', 'N', NULL, 'Y', NULL, '79', 'Y', 'b8ab9427-627b-469f-bfd0-4b1buser0001', '2022-08-08', 'b8ab9427-627b-469f-bfd0-4b1buser0001', '2022-08-08', 'PT', NULL);
INSERT INTO en_tsk(id, name, projectId, deptId, planId, nodeId, typeId, levelId, planStartDate, planEndDate, realStartDate, realEndDate, planWorkload, realWorkload, confirmWorkload, planDuration, realDuration, copRate, devRate, statusId, ownerId, actorId, publisherId, publishDate, auditorId, keyEvent, acceptCriteria, remark, selfEvalId, lastEvalId, preTaskId, milestoneId, parentId, isNode, isShare, isTemplate, changeNum, orderNum, isValid, creatorId, createdTime, modifyId, modifyTime, taskType, baselineData) VALUES ('a6c24cb8-b22a-45b7-b27a-809a030a9813', '计划决策', NULL, NULL, 'f2665bba-fbc6-4ef6-b6d4-61a257f0461b', NULL, NULL, NULL, '2024-11-06 00:00:00', '2024-11-06 00:00:00', NULL, NULL, '0', NULL, NULL, '0', NULL, NULL, NULL, '07698511-fa9f-47e2-9f4c-5fbstatus001', NULL, NULL, NULL, NULL, NULL, NULL, NULL, NULL, NULL, NULL, NULL, NULL, 'e49572b0-9c00-4dab-8e32-49b3eaadf787', 'N', NULL, 'Y', NULL, '80', 'Y', 'b8ab9427-627b-469f-bfd0-4b1buser0001', '2022-08-08', 'b8ab9427-627b-469f-bfd0-4b1buser0001', '2022-08-08', 'PT', NULL);
INSERT INTO en_tsk(id, name, projectId, deptId, planId, nodeId, typeId, levelId, planStartDate, planEndDate, realStartDate, realEndDate, planWorkload, realWorkload, confirmWorkload, planDuration, realDuration, copRate, devRate, statusId, ownerId, actorId, publisherId, publishDate, auditorId, keyEvent, acceptCriteria, remark, selfEvalId, lastEvalId, preTaskId, milestoneId, parentId, isNode, isShare, isTemplate, changeNum, orderNum, isValid, creatorId, createdTime, modifyId, modifyTime, taskType, baselineData) VALUES ('0f1515e0-c7a3-430b-8f05-d70868ec5fc6', '阶段总结', NULL, NULL, 'f2665bba-fbc6-4ef6-b6d4-61a257f0461b', NULL, NULL, NULL, '2024-11-07 00:00:00', '2024-11-11 00:00:00', NULL, NULL, '0', NULL, NULL, '0', NULL, NULL, NULL, '07698511-fa9f-47e2-9f4c-5fbstatus001', NULL, NULL, NULL, NULL, NULL, NULL, NULL, NULL, NULL, NULL, NULL, NULL, 'e49572b0-9c00-4dab-8e32-49b3eaadf787', 'Y', NULL, 'Y', NULL, '81', 'Y', 'b8ab9427-627b-469f-bfd0-4b1buser0001', '2022-08-08', 'b8ab9427-627b-469f-bfd0-4b1buser0001', '2022-08-08', 'PT', NULL);
INSERT INTO en_tsk(id, name, projectId, deptId, planId, nodeId, typeId, levelId, planStartDate, planEndDate, realStartDate, realEndDate, planWorkload, realWorkload, confirmWorkload, planDuration, realDuration, copRate, devRate, statusId, ownerId, actorId, publisherId, publishDate, auditorId, keyEvent, acceptCriteria, remark, selfEvalId, lastEvalId, preTaskId, milestoneId, parentId, isNode, isShare, isTemplate, changeNum, orderNum, isValid, creatorId, createdTime, modifyId, modifyTime, taskType, baselineData) VALUES ('094c5718-c7a8-4a4b-9379-dbc333f8573a', '计划阶段项目经验总结', NULL, NULL, 'f2665bba-fbc6-4ef6-b6d4-61a257f0461b', NULL, NULL, NULL, '2024-11-07 00:00:00', '2024-11-08 00:00:00', NULL, NULL, '0', NULL, NULL, '0', NULL, NULL, NULL, '07698511-fa9f-47e2-9f4c-5fbstatus001', NULL, NULL, NULL, NULL, NULL, NULL, NULL, NULL, NULL, NULL, NULL, NULL, '0f1515e0-c7a3-430b-8f05-d70868ec5fc6', 'N', NULL, 'Y', NULL, '82', 'Y', 'b8ab9427-627b-469f-bfd0-4b1buser0001', '2022-08-08', 'b8ab9427-627b-469f-bfd0-4b1buser0001', '2022-08-08', 'PT', NULL);
INSERT INTO en_tsk(id, name, projectId, deptId, planId, nodeId, typeId, levelId, planStartDate, planEndDate, realStartDate, realEndDate, planWorkload, realWorkload, confirmWorkload, planDuration, realDuration, copRate, devRate, statusId, ownerId, actorId, publisherId, publishDate, auditorId, keyEvent, acceptCriteria, remark, selfEvalId, lastEvalId, preTaskId, milestoneId, parentId, isNode, isShare, isTemplate, changeNum, orderNum, isValid, creatorId, createdTime, modifyId, modifyTime, taskType, baselineData) VALUES ('4bda8180-5b4f-47f2-8c7a-d85afb6d2e16', '更新项目环境', NULL, NULL, 'f2665bba-fbc6-4ef6-b6d4-61a257f0461b', NULL, NULL, NULL, '2024-11-09 00:00:00', '2024-11-09 00:00:00', NULL, NULL, '0', NULL, NULL, '0', NULL, NULL, NULL, '07698511-fa9f-47e2-9f4c-5fbstatus001', NULL, NULL, NULL, NULL, NULL, NULL, NULL, NULL, NULL, NULL, NULL, NULL, '0f1515e0-c7a3-430b-8f05-d70868ec5fc6', 'N', NULL, 'Y', NULL, '83', 'Y', 'b8ab9427-627b-469f-bfd0-4b1buser0001', '2022-08-08', 'b8ab9427-627b-469f-bfd0-4b1buser0001', '2022-08-08', 'PT', NULL);
INSERT INTO en_tsk(id, name, projectId, deptId, planId, nodeId, typeId, levelId, planStartDate, planEndDate, realStartDate, realEndDate, planWorkload, realWorkload, confirmWorkload, planDuration, realDuration, copRate, devRate, statusId, ownerId, actorId, publisherId, publishDate, auditorId, keyEvent, acceptCriteria, remark, selfEvalId, lastEvalId, preTaskId, milestoneId, parentId, isNode, isShare, isTemplate, changeNum, orderNum, isValid, creatorId, createdTime, modifyId, modifyTime, taskType, baselineData) VALUES ('755634a6-ac20-4d53-bdfc-fdd204cd13c2', '计划阶段度量分析', NULL, NULL, 'f2665bba-fbc6-4ef6-b6d4-61a257f0461b', NULL, NULL, NULL, '2024-11-10 00:00:00', '2024-11-11 00:00:00', NULL, NULL, '0', NULL, NULL, '0', NULL, NULL, NULL, '07698511-fa9f-47e2-9f4c-5fbstatus001', NULL, NULL, NULL, NULL, NULL, NULL, NULL, NULL, NULL, NULL, NULL, NULL, '0f1515e0-c7a3-430b-8f05-d70868ec5fc6', 'N', NULL, 'Y', NULL, '84', 'Y', 'b8ab9427-627b-469f-bfd0-4b1buser0001', '2022-08-08', 'b8ab9427-627b-469f-bfd0-4b1buser0001', '2022-08-08', 'PT', NULL);
INSERT INTO en_tsk(id, name, projectId, deptId, planId, nodeId, typeId, levelId, planStartDate, planEndDate, realStartDate, realEndDate, planWorkload, realWorkload, confirmWorkload, planDuration, realDuration, copRate, devRate, statusId, ownerId, actorId, publisherId, publishDate, auditorId, keyEvent, acceptCriteria, remark, selfEvalId, lastEvalId, preTaskId, milestoneId, parentId, isNode, isShare, isTemplate, changeNum, orderNum, isValid, creatorId, createdTime, modifyId, modifyTime, taskType, baselineData) VALUES ('993845aa-691c-410d-89a2-11de81faff2a', '开发阶段', NULL, NULL, 'f2665bba-fbc6-4ef6-b6d4-61a257f0461b', NULL, NULL, NULL, '2024-11-12 00:00:00', '2024-12-27 00:00:00', NULL, NULL, '0', NULL, NULL, '0', NULL, NULL, NULL, '07698511-fa9f-47e2-9f4c-5fbstatus001', NULL, NULL, NULL, NULL, NULL, NULL, NULL, NULL, NULL, NULL, NULL, NULL, NULL, 'Y', NULL, 'Y', NULL, '85', 'Y', 'b8ab9427-627b-469f-bfd0-4b1buser0001', '2022-08-08', 'b8ab9427-627b-469f-bfd0-4b1buser0001', '2022-08-08', 'PT', NULL);
INSERT INTO en_tsk(id, name, projectId, deptId, planId, nodeId, typeId, levelId, planStartDate, planEndDate, realStartDate, realEndDate, planWorkload, realWorkload, confirmWorkload, planDuration, realDuration, copRate, devRate, statusId, ownerId, actorId, publisherId, publishDate, auditorId, keyEvent, acceptCriteria, remark, selfEvalId, lastEvalId, preTaskId, milestoneId, parentId, isNode, isShare, isTemplate, changeNum, orderNum, isValid, creatorId, createdTime, modifyId, modifyTime, taskType, baselineData) VALUES ('684b83ed-113c-40ca-b92a-11854aacb0a4', '模块设计', NULL, NULL, 'f2665bba-fbc6-4ef6-b6d4-61a257f0461b', NULL, NULL, NULL, '2024-11-12 00:00:00', '2024-11-13 00:00:00', NULL, NULL, '0', NULL, NULL, '0', NULL, NULL, NULL, '07698511-fa9f-47e2-9f4c-5fbstatus001', NULL, NULL, NULL, NULL, NULL, NULL, NULL, '系统工程师指导模块设计', NULL, NULL, NULL, NULL, '993845aa-691c-410d-89a2-11de81faff2a', 'N', NULL, 'Y', NULL, '86', 'Y', 'b8ab9427-627b-469f-bfd0-4b1buser0001', '2022-08-08', 'b8ab9427-627b-469f-bfd0-4b1buser0001', '2022-08-08', 'PT', NULL);
INSERT INTO en_tsk(id, name, projectId, deptId, planId, nodeId, typeId, levelId, planStartDate, planEndDate, realStartDate, realEndDate, planWorkload, realWorkload, confirmWorkload, planDuration, realDuration, copRate, devRate, statusId, ownerId, actorId, publisherId, publishDate, auditorId, keyEvent, acceptCriteria, remark, selfEvalId, lastEvalId, preTaskId, milestoneId, parentId, isNode, isShare, isTemplate, changeNum, orderNum, isValid, creatorId, createdTime, modifyId, modifyTime, taskType, baselineData) VALUES ('63163cc3-0b51-4e82-bfb6-7b954ab30bc1', '编码实现', NULL, NULL, 'f2665bba-fbc6-4ef6-b6d4-61a257f0461b', NULL, NULL, NULL, '2024-11-14 00:00:00', '2024-11-14 00:00:00', NULL, NULL, '0', NULL, NULL, '0', NULL, NULL, NULL, '07698511-fa9f-47e2-9f4c-5fbstatus001', NULL, NULL, NULL, NULL, NULL, NULL, NULL, NULL, NULL, NULL, NULL, NULL, '993845aa-691c-410d-89a2-11de81faff2a', 'N', NULL, 'Y', NULL, '87', 'Y', 'b8ab9427-627b-469f-bfd0-4b1buser0001', '2022-08-08', 'b8ab9427-627b-469f-bfd0-4b1buser0001', '2022-08-08', 'PT', NULL);
INSERT INTO en_tsk(id, name, projectId, deptId, planId, nodeId, typeId, levelId, planStartDate, planEndDate, realStartDate, realEndDate, planWorkload, realWorkload, confirmWorkload, planDuration, realDuration, copRate, devRate, statusId, ownerId, actorId, publisherId, publishDate, auditorId, keyEvent, acceptCriteria, remark, selfEvalId, lastEvalId, preTaskId, milestoneId, parentId, isNode, isShare, isTemplate, changeNum, orderNum, isValid, creatorId, createdTime, modifyId, modifyTime, taskType, baselineData) VALUES ('174bf98f-bade-478c-878f-f78bdac8ba55', '编写单元测试方案', NULL, NULL, 'f2665bba-fbc6-4ef6-b6d4-61a257f0461b', NULL, NULL, NULL, '2024-11-15 00:00:00', '2024-11-15 00:00:00', NULL, NULL, '0', NULL, NULL, '0', NULL, NULL, NULL, '07698511-fa9f-47e2-9f4c-5fbstatus001', NULL, NULL, NULL, NULL, NULL, NULL, NULL, NULL, NULL, NULL, NULL, NULL, '993845aa-691c-410d-89a2-11de81faff2a', 'N', NULL, 'Y', NULL, '88', 'Y', 'b8ab9427-627b-469f-bfd0-4b1buser0001', '2022-08-08', 'b8ab9427-627b-469f-bfd0-4b1buser0001', '2022-08-08', 'PT', NULL);
INSERT INTO en_tsk(id, name, projectId, deptId, planId, nodeId, typeId, levelId, planStartDate, planEndDate, realStartDate, realEndDate, planWorkload, realWorkload, confirmWorkload, planDuration, realDuration, copRate, devRate, statusId, ownerId, actorId, publisherId, publishDate, auditorId, keyEvent, acceptCriteria, remark, selfEvalId, lastEvalId, preTaskId, milestoneId, parentId, isNode, isShare, isTemplate, changeNum, orderNum, isValid, creatorId, createdTime, modifyId, modifyTime, taskType, baselineData) VALUES ('8323be0b-6f34-423c-8094-48831abee20a', '持续开发可服务性测试用例', NULL, NULL, 'f2665bba-fbc6-4ef6-b6d4-61a257f0461b', NULL, NULL, NULL, '2024-11-16 00:00:00', '2024-11-16 00:00:00', NULL, NULL, '0', NULL, NULL, '0', NULL, NULL, NULL, '07698511-fa9f-47e2-9f4c-5fbstatus001', NULL, NULL, NULL, NULL, NULL, NULL, NULL, '测试工程师参与开发可服务性测试用例', NULL, NULL, NULL, NULL, '993845aa-691c-410d-89a2-11de81faff2a', 'N', NULL, 'Y', NULL, '89', 'Y', 'b8ab9427-627b-469f-bfd0-4b1buser0001', '2022-08-08', 'b8ab9427-627b-469f-bfd0-4b1buser0001', '2022-08-08', 'PT', NULL);
INSERT INTO en_tsk(id, name, projectId, deptId, planId, nodeId, typeId, levelId, planStartDate, planEndDate, realStartDate, realEndDate, planWorkload, realWorkload, confirmWorkload, planDuration, realDuration, copRate, devRate, statusId, ownerId, actorId, publisherId, publishDate, auditorId, keyEvent, acceptCriteria, remark, selfEvalId, lastEvalId, preTaskId, milestoneId, parentId, isNode, isShare, isTemplate, changeNum, orderNum, isValid, creatorId, createdTime, modifyId, modifyTime, taskType, baselineData) VALUES ('af3e8bdf-25d4-454a-87c6-35fec81fcbe3', '持续执行采购计划', NULL, NULL, 'f2665bba-fbc6-4ef6-b6d4-61a257f0461b', NULL, NULL, NULL, '2024-11-17 00:00:00', '2024-11-17 00:00:00', NULL, NULL, '0', NULL, NULL, '0', NULL, NULL, NULL, '07698511-fa9f-47e2-9f4c-5fbstatus001', NULL, NULL, NULL, NULL, NULL, NULL, NULL, NULL, NULL, NULL, NULL, NULL, '993845aa-691c-410d-89a2-11de81faff2a', 'N', NULL, 'Y', NULL, '90', 'Y', 'b8ab9427-627b-469f-bfd0-4b1buser0001', '2022-08-08', 'b8ab9427-627b-469f-bfd0-4b1buser0001', '2022-08-08', 'PT', NULL);
INSERT INTO en_tsk(id, name, projectId, deptId, planId, nodeId, typeId, levelId, planStartDate, planEndDate, realStartDate, realEndDate, planWorkload, realWorkload, confirmWorkload, planDuration, realDuration, copRate, devRate, statusId, ownerId, actorId, publisherId, publishDate, auditorId, keyEvent, acceptCriteria, remark, selfEvalId, lastEvalId, preTaskId, milestoneId, parentId, isNode, isShare, isTemplate, changeNum, orderNum, isValid, creatorId, createdTime, modifyId, modifyTime, taskType, baselineData) VALUES ('3a12764b-b7c1-4a78-8b92-1082d4311a1c', '持续收集财务数据', NULL, NULL, 'f2665bba-fbc6-4ef6-b6d4-61a257f0461b', NULL, NULL, NULL, '2024-11-18 00:00:00', '2024-11-19 00:00:00', NULL, NULL, '0', NULL, NULL, '0', NULL, NULL, NULL, '07698511-fa9f-47e2-9f4c-5fbstatus001', NULL, NULL, NULL, NULL, NULL, NULL, NULL, NULL, NULL, NULL, NULL, NULL, '993845aa-691c-410d-89a2-11de81faff2a', 'N', NULL, 'Y', NULL, '91', 'Y', 'b8ab9427-627b-469f-bfd0-4b1buser0001', '2022-08-08', 'b8ab9427-627b-469f-bfd0-4b1buser0001', '2022-08-08', 'PT', NULL);
INSERT INTO en_tsk(id, name, projectId, deptId, planId, nodeId, typeId, levelId, planStartDate, planEndDate, realStartDate, realEndDate, planWorkload, realWorkload, confirmWorkload, planDuration, realDuration, copRate, devRate, statusId, ownerId, actorId, publisherId, publishDate, auditorId, keyEvent, acceptCriteria, remark, selfEvalId, lastEvalId, preTaskId, milestoneId, parentId, isNode, isShare, isTemplate, changeNum, orderNum, isValid, creatorId, createdTime, modifyId, modifyTime, taskType, baselineData) VALUES ('3ec628c2-aac9-4c65-aacc-ab2f6e29f628', '持续进行联机帮助和技术文档开发', NULL, NULL, 'f2665bba-fbc6-4ef6-b6d4-61a257f0461b', NULL, NULL, NULL, '2024-11-18 00:00:00', '2024-11-20 00:00:00', NULL, NULL, '0', NULL, NULL, '0', NULL, NULL, NULL, '07698511-fa9f-47e2-9f4c-5fbstatus001', NULL, NULL, NULL, NULL, NULL, NULL, NULL, NULL, NULL, NULL, NULL, NULL, '993845aa-691c-410d-89a2-11de81faff2a', 'N', NULL, 'Y', NULL, '92', 'Y', 'b8ab9427-627b-469f-bfd0-4b1buser0001', '2022-08-08', 'b8ab9427-627b-469f-bfd0-4b1buser0001', '2022-08-08', 'PT', NULL);
INSERT INTO en_tsk(id, name, projectId, deptId, planId, nodeId, typeId, levelId, planStartDate, planEndDate, realStartDate, realEndDate, planWorkload, realWorkload, confirmWorkload, planDuration, realDuration, copRate, devRate, statusId, ownerId, actorId, publisherId, publishDate, auditorId, keyEvent, acceptCriteria, remark, selfEvalId, lastEvalId, preTaskId, milestoneId, parentId, isNode, isShare, isTemplate, changeNum, orderNum, isValid, creatorId, createdTime, modifyId, modifyTime, taskType, baselineData) VALUES ('6c245546-db17-4d00-a779-7e447877c5ee', '持续开发测试工具和测试用例，构建测试环境', NULL, NULL, 'f2665bba-fbc6-4ef6-b6d4-61a257f0461b', NULL, NULL, NULL, '2024-11-18 00:00:00', '2024-11-20 00:00:00', NULL, NULL, '0', NULL, NULL, '0', NULL, NULL, NULL, '07698511-fa9f-47e2-9f4c-5fbstatus001', NULL, NULL, NULL, NULL, NULL, NULL, NULL, NULL, NULL, NULL, NULL, NULL, '993845aa-691c-410d-89a2-11de81faff2a', 'N', NULL, 'Y', NULL, '93', 'Y', 'b8ab9427-627b-469f-bfd0-4b1buser0001', '2022-08-08', 'b8ab9427-627b-469f-bfd0-4b1buser0001', '2022-08-08', 'PT', NULL);
INSERT INTO en_tsk(id, name, projectId, deptId, planId, nodeId, typeId, levelId, planStartDate, planEndDate, realStartDate, realEndDate, planWorkload, realWorkload, confirmWorkload, planDuration, realDuration, copRate, devRate, statusId, ownerId, actorId, publisherId, publishDate, auditorId, keyEvent, acceptCriteria, remark, selfEvalId, lastEvalId, preTaskId, milestoneId, parentId, isNode, isShare, isTemplate, changeNum, orderNum, isValid, creatorId, createdTime, modifyId, modifyTime, taskType, baselineData) VALUES ('ffbfb91e-d6e0-4c4b-8c6a-f089ba33a907', '代码审查', NULL, NULL, 'f2665bba-fbc6-4ef6-b6d4-61a257f0461b', NULL, NULL, NULL, '2024-11-20 00:00:00', '2024-11-22 00:00:00', NULL, NULL, '0', NULL, NULL, '0', NULL, NULL, NULL, '07698511-fa9f-47e2-9f4c-5fbstatus001', NULL, NULL, NULL, NULL, NULL, NULL, NULL, NULL, NULL, NULL, NULL, NULL, '993845aa-691c-410d-89a2-11de81faff2a', 'N', NULL, 'Y', NULL, '94', 'Y', 'b8ab9427-627b-469f-bfd0-4b1buser0001', '2022-08-08', 'b8ab9427-627b-469f-bfd0-4b1buser0001', '2022-08-08', 'PT', NULL);
INSERT INTO en_tsk(id, name, projectId, deptId, planId, nodeId, typeId, levelId, planStartDate, planEndDate, realStartDate, realEndDate, planWorkload, realWorkload, confirmWorkload, planDuration, realDuration, copRate, devRate, statusId, ownerId, actorId, publisherId, publishDate, auditorId, keyEvent, acceptCriteria, remark, selfEvalId, lastEvalId, preTaskId, milestoneId, parentId, isNode, isShare, isTemplate, changeNum, orderNum, isValid, creatorId, createdTime, modifyId, modifyTime, taskType, baselineData) VALUES ('f8fc7f95-8065-4b7e-b68b-791122be39b1', '单元测试', NULL, NULL, 'f2665bba-fbc6-4ef6-b6d4-61a257f0461b', NULL, NULL, NULL, '2024-11-23 00:00:00', '2024-11-25 00:00:00', NULL, NULL, '0', NULL, NULL, '0', NULL, NULL, NULL, '07698511-fa9f-47e2-9f4c-5fbstatus001', NULL, NULL, NULL, NULL, NULL, NULL, NULL, NULL, NULL, NULL, NULL, NULL, '993845aa-691c-410d-89a2-11de81faff2a', 'N', NULL, 'Y', NULL, '95', 'Y', 'b8ab9427-627b-469f-bfd0-4b1buser0001', '2022-08-08', 'b8ab9427-627b-469f-bfd0-4b1buser0001', '2022-08-08', 'PT', NULL);
INSERT INTO en_tsk(id, name, projectId, deptId, planId, nodeId, typeId, levelId, planStartDate, planEndDate, realStartDate, realEndDate, planWorkload, realWorkload, confirmWorkload, planDuration, realDuration, copRate, devRate, statusId, ownerId, actorId, publisherId, publishDate, auditorId, keyEvent, acceptCriteria, remark, selfEvalId, lastEvalId, preTaskId, milestoneId, parentId, isNode, isShare, isTemplate, changeNum, orderNum, isValid, creatorId, createdTime, modifyId, modifyTime, taskType, baselineData) VALUES ('d8643426-3c01-41aa-8e31-52cf3f6e835b', '编写单元测试报告', NULL, NULL, 'f2665bba-fbc6-4ef6-b6d4-61a257f0461b', NULL, NULL, NULL, '2024-11-26 00:00:00', '2024-11-26 00:00:00', NULL, NULL, '0', NULL, NULL, '0', NULL, NULL, NULL, '07698511-fa9f-47e2-9f4c-5fbstatus001', NULL, NULL, NULL, NULL, NULL, NULL, NULL, NULL, NULL, NULL, NULL, NULL, '993845aa-691c-410d-89a2-11de81faff2a', 'N', NULL, 'Y', NULL, '96', 'Y', 'b8ab9427-627b-469f-bfd0-4b1buser0001', '2022-08-08', 'b8ab9427-627b-469f-bfd0-4b1buser0001', '2022-08-08', 'PT', NULL);
INSERT INTO en_tsk(id, name, projectId, deptId, planId, nodeId, typeId, levelId, planStartDate, planEndDate, realStartDate, realEndDate, planWorkload, realWorkload, confirmWorkload, planDuration, realDuration, copRate, devRate, statusId, ownerId, actorId, publisherId, publishDate, auditorId, keyEvent, acceptCriteria, remark, selfEvalId, lastEvalId, preTaskId, milestoneId, parentId, isNode, isShare, isTemplate, changeNum, orderNum, isValid, creatorId, createdTime, modifyId, modifyTime, taskType, baselineData) VALUES ('8bf00ee4-c139-452d-8274-c52448e9ae26', '集成测试发布评审', NULL, NULL, 'f2665bba-fbc6-4ef6-b6d4-61a257f0461b', NULL, NULL, NULL, '2024-11-27 00:00:00', '2024-11-27 00:00:00', NULL, NULL, '0', NULL, NULL, '0', NULL, NULL, NULL, '07698511-fa9f-47e2-9f4c-5fbstatus001', NULL, NULL, NULL, NULL, NULL, NULL, NULL, '系统工程师主导集成测试发布评审\n项目经理组织集成测试发布评审\n质量保证员监督集成测试发布评审\n其他人员参与集成测试发布评审', NULL, NULL, NULL, NULL, '993845aa-691c-410d-89a2-11de81faff2a', 'N', NULL, 'Y', NULL, '97', 'Y', 'b8ab9427-627b-469f-bfd0-4b1buser0001', '2022-08-08', 'b8ab9427-627b-469f-bfd0-4b1buser0001', '2022-08-08', 'PT', NULL);
INSERT INTO en_tsk(id, name, projectId, deptId, planId, nodeId, typeId, levelId, planStartDate, planEndDate, realStartDate, realEndDate, planWorkload, realWorkload, confirmWorkload, planDuration, realDuration, copRate, devRate, statusId, ownerId, actorId, publisherId, publishDate, auditorId, keyEvent, acceptCriteria, remark, selfEvalId, lastEvalId, preTaskId, milestoneId, parentId, isNode, isShare, isTemplate, changeNum, orderNum, isValid, creatorId, createdTime, modifyId, modifyTime, taskType, baselineData) VALUES ('8ea45650-3548-4098-baea-88b21cb47758', '建立集成测试版本基线', NULL, NULL, 'f2665bba-fbc6-4ef6-b6d4-61a257f0461b', NULL, NULL, NULL, '2024-11-28 00:00:00', '2024-11-30 00:00:00', NULL, NULL, '0', NULL, NULL, '0', NULL, NULL, NULL, '07698511-fa9f-47e2-9f4c-5fbstatus001', NULL, NULL, NULL, NULL, NULL, NULL, NULL, NULL, NULL, NULL, NULL, NULL, '993845aa-691c-410d-89a2-11de81faff2a', 'N', NULL, 'Y', NULL, '98', 'Y', 'b8ab9427-627b-469f-bfd0-4b1buser0001', '2022-08-08', 'b8ab9427-627b-469f-bfd0-4b1buser0001', '2022-08-08', 'PT', NULL);
INSERT INTO en_tsk(id, name, projectId, deptId, planId, nodeId, typeId, levelId, planStartDate, planEndDate, realStartDate, realEndDate, planWorkload, realWorkload, confirmWorkload, planDuration, realDuration, copRate, devRate, statusId, ownerId, actorId, publisherId, publishDate, auditorId, keyEvent, acceptCriteria, remark, selfEvalId, lastEvalId, preTaskId, milestoneId, parentId, isNode, isShare, isTemplate, changeNum, orderNum, isValid, creatorId, createdTime, modifyId, modifyTime, taskType, baselineData) VALUES ('032f623c-7198-4029-a425-5db233fa43c7', '审计集成测试版本基线', NULL, NULL, 'f2665bba-fbc6-4ef6-b6d4-61a257f0461b', NULL, NULL, NULL, '2024-12-01 00:00:00', '2024-12-03 00:00:00', NULL, NULL, '0', NULL, NULL, '0', NULL, NULL, NULL, '07698511-fa9f-47e2-9f4c-5fbstatus001', NULL, NULL, NULL, NULL, NULL, NULL, NULL, NULL, NULL, NULL, NULL, NULL, '993845aa-691c-410d-89a2-11de81faff2a', 'N', NULL, 'Y', NULL, '99', 'Y', 'b8ab9427-627b-469f-bfd0-4b1buser0001', '2022-08-08', 'b8ab9427-627b-469f-bfd0-4b1buser0001', '2022-08-08', 'PT', NULL);
INSERT INTO en_tsk(id, name, projectId, deptId, planId, nodeId, typeId, levelId, planStartDate, planEndDate, realStartDate, realEndDate, planWorkload, realWorkload, confirmWorkload, planDuration, realDuration, copRate, devRate, statusId, ownerId, actorId, publisherId, publishDate, auditorId, keyEvent, acceptCriteria, remark, selfEvalId, lastEvalId, preTaskId, milestoneId, parentId, isNode, isShare, isTemplate, changeNum, orderNum, isValid, creatorId, createdTime, modifyId, modifyTime, taskType, baselineData) VALUES ('97ce7d5e-574e-4e06-b4d8-3b05cb6b1a81', '更新相关计划', NULL, NULL, 'f2665bba-fbc6-4ef6-b6d4-61a257f0461b', NULL, NULL, NULL, '2024-12-04 00:00:00', '2024-12-10 00:00:00', NULL, NULL, '0', NULL, NULL, '0', NULL, NULL, NULL, '07698511-fa9f-47e2-9f4c-5fbstatus001', NULL, NULL, NULL, NULL, NULL, NULL, NULL, NULL, NULL, NULL, NULL, NULL, '993845aa-691c-410d-89a2-11de81faff2a', 'Y', NULL, 'Y', NULL, '100', 'Y', 'b8ab9427-627b-469f-bfd0-4b1buser0001', '2022-08-08', 'b8ab9427-627b-469f-bfd0-4b1buser0001', '2022-08-08', 'PT', NULL);
INSERT INTO en_tsk(id, name, projectId, deptId, planId, nodeId, typeId, levelId, planStartDate, planEndDate, realStartDate, realEndDate, planWorkload, realWorkload, confirmWorkload, planDuration, realDuration, copRate, devRate, statusId, ownerId, actorId, publisherId, publishDate, auditorId, keyEvent, acceptCriteria, remark, selfEvalId, lastEvalId, preTaskId, milestoneId, parentId, isNode, isShare, isTemplate, changeNum, orderNum, isValid, creatorId, createdTime, modifyId, modifyTime, taskType, baselineData) VALUES ('43038a79-c2c6-4ad1-9992-c8ea1ce4c77a', '度量分析/更新质量管理计划', NULL, NULL, 'f2665bba-fbc6-4ef6-b6d4-61a257f0461b', NULL, NULL, NULL, '2024-12-04 00:00:00', '2024-12-06 00:00:00', NULL, NULL, '0', NULL, NULL, '0', NULL, NULL, NULL, '07698511-fa9f-47e2-9f4c-5fbstatus001', NULL, NULL, NULL, NULL, NULL, NULL, NULL, NULL, NULL, NULL, NULL, NULL, '97ce7d5e-574e-4e06-b4d8-3b05cb6b1a81', 'N', NULL, 'Y', NULL, '101', 'Y', 'b8ab9427-627b-469f-bfd0-4b1buser0001', '2022-08-08', 'b8ab9427-627b-469f-bfd0-4b1buser0001', '2022-08-08', 'PT', NULL);
INSERT INTO en_tsk(id, name, projectId, deptId, planId, nodeId, typeId, levelId, planStartDate, planEndDate, realStartDate, realEndDate, planWorkload, realWorkload, confirmWorkload, planDuration, realDuration, copRate, devRate, statusId, ownerId, actorId, publisherId, publishDate, auditorId, keyEvent, acceptCriteria, remark, selfEvalId, lastEvalId, preTaskId, milestoneId, parentId, isNode, isShare, isTemplate, changeNum, orderNum, isValid, creatorId, createdTime, modifyId, modifyTime, taskType, baselineData) VALUES ('5a0ca753-9c55-4cd2-a626-1e4b5f5c6421', '更新配置管理计划', NULL, NULL, 'f2665bba-fbc6-4ef6-b6d4-61a257f0461b', NULL, NULL, NULL, '2024-12-05 00:00:00', '2024-12-07 00:00:00', NULL, NULL, '0', NULL, NULL, '0', NULL, NULL, NULL, '07698511-fa9f-47e2-9f4c-5fbstatus001', NULL, NULL, NULL, NULL, NULL, NULL, NULL, NULL, NULL, NULL, NULL, NULL, '97ce7d5e-574e-4e06-b4d8-3b05cb6b1a81', 'N', NULL, 'Y', NULL, '102', 'Y', 'b8ab9427-627b-469f-bfd0-4b1buser0001', '2022-08-08', 'b8ab9427-627b-469f-bfd0-4b1buser0001', '2022-08-08', 'PT', NULL);
INSERT INTO en_tsk(id, name, projectId, deptId, planId, nodeId, typeId, levelId, planStartDate, planEndDate, realStartDate, realEndDate, planWorkload, realWorkload, confirmWorkload, planDuration, realDuration, copRate, devRate, statusId, ownerId, actorId, publisherId, publishDate, auditorId, keyEvent, acceptCriteria, remark, selfEvalId, lastEvalId, preTaskId, milestoneId, parentId, isNode, isShare, isTemplate, changeNum, orderNum, isValid, creatorId, createdTime, modifyId, modifyTime, taskType, baselineData) VALUES ('66def536-0d23-4461-910f-76b856f85c4c', '更新集成、系统测试计划', NULL, NULL, 'f2665bba-fbc6-4ef6-b6d4-61a257f0461b', NULL, NULL, NULL, '2024-12-06 00:00:00', '2024-12-08 00:00:00', NULL, NULL, '0', NULL, NULL, '0', NULL, NULL, NULL, '07698511-fa9f-47e2-9f4c-5fbstatus001', NULL, NULL, NULL, NULL, NULL, NULL, NULL, NULL, NULL, NULL, NULL, NULL, '97ce7d5e-574e-4e06-b4d8-3b05cb6b1a81', 'N', NULL, 'Y', NULL, '103', 'Y', 'b8ab9427-627b-469f-bfd0-4b1buser0001', '2022-08-08', 'b8ab9427-627b-469f-bfd0-4b1buser0001', '2022-08-08', 'PT', NULL);
INSERT INTO en_tsk(id, name, projectId, deptId, planId, nodeId, typeId, levelId, planStartDate, planEndDate, realStartDate, realEndDate, planWorkload, realWorkload, confirmWorkload, planDuration, realDuration, copRate, devRate, statusId, ownerId, actorId, publisherId, publishDate, auditorId, keyEvent, acceptCriteria, remark, selfEvalId, lastEvalId, preTaskId, milestoneId, parentId, isNode, isShare, isTemplate, changeNum, orderNum, isValid, creatorId, createdTime, modifyId, modifyTime, taskType, baselineData) VALUES ('4cd5cd01-b6cb-4bbb-87ea-a56c1727cc8a', '重估计度量分析/更新项目计划', NULL, NULL, 'f2665bba-fbc6-4ef6-b6d4-61a257f0461b', NULL, NULL, NULL, '2024-12-08 00:00:00', '2024-12-10 00:00:00', NULL, NULL, '0', NULL, NULL, '0', NULL, NULL, NULL, '07698511-fa9f-47e2-9f4c-5fbstatus001', NULL, NULL, NULL, NULL, NULL, NULL, NULL, NULL, NULL, NULL, NULL, NULL, '97ce7d5e-574e-4e06-b4d8-3b05cb6b1a81', 'N', NULL, 'Y', NULL, '104', 'Y', 'b8ab9427-627b-469f-bfd0-4b1buser0001', '2022-08-08', 'b8ab9427-627b-469f-bfd0-4b1buser0001', '2022-08-08', 'PT', NULL);
INSERT INTO en_tsk(id, name, projectId, deptId, planId, nodeId, typeId, levelId, planStartDate, planEndDate, realStartDate, realEndDate, planWorkload, realWorkload, confirmWorkload, planDuration, realDuration, copRate, devRate, statusId, ownerId, actorId, publisherId, publishDate, auditorId, keyEvent, acceptCriteria, remark, selfEvalId, lastEvalId, preTaskId, milestoneId, parentId, isNode, isShare, isTemplate, changeNum, orderNum, isValid, creatorId, createdTime, modifyId, modifyTime, taskType, baselineData) VALUES ('77be4883-611f-4121-b16c-9aee4b64d4e1', '组织演示系统制作', NULL, NULL, 'f2665bba-fbc6-4ef6-b6d4-61a257f0461b', NULL, NULL, NULL, '2024-12-11 00:00:00', '2024-12-11 00:00:00', NULL, NULL, '0', NULL, NULL, '0', NULL, NULL, NULL, '07698511-fa9f-47e2-9f4c-5fbstatus001', NULL, NULL, NULL, NULL, NULL, NULL, NULL, '软件工程师支持演示系统制作', NULL, NULL, NULL, NULL, '993845aa-691c-410d-89a2-11de81faff2a', 'N', NULL, 'Y', NULL, '105', 'Y', 'b8ab9427-627b-469f-bfd0-4b1buser0001', '2022-08-08', 'b8ab9427-627b-469f-bfd0-4b1buser0001', '2022-08-08', 'PT', NULL);
INSERT INTO en_tsk(id, name, projectId, deptId, planId, nodeId, typeId, levelId, planStartDate, planEndDate, realStartDate, realEndDate, planWorkload, realWorkload, confirmWorkload, planDuration, realDuration, copRate, devRate, statusId, ownerId, actorId, publisherId, publishDate, auditorId, keyEvent, acceptCriteria, remark, selfEvalId, lastEvalId, preTaskId, milestoneId, parentId, isNode, isShare, isTemplate, changeNum, orderNum, isValid, creatorId, createdTime, modifyId, modifyTime, taskType, baselineData) VALUES ('c5fa0996-413e-4863-aa65-847370d6422e', '准备销售培训', NULL, NULL, 'f2665bba-fbc6-4ef6-b6d4-61a257f0461b', NULL, NULL, NULL, '2024-12-12 00:00:00', '2024-12-12 00:00:00', NULL, NULL, '0', NULL, NULL, '0', NULL, NULL, NULL, '07698511-fa9f-47e2-9f4c-5fbstatus001', NULL, NULL, NULL, NULL, NULL, NULL, NULL, NULL, NULL, NULL, NULL, NULL, '993845aa-691c-410d-89a2-11de81faff2a', 'N', NULL, 'Y', NULL, '106', 'Y', 'b8ab9427-627b-469f-bfd0-4b1buser0001', '2022-08-08', 'b8ab9427-627b-469f-bfd0-4b1buser0001', '2022-08-08', 'PT', NULL);
INSERT INTO en_tsk(id, name, projectId, deptId, planId, nodeId, typeId, levelId, planStartDate, planEndDate, realStartDate, realEndDate, planWorkload, realWorkload, confirmWorkload, planDuration, realDuration, copRate, devRate, statusId, ownerId, actorId, publisherId, publishDate, auditorId, keyEvent, acceptCriteria, remark, selfEvalId, lastEvalId, preTaskId, milestoneId, parentId, isNode, isShare, isTemplate, changeNum, orderNum, isValid, creatorId, createdTime, modifyId, modifyTime, taskType, baselineData) VALUES ('1f525f54-2974-4519-b5b8-26fd7c2276fe', '准备市场材料', NULL, NULL, 'f2665bba-fbc6-4ef6-b6d4-61a257f0461b', NULL, NULL, NULL, '2024-12-13 00:00:00', '2024-12-13 00:00:00', NULL, NULL, '0', NULL, NULL, '0', NULL, NULL, NULL, '07698511-fa9f-47e2-9f4c-5fbstatus001', NULL, NULL, NULL, NULL, NULL, NULL, NULL, NULL, NULL, NULL, NULL, NULL, '993845aa-691c-410d-89a2-11de81faff2a', 'N', NULL, 'Y', NULL, '107', 'Y', 'b8ab9427-627b-469f-bfd0-4b1buser0001', '2022-08-08', 'b8ab9427-627b-469f-bfd0-4b1buser0001', '2022-08-08', 'PT', NULL);
INSERT INTO en_tsk(id, name, projectId, deptId, planId, nodeId, typeId, levelId, planStartDate, planEndDate, realStartDate, realEndDate, planWorkload, realWorkload, confirmWorkload, planDuration, realDuration, copRate, devRate, statusId, ownerId, actorId, publisherId, publishDate, auditorId, keyEvent, acceptCriteria, remark, selfEvalId, lastEvalId, preTaskId, milestoneId, parentId, isNode, isShare, isTemplate, changeNum, orderNum, isValid, creatorId, createdTime, modifyId, modifyTime, taskType, baselineData) VALUES ('df5f5ded-2ced-4e5f-8654-0e6abf89d064', '持续的市场宣传', NULL, NULL, 'f2665bba-fbc6-4ef6-b6d4-61a257f0461b', NULL, NULL, NULL, '2024-12-14 00:00:00', '2024-12-14 00:00:00', NULL, NULL, '0', NULL, NULL, '0', NULL, NULL, NULL, '07698511-fa9f-47e2-9f4c-5fbstatus001', NULL, NULL, NULL, NULL, NULL, NULL, NULL, NULL, NULL, NULL, NULL, NULL, '993845aa-691c-410d-89a2-11de81faff2a', 'N', NULL, 'Y', NULL, '108', 'Y', 'b8ab9427-627b-469f-bfd0-4b1buser0001', '2022-08-08', 'b8ab9427-627b-469f-bfd0-4b1buser0001', '2022-08-08', 'PT', NULL);
INSERT INTO en_tsk(id, name, projectId, deptId, planId, nodeId, typeId, levelId, planStartDate, planEndDate, realStartDate, realEndDate, planWorkload, realWorkload, confirmWorkload, planDuration, realDuration, copRate, devRate, statusId, ownerId, actorId, publisherId, publishDate, auditorId, keyEvent, acceptCriteria, remark, selfEvalId, lastEvalId, preTaskId, milestoneId, parentId, isNode, isShare, isTemplate, changeNum, orderNum, isValid, creatorId, createdTime, modifyId, modifyTime, taskType, baselineData) VALUES ('9da2d6b1-9899-4445-9824-90faa6d465df', '持续进行范例代码和范例数据等开发', NULL, NULL, 'f2665bba-fbc6-4ef6-b6d4-61a257f0461b', NULL, NULL, NULL, '2024-12-15 00:00:00', '2024-12-15 00:00:00', NULL, NULL, '0', NULL, NULL, '0', NULL, NULL, NULL, '07698511-fa9f-47e2-9f4c-5fbstatus001', NULL, NULL, NULL, NULL, NULL, NULL, NULL, NULL, NULL, NULL, NULL, NULL, '993845aa-691c-410d-89a2-11de81faff2a', 'N', NULL, 'Y', NULL, '109', 'Y', 'b8ab9427-627b-469f-bfd0-4b1buser0001', '2022-08-08', 'b8ab9427-627b-469f-bfd0-4b1buser0001', '2022-08-08', 'PT', NULL);
INSERT INTO en_tsk(id, name, projectId, deptId, planId, nodeId, typeId, levelId, planStartDate, planEndDate, realStartDate, realEndDate, planWorkload, realWorkload, confirmWorkload, planDuration, realDuration, copRate, devRate, statusId, ownerId, actorId, publisherId, publishDate, auditorId, keyEvent, acceptCriteria, remark, selfEvalId, lastEvalId, preTaskId, milestoneId, parentId, isNode, isShare, isTemplate, changeNum, orderNum, isValid, creatorId, createdTime, modifyId, modifyTime, taskType, baselineData) VALUES ('3569df03-ad84-45cf-8997-112ca2168a03', '产品图形设计与制作', NULL, NULL, 'f2665bba-fbc6-4ef6-b6d4-61a257f0461b', NULL, NULL, NULL, '2024-12-16 00:00:00', '2024-12-16 00:00:00', NULL, NULL, '0', NULL, NULL, '0', NULL, NULL, NULL, '07698511-fa9f-47e2-9f4c-5fbstatus001', NULL, NULL, NULL, NULL, NULL, NULL, NULL, NULL, NULL, NULL, NULL, NULL, '993845aa-691c-410d-89a2-11de81faff2a', 'N', NULL, 'Y', NULL, '110', 'Y', 'b8ab9427-627b-469f-bfd0-4b1buser0001', '2022-08-08', 'b8ab9427-627b-469f-bfd0-4b1buser0001', '2022-08-08', 'PT', NULL);
INSERT INTO en_tsk(id, name, projectId, deptId, planId, nodeId, typeId, levelId, planStartDate, planEndDate, realStartDate, realEndDate, planWorkload, realWorkload, confirmWorkload, planDuration, realDuration, copRate, devRate, statusId, ownerId, actorId, publisherId, publishDate, auditorId, keyEvent, acceptCriteria, remark, selfEvalId, lastEvalId, preTaskId, milestoneId, parentId, isNode, isShare, isTemplate, changeNum, orderNum, isValid, creatorId, createdTime, modifyId, modifyTime, taskType, baselineData) VALUES ('6d8c2c97-211d-4cc5-9a28-97820f1688c7', '进行集成测试', NULL, NULL, 'f2665bba-fbc6-4ef6-b6d4-61a257f0461b', NULL, NULL, NULL, '2024-12-17 00:00:00', '2024-12-17 00:00:00', NULL, NULL, '0', NULL, NULL, '0', NULL, NULL, NULL, '07698511-fa9f-47e2-9f4c-5fbstatus001', NULL, NULL, NULL, NULL, NULL, NULL, NULL, NULL, NULL, NULL, NULL, NULL, '993845aa-691c-410d-89a2-11de81faff2a', 'N', NULL, 'Y', NULL, '111', 'Y', 'b8ab9427-627b-469f-bfd0-4b1buser0001', '2022-08-08', 'b8ab9427-627b-469f-bfd0-4b1buser0001', '2022-08-08', 'PT', NULL);
INSERT INTO en_tsk(id, name, projectId, deptId, planId, nodeId, typeId, levelId, planStartDate, planEndDate, realStartDate, realEndDate, planWorkload, realWorkload, confirmWorkload, planDuration, realDuration, copRate, devRate, statusId, ownerId, actorId, publisherId, publishDate, auditorId, keyEvent, acceptCriteria, remark, selfEvalId, lastEvalId, preTaskId, milestoneId, parentId, isNode, isShare, isTemplate, changeNum, orderNum, isValid, creatorId, createdTime, modifyId, modifyTime, taskType, baselineData) VALUES ('5869bbd9-1692-43cc-aadf-87ec74cae1cd', '编写集成测试报告', NULL, NULL, 'f2665bba-fbc6-4ef6-b6d4-61a257f0461b', NULL, NULL, NULL, '2024-12-18 00:00:00', '2024-12-18 00:00:00', NULL, NULL, '0', NULL, NULL, '0', NULL, NULL, NULL, '07698511-fa9f-47e2-9f4c-5fbstatus001', NULL, NULL, NULL, NULL, NULL, NULL, NULL, NULL, NULL, NULL, NULL, NULL, '993845aa-691c-410d-89a2-11de81faff2a', 'N', NULL, 'Y', NULL, '112', 'Y', 'b8ab9427-627b-469f-bfd0-4b1buser0001', '2022-08-08', 'b8ab9427-627b-469f-bfd0-4b1buser0001', '2022-08-08', 'PT', NULL);
INSERT INTO en_tsk(id, name, projectId, deptId, planId, nodeId, typeId, levelId, planStartDate, planEndDate, realStartDate, realEndDate, planWorkload, realWorkload, confirmWorkload, planDuration, realDuration, copRate, devRate, statusId, ownerId, actorId, publisherId, publishDate, auditorId, keyEvent, acceptCriteria, remark, selfEvalId, lastEvalId, preTaskId, milestoneId, parentId, isNode, isShare, isTemplate, changeNum, orderNum, isValid, creatorId, createdTime, modifyId, modifyTime, taskType, baselineData) VALUES ('a53e61cc-2c13-4c7c-8633-2fcea7f541df', '进行系统测试', NULL, NULL, 'f2665bba-fbc6-4ef6-b6d4-61a257f0461b', NULL, NULL, NULL, '2024-12-19 00:00:00', '2024-12-19 00:00:00', NULL, NULL, '0', NULL, NULL, '0', NULL, NULL, NULL, '07698511-fa9f-47e2-9f4c-5fbstatus001', NULL, NULL, NULL, NULL, NULL, NULL, NULL, NULL, NULL, NULL, NULL, NULL, '993845aa-691c-410d-89a2-11de81faff2a', 'N', NULL, 'Y', NULL, '113', 'Y', 'b8ab9427-627b-469f-bfd0-4b1buser0001', '2022-08-08', 'b8ab9427-627b-469f-bfd0-4b1buser0001', '2022-08-08', 'PT', NULL);
INSERT INTO en_tsk(id, name, projectId, deptId, planId, nodeId, typeId, levelId, planStartDate, planEndDate, realStartDate, realEndDate, planWorkload, realWorkload, confirmWorkload, planDuration, realDuration, copRate, devRate, statusId, ownerId, actorId, publisherId, publishDate, auditorId, keyEvent, acceptCriteria, remark, selfEvalId, lastEvalId, preTaskId, milestoneId, parentId, isNode, isShare, isTemplate, changeNum, orderNum, isValid, creatorId, createdTime, modifyId, modifyTime, taskType, baselineData) VALUES ('cb30b9c2-c50d-4c3b-9b35-1fbe69ae8cbc', '编写系统测试报告', NULL, NULL, 'f2665bba-fbc6-4ef6-b6d4-61a257f0461b', NULL, NULL, NULL, '2024-12-20 00:00:00', '2024-12-20 00:00:00', NULL, NULL, '0', NULL, NULL, '0', NULL, NULL, NULL, '07698511-fa9f-47e2-9f4c-5fbstatus001', NULL, NULL, NULL, NULL, NULL, NULL, NULL, NULL, NULL, NULL, NULL, NULL, '993845aa-691c-410d-89a2-11de81faff2a', 'N', NULL, 'Y', NULL, '114', 'Y', 'b8ab9427-627b-469f-bfd0-4b1buser0001', '2022-08-08', 'b8ab9427-627b-469f-bfd0-4b1buser0001', '2022-08-08', 'PT', NULL);
INSERT INTO en_tsk(id, name, projectId, deptId, planId, nodeId, typeId, levelId, planStartDate, planEndDate, realStartDate, realEndDate, planWorkload, realWorkload, confirmWorkload, planDuration, realDuration, copRate, devRate, statusId, ownerId, actorId, publisherId, publishDate, auditorId, keyEvent, acceptCriteria, remark, selfEvalId, lastEvalId, preTaskId, milestoneId, parentId, isNode, isShare, isTemplate, changeNum, orderNum, isValid, creatorId, createdTime, modifyId, modifyTime, taskType, baselineData) VALUES ('d0b34584-239c-4c35-8c8a-a0a59caefc09', 'Alpha发布评审', NULL, NULL, 'f2665bba-fbc6-4ef6-b6d4-61a257f0461b', NULL, NULL, NULL, '2024-12-21 00:00:00', '2024-12-21 00:00:00', NULL, NULL, '0', NULL, NULL, '0', NULL, NULL, NULL, '07698511-fa9f-47e2-9f4c-5fbstatus001', NULL, NULL, NULL, NULL, NULL, NULL, NULL, '系统工程师主导Alpha发布评审\n项目经理组织Alpha发布评审\n质量保证员监督Alpha发布评审\n其他人参与Alpha发布评审', NULL, NULL, NULL, NULL, '993845aa-691c-410d-89a2-11de81faff2a', 'N', NULL, 'Y', NULL, '115', 'Y', 'b8ab9427-627b-469f-bfd0-4b1buser0001', '2022-08-08', 'b8ab9427-627b-469f-bfd0-4b1buser0001', '2022-08-08', 'PT', NULL);
INSERT INTO en_tsk(id, name, projectId, deptId, planId, nodeId, typeId, levelId, planStartDate, planEndDate, realStartDate, realEndDate, planWorkload, realWorkload, confirmWorkload, planDuration, realDuration, copRate, devRate, statusId, ownerId, actorId, publisherId, publishDate, auditorId, keyEvent, acceptCriteria, remark, selfEvalId, lastEvalId, preTaskId, milestoneId, parentId, isNode, isShare, isTemplate, changeNum, orderNum, isValid, creatorId, createdTime, modifyId, modifyTime, taskType, baselineData) VALUES ('f93d1eae-6563-4f46-8270-7797c234a65f', '建立Alpha版本基线', NULL, NULL, 'f2665bba-fbc6-4ef6-b6d4-61a257f0461b', NULL, NULL, NULL, '2024-12-21 00:00:00', '2024-12-21 00:00:00', NULL, NULL, '0', NULL, NULL, '0', NULL, NULL, NULL, '07698511-fa9f-47e2-9f4c-5fbstatus001', NULL, NULL, NULL, NULL, NULL, NULL, NULL, NULL, NULL, NULL, NULL, NULL, '993845aa-691c-410d-89a2-11de81faff2a', 'N', NULL, 'Y', NULL, '116', 'Y', 'b8ab9427-627b-469f-bfd0-4b1buser0001', '2022-08-08', 'b8ab9427-627b-469f-bfd0-4b1buser0001', '2022-08-08', 'PT', NULL);
INSERT INTO en_tsk(id, name, projectId, deptId, planId, nodeId, typeId, levelId, planStartDate, planEndDate, realStartDate, realEndDate, planWorkload, realWorkload, confirmWorkload, planDuration, realDuration, copRate, devRate, statusId, ownerId, actorId, publisherId, publishDate, auditorId, keyEvent, acceptCriteria, remark, selfEvalId, lastEvalId, preTaskId, milestoneId, parentId, isNode, isShare, isTemplate, changeNum, orderNum, isValid, creatorId, createdTime, modifyId, modifyTime, taskType, baselineData) VALUES ('acb45eae-a30c-432f-b885-34812dc060d5', '审计Alpha版本基线', NULL, NULL, 'f2665bba-fbc6-4ef6-b6d4-61a257f0461b', NULL, NULL, NULL, '2024-12-23 00:00:00', '2024-12-23 00:00:00', NULL, NULL, '0', NULL, NULL, '0', NULL, NULL, NULL, '07698511-fa9f-47e2-9f4c-5fbstatus001', NULL, NULL, NULL, NULL, NULL, NULL, NULL, NULL, NULL, NULL, NULL, NULL, '993845aa-691c-410d-89a2-11de81faff2a', 'N', NULL, 'Y', NULL, '117', 'Y', 'b8ab9427-627b-469f-bfd0-4b1buser0001', '2022-08-08', 'b8ab9427-627b-469f-bfd0-4b1buser0001', '2022-08-08', 'PT', NULL);
INSERT INTO en_tsk(id, name, projectId, deptId, planId, nodeId, typeId, levelId, planStartDate, planEndDate, realStartDate, realEndDate, planWorkload, realWorkload, confirmWorkload, planDuration, realDuration, copRate, devRate, statusId, ownerId, actorId, publisherId, publishDate, auditorId, keyEvent, acceptCriteria, remark, selfEvalId, lastEvalId, preTaskId, milestoneId, parentId, isNode, isShare, isTemplate, changeNum, orderNum, isValid, creatorId, createdTime, modifyId, modifyTime, taskType, baselineData) VALUES ('dcbca689-d94b-4b47-ac52-6d461b479054', '阶段总结', NULL, NULL, 'f2665bba-fbc6-4ef6-b6d4-61a257f0461b', NULL, NULL, NULL, '2024-12-24 00:00:00', '2024-12-27 00:00:00', NULL, NULL, '0', NULL, NULL, '0', NULL, NULL, NULL, '07698511-fa9f-47e2-9f4c-5fbstatus001', NULL, NULL, NULL, NULL, NULL, NULL, NULL, NULL, NULL, NULL, NULL, NULL, '993845aa-691c-410d-89a2-11de81faff2a', 'Y', NULL, 'Y', NULL, '118', 'Y', 'b8ab9427-627b-469f-bfd0-4b1buser0001', '2022-08-08', 'b8ab9427-627b-469f-bfd0-4b1buser0001', '2022-08-08', 'PT', NULL);
INSERT INTO en_tsk(id, name, projectId, deptId, planId, nodeId, typeId, levelId, planStartDate, planEndDate, realStartDate, realEndDate, planWorkload, realWorkload, confirmWorkload, planDuration, realDuration, copRate, devRate, statusId, ownerId, actorId, publisherId, publishDate, auditorId, keyEvent, acceptCriteria, remark, selfEvalId, lastEvalId, preTaskId, milestoneId, parentId, isNode, isShare, isTemplate, changeNum, orderNum, isValid, creatorId, createdTime, modifyId, modifyTime, taskType, baselineData) VALUES ('58694728-92cd-4561-ab51-b5c98cd7d1ef', '开发阶段项目经验总结', NULL, NULL, 'f2665bba-fbc6-4ef6-b6d4-61a257f0461b', NULL, NULL, NULL, '2024-12-24 00:00:00', '2024-12-24 00:00:00', NULL, NULL, '0', NULL, NULL, '0', NULL, NULL, NULL, '07698511-fa9f-47e2-9f4c-5fbstatus001', NULL, NULL, NULL, NULL, NULL, NULL, NULL, NULL, NULL, NULL, NULL, NULL, 'dcbca689-d94b-4b47-ac52-6d461b479054', 'N', NULL, 'Y', NULL, '119', 'Y', 'b8ab9427-627b-469f-bfd0-4b1buser0001', '2022-08-08', 'b8ab9427-627b-469f-bfd0-4b1buser0001', '2022-08-08', 'PT', NULL);
INSERT INTO en_tsk(id, name, projectId, deptId, planId, nodeId, typeId, levelId, planStartDate, planEndDate, realStartDate, realEndDate, planWorkload, realWorkload, confirmWorkload, planDuration, realDuration, copRate, devRate, statusId, ownerId, actorId, publisherId, publishDate, auditorId, keyEvent, acceptCriteria, remark, selfEvalId, lastEvalId, preTaskId, milestoneId, parentId, isNode, isShare, isTemplate, changeNum, orderNum, isValid, creatorId, createdTime, modifyId, modifyTime, taskType, baselineData) VALUES ('4776789f-7b5d-4f98-829f-a72a2b93db32', '更新项目环境', NULL, NULL, 'f2665bba-fbc6-4ef6-b6d4-61a257f0461b', NULL, NULL, NULL, '2024-12-26 00:00:00', '2024-12-26 00:00:00', NULL, NULL, '0', NULL, NULL, '0', NULL, NULL, NULL, '07698511-fa9f-47e2-9f4c-5fbstatus001', NULL, NULL, NULL, NULL, NULL, NULL, NULL, NULL, NULL, NULL, NULL, NULL, 'dcbca689-d94b-4b47-ac52-6d461b479054', 'N', NULL, 'Y', NULL, '120', 'Y', 'b8ab9427-627b-469f-bfd0-4b1buser0001', '2022-08-08', 'b8ab9427-627b-469f-bfd0-4b1buser0001', '2022-08-08', 'PT', NULL);
INSERT INTO en_tsk(id, name, projectId, deptId, planId, nodeId, typeId, levelId, planStartDate, planEndDate, realStartDate, realEndDate, planWorkload, realWorkload, confirmWorkload, planDuration, realDuration, copRate, devRate, statusId, ownerId, actorId, publisherId, publishDate, auditorId, keyEvent, acceptCriteria, remark, selfEvalId, lastEvalId, preTaskId, milestoneId, parentId, isNode, isShare, isTemplate, changeNum, orderNum, isValid, creatorId, createdTime, modifyId, modifyTime, taskType, baselineData) VALUES ('0d511156-edc2-4e7c-a9c4-e5384cc054e4', '开发阶段度量分析', NULL, NULL, 'f2665bba-fbc6-4ef6-b6d4-61a257f0461b', NULL, NULL, NULL, '2024-12-27 00:00:00', '2024-12-27 00:00:00', NULL, NULL, '0', NULL, NULL, '0', NULL, NULL, NULL, '07698511-fa9f-47e2-9f4c-5fbstatus001', NULL, NULL, NULL, NULL, NULL, NULL, NULL, NULL, NULL, NULL, NULL, NULL, 'dcbca689-d94b-4b47-ac52-6d461b479054', 'N', NULL, 'Y', NULL, '121', 'Y', 'b8ab9427-627b-469f-bfd0-4b1buser0001', '2022-08-08', 'b8ab9427-627b-469f-bfd0-4b1buser0001', '2022-08-08', 'PT', NULL);
INSERT INTO en_tsk(id, name, projectId, deptId, planId, nodeId, typeId, levelId, planStartDate, planEndDate, realStartDate, realEndDate, planWorkload, realWorkload, confirmWorkload, planDuration, realDuration, copRate, devRate, statusId, ownerId, actorId, publisherId, publishDate, auditorId, keyEvent, acceptCriteria, remark, selfEvalId, lastEvalId, preTaskId, milestoneId, parentId, isNode, isShare, isTemplate, changeNum, orderNum, isValid, creatorId, createdTime, modifyId, modifyTime, taskType, baselineData) VALUES ('cb166404-0ee1-49f5-843c-629092ed16f2', '验证阶段', NULL, NULL, 'f2665bba-fbc6-4ef6-b6d4-61a257f0461b', NULL, NULL, NULL, '2024-12-29 00:00:00', '2025-01-29 00:00:00', NULL, NULL, '0', NULL, NULL, '0', NULL, NULL, NULL, '07698511-fa9f-47e2-9f4c-5fbstatus001', NULL, NULL, NULL, NULL, NULL, NULL, NULL, NULL, NULL, NULL, NULL, NULL, NULL, 'Y', NULL, 'Y', NULL, '122', 'Y', 'b8ab9427-627b-469f-bfd0-4b1buser0001', '2022-08-08', 'b8ab9427-627b-469f-bfd0-4b1buser0001', '2022-08-08', 'PT', NULL);
INSERT INTO en_tsk(id, name, projectId, deptId, planId, nodeId, typeId, levelId, planStartDate, planEndDate, realStartDate, realEndDate, planWorkload, realWorkload, confirmWorkload, planDuration, realDuration, copRate, devRate, statusId, ownerId, actorId, publisherId, publishDate, auditorId, keyEvent, acceptCriteria, remark, selfEvalId, lastEvalId, preTaskId, milestoneId, parentId, isNode, isShare, isTemplate, changeNum, orderNum, isValid, creatorId, createdTime, modifyId, modifyTime, taskType, baselineData) VALUES ('1fb73db4-8da2-4fd2-b279-a46817f069d1', '更新Alpha测试计划', NULL, NULL, 'f2665bba-fbc6-4ef6-b6d4-61a257f0461b', NULL, NULL, NULL, '2024-12-29 00:00:00', '2024-12-29 00:00:00', NULL, NULL, '0', NULL, NULL, '0', NULL, NULL, NULL, '07698511-fa9f-47e2-9f4c-5fbstatus001', NULL, NULL, NULL, NULL, NULL, NULL, NULL, NULL, NULL, NULL, NULL, NULL, 'cb166404-0ee1-49f5-843c-629092ed16f2', 'N', NULL, 'Y', NULL, '123', 'Y', 'b8ab9427-627b-469f-bfd0-4b1buser0001', '2022-08-08', 'b8ab9427-627b-469f-bfd0-4b1buser0001', '2022-08-08', 'PT', NULL);
INSERT INTO en_tsk(id, name, projectId, deptId, planId, nodeId, typeId, levelId, planStartDate, planEndDate, realStartDate, realEndDate, planWorkload, realWorkload, confirmWorkload, planDuration, realDuration, copRate, devRate, statusId, ownerId, actorId, publisherId, publishDate, auditorId, keyEvent, acceptCriteria, remark, selfEvalId, lastEvalId, preTaskId, milestoneId, parentId, isNode, isShare, isTemplate, changeNum, orderNum, isValid, creatorId, createdTime, modifyId, modifyTime, taskType, baselineData) VALUES ('c70c9078-35cd-49c1-b4b2-944e5dca6431', '内部用户培训', NULL, NULL, 'f2665bba-fbc6-4ef6-b6d4-61a257f0461b', NULL, NULL, NULL, '2024-12-30 00:00:00', '2024-12-30 00:00:00', NULL, NULL, '0', NULL, NULL, '0', NULL, NULL, NULL, '07698511-fa9f-47e2-9f4c-5fbstatus001', NULL, NULL, NULL, NULL, NULL, NULL, NULL, '项目经理、软件工程师参与内部用户培训\n市场代表、销售代表、技术支持工程师、客户培训工程师接受内部用户培训', NULL, NULL, NULL, NULL, 'cb166404-0ee1-49f5-843c-629092ed16f2', 'N', NULL, 'Y', NULL, '124', 'Y', 'b8ab9427-627b-469f-bfd0-4b1buser0001', '2022-08-08', 'b8ab9427-627b-469f-bfd0-4b1buser0001', '2022-08-08', 'PT', NULL);
INSERT INTO en_tsk(id, name, projectId, deptId, planId, nodeId, typeId, levelId, planStartDate, planEndDate, realStartDate, realEndDate, planWorkload, realWorkload, confirmWorkload, planDuration, realDuration, copRate, devRate, statusId, ownerId, actorId, publisherId, publishDate, auditorId, keyEvent, acceptCriteria, remark, selfEvalId, lastEvalId, preTaskId, milestoneId, parentId, isNode, isShare, isTemplate, changeNum, orderNum, isValid, creatorId, createdTime, modifyId, modifyTime, taskType, baselineData) VALUES ('157c08dd-9855-4309-a169-0f6389784b83', '持续市场宣传', NULL, NULL, 'f2665bba-fbc6-4ef6-b6d4-61a257f0461b', NULL, NULL, NULL, '2024-12-31 00:00:00', '2024-12-31 00:00:00', NULL, NULL, '0', NULL, NULL, '0', NULL, NULL, NULL, '07698511-fa9f-47e2-9f4c-5fbstatus001', NULL, NULL, NULL, NULL, NULL, NULL, NULL, NULL, NULL, NULL, NULL, NULL, 'cb166404-0ee1-49f5-843c-629092ed16f2', 'N', NULL, 'Y', NULL, '125', 'Y', 'b8ab9427-627b-469f-bfd0-4b1buser0001', '2022-08-08', 'b8ab9427-627b-469f-bfd0-4b1buser0001', '2022-08-08', 'PT', NULL);
INSERT INTO en_tsk(id, name, projectId, deptId, planId, nodeId, typeId, levelId, planStartDate, planEndDate, realStartDate, realEndDate, planWorkload, realWorkload, confirmWorkload, planDuration, realDuration, copRate, devRate, statusId, ownerId, actorId, publisherId, publishDate, auditorId, keyEvent, acceptCriteria, remark, selfEvalId, lastEvalId, preTaskId, milestoneId, parentId, isNode, isShare, isTemplate, changeNum, orderNum, isValid, creatorId, createdTime, modifyId, modifyTime, taskType, baselineData) VALUES ('2806353f-139e-4eec-b0ff-c52cadc2e4ce', '确定Beta客户', NULL, NULL, 'f2665bba-fbc6-4ef6-b6d4-61a257f0461b', NULL, NULL, NULL, '2025-01-01 00:00:00', '2025-01-01 00:00:00', NULL, NULL, '0', NULL, NULL, '0', NULL, NULL, NULL, '07698511-fa9f-47e2-9f4c-5fbstatus001', NULL, NULL, NULL, NULL, NULL, NULL, NULL, NULL, NULL, NULL, NULL, NULL, 'cb166404-0ee1-49f5-843c-629092ed16f2', 'N', NULL, 'Y', NULL, '126', 'Y', 'b8ab9427-627b-469f-bfd0-4b1buser0001', '2022-08-08', 'b8ab9427-627b-469f-bfd0-4b1buser0001', '2022-08-08', 'PT', NULL);
INSERT INTO en_tsk(id, name, projectId, deptId, planId, nodeId, typeId, levelId, planStartDate, planEndDate, realStartDate, realEndDate, planWorkload, realWorkload, confirmWorkload, planDuration, realDuration, copRate, devRate, statusId, ownerId, actorId, publisherId, publishDate, auditorId, keyEvent, acceptCriteria, remark, selfEvalId, lastEvalId, preTaskId, milestoneId, parentId, isNode, isShare, isTemplate, changeNum, orderNum, isValid, creatorId, createdTime, modifyId, modifyTime, taskType, baselineData) VALUES ('26f8e089-16c0-425a-bc59-b0a449c6a5b3', '客户资料验证', NULL, NULL, 'f2665bba-fbc6-4ef6-b6d4-61a257f0461b', NULL, NULL, NULL, '2025-01-02 00:00:00', '2025-01-02 00:00:00', NULL, NULL, '0', NULL, NULL, '0', NULL, NULL, NULL, '07698511-fa9f-47e2-9f4c-5fbstatus001', NULL, NULL, NULL, NULL, NULL, NULL, NULL, NULL, NULL, NULL, NULL, NULL, 'cb166404-0ee1-49f5-843c-629092ed16f2', 'N', NULL, 'Y', NULL, '127', 'Y', 'b8ab9427-627b-469f-bfd0-4b1buser0001', '2022-08-08', 'b8ab9427-627b-469f-bfd0-4b1buser0001', '2022-08-08', 'PT', NULL);
INSERT INTO en_tsk(id, name, projectId, deptId, planId, nodeId, typeId, levelId, planStartDate, planEndDate, realStartDate, realEndDate, planWorkload, realWorkload, confirmWorkload, planDuration, realDuration, copRate, devRate, statusId, ownerId, actorId, publisherId, publishDate, auditorId, keyEvent, acceptCriteria, remark, selfEvalId, lastEvalId, preTaskId, milestoneId, parentId, isNode, isShare, isTemplate, changeNum, orderNum, isValid, creatorId, createdTime, modifyId, modifyTime, taskType, baselineData) VALUES ('6a8ae79a-5c7c-4bc0-b35d-13aabb6a5819', '进行可服务性测试', NULL, NULL, 'f2665bba-fbc6-4ef6-b6d4-61a257f0461b', NULL, NULL, NULL, '2025-01-03 00:00:00', '2025-01-03 00:00:00', NULL, NULL, '0', NULL, NULL, '0', NULL, NULL, NULL, '07698511-fa9f-47e2-9f4c-5fbstatus001', NULL, NULL, NULL, NULL, NULL, NULL, NULL, NULL, NULL, NULL, NULL, NULL, 'cb166404-0ee1-49f5-843c-629092ed16f2', 'N', NULL, 'Y', NULL, '128', 'Y', 'b8ab9427-627b-469f-bfd0-4b1buser0001', '2022-08-08', 'b8ab9427-627b-469f-bfd0-4b1buser0001', '2022-08-08', 'PT', NULL);
INSERT INTO en_tsk(id, name, projectId, deptId, planId, nodeId, typeId, levelId, planStartDate, planEndDate, realStartDate, realEndDate, planWorkload, realWorkload, confirmWorkload, planDuration, realDuration, copRate, devRate, statusId, ownerId, actorId, publisherId, publishDate, auditorId, keyEvent, acceptCriteria, remark, selfEvalId, lastEvalId, preTaskId, milestoneId, parentId, isNode, isShare, isTemplate, changeNum, orderNum, isValid, creatorId, createdTime, modifyId, modifyTime, taskType, baselineData) VALUES ('b2a4370c-9b37-4a62-a036-962d1f3c4c4d', '制作客户培训资料', NULL, NULL, 'f2665bba-fbc6-4ef6-b6d4-61a257f0461b', NULL, NULL, NULL, '2025-01-04 00:00:00', '2025-01-04 00:00:00', NULL, NULL, '0', NULL, NULL, '0', NULL, NULL, NULL, '07698511-fa9f-47e2-9f4c-5fbstatus001', NULL, NULL, NULL, NULL, NULL, NULL, NULL, NULL, NULL, NULL, NULL, NULL, 'cb166404-0ee1-49f5-843c-629092ed16f2', 'N', NULL, 'Y', NULL, '129', 'Y', 'b8ab9427-627b-469f-bfd0-4b1buser0001', '2022-08-08', 'b8ab9427-627b-469f-bfd0-4b1buser0001', '2022-08-08', 'PT', NULL);
INSERT INTO en_tsk(id, name, projectId, deptId, planId, nodeId, typeId, levelId, planStartDate, planEndDate, realStartDate, realEndDate, planWorkload, realWorkload, confirmWorkload, planDuration, realDuration, copRate, devRate, statusId, ownerId, actorId, publisherId, publishDate, auditorId, keyEvent, acceptCriteria, remark, selfEvalId, lastEvalId, preTaskId, milestoneId, parentId, isNode, isShare, isTemplate, changeNum, orderNum, isValid, creatorId, createdTime, modifyId, modifyTime, taskType, baselineData) VALUES ('386bcd6b-6b49-413a-b5c4-dd0ce52c2a17', '进行Alpha测试', NULL, NULL, 'f2665bba-fbc6-4ef6-b6d4-61a257f0461b', NULL, NULL, NULL, '2025-01-06 00:00:00', '2025-01-06 00:00:00', NULL, NULL, '0', NULL, NULL, '0', NULL, NULL, NULL, '07698511-fa9f-47e2-9f4c-5fbstatus001', NULL, NULL, NULL, NULL, NULL, NULL, NULL, '软件工程师支持Alpha测试', NULL, NULL, NULL, NULL, 'cb166404-0ee1-49f5-843c-629092ed16f2', 'N', NULL, 'Y', NULL, '130', 'Y', 'b8ab9427-627b-469f-bfd0-4b1buser0001', '2022-08-08', 'b8ab9427-627b-469f-bfd0-4b1buser0001', '2022-08-08', 'PT', NULL);
INSERT INTO en_tsk(id, name, projectId, deptId, planId, nodeId, typeId, levelId, planStartDate, planEndDate, realStartDate, realEndDate, planWorkload, realWorkload, confirmWorkload, planDuration, realDuration, copRate, devRate, statusId, ownerId, actorId, publisherId, publishDate, auditorId, keyEvent, acceptCriteria, remark, selfEvalId, lastEvalId, preTaskId, milestoneId, parentId, isNode, isShare, isTemplate, changeNum, orderNum, isValid, creatorId, createdTime, modifyId, modifyTime, taskType, baselineData) VALUES ('bba5a180-33ec-45dd-945c-2d910e101e85', '编写Alpha测试报告', NULL, NULL, 'f2665bba-fbc6-4ef6-b6d4-61a257f0461b', NULL, NULL, NULL, '2025-01-07 00:00:00', '2025-01-07 00:00:00', NULL, NULL, '0', NULL, NULL, '0', NULL, NULL, NULL, '07698511-fa9f-47e2-9f4c-5fbstatus001', NULL, NULL, NULL, NULL, NULL, NULL, NULL, NULL, NULL, NULL, NULL, NULL, 'cb166404-0ee1-49f5-843c-629092ed16f2', 'N', NULL, 'Y', NULL, '131', 'Y', 'b8ab9427-627b-469f-bfd0-4b1buser0001', '2022-08-08', 'b8ab9427-627b-469f-bfd0-4b1buser0001', '2022-08-08', 'PT', NULL);
INSERT INTO en_tsk(id, name, projectId, deptId, planId, nodeId, typeId, levelId, planStartDate, planEndDate, realStartDate, realEndDate, planWorkload, realWorkload, confirmWorkload, planDuration, realDuration, copRate, devRate, statusId, ownerId, actorId, publisherId, publishDate, auditorId, keyEvent, acceptCriteria, remark, selfEvalId, lastEvalId, preTaskId, milestoneId, parentId, isNode, isShare, isTemplate, changeNum, orderNum, isValid, creatorId, createdTime, modifyId, modifyTime, taskType, baselineData) VALUES ('46531f03-9c92-4fdb-9bb0-5f03aba42ee6', 'Beta发布评审', NULL, NULL, 'f2665bba-fbc6-4ef6-b6d4-61a257f0461b', NULL, NULL, NULL, '2025-01-08 00:00:00', '2025-01-08 00:00:00', NULL, NULL, '0', NULL, NULL, '0', NULL, NULL, NULL, '07698511-fa9f-47e2-9f4c-5fbstatus001', NULL, NULL, NULL, NULL, NULL, NULL, NULL, '系统工程师主导Beta发布评审\n项目经理组织Beta发布评审\n质量保证员监督Beta发布评审\n其他人参与Beta发布评审', NULL, NULL, NULL, NULL, 'cb166404-0ee1-49f5-843c-629092ed16f2', 'N', NULL, 'Y', NULL, '132', 'Y', 'b8ab9427-627b-469f-bfd0-4b1buser0001', '2022-08-08', 'b8ab9427-627b-469f-bfd0-4b1buser0001', '2022-08-08', 'PT', NULL);
INSERT INTO en_tsk(id, name, projectId, deptId, planId, nodeId, typeId, levelId, planStartDate, planEndDate, realStartDate, realEndDate, planWorkload, realWorkload, confirmWorkload, planDuration, realDuration, copRate, devRate, statusId, ownerId, actorId, publisherId, publishDate, auditorId, keyEvent, acceptCriteria, remark, selfEvalId, lastEvalId, preTaskId, milestoneId, parentId, isNode, isShare, isTemplate, changeNum, orderNum, isValid, creatorId, createdTime, modifyId, modifyTime, taskType, baselineData) VALUES ('3a1bea29-79c9-4e56-ae03-a2fe69aca210', '建立Beta版本基线', NULL, NULL, 'f2665bba-fbc6-4ef6-b6d4-61a257f0461b', NULL, NULL, NULL, '2025-01-10 00:00:00', '2025-01-10 00:00:00', NULL, NULL, '0', NULL, NULL, '0', NULL, NULL, NULL, '07698511-fa9f-47e2-9f4c-5fbstatus001', NULL, NULL, NULL, NULL, NULL, NULL, NULL, NULL, NULL, NULL, NULL, NULL, 'cb166404-0ee1-49f5-843c-629092ed16f2', 'N', NULL, 'Y', NULL, '133', 'Y', 'b8ab9427-627b-469f-bfd0-4b1buser0001', '2022-08-08', 'b8ab9427-627b-469f-bfd0-4b1buser0001', '2022-08-08', 'PT', NULL);
INSERT INTO en_tsk(id, name, projectId, deptId, planId, nodeId, typeId, levelId, planStartDate, planEndDate, realStartDate, realEndDate, planWorkload, realWorkload, confirmWorkload, planDuration, realDuration, copRate, devRate, statusId, ownerId, actorId, publisherId, publishDate, auditorId, keyEvent, acceptCriteria, remark, selfEvalId, lastEvalId, preTaskId, milestoneId, parentId, isNode, isShare, isTemplate, changeNum, orderNum, isValid, creatorId, createdTime, modifyId, modifyTime, taskType, baselineData) VALUES ('9ac9668a-af85-4868-ac6a-97e901bd481e', '审计Beta版本基线', NULL, NULL, 'f2665bba-fbc6-4ef6-b6d4-61a257f0461b', NULL, NULL, NULL, '2025-01-11 00:00:00', '2025-01-11 00:00:00', NULL, NULL, '0', NULL, NULL, '0', NULL, NULL, NULL, '07698511-fa9f-47e2-9f4c-5fbstatus001', NULL, NULL, NULL, NULL, NULL, NULL, NULL, NULL, NULL, NULL, NULL, NULL, 'cb166404-0ee1-49f5-843c-629092ed16f2', 'N', NULL, 'Y', NULL, '134', 'Y', 'b8ab9427-627b-469f-bfd0-4b1buser0001', '2022-08-08', 'b8ab9427-627b-469f-bfd0-4b1buser0001', '2022-08-08', 'PT', NULL);
INSERT INTO en_tsk(id, name, projectId, deptId, planId, nodeId, typeId, levelId, planStartDate, planEndDate, realStartDate, realEndDate, planWorkload, realWorkload, confirmWorkload, planDuration, realDuration, copRate, devRate, statusId, ownerId, actorId, publisherId, publishDate, auditorId, keyEvent, acceptCriteria, remark, selfEvalId, lastEvalId, preTaskId, milestoneId, parentId, isNode, isShare, isTemplate, changeNum, orderNum, isValid, creatorId, createdTime, modifyId, modifyTime, taskType, baselineData) VALUES ('82bba241-0cd5-4546-9063-b93249e7fa7b', '开始持续客户培训', NULL, NULL, 'f2665bba-fbc6-4ef6-b6d4-61a257f0461b', NULL, NULL, NULL, '2025-01-12 00:00:00', '2025-01-12 00:00:00', NULL, NULL, '0', NULL, NULL, '0', NULL, NULL, NULL, '07698511-fa9f-47e2-9f4c-5fbstatus001', NULL, NULL, NULL, NULL, NULL, NULL, NULL, NULL, NULL, NULL, NULL, NULL, 'cb166404-0ee1-49f5-843c-629092ed16f2', 'N', NULL, 'Y', NULL, '135', 'Y', 'b8ab9427-627b-469f-bfd0-4b1buser0001', '2022-08-08', 'b8ab9427-627b-469f-bfd0-4b1buser0001', '2022-08-08', 'PT', NULL);
INSERT INTO en_tsk(id, name, projectId, deptId, planId, nodeId, typeId, levelId, planStartDate, planEndDate, realStartDate, realEndDate, planWorkload, realWorkload, confirmWorkload, planDuration, realDuration, copRate, devRate, statusId, ownerId, actorId, publisherId, publishDate, auditorId, keyEvent, acceptCriteria, remark, selfEvalId, lastEvalId, preTaskId, milestoneId, parentId, isNode, isShare, isTemplate, changeNum, orderNum, isValid, creatorId, createdTime, modifyId, modifyTime, taskType, baselineData) VALUES ('38e39c20-b976-4e8d-9f25-8882f0e96736', '执行客户迁移', NULL, NULL, 'f2665bba-fbc6-4ef6-b6d4-61a257f0461b', NULL, NULL, NULL, '2025-01-13 00:00:00', '2025-01-13 00:00:00', NULL, NULL, '0', NULL, NULL, '0', NULL, NULL, NULL, '07698511-fa9f-47e2-9f4c-5fbstatus001', NULL, NULL, NULL, NULL, NULL, NULL, NULL, NULL, NULL, NULL, NULL, NULL, 'cb166404-0ee1-49f5-843c-629092ed16f2', 'N', NULL, 'Y', NULL, '136', 'Y', 'b8ab9427-627b-469f-bfd0-4b1buser0001', '2022-08-08', 'b8ab9427-627b-469f-bfd0-4b1buser0001', '2022-08-08', 'PT', NULL);
INSERT INTO en_tsk(id, name, projectId, deptId, planId, nodeId, typeId, levelId, planStartDate, planEndDate, realStartDate, realEndDate, planWorkload, realWorkload, confirmWorkload, planDuration, realDuration, copRate, devRate, statusId, ownerId, actorId, publisherId, publishDate, auditorId, keyEvent, acceptCriteria, remark, selfEvalId, lastEvalId, preTaskId, milestoneId, parentId, isNode, isShare, isTemplate, changeNum, orderNum, isValid, creatorId, createdTime, modifyId, modifyTime, taskType, baselineData) VALUES ('4a0ef29a-24a1-471c-bd09-246d35270dcb', '执行Beta测试', NULL, NULL, 'f2665bba-fbc6-4ef6-b6d4-61a257f0461b', NULL, NULL, NULL, '2025-01-14 00:00:00', '2025-01-14 00:00:00', NULL, NULL, '0', NULL, NULL, '0', NULL, NULL, NULL, '07698511-fa9f-47e2-9f4c-5fbstatus001', NULL, NULL, NULL, NULL, NULL, NULL, NULL, '软件工程师支持Beta测试\n测试工程师参与Beta测试', NULL, NULL, NULL, NULL, 'cb166404-0ee1-49f5-843c-629092ed16f2', 'N', NULL, 'Y', NULL, '137', 'Y', 'b8ab9427-627b-469f-bfd0-4b1buser0001', '2022-08-08', 'b8ab9427-627b-469f-bfd0-4b1buser0001', '2022-08-08', 'PT', NULL);
INSERT INTO en_tsk(id, name, projectId, deptId, planId, nodeId, typeId, levelId, planStartDate, planEndDate, realStartDate, realEndDate, planWorkload, realWorkload, confirmWorkload, planDuration, realDuration, copRate, devRate, statusId, ownerId, actorId, publisherId, publishDate, auditorId, keyEvent, acceptCriteria, remark, selfEvalId, lastEvalId, preTaskId, milestoneId, parentId, isNode, isShare, isTemplate, changeNum, orderNum, isValid, creatorId, createdTime, modifyId, modifyTime, taskType, baselineData) VALUES ('108276d6-3720-4376-be83-10cf7d2fa319', '编写Beta测试报告', NULL, NULL, 'f2665bba-fbc6-4ef6-b6d4-61a257f0461b', NULL, NULL, NULL, '2025-01-15 00:00:00', '2025-01-15 00:00:00', NULL, NULL, '0', NULL, NULL, '0', NULL, NULL, NULL, '07698511-fa9f-47e2-9f4c-5fbstatus001', NULL, NULL, NULL, NULL, NULL, NULL, NULL, NULL, NULL, NULL, NULL, NULL, 'cb166404-0ee1-49f5-843c-629092ed16f2', 'N', NULL, 'Y', NULL, '138', 'Y', 'b8ab9427-627b-469f-bfd0-4b1buser0001', '2022-08-08', 'b8ab9427-627b-469f-bfd0-4b1buser0001', '2022-08-08', 'PT', NULL);
INSERT INTO en_tsk(id, name, projectId, deptId, planId, nodeId, typeId, levelId, planStartDate, planEndDate, realStartDate, realEndDate, planWorkload, realWorkload, confirmWorkload, planDuration, realDuration, copRate, devRate, statusId, ownerId, actorId, publisherId, publishDate, auditorId, keyEvent, acceptCriteria, remark, selfEvalId, lastEvalId, preTaskId, milestoneId, parentId, isNode, isShare, isTemplate, changeNum, orderNum, isValid, creatorId, createdTime, modifyId, modifyTime, taskType, baselineData) VALUES ('e5050c04-f79f-4352-bc21-165b1996d5a1', '销售资源准备', NULL, NULL, 'f2665bba-fbc6-4ef6-b6d4-61a257f0461b', NULL, NULL, NULL, '2025-01-16 00:00:00', '2025-01-16 00:00:00', NULL, NULL, '0', NULL, NULL, '0', NULL, NULL, NULL, '07698511-fa9f-47e2-9f4c-5fbstatus001', NULL, NULL, NULL, NULL, NULL, NULL, NULL, NULL, NULL, NULL, NULL, NULL, 'cb166404-0ee1-49f5-843c-629092ed16f2', 'N', NULL, 'Y', NULL, '139', 'Y', 'b8ab9427-627b-469f-bfd0-4b1buser0001', '2022-08-08', 'b8ab9427-627b-469f-bfd0-4b1buser0001', '2022-08-08', 'PT', NULL);
INSERT INTO en_tsk(id, name, projectId, deptId, planId, nodeId, typeId, levelId, planStartDate, planEndDate, realStartDate, realEndDate, planWorkload, realWorkload, confirmWorkload, planDuration, realDuration, copRate, devRate, statusId, ownerId, actorId, publisherId, publishDate, auditorId, keyEvent, acceptCriteria, remark, selfEvalId, lastEvalId, preTaskId, milestoneId, parentId, isNode, isShare, isTemplate, changeNum, orderNum, isValid, creatorId, createdTime, modifyId, modifyTime, taskType, baselineData) VALUES ('14d25955-4ffa-45e0-8dd9-9fb10cd31f15', '正式版发布评审', NULL, NULL, 'f2665bba-fbc6-4ef6-b6d4-61a257f0461b', NULL, NULL, NULL, '2025-01-17 00:00:00', '2025-01-17 00:00:00', NULL, NULL, '0', NULL, NULL, '0', NULL, NULL, NULL, '07698511-fa9f-47e2-9f4c-5fbstatus001', NULL, NULL, NULL, NULL, NULL, NULL, NULL, '系统工程师主导正式版发布评审\n项目经理组织正式版发布评审\n质量保证员监督正式版发布评审\n其他人参与正式版发布评审', NULL, NULL, NULL, NULL, 'cb166404-0ee1-49f5-843c-629092ed16f2', 'N', NULL, 'Y', NULL, '140', 'Y', 'b8ab9427-627b-469f-bfd0-4b1buser0001', '2022-08-08', 'b8ab9427-627b-469f-bfd0-4b1buser0001', '2022-08-08', 'PT', NULL);
INSERT INTO en_tsk(id, name, projectId, deptId, planId, nodeId, typeId, levelId, planStartDate, planEndDate, realStartDate, realEndDate, planWorkload, realWorkload, confirmWorkload, planDuration, realDuration, copRate, devRate, statusId, ownerId, actorId, publisherId, publishDate, auditorId, keyEvent, acceptCriteria, remark, selfEvalId, lastEvalId, preTaskId, milestoneId, parentId, isNode, isShare, isTemplate, changeNum, orderNum, isValid, creatorId, createdTime, modifyId, modifyTime, taskType, baselineData) VALUES ('6b43b182-f36e-46f6-957b-5d924af304d1', '进行销售培训', NULL, NULL, 'f2665bba-fbc6-4ef6-b6d4-61a257f0461b', NULL, NULL, NULL, '2025-01-18 00:00:00', '2025-01-18 00:00:00', NULL, NULL, '0', NULL, NULL, '0', NULL, NULL, NULL, '07698511-fa9f-47e2-9f4c-5fbstatus001', NULL, NULL, NULL, NULL, NULL, NULL, NULL, NULL, NULL, NULL, NULL, NULL, 'cb166404-0ee1-49f5-843c-629092ed16f2', 'N', NULL, 'Y', NULL, '141', 'Y', 'b8ab9427-627b-469f-bfd0-4b1buser0001', '2022-08-08', 'b8ab9427-627b-469f-bfd0-4b1buser0001', '2022-08-08', 'PT', NULL);
INSERT INTO en_tsk(id, name, projectId, deptId, planId, nodeId, typeId, levelId, planStartDate, planEndDate, realStartDate, realEndDate, planWorkload, realWorkload, confirmWorkload, planDuration, realDuration, copRate, devRate, statusId, ownerId, actorId, publisherId, publishDate, auditorId, keyEvent, acceptCriteria, remark, selfEvalId, lastEvalId, preTaskId, milestoneId, parentId, isNode, isShare, isTemplate, changeNum, orderNum, isValid, creatorId, createdTime, modifyId, modifyTime, taskType, baselineData) VALUES ('d2f31a12-cccb-4fee-8005-ddc64b705bdf', '发布评审准备', NULL, NULL, 'f2665bba-fbc6-4ef6-b6d4-61a257f0461b', NULL, NULL, NULL, '2025-01-21 00:00:00', '2025-01-24 00:00:00', NULL, NULL, '0', NULL, NULL, '0', NULL, NULL, NULL, '07698511-fa9f-47e2-9f4c-5fbstatus001', NULL, NULL, NULL, NULL, NULL, NULL, NULL, NULL, NULL, NULL, NULL, NULL, 'cb166404-0ee1-49f5-843c-629092ed16f2', 'Y', NULL, 'Y', NULL, '142', 'Y', 'b8ab9427-627b-469f-bfd0-4b1buser0001', '2022-08-08', 'b8ab9427-627b-469f-bfd0-4b1buser0001', '2022-08-08', 'PT', NULL);
INSERT INTO en_tsk(id, name, projectId, deptId, planId, nodeId, typeId, levelId, planStartDate, planEndDate, realStartDate, realEndDate, planWorkload, realWorkload, confirmWorkload, planDuration, realDuration, copRate, devRate, statusId, ownerId, actorId, publisherId, publishDate, auditorId, keyEvent, acceptCriteria, remark, selfEvalId, lastEvalId, preTaskId, milestoneId, parentId, isNode, isShare, isTemplate, changeNum, orderNum, isValid, creatorId, createdTime, modifyId, modifyTime, taskType, baselineData) VALUES ('543751af-e180-4071-9762-7e5c899f76ba', '组织发布准备', NULL, NULL, 'f2665bba-fbc6-4ef6-b6d4-61a257f0461b', NULL, NULL, NULL, '2025-01-21 00:00:00', '2025-01-21 00:00:00', NULL, NULL, '0', NULL, NULL, '0', NULL, NULL, NULL, '07698511-fa9f-47e2-9f4c-5fbstatus001', NULL, NULL, NULL, NULL, NULL, NULL, NULL, NULL, NULL, NULL, NULL, NULL, 'd2f31a12-cccb-4fee-8005-ddc64b705bdf', 'N', NULL, 'Y', NULL, '143', 'Y', 'b8ab9427-627b-469f-bfd0-4b1buser0001', '2022-08-08', 'b8ab9427-627b-469f-bfd0-4b1buser0001', '2022-08-08', 'PT', NULL);
INSERT INTO en_tsk(id, name, projectId, deptId, planId, nodeId, typeId, levelId, planStartDate, planEndDate, realStartDate, realEndDate, planWorkload, realWorkload, confirmWorkload, planDuration, realDuration, copRate, devRate, statusId, ownerId, actorId, publisherId, publishDate, auditorId, keyEvent, acceptCriteria, remark, selfEvalId, lastEvalId, preTaskId, milestoneId, parentId, isNode, isShare, isTemplate, changeNum, orderNum, isValid, creatorId, createdTime, modifyId, modifyTime, taskType, baselineData) VALUES ('715ac6de-b9dc-4c4c-abfd-2b4d85a26893', '建立发布基线', NULL, NULL, 'f2665bba-fbc6-4ef6-b6d4-61a257f0461b', NULL, NULL, NULL, '2025-01-22 00:00:00', '2025-01-22 00:00:00', NULL, NULL, '0', NULL, NULL, '0', NULL, NULL, NULL, '07698511-fa9f-47e2-9f4c-5fbstatus001', NULL, NULL, NULL, NULL, NULL, NULL, NULL, NULL, NULL, NULL, NULL, NULL, 'd2f31a12-cccb-4fee-8005-ddc64b705bdf', 'N', NULL, 'Y', NULL, '144', 'Y', 'b8ab9427-627b-469f-bfd0-4b1buser0001', '2022-08-08', 'b8ab9427-627b-469f-bfd0-4b1buser0001', '2022-08-08', 'PT', NULL);
INSERT INTO en_tsk(id, name, projectId, deptId, planId, nodeId, typeId, levelId, planStartDate, planEndDate, realStartDate, realEndDate, planWorkload, realWorkload, confirmWorkload, planDuration, realDuration, copRate, devRate, statusId, ownerId, actorId, publisherId, publishDate, auditorId, keyEvent, acceptCriteria, remark, selfEvalId, lastEvalId, preTaskId, milestoneId, parentId, isNode, isShare, isTemplate, changeNum, orderNum, isValid, creatorId, createdTime, modifyId, modifyTime, taskType, baselineData) VALUES ('6b05aca8-e010-4117-b3f8-4a91593d179c', '制定价格建议', NULL, NULL, 'f2665bba-fbc6-4ef6-b6d4-61a257f0461b', NULL, NULL, NULL, '2025-01-23 00:00:00', '2025-01-23 00:00:00', NULL, NULL, '0', NULL, NULL, '0', NULL, NULL, NULL, '07698511-fa9f-47e2-9f4c-5fbstatus001', NULL, NULL, NULL, NULL, NULL, NULL, NULL, NULL, NULL, NULL, NULL, NULL, 'd2f31a12-cccb-4fee-8005-ddc64b705bdf', 'N', NULL, 'Y', NULL, '145', 'Y', 'b8ab9427-627b-469f-bfd0-4b1buser0001', '2022-08-08', 'b8ab9427-627b-469f-bfd0-4b1buser0001', '2022-08-08', 'PT', NULL);
INSERT INTO en_tsk(id, name, projectId, deptId, planId, nodeId, typeId, levelId, planStartDate, planEndDate, realStartDate, realEndDate, planWorkload, realWorkload, confirmWorkload, planDuration, realDuration, copRate, devRate, statusId, ownerId, actorId, publisherId, publishDate, auditorId, keyEvent, acceptCriteria, remark, selfEvalId, lastEvalId, preTaskId, milestoneId, parentId, isNode, isShare, isTemplate, changeNum, orderNum, isValid, creatorId, createdTime, modifyId, modifyTime, taskType, baselineData) VALUES ('abbf8160-91b7-45f0-ae97-f541fe6b1634', '成本核算', NULL, NULL, 'f2665bba-fbc6-4ef6-b6d4-61a257f0461b', NULL, NULL, NULL, '2025-01-24 00:00:00', '2025-01-24 00:00:00', NULL, NULL, '0', NULL, NULL, '0', NULL, NULL, NULL, '07698511-fa9f-47e2-9f4c-5fbstatus001', NULL, NULL, NULL, NULL, NULL, NULL, NULL, NULL, NULL, NULL, NULL, NULL, 'd2f31a12-cccb-4fee-8005-ddc64b705bdf', 'N', NULL, 'Y', NULL, '146', 'Y', 'b8ab9427-627b-469f-bfd0-4b1buser0001', '2022-08-08', 'b8ab9427-627b-469f-bfd0-4b1buser0001', '2022-08-08', 'PT', NULL);
INSERT INTO en_tsk(id, name, projectId, deptId, planId, nodeId, typeId, levelId, planStartDate, planEndDate, realStartDate, realEndDate, planWorkload, realWorkload, confirmWorkload, planDuration, realDuration, copRate, devRate, statusId, ownerId, actorId, publisherId, publishDate, auditorId, keyEvent, acceptCriteria, remark, selfEvalId, lastEvalId, preTaskId, milestoneId, parentId, isNode, isShare, isTemplate, changeNum, orderNum, isValid, creatorId, createdTime, modifyId, modifyTime, taskType, baselineData) VALUES ('f99035a2-48e4-407d-83b4-e545668d1adf', '发布决策', NULL, NULL, 'f2665bba-fbc6-4ef6-b6d4-61a257f0461b', NULL, NULL, NULL, '2025-01-25 00:00:00', '2025-01-25 00:00:00', NULL, NULL, '0', NULL, NULL, '0', NULL, NULL, NULL, '07698511-fa9f-47e2-9f4c-5fbstatus001', NULL, NULL, NULL, NULL, NULL, NULL, NULL, NULL, NULL, NULL, NULL, NULL, 'cb166404-0ee1-49f5-843c-629092ed16f2', 'N', NULL, 'Y', NULL, '147', 'Y', 'b8ab9427-627b-469f-bfd0-4b1buser0001', '2022-08-08', 'b8ab9427-627b-469f-bfd0-4b1buser0001', '2022-08-08', 'PT', NULL);
INSERT INTO en_tsk(id, name, projectId, deptId, planId, nodeId, typeId, levelId, planStartDate, planEndDate, realStartDate, realEndDate, planWorkload, realWorkload, confirmWorkload, planDuration, realDuration, copRate, devRate, statusId, ownerId, actorId, publisherId, publishDate, auditorId, keyEvent, acceptCriteria, remark, selfEvalId, lastEvalId, preTaskId, milestoneId, parentId, isNode, isShare, isTemplate, changeNum, orderNum, isValid, creatorId, createdTime, modifyId, modifyTime, taskType, baselineData) VALUES ('98e0cf10-13c4-4154-b7d9-b32cb4428250', '阶段总结', NULL, NULL, 'f2665bba-fbc6-4ef6-b6d4-61a257f0461b', NULL, NULL, NULL, '2025-01-26 00:00:00', '2025-01-29 00:00:00', NULL, NULL, '0', NULL, NULL, '0', NULL, NULL, NULL, '07698511-fa9f-47e2-9f4c-5fbstatus001', NULL, NULL, NULL, NULL, NULL, NULL, NULL, NULL, NULL, NULL, NULL, NULL, 'cb166404-0ee1-49f5-843c-629092ed16f2', 'Y', NULL, 'Y', NULL, '148', 'Y', 'b8ab9427-627b-469f-bfd0-4b1buser0001', '2022-08-08', 'b8ab9427-627b-469f-bfd0-4b1buser0001', '2022-08-08', 'PT', NULL);
INSERT INTO en_tsk(id, name, projectId, deptId, planId, nodeId, typeId, levelId, planStartDate, planEndDate, realStartDate, realEndDate, planWorkload, realWorkload, confirmWorkload, planDuration, realDuration, copRate, devRate, statusId, ownerId, actorId, publisherId, publishDate, auditorId, keyEvent, acceptCriteria, remark, selfEvalId, lastEvalId, preTaskId, milestoneId, parentId, isNode, isShare, isTemplate, changeNum, orderNum, isValid, creatorId, createdTime, modifyId, modifyTime, taskType, baselineData) VALUES ('27cd479d-c963-4efc-b022-438a0cef7695', '验证阶段项目经验总结', NULL, NULL, 'f2665bba-fbc6-4ef6-b6d4-61a257f0461b', NULL, NULL, NULL, '2025-01-26 00:00:00', '2025-01-26 00:00:00', NULL, NULL, '0', NULL, NULL, '0', NULL, NULL, NULL, '07698511-fa9f-47e2-9f4c-5fbstatus001', NULL, NULL, NULL, NULL, NULL, NULL, NULL, NULL, NULL, NULL, NULL, NULL, '98e0cf10-13c4-4154-b7d9-b32cb4428250', 'N', NULL, 'Y', NULL, '149', 'Y', 'b8ab9427-627b-469f-bfd0-4b1buser0001', '2022-08-08', 'b8ab9427-627b-469f-bfd0-4b1buser0001', '2022-08-08', 'PT', NULL);
INSERT INTO en_tsk(id, name, projectId, deptId, planId, nodeId, typeId, levelId, planStartDate, planEndDate, realStartDate, realEndDate, planWorkload, realWorkload, confirmWorkload, planDuration, realDuration, copRate, devRate, statusId, ownerId, actorId, publisherId, publishDate, auditorId, keyEvent, acceptCriteria, remark, selfEvalId, lastEvalId, preTaskId, milestoneId, parentId, isNode, isShare, isTemplate, changeNum, orderNum, isValid, creatorId, createdTime, modifyId, modifyTime, taskType, baselineData) VALUES ('46516b79-8bb0-4930-85ae-931f799762d9', '更新项目环境', NULL, NULL, 'f2665bba-fbc6-4ef6-b6d4-61a257f0461b', NULL, NULL, NULL, '2025-01-27 00:00:00', '2025-01-27 00:00:00', NULL, NULL, '0', NULL, NULL, '0', NULL, NULL, NULL, '07698511-fa9f-47e2-9f4c-5fbstatus001', NULL, NULL, NULL, NULL, NULL, NULL, NULL, NULL, NULL, NULL, NULL, NULL, '98e0cf10-13c4-4154-b7d9-b32cb4428250', 'N', NULL, 'Y', NULL, '150', 'Y', 'b8ab9427-627b-469f-bfd0-4b1buser0001', '2022-08-08', 'b8ab9427-627b-469f-bfd0-4b1buser0001', '2022-08-08', 'PT', NULL);
INSERT INTO en_tsk(id, name, projectId, deptId, planId, nodeId, typeId, levelId, planStartDate, planEndDate, realStartDate, realEndDate, planWorkload, realWorkload, confirmWorkload, planDuration, realDuration, copRate, devRate, statusId, ownerId, actorId, publisherId, publishDate, auditorId, keyEvent, acceptCriteria, remark, selfEvalId, lastEvalId, preTaskId, milestoneId, parentId, isNode, isShare, isTemplate, changeNum, orderNum, isValid, creatorId, createdTime, modifyId, modifyTime, taskType, baselineData) VALUES ('cb94434d-7c9c-48e3-a501-9853a56d4f9a', '验证阶段度量分析', NULL, NULL, 'f2665bba-fbc6-4ef6-b6d4-61a257f0461b', NULL, NULL, NULL, '2025-01-28 00:00:00', '2025-01-29 00:00:00', NULL, NULL, '0', NULL, NULL, '0', NULL, NULL, NULL, '07698511-fa9f-47e2-9f4c-5fbstatus001', NULL, NULL, NULL, NULL, NULL, NULL, NULL, NULL, NULL, NULL, NULL, NULL, '98e0cf10-13c4-4154-b7d9-b32cb4428250', 'N', NULL, 'Y', NULL, '151', 'Y', 'b8ab9427-627b-469f-bfd0-4b1buser0001', '2022-08-08', 'b8ab9427-627b-469f-bfd0-4b1buser0001', '2022-08-08', 'PT', NULL);
INSERT INTO en_tsk(id, name, projectId, deptId, planId, nodeId, typeId, levelId, planStartDate, planEndDate, realStartDate, realEndDate, planWorkload, realWorkload, confirmWorkload, planDuration, realDuration, copRate, devRate, statusId, ownerId, actorId, publisherId, publishDate, auditorId, keyEvent, acceptCriteria, remark, selfEvalId, lastEvalId, preTaskId, milestoneId, parentId, isNode, isShare, isTemplate, changeNum, orderNum, isValid, creatorId, createdTime, modifyId, modifyTime, taskType, baselineData) VALUES ('afedbe1e-3136-490f-97ca-256c6c8f8106', '发布阶段', NULL, NULL, 'f2665bba-fbc6-4ef6-b6d4-61a257f0461b', NULL, NULL, NULL, '2025-01-30 00:00:00', '2025-03-05 00:00:00', NULL, NULL, '0', NULL, NULL, '0', NULL, NULL, NULL, '07698511-fa9f-47e2-9f4c-5fbstatus001', NULL, NULL, NULL, NULL, NULL, NULL, NULL, NULL, NULL, NULL, NULL, NULL, NULL, 'Y', NULL, 'Y', NULL, '152', 'Y', 'b8ab9427-627b-469f-bfd0-4b1buser0001', '2022-08-08', 'b8ab9427-627b-469f-bfd0-4b1buser0001', '2022-08-08', 'PT', NULL);
INSERT INTO en_tsk(id, name, projectId, deptId, planId, nodeId, typeId, levelId, planStartDate, planEndDate, realStartDate, realEndDate, planWorkload, realWorkload, confirmWorkload, planDuration, realDuration, copRate, devRate, statusId, ownerId, actorId, publisherId, publishDate, auditorId, keyEvent, acceptCriteria, remark, selfEvalId, lastEvalId, preTaskId, milestoneId, parentId, isNode, isShare, isTemplate, changeNum, orderNum, isValid, creatorId, createdTime, modifyId, modifyTime, taskType, baselineData) VALUES ('94c20d5c-7e76-4049-8955-0e78f7b1f0bb', '组建维护团队', NULL, NULL, 'f2665bba-fbc6-4ef6-b6d4-61a257f0461b', NULL, NULL, NULL, '2025-01-30 00:00:00', '2025-01-30 00:00:00', NULL, NULL, '0', NULL, NULL, '0', NULL, NULL, NULL, '07698511-fa9f-47e2-9f4c-5fbstatus001', NULL, NULL, NULL, NULL, NULL, NULL, NULL, NULL, NULL, NULL, NULL, NULL, 'afedbe1e-3136-490f-97ca-256c6c8f8106', 'N', NULL, 'Y', NULL, '153', 'Y', 'b8ab9427-627b-469f-bfd0-4b1buser0001', '2022-08-08', 'b8ab9427-627b-469f-bfd0-4b1buser0001', '2022-08-08', 'PT', NULL);
INSERT INTO en_tsk(id, name, projectId, deptId, planId, nodeId, typeId, levelId, planStartDate, planEndDate, realStartDate, realEndDate, planWorkload, realWorkload, confirmWorkload, planDuration, realDuration, copRate, devRate, statusId, ownerId, actorId, publisherId, publishDate, auditorId, keyEvent, acceptCriteria, remark, selfEvalId, lastEvalId, preTaskId, milestoneId, parentId, isNode, isShare, isTemplate, changeNum, orderNum, isValid, creatorId, createdTime, modifyId, modifyTime, taskType, baselineData) VALUES ('4473f189-b264-4d74-853b-d23e999e2c2f', '制作产品母盘', NULL, NULL, 'f2665bba-fbc6-4ef6-b6d4-61a257f0461b', NULL, NULL, NULL, '2025-01-31 00:00:00', '2025-01-31 00:00:00', NULL, NULL, '0', NULL, NULL, '0', NULL, NULL, NULL, '07698511-fa9f-47e2-9f4c-5fbstatus001', NULL, NULL, NULL, NULL, NULL, NULL, NULL, NULL, NULL, NULL, NULL, NULL, 'afedbe1e-3136-490f-97ca-256c6c8f8106', 'N', NULL, 'Y', NULL, '154', 'Y', 'b8ab9427-627b-469f-bfd0-4b1buser0001', '2022-08-08', 'b8ab9427-627b-469f-bfd0-4b1buser0001', '2022-08-08', 'PT', NULL);
INSERT INTO en_tsk(id, name, projectId, deptId, planId, nodeId, typeId, levelId, planStartDate, planEndDate, realStartDate, realEndDate, planWorkload, realWorkload, confirmWorkload, planDuration, realDuration, copRate, devRate, statusId, ownerId, actorId, publisherId, publishDate, auditorId, keyEvent, acceptCriteria, remark, selfEvalId, lastEvalId, preTaskId, milestoneId, parentId, isNode, isShare, isTemplate, changeNum, orderNum, isValid, creatorId, createdTime, modifyId, modifyTime, taskType, baselineData) VALUES ('c930b3b7-7777-4f47-9165-706183851328', '更新下载中心', NULL, NULL, 'f2665bba-fbc6-4ef6-b6d4-61a257f0461b', NULL, NULL, NULL, '2025-02-01 00:00:00', '2025-02-01 00:00:00', NULL, NULL, '0', NULL, NULL, '0', NULL, NULL, NULL, '07698511-fa9f-47e2-9f4c-5fbstatus001', NULL, NULL, NULL, NULL, NULL, NULL, NULL, NULL, NULL, NULL, NULL, NULL, 'afedbe1e-3136-490f-97ca-256c6c8f8106', 'N', NULL, 'Y', NULL, '155', 'Y', 'b8ab9427-627b-469f-bfd0-4b1buser0001', '2022-08-08', 'b8ab9427-627b-469f-bfd0-4b1buser0001', '2022-08-08', 'PT', NULL);
INSERT INTO en_tsk(id, name, projectId, deptId, planId, nodeId, typeId, levelId, planStartDate, planEndDate, realStartDate, realEndDate, planWorkload, realWorkload, confirmWorkload, planDuration, realDuration, copRate, devRate, statusId, ownerId, actorId, publisherId, publishDate, auditorId, keyEvent, acceptCriteria, remark, selfEvalId, lastEvalId, preTaskId, milestoneId, parentId, isNode, isShare, isTemplate, changeNum, orderNum, isValid, creatorId, createdTime, modifyId, modifyTime, taskType, baselineData) VALUES ('928438e1-b08e-42d3-be06-f8037a8ba059', '更新网站宣传', NULL, NULL, 'f2665bba-fbc6-4ef6-b6d4-61a257f0461b', NULL, NULL, NULL, '2025-02-02 00:00:00', '2025-02-02 00:00:00', NULL, NULL, '0', NULL, NULL, '0', NULL, NULL, NULL, '07698511-fa9f-47e2-9f4c-5fbstatus001', NULL, NULL, NULL, NULL, NULL, NULL, NULL, NULL, NULL, NULL, NULL, NULL, 'afedbe1e-3136-490f-97ca-256c6c8f8106', 'N', NULL, 'Y', NULL, '156', 'Y', 'b8ab9427-627b-469f-bfd0-4b1buser0001', '2022-08-08', 'b8ab9427-627b-469f-bfd0-4b1buser0001', '2022-08-08', 'PT', NULL);
INSERT INTO en_tsk(id, name, projectId, deptId, planId, nodeId, typeId, levelId, planStartDate, planEndDate, realStartDate, realEndDate, planWorkload, realWorkload, confirmWorkload, planDuration, realDuration, copRate, devRate, statusId, ownerId, actorId, publisherId, publishDate, auditorId, keyEvent, acceptCriteria, remark, selfEvalId, lastEvalId, preTaskId, milestoneId, parentId, isNode, isShare, isTemplate, changeNum, orderNum, isValid, creatorId, createdTime, modifyId, modifyTime, taskType, baselineData) VALUES ('81f4dd50-bc01-4ce8-9070-cb939e421e5b', '软件著作权登记', NULL, NULL, 'f2665bba-fbc6-4ef6-b6d4-61a257f0461b', NULL, NULL, NULL, '2025-02-03 00:00:00', '2025-02-03 00:00:00', NULL, NULL, '0', NULL, NULL, '0', NULL, NULL, NULL, '07698511-fa9f-47e2-9f4c-5fbstatus001', NULL, NULL, NULL, NULL, NULL, NULL, NULL, NULL, NULL, NULL, NULL, NULL, 'afedbe1e-3136-490f-97ca-256c6c8f8106', 'N', NULL, 'Y', NULL, '157', 'Y', 'b8ab9427-627b-469f-bfd0-4b1buser0001', '2022-08-08', 'b8ab9427-627b-469f-bfd0-4b1buser0001', '2022-08-08', 'PT', NULL);
INSERT INTO en_tsk(id, name, projectId, deptId, planId, nodeId, typeId, levelId, planStartDate, planEndDate, realStartDate, realEndDate, planWorkload, realWorkload, confirmWorkload, planDuration, realDuration, copRate, devRate, statusId, ownerId, actorId, publisherId, publishDate, auditorId, keyEvent, acceptCriteria, remark, selfEvalId, lastEvalId, preTaskId, milestoneId, parentId, isNode, isShare, isTemplate, changeNum, orderNum, isValid, creatorId, createdTime, modifyId, modifyTime, taskType, baselineData) VALUES ('f9d09e2f-75cd-4c81-8865-2aee5e2a8bf6', '产品检测', NULL, NULL, 'f2665bba-fbc6-4ef6-b6d4-61a257f0461b', NULL, NULL, NULL, '2025-02-04 00:00:00', '2025-02-04 00:00:00', NULL, NULL, '0', NULL, NULL, '0', NULL, NULL, NULL, '07698511-fa9f-47e2-9f4c-5fbstatus001', NULL, NULL, NULL, NULL, NULL, NULL, NULL, NULL, NULL, NULL, NULL, NULL, 'afedbe1e-3136-490f-97ca-256c6c8f8106', 'N', NULL, 'Y', NULL, '158', 'Y', 'b8ab9427-627b-469f-bfd0-4b1buser0001', '2022-08-08', 'b8ab9427-627b-469f-bfd0-4b1buser0001', '2022-08-08', 'PT', NULL);
INSERT INTO en_tsk(id, name, projectId, deptId, planId, nodeId, typeId, levelId, planStartDate, planEndDate, realStartDate, realEndDate, planWorkload, realWorkload, confirmWorkload, planDuration, realDuration, copRate, devRate, statusId, ownerId, actorId, publisherId, publishDate, auditorId, keyEvent, acceptCriteria, remark, selfEvalId, lastEvalId, preTaskId, milestoneId, parentId, isNode, isShare, isTemplate, changeNum, orderNum, isValid, creatorId, createdTime, modifyId, modifyTime, taskType, baselineData) VALUES ('6238cf16-89e4-42be-a5bb-06f802cccae2', '软件产品登记', NULL, NULL, 'f2665bba-fbc6-4ef6-b6d4-61a257f0461b', NULL, NULL, NULL, '2025-02-05 00:00:00', '2025-02-05 00:00:00', NULL, NULL, '0', NULL, NULL, '0', NULL, NULL, NULL, '07698511-fa9f-47e2-9f4c-5fbstatus001', NULL, NULL, NULL, NULL, NULL, NULL, NULL, NULL, NULL, NULL, NULL, NULL, 'afedbe1e-3136-490f-97ca-256c6c8f8106', 'N', NULL, 'Y', NULL, '159', 'Y', 'b8ab9427-627b-469f-bfd0-4b1buser0001', '2022-08-08', 'b8ab9427-627b-469f-bfd0-4b1buser0001', '2022-08-08', 'PT', NULL);
INSERT INTO en_tsk(id, name, projectId, deptId, planId, nodeId, typeId, levelId, planStartDate, planEndDate, realStartDate, realEndDate, planWorkload, realWorkload, confirmWorkload, planDuration, realDuration, copRate, devRate, statusId, ownerId, actorId, publisherId, publishDate, auditorId, keyEvent, acceptCriteria, remark, selfEvalId, lastEvalId, preTaskId, milestoneId, parentId, isNode, isShare, isTemplate, changeNum, orderNum, isValid, creatorId, createdTime, modifyId, modifyTime, taskType, baselineData) VALUES ('4860e672-77e0-4de4-8eec-c5959e88f53d', '软件产品退税登记', NULL, NULL, 'f2665bba-fbc6-4ef6-b6d4-61a257f0461b', NULL, NULL, NULL, '2025-02-06 00:00:00', '2025-02-06 00:00:00', NULL, NULL, '0', NULL, NULL, '0', NULL, NULL, NULL, '07698511-fa9f-47e2-9f4c-5fbstatus001', NULL, NULL, NULL, NULL, NULL, NULL, NULL, NULL, NULL, NULL, NULL, NULL, 'afedbe1e-3136-490f-97ca-256c6c8f8106', 'N', NULL, 'Y', NULL, '160', 'Y', 'b8ab9427-627b-469f-bfd0-4b1buser0001', '2022-08-08', 'b8ab9427-627b-469f-bfd0-4b1buser0001', '2022-08-08', 'PT', NULL);
INSERT INTO en_tsk(id, name, projectId, deptId, planId, nodeId, typeId, levelId, planStartDate, planEndDate, realStartDate, realEndDate, planWorkload, realWorkload, confirmWorkload, planDuration, realDuration, copRate, devRate, statusId, ownerId, actorId, publisherId, publishDate, auditorId, keyEvent, acceptCriteria, remark, selfEvalId, lastEvalId, preTaskId, milestoneId, parentId, isNode, isShare, isTemplate, changeNum, orderNum, isValid, creatorId, createdTime, modifyId, modifyTime, taskType, baselineData) VALUES ('49e6e96c-f9be-4164-a047-01cfff410e98', '客户资料、宣传材料、产品包装印刷', NULL, NULL, 'f2665bba-fbc6-4ef6-b6d4-61a257f0461b', NULL, NULL, NULL, '2025-02-07 00:00:00', '2025-02-07 00:00:00', NULL, NULL, '0', NULL, NULL, '0', NULL, NULL, NULL, '07698511-fa9f-47e2-9f4c-5fbstatus001', NULL, NULL, NULL, NULL, NULL, NULL, NULL, NULL, NULL, NULL, NULL, NULL, 'afedbe1e-3136-490f-97ca-256c6c8f8106', 'N', NULL, 'Y', NULL, '161', 'Y', 'b8ab9427-627b-469f-bfd0-4b1buser0001', '2022-08-08', 'b8ab9427-627b-469f-bfd0-4b1buser0001', '2022-08-08', 'PT', NULL);
INSERT INTO en_tsk(id, name, projectId, deptId, planId, nodeId, typeId, levelId, planStartDate, planEndDate, realStartDate, realEndDate, planWorkload, realWorkload, confirmWorkload, planDuration, realDuration, copRate, devRate, statusId, ownerId, actorId, publisherId, publishDate, auditorId, keyEvent, acceptCriteria, remark, selfEvalId, lastEvalId, preTaskId, milestoneId, parentId, isNode, isShare, isTemplate, changeNum, orderNum, isValid, creatorId, createdTime, modifyId, modifyTime, taskType, baselineData) VALUES ('b959ed62-5847-4224-903a-8fd621e4af5d', '采购加密锁', NULL, NULL, 'f2665bba-fbc6-4ef6-b6d4-61a257f0461b', NULL, NULL, NULL, '2025-02-08 00:00:00', '2025-02-08 00:00:00', NULL, NULL, '0', NULL, NULL, '0', NULL, NULL, NULL, '07698511-fa9f-47e2-9f4c-5fbstatus001', NULL, NULL, NULL, NULL, NULL, NULL, NULL, NULL, NULL, NULL, NULL, NULL, 'afedbe1e-3136-490f-97ca-256c6c8f8106', 'N', NULL, 'Y', NULL, '162', 'Y', 'b8ab9427-627b-469f-bfd0-4b1buser0001', '2022-08-08', 'b8ab9427-627b-469f-bfd0-4b1buser0001', '2022-08-08', 'PT', NULL);
INSERT INTO en_tsk(id, name, projectId, deptId, planId, nodeId, typeId, levelId, planStartDate, planEndDate, realStartDate, realEndDate, planWorkload, realWorkload, confirmWorkload, planDuration, realDuration, copRate, devRate, statusId, ownerId, actorId, publisherId, publishDate, auditorId, keyEvent, acceptCriteria, remark, selfEvalId, lastEvalId, preTaskId, milestoneId, parentId, isNode, isShare, isTemplate, changeNum, orderNum, isValid, creatorId, createdTime, modifyId, modifyTime, taskType, baselineData) VALUES ('f4d6b233-1ff1-4dbd-ad73-ce4861892ab3', '通报产品发布', NULL, NULL, 'f2665bba-fbc6-4ef6-b6d4-61a257f0461b', NULL, NULL, NULL, '2025-02-09 00:00:00', '2025-02-09 00:00:00', NULL, NULL, '0', NULL, NULL, '0', NULL, NULL, NULL, '07698511-fa9f-47e2-9f4c-5fbstatus001', NULL, NULL, NULL, NULL, NULL, NULL, NULL, NULL, NULL, NULL, NULL, NULL, 'afedbe1e-3136-490f-97ca-256c6c8f8106', 'N', NULL, 'Y', NULL, '163', 'Y', 'b8ab9427-627b-469f-bfd0-4b1buser0001', '2022-08-08', 'b8ab9427-627b-469f-bfd0-4b1buser0001', '2022-08-08', 'PT', NULL);
INSERT INTO en_tsk(id, name, projectId, deptId, planId, nodeId, typeId, levelId, planStartDate, planEndDate, realStartDate, realEndDate, planWorkload, realWorkload, confirmWorkload, planDuration, realDuration, copRate, devRate, statusId, ownerId, actorId, publisherId, publishDate, auditorId, keyEvent, acceptCriteria, remark, selfEvalId, lastEvalId, preTaskId, milestoneId, parentId, isNode, isShare, isTemplate, changeNum, orderNum, isValid, creatorId, createdTime, modifyId, modifyTime, taskType, baselineData) VALUES ('29983c40-f4a0-48aa-b7c4-fcf63eb32cc5', '准备项目总结报告', NULL, NULL, 'f2665bba-fbc6-4ef6-b6d4-61a257f0461b', NULL, NULL, NULL, '2025-02-10 00:00:00', '2025-02-10 00:00:00', NULL, NULL, '0', NULL, NULL, '0', NULL, NULL, NULL, '07698511-fa9f-47e2-9f4c-5fbstatus001', NULL, NULL, NULL, NULL, NULL, NULL, NULL, NULL, NULL, NULL, NULL, NULL, 'afedbe1e-3136-490f-97ca-256c6c8f8106', 'N', NULL, 'Y', NULL, '164', 'Y', 'b8ab9427-627b-469f-bfd0-4b1buser0001', '2022-08-08', 'b8ab9427-627b-469f-bfd0-4b1buser0001', '2022-08-08', 'PT', NULL);
INSERT INTO en_tsk(id, name, projectId, deptId, planId, nodeId, typeId, levelId, planStartDate, planEndDate, realStartDate, realEndDate, planWorkload, realWorkload, confirmWorkload, planDuration, realDuration, copRate, devRate, statusId, ownerId, actorId, publisherId, publishDate, auditorId, keyEvent, acceptCriteria, remark, selfEvalId, lastEvalId, preTaskId, milestoneId, parentId, isNode, isShare, isTemplate, changeNum, orderNum, isValid, creatorId, createdTime, modifyId, modifyTime, taskType, baselineData) VALUES ('ba702f4e-606a-4d34-9e72-b19275cf3446', '度量分析', NULL, NULL, 'f2665bba-fbc6-4ef6-b6d4-61a257f0461b', NULL, NULL, NULL, '2025-02-11 00:00:00', '2025-02-11 00:00:00', NULL, NULL, '0', NULL, NULL, '0', NULL, NULL, NULL, '07698511-fa9f-47e2-9f4c-5fbstatus001', NULL, NULL, NULL, NULL, NULL, NULL, NULL, NULL, NULL, NULL, NULL, NULL, 'afedbe1e-3136-490f-97ca-256c6c8f8106', 'N', NULL, 'Y', NULL, '165', 'Y', 'b8ab9427-627b-469f-bfd0-4b1buser0001', '2022-08-08', 'b8ab9427-627b-469f-bfd0-4b1buser0001', '2022-08-08', 'PT', NULL);
INSERT INTO en_tsk(id, name, projectId, deptId, planId, nodeId, typeId, levelId, planStartDate, planEndDate, realStartDate, realEndDate, planWorkload, realWorkload, confirmWorkload, planDuration, realDuration, copRate, devRate, statusId, ownerId, actorId, publisherId, publishDate, auditorId, keyEvent, acceptCriteria, remark, selfEvalId, lastEvalId, preTaskId, milestoneId, parentId, isNode, isShare, isTemplate, changeNum, orderNum, isValid, creatorId, createdTime, modifyId, modifyTime, taskType, baselineData) VALUES ('42d6a07d-40e5-49a7-b87f-c884ebbc7ed8', '通知用户升级', NULL, NULL, 'f2665bba-fbc6-4ef6-b6d4-61a257f0461b', NULL, NULL, NULL, '2025-02-12 00:00:00', '2025-02-12 00:00:00', NULL, NULL, '0', NULL, NULL, '0', NULL, NULL, NULL, '07698511-fa9f-47e2-9f4c-5fbstatus001', NULL, NULL, NULL, NULL, NULL, NULL, NULL, NULL, NULL, NULL, NULL, NULL, 'afedbe1e-3136-490f-97ca-256c6c8f8106', 'N', NULL, 'Y', NULL, '166', 'Y', 'b8ab9427-627b-469f-bfd0-4b1buser0001', '2022-08-08', 'b8ab9427-627b-469f-bfd0-4b1buser0001', '2022-08-08', 'PT', NULL);
INSERT INTO en_tsk(id, name, projectId, deptId, planId, nodeId, typeId, levelId, planStartDate, planEndDate, realStartDate, realEndDate, planWorkload, realWorkload, confirmWorkload, planDuration, realDuration, copRate, devRate, statusId, ownerId, actorId, publisherId, publishDate, auditorId, keyEvent, acceptCriteria, remark, selfEvalId, lastEvalId, preTaskId, milestoneId, parentId, isNode, isShare, isTemplate, changeNum, orderNum, isValid, creatorId, createdTime, modifyId, modifyTime, taskType, baselineData) VALUES ('06b74ddf-5ba1-4268-af3f-09a8cfd2fa67', '发布新闻', NULL, NULL, 'f2665bba-fbc6-4ef6-b6d4-61a257f0461b', NULL, NULL, NULL, '2025-02-13 00:00:00', '2025-02-13 00:00:00', NULL, NULL, '0', NULL, NULL, '0', NULL, NULL, NULL, '07698511-fa9f-47e2-9f4c-5fbstatus001', NULL, NULL, NULL, NULL, NULL, NULL, NULL, NULL, NULL, NULL, NULL, NULL, 'afedbe1e-3136-490f-97ca-256c6c8f8106', 'N', NULL, 'Y', NULL, '167', 'Y', 'b8ab9427-627b-469f-bfd0-4b1buser0001', '2022-08-08', 'b8ab9427-627b-469f-bfd0-4b1buser0001', '2022-08-08', 'PT', NULL);
INSERT INTO en_tsk(id, name, projectId, deptId, planId, nodeId, typeId, levelId, planStartDate, planEndDate, realStartDate, realEndDate, planWorkload, realWorkload, confirmWorkload, planDuration, realDuration, copRate, devRate, statusId, ownerId, actorId, publisherId, publishDate, auditorId, keyEvent, acceptCriteria, remark, selfEvalId, lastEvalId, preTaskId, milestoneId, parentId, isNode, isShare, isTemplate, changeNum, orderNum, isValid, creatorId, createdTime, modifyId, modifyTime, taskType, baselineData) VALUES ('57de603c-9041-47b3-9a69-5f411453286e', '开始销售产品', NULL, NULL, 'f2665bba-fbc6-4ef6-b6d4-61a257f0461b', NULL, NULL, NULL, '2025-02-14 00:00:00', '2025-02-14 00:00:00', NULL, NULL, '0', NULL, NULL, '0', NULL, NULL, NULL, '07698511-fa9f-47e2-9f4c-5fbstatus001', NULL, NULL, NULL, NULL, NULL, NULL, NULL, NULL, NULL, NULL, NULL, NULL, 'afedbe1e-3136-490f-97ca-256c6c8f8106', 'N', NULL, 'Y', NULL, '168', 'Y', 'b8ab9427-627b-469f-bfd0-4b1buser0001', '2022-08-08', 'b8ab9427-627b-469f-bfd0-4b1buser0001', '2022-08-08', 'PT', NULL);
INSERT INTO en_tsk(id, name, projectId, deptId, planId, nodeId, typeId, levelId, planStartDate, planEndDate, realStartDate, realEndDate, planWorkload, realWorkload, confirmWorkload, planDuration, realDuration, copRate, devRate, statusId, ownerId, actorId, publisherId, publishDate, auditorId, keyEvent, acceptCriteria, remark, selfEvalId, lastEvalId, preTaskId, milestoneId, parentId, isNode, isShare, isTemplate, changeNum, orderNum, isValid, creatorId, createdTime, modifyId, modifyTime, taskType, baselineData) VALUES ('7507d334-d5ae-4413-b7bf-2ec7b5d66508', '持续解决客户问题', NULL, NULL, 'f2665bba-fbc6-4ef6-b6d4-61a257f0461b', NULL, NULL, NULL, '2025-02-15 00:00:00', '2025-03-02 00:00:00', NULL, NULL, '0', NULL, NULL, '0', NULL, NULL, NULL, '07698511-fa9f-47e2-9f4c-5fbstatus001', NULL, NULL, NULL, NULL, NULL, NULL, NULL, NULL, NULL, NULL, NULL, NULL, 'afedbe1e-3136-490f-97ca-256c6c8f8106', 'N', NULL, 'Y', NULL, '169', 'Y', 'b8ab9427-627b-469f-bfd0-4b1buser0001', '2022-08-08', 'b8ab9427-627b-469f-bfd0-4b1buser0001', '2022-08-08', 'PT', NULL);
INSERT INTO en_tsk(id, name, projectId, deptId, planId, nodeId, typeId, levelId, planStartDate, planEndDate, realStartDate, realEndDate, planWorkload, realWorkload, confirmWorkload, planDuration, realDuration, copRate, devRate, statusId, ownerId, actorId, publisherId, publishDate, auditorId, keyEvent, acceptCriteria, remark, selfEvalId, lastEvalId, preTaskId, milestoneId, parentId, isNode, isShare, isTemplate, changeNum, orderNum, isValid, creatorId, createdTime, modifyId, modifyTime, taskType, baselineData) VALUES ('5bb1feb1-04e3-403c-9cd3-3f9daff0eff2', '持续客户问题支持', NULL, NULL, 'f2665bba-fbc6-4ef6-b6d4-61a257f0461b', NULL, NULL, NULL, '2025-02-15 00:00:00', '2025-03-02 00:00:00', NULL, NULL, '0', NULL, NULL, '0', NULL, NULL, NULL, '07698511-fa9f-47e2-9f4c-5fbstatus001', NULL, NULL, NULL, NULL, NULL, NULL, NULL, NULL, NULL, NULL, NULL, NULL, 'afedbe1e-3136-490f-97ca-256c6c8f8106', 'N', NULL, 'Y', NULL, '170', 'Y', 'b8ab9427-627b-469f-bfd0-4b1buser0001', '2022-08-08', 'b8ab9427-627b-469f-bfd0-4b1buser0001', '2022-08-08', 'PT', NULL);
INSERT INTO en_tsk(id, name, projectId, deptId, planId, nodeId, typeId, levelId, planStartDate, planEndDate, realStartDate, realEndDate, planWorkload, realWorkload, confirmWorkload, planDuration, realDuration, copRate, devRate, statusId, ownerId, actorId, publisherId, publishDate, auditorId, keyEvent, acceptCriteria, remark, selfEvalId, lastEvalId, preTaskId, milestoneId, parentId, isNode, isShare, isTemplate, changeNum, orderNum, isValid, creatorId, createdTime, modifyId, modifyTime, taskType, baselineData) VALUES ('fee3a343-27ce-4fe9-9af0-93d03d417f15', '维护更新FAQ', NULL, NULL, 'f2665bba-fbc6-4ef6-b6d4-61a257f0461b', NULL, NULL, NULL, '2025-02-15 00:00:00', '2025-03-02 00:00:00', NULL, NULL, '0', NULL, NULL, '0', NULL, NULL, NULL, '07698511-fa9f-47e2-9f4c-5fbstatus001', NULL, NULL, NULL, NULL, NULL, NULL, NULL, NULL, NULL, NULL, NULL, NULL, 'afedbe1e-3136-490f-97ca-256c6c8f8106', 'N', NULL, 'Y', NULL, '171', 'Y', 'b8ab9427-627b-469f-bfd0-4b1buser0001', '2022-08-08', 'b8ab9427-627b-469f-bfd0-4b1buser0001', '2022-08-08', 'PT', NULL);
INSERT INTO en_tsk(id, name, projectId, deptId, planId, nodeId, typeId, levelId, planStartDate, planEndDate, realStartDate, realEndDate, planWorkload, realWorkload, confirmWorkload, planDuration, realDuration, copRate, devRate, statusId, ownerId, actorId, publisherId, publishDate, auditorId, keyEvent, acceptCriteria, remark, selfEvalId, lastEvalId, preTaskId, milestoneId, parentId, isNode, isShare, isTemplate, changeNum, orderNum, isValid, creatorId, createdTime, modifyId, modifyTime, taskType, baselineData) VALUES ('f9f61965-ef36-4d62-be62-bc1459ca3949', '持续市场宣传', NULL, NULL, 'f2665bba-fbc6-4ef6-b6d4-61a257f0461b', NULL, NULL, NULL, '2025-02-15 00:00:00', '2025-03-02 00:00:00', NULL, NULL, '0', NULL, NULL, '0', NULL, NULL, NULL, '07698511-fa9f-47e2-9f4c-5fbstatus001', NULL, NULL, NULL, NULL, NULL, NULL, NULL, NULL, NULL, NULL, NULL, NULL, 'afedbe1e-3136-490f-97ca-256c6c8f8106', 'N', NULL, 'Y', NULL, '172', 'Y', 'b8ab9427-627b-469f-bfd0-4b1buser0001', '2022-08-08', 'b8ab9427-627b-469f-bfd0-4b1buser0001', '2022-08-08', 'PT', NULL);
INSERT INTO en_tsk(id, name, projectId, deptId, planId, nodeId, typeId, levelId, planStartDate, planEndDate, realStartDate, realEndDate, planWorkload, realWorkload, confirmWorkload, planDuration, realDuration, copRate, devRate, statusId, ownerId, actorId, publisherId, publishDate, auditorId, keyEvent, acceptCriteria, remark, selfEvalId, lastEvalId, preTaskId, milestoneId, parentId, isNode, isShare, isTemplate, changeNum, orderNum, isValid, creatorId, createdTime, modifyId, modifyTime, taskType, baselineData) VALUES ('043aa013-3b11-4728-ba43-8c9b6877abaa', '组织项目总结会议', NULL, NULL, 'f2665bba-fbc6-4ef6-b6d4-61a257f0461b', NULL, NULL, NULL, '2025-02-15 00:00:00', '2025-02-18 00:00:00', NULL, NULL, '0', NULL, NULL, '0', NULL, NULL, NULL, '07698511-fa9f-47e2-9f4c-5fbstatus001', NULL, NULL, NULL, NULL, NULL, NULL, NULL, NULL, NULL, NULL, NULL, NULL, 'afedbe1e-3136-490f-97ca-256c6c8f8106', 'N', NULL, 'Y', NULL, '173', 'Y', 'b8ab9427-627b-469f-bfd0-4b1buser0001', '2022-08-08', 'b8ab9427-627b-469f-bfd0-4b1buser0001', '2022-08-08', 'PT', NULL);
INSERT INTO en_tsk(id, name, projectId, deptId, planId, nodeId, typeId, levelId, planStartDate, planEndDate, realStartDate, realEndDate, planWorkload, realWorkload, confirmWorkload, planDuration, realDuration, copRate, devRate, statusId, ownerId, actorId, publisherId, publishDate, auditorId, keyEvent, acceptCriteria, remark, selfEvalId, lastEvalId, preTaskId, milestoneId, parentId, isNode, isShare, isTemplate, changeNum, orderNum, isValid, creatorId, createdTime, modifyId, modifyTime, taskType, baselineData) VALUES ('437ca599-6ffa-4f75-9c4c-b3ca70cf92f7', '项目结束归档', NULL, NULL, 'f2665bba-fbc6-4ef6-b6d4-61a257f0461b', NULL, NULL, NULL, '2025-02-19 00:00:00', '2025-03-04 00:00:00', NULL, NULL, '0', NULL, NULL, '0', NULL, NULL, NULL, '07698511-fa9f-47e2-9f4c-5fbstatus001', NULL, NULL, NULL, NULL, NULL, NULL, NULL, NULL, NULL, NULL, NULL, NULL, 'afedbe1e-3136-490f-97ca-256c6c8f8106', 'Y', NULL, 'Y', NULL, '174', 'Y', 'b8ab9427-627b-469f-bfd0-4b1buser0001', '2022-08-08', 'b8ab9427-627b-469f-bfd0-4b1buser0001', '2022-08-08', 'PT', NULL);
INSERT INTO en_tsk(id, name, projectId, deptId, planId, nodeId, typeId, levelId, planStartDate, planEndDate, realStartDate, realEndDate, planWorkload, realWorkload, confirmWorkload, planDuration, realDuration, copRate, devRate, statusId, ownerId, actorId, publisherId, publishDate, auditorId, keyEvent, acceptCriteria, remark, selfEvalId, lastEvalId, preTaskId, milestoneId, parentId, isNode, isShare, isTemplate, changeNum, orderNum, isValid, creatorId, createdTime, modifyId, modifyTime, taskType, baselineData) VALUES ('dccd2fac-55e5-4762-acc9-c8e6167efe91', '项目经验教训总结', NULL, NULL, 'f2665bba-fbc6-4ef6-b6d4-61a257f0461b', NULL, NULL, NULL, '2025-02-19 00:00:00', '2025-02-23 00:00:00', NULL, NULL, '0', NULL, NULL, '0', NULL, NULL, NULL, '07698511-fa9f-47e2-9f4c-5fbstatus001', NULL, NULL, NULL, NULL, NULL, NULL, NULL, NULL, NULL, NULL, NULL, NULL, '437ca599-6ffa-4f75-9c4c-b3ca70cf92f7', 'N', NULL, 'Y', NULL, '175', 'Y', 'b8ab9427-627b-469f-bfd0-4b1buser0001', '2022-08-08', 'b8ab9427-627b-469f-bfd0-4b1buser0001', '2022-08-08', 'PT', NULL);
INSERT INTO en_tsk(id, name, projectId, deptId, planId, nodeId, typeId, levelId, planStartDate, planEndDate, realStartDate, realEndDate, planWorkload, realWorkload, confirmWorkload, planDuration, realDuration, copRate, devRate, statusId, ownerId, actorId, publisherId, publishDate, auditorId, keyEvent, acceptCriteria, remark, selfEvalId, lastEvalId, preTaskId, milestoneId, parentId, isNode, isShare, isTemplate, changeNum, orderNum, isValid, creatorId, createdTime, modifyId, modifyTime, taskType, baselineData) VALUES ('fe3507fe-8c99-4199-b024-d3022ecaec96', '归档项目文件夹纳入过程资产库', NULL, NULL, 'f2665bba-fbc6-4ef6-b6d4-61a257f0461b', NULL, NULL, NULL, '2025-02-20 00:00:00', '2025-02-25 00:00:00', NULL, NULL, '0', NULL, NULL, '0', NULL, NULL, NULL, '07698511-fa9f-47e2-9f4c-5fbstatus001', NULL, NULL, NULL, NULL, NULL, NULL, NULL, NULL, NULL, NULL, NULL, NULL, '437ca599-6ffa-4f75-9c4c-b3ca70cf92f7', 'N', NULL, 'Y', NULL, '176', 'Y', 'b8ab9427-627b-469f-bfd0-4b1buser0001', '2022-08-08', 'b8ab9427-627b-469f-bfd0-4b1buser0001', '2022-08-08', 'PT', NULL);
INSERT INTO en_tsk(id, name, projectId, deptId, planId, nodeId, typeId, levelId, planStartDate, planEndDate, realStartDate, realEndDate, planWorkload, realWorkload, confirmWorkload, planDuration, realDuration, copRate, devRate, statusId, ownerId, actorId, publisherId, publishDate, auditorId, keyEvent, acceptCriteria, remark, selfEvalId, lastEvalId, preTaskId, milestoneId, parentId, isNode, isShare, isTemplate, changeNum, orderNum, isValid, creatorId, createdTime, modifyId, modifyTime, taskType, baselineData) VALUES ('21c03416-bad0-4cde-a49f-eb9011a07e90', '协助将项目材料放入过程资产库', NULL, NULL, 'f2665bba-fbc6-4ef6-b6d4-61a257f0461b', NULL, NULL, NULL, '2025-02-26 00:00:00', '2025-02-28 00:00:00', NULL, NULL, '0', NULL, NULL, '0', NULL, NULL, NULL, '07698511-fa9f-47e2-9f4c-5fbstatus001', NULL, NULL, NULL, NULL, NULL, NULL, NULL, NULL, NULL, NULL, NULL, NULL, '437ca599-6ffa-4f75-9c4c-b3ca70cf92f7', 'N', NULL, 'Y', NULL, '177', 'Y', 'b8ab9427-627b-469f-bfd0-4b1buser0001', '2022-08-08', 'b8ab9427-627b-469f-bfd0-4b1buser0001', '2022-08-08', 'PT', NULL);
INSERT INTO en_tsk(id, name, projectId, deptId, planId, nodeId, typeId, levelId, planStartDate, planEndDate, realStartDate, realEndDate, planWorkload, realWorkload, confirmWorkload, planDuration, realDuration, copRate, devRate, statusId, ownerId, actorId, publisherId, publishDate, auditorId, keyEvent, acceptCriteria, remark, selfEvalId, lastEvalId, preTaskId, milestoneId, parentId, isNode, isShare, isTemplate, changeNum, orderNum, isValid, creatorId, createdTime, modifyId, modifyTime, taskType, baselineData) VALUES ('eed04bef-de9d-4b52-a1ee-fb96d6657f5c', '归档配置库', NULL, NULL, 'f2665bba-fbc6-4ef6-b6d4-61a257f0461b', NULL, NULL, NULL, '2025-03-02 00:00:00', '2025-03-04 00:00:00', NULL, NULL, '0', NULL, NULL, '0', NULL, NULL, NULL, '07698511-fa9f-47e2-9f4c-5fbstatus001', NULL, NULL, NULL, NULL, NULL, NULL, NULL, NULL, NULL, NULL, NULL, NULL, '437ca599-6ffa-4f75-9c4c-b3ca70cf92f7', 'N', NULL, 'Y', NULL, '178', 'Y', 'b8ab9427-627b-469f-bfd0-4b1buser0001', '2022-08-08', 'b8ab9427-627b-469f-bfd0-4b1buser0001', '2022-08-08', 'PT', NULL);
INSERT INTO en_tsk(id, name, projectId, deptId, planId, nodeId, typeId, levelId, planStartDate, planEndDate, realStartDate, realEndDate, planWorkload, realWorkload, confirmWorkload, planDuration, realDuration, copRate, devRate, statusId, ownerId, actorId, publisherId, publishDate, auditorId, keyEvent, acceptCriteria, remark, selfEvalId, lastEvalId, preTaskId, milestoneId, parentId, isNode, isShare, isTemplate, changeNum, orderNum, isValid, creatorId, createdTime, modifyId, modifyTime, taskType, baselineData) VALUES ('f2e60678-9ea8-4564-aa4b-d5b08a165e0e', '组织项目结束会议', NULL, NULL, 'f2665bba-fbc6-4ef6-b6d4-61a257f0461b', NULL, NULL, NULL, '2025-03-05 00:00:00', '2025-03-05 00:00:00', NULL, NULL, '0', NULL, NULL, '0', NULL, NULL, NULL, '07698511-fa9f-47e2-9f4c-5fbstatus001', NULL, NULL, NULL, NULL, NULL, NULL, NULL, NULL, NULL, NULL, NULL, NULL, 'afedbe1e-3136-490f-97ca-256c6c8f8106', 'N', NULL, 'Y', NULL, '179', 'Y', 'b8ab9427-627b-469f-bfd0-4b1buser0001', '2022-08-08', 'b8ab9427-627b-469f-bfd0-4b1buser0001', '2022-08-08', 'PT', NULL);

INSERT INTO en_lifecycle(id, name, status, objectType, remark, isDefault, isSystem, orderNum, isValid, creatorId, createdTime, modifyId, modifyTime) 
VALUES ('5194e47b-8bba-4a12-9170-0d141bf2240e', '标准生命周期', '1', 'PRQ', '', 'N', 'N', '1', 'Y', 'b8ab9427-627b-469f-bfd0-4b1buser0001', '2022-08-08', 'b8ab9427-627b-469f-bfd0-4b1buser0001', '2022-08-08');

INSERT INTO en_phase(id, name, status, objectType, remark, orderNum, isValid, creatorId, createdTime, modifyId, modifyTime, bgColor, fColor, isEnd) VALUES ('4519d8ff-f2ba-4699-be0b-7f2f1f8e21be', '审核', '1', 'PRQ', '', '1', 'Y', 'b8ab9427-627b-469f-bfd0-4b1buser0001', '2022-08-08', 'b8ab9427-627b-469f-bfd0-4b1buser0001', '2022-08-08', '', '', NULL);
INSERT INTO en_phase(id, name, status, objectType, remark, orderNum, isValid, creatorId, createdTime, modifyId, modifyTime, bgColor, fColor, isEnd) VALUES ('b78507db-8220-44e9-b548-f61d4e46e757', '接受', '1', 'PRQ', '', '2', 'Y', 'b8ab9427-627b-469f-bfd0-4b1buser0001', '2022-08-08', 'b8ab9427-627b-469f-bfd0-4b1buser0001', '2022-08-08', '', '', NULL);
INSERT INTO en_phase(id, name, status, objectType, remark, orderNum, isValid, creatorId, createdTime, modifyId, modifyTime, bgColor, fColor, isEnd) VALUES ('a1cfca9b-b957-459c-a1a7-d2f128bf9621', '开发', '1', 'PRQ', '', '3', 'Y', 'b8ab9427-627b-469f-bfd0-4b1buser0001', '2022-08-08', 'b8ab9427-627b-469f-bfd0-4b1buser0001', '2022-08-08', '', '', NULL);
INSERT INTO en_phase(id, name, status, objectType, remark, orderNum, isValid, creatorId, createdTime, modifyId, modifyTime, bgColor, fColor, isEnd) VALUES ('14bcd6e7-3b79-456b-9db1-345f28a69872', '验证', '1', 'PRQ', '', '4', 'Y', 'b8ab9427-627b-469f-bfd0-4b1buser0001', '2022-08-08', 'b8ab9427-627b-469f-bfd0-4b1buser0001', '2022-08-08', '', '', NULL);
INSERT INTO en_phase(id, name, status, objectType, remark, orderNum, isValid, creatorId, createdTime, modifyId, modifyTime, bgColor, fColor, isEnd) VALUES ('bc109416-65c7-44ac-86e8-8586bd309bed', '完成', '1', 'PRQ', '', '5', 'Y', 'b8ab9427-627b-469f-bfd0-4b1buser0001', '2022-08-08', 'b8ab9427-627b-469f-bfd0-4b1buser0001', '2022-08-08', '', '', NULL);
INSERT INTO en_phase(id, name, status, objectType, remark, orderNum, isValid, creatorId, createdTime, modifyId, modifyTime, bgColor, fColor, isEnd) VALUES ('198c7e2b-818a-430f-bc84-7e4ec89c3867', '作废', '1', 'PRQ', '', '6', 'Y', 'b8ab9427-627b-469f-bfd0-4b1buser0001', '2022-08-08', 'b8ab9427-627b-469f-bfd0-4b1buser0001', '2022-08-08', '', '', NULL);

INSERT INTO en_lifecyclephase_rlt(id, objectType, type, codeType, lifecycleId, phaseId, fixTran, exeCls, tranExeCls, toId, isHide, isValid, chgField, notSend, closeRes, orderNum) VALUES ('728338d7-82c0-4c51-921f-b775ba72d5a8', 'PRQ', '1', NULL, '5194e47b-8bba-4a12-9170-0d141bf2240e', NULL, '6,9,10,28,13,50,51,52,18', NULL, NULL, NULL, 'N', 'Y', NULL, NULL, 'N', '1');
INSERT INTO en_lifecyclephase_rlt(id, objectType, type, codeType, lifecycleId, phaseId, fixTran, exeCls, tranExeCls, toId, isHide, isValid, chgField, notSend, closeRes, orderNum) VALUES ('b7769dcc-7284-4778-b6be-8498665e0e9f', 'PRQ', '1', NULL, '5194e47b-8bba-4a12-9170-0d141bf2240e', '4519d8ff-f2ba-4699-be0b-7f2f1f8e21be', '6,9,10,28,13,50,51,52,18', NULL, NULL, NULL, 'N', 'Y', NULL, NULL, 'N', '3');
INSERT INTO en_lifecyclephase_rlt(id, objectType, type, codeType, lifecycleId, phaseId, fixTran, exeCls, tranExeCls, toId, isHide, isValid, chgField, notSend, closeRes, orderNum) VALUES ('a844de3e-2991-40d7-a5e5-b05191ef9543', 'PRQ', '1', NULL, '5194e47b-8bba-4a12-9170-0d141bf2240e', 'b78507db-8220-44e9-b548-f61d4e46e757', '6,9,10,28,13,50,51,52,18', NULL, NULL, NULL, 'N', 'Y', NULL, NULL, 'N', '4');
INSERT INTO en_lifecyclephase_rlt(id, objectType, type, codeType, lifecycleId, phaseId, fixTran, exeCls, tranExeCls, toId, isHide, isValid, chgField, notSend, closeRes, orderNum) VALUES ('63efb782-3803-4a17-b74a-0780a3084b17', 'PRQ', '1', NULL, '5194e47b-8bba-4a12-9170-0d141bf2240e', 'a1cfca9b-b957-459c-a1a7-d2f128bf9621', '6,9,10,28,13,50,51,52', NULL, NULL, NULL, 'N', 'Y', NULL, NULL, 'N', '5');
INSERT INTO en_lifecyclephase_rlt(id, objectType, type, codeType, lifecycleId, phaseId, fixTran, exeCls, tranExeCls, toId, isHide, isValid, chgField, notSend, closeRes, orderNum) VALUES ('248a2d6c-931d-45f6-b4a6-36c05e3fe1da', 'PRQ', '1', NULL, '5194e47b-8bba-4a12-9170-0d141bf2240e', '14bcd6e7-3b79-456b-9db1-345f28a69872', '6,9,10,28,13,50,51,52', NULL, NULL, NULL, 'N', 'Y', NULL, NULL, 'N', '6');
INSERT INTO en_lifecyclephase_rlt(id, objectType, type, codeType, lifecycleId, phaseId, fixTran, exeCls, tranExeCls, toId, isHide, isValid, chgField, notSend, closeRes, orderNum) VALUES ('b286e987-2827-4dd4-8fc2-1fc64be5f470', 'PRQ', '1', NULL, '5194e47b-8bba-4a12-9170-0d141bf2240e', 'bc109416-65c7-44ac-86e8-8586bd309bed', '6,9,10,28,13,50,51,52', NULL, NULL, NULL, 'N', 'Y', NULL, NULL, 'N', '7');
INSERT INTO en_lifecyclephase_rlt(id, objectType, type, codeType, lifecycleId, phaseId, fixTran, exeCls, tranExeCls, toId, isHide, isValid, chgField, notSend, closeRes, orderNum) VALUES ('c2cf9430-e9a0-4b87-9d30-010dbde92b47', 'PRQ', '1', NULL, '5194e47b-8bba-4a12-9170-0d141bf2240e', '198c7e2b-818a-430f-bc84-7e4ec89c3867', '6,9,10,28,13,50,51,52,18', NULL, NULL, NULL, 'N', 'Y', NULL, NULL, 'N', '8');

INSERT INTO sys_field(id, colName, showName, objectType, dataType, htmlType, fieldType, displayWidth, remark, defaultValue, defaultRule, extendClass, layout, showMobile, isCommon, parentId, isValid, orderNum, creatorId, createdTime, modifyId, modifyTime, isDBField) VALUES ('24cc7f49-36ea-499a-bb79-3d88249b0793', 'name', '名称', 'PRQ', 'varchar', 'TEXT', 'S', '300', '', '', '{\"isRecorded\":\"Y\",\"textLength\":\"128\",\"isRequired\":\"Y\"}', '', 'F', NULL, 'N', NULL, 'Y', '1', 'b8ab9427-627b-469f-bfd0-4b1buser0001', '2022-08-08', 'b8ab9427-627b-469f-bfd0-4b1buser0001', '2022-08-08', 'Y');
INSERT INTO sys_field(id, colName, showName, objectType, dataType, htmlType, fieldType, displayWidth, remark, defaultValue, defaultRule, extendClass, layout, showMobile, isCommon, parentId, isValid, orderNum, creatorId, createdTime, modifyId, modifyTime, isDBField) VALUES ('9a54a8fe-dd56-4644-8d25-ba57c6a941fc', 'code', '编码', 'PRQ', 'varchar', 'TEXT', 'S', '120', '', '', '{\"isRecorded\":\"Y\",\"textLength\":\"128\",\"isRequired\":\"N\"}', '', 'T', NULL, 'N', NULL, 'Y', '9', 'b8ab9427-627b-469f-bfd0-4b1buser0001', '2022-08-08', 'b8ab9427-627b-469f-bfd0-4b1buser0001', '2022-08-08', 'Y');
INSERT INTO sys_field(id, colName, showName, objectType, dataType, htmlType, fieldType, displayWidth, remark, defaultValue, defaultRule, extendClass, layout, showMobile, isCommon, parentId, isValid, orderNum, creatorId, createdTime, modifyId, modifyTime, isDBField) VALUES ('81ee9c1b-2df2-47e4-b91d-700418dff23b', 'typeId', '需求类型', 'PRQ', 'varchar', 'SELECT', 'S', '120', '', '', '{\"isSeached\":\"Y\",\"selectSource\":\"\",\"setCascade\":\"\",\"isRecorded\":\"Y\",\"isRequired\":\"Y\"}', '', 'T', NULL, 'N', NULL, 'Y', '10', 'b8ab9427-627b-469f-bfd0-4b1buser0001', '2022-08-08', 'b8ab9427-627b-469f-bfd0-4b1buser0001', '2022-08-08', 'Y');
INSERT INTO sys_field(id, colName, showName, objectType, dataType, htmlType, fieldType, displayWidth, remark, defaultValue, defaultRule, extendClass, layout, showMobile, isCommon, parentId, isValid, orderNum, creatorId, createdTime, modifyId, modifyTime, isDBField) VALUES ('a07a38a7-e735-4140-a5c7-fee1f184926c', 'lifecycleId', '生命周期', 'PRQ', 'varchar', 'SELECT', 'S', '120', '', '', '{\"isSeached\":\"Y\",\"selectSource\":\"\",\"setCascade\":\"\",\"isRecorded\":\"Y\",\"isRequired\":\"Y\"}', '', 'T', NULL, 'N', NULL, 'Y', '11', 'b8ab9427-627b-469f-bfd0-4b1buser0001', '2022-08-08', 'b8ab9427-627b-469f-bfd0-4b1buser0001', '2022-08-08', 'Y');
INSERT INTO sys_field(id, colName, showName, objectType, dataType, htmlType, fieldType, displayWidth, remark, defaultValue, defaultRule, extendClass, layout, showMobile, isCommon, parentId, isValid, orderNum, creatorId, createdTime, modifyId, modifyTime, isDBField) VALUES ('908115f1-cd7a-46ba-9c41-8039dee3f631', 'phaseId', '生命阶段', 'PRQ', 'varchar', 'SELECT', 'S', '120', '', '', '{\"isSeached\":\"Y\",\"selectSource\":\"\",\"setCascade\":\"\",\"isRecorded\":\"Y\",\"isRequired\":\"Y\"}', '', 'T', NULL, 'N', NULL, 'Y', '12', 'b8ab9427-627b-469f-bfd0-4b1buser0001', '2022-08-08', 'b8ab9427-627b-469f-bfd0-4b1buser0001', '2022-08-08', 'Y');
INSERT INTO sys_field(id, colName, showName, objectType, dataType, htmlType, fieldType, displayWidth, remark, defaultValue, defaultRule, extendClass, layout, showMobile, isCommon, parentId, isValid, orderNum, creatorId, createdTime, modifyId, modifyTime, isDBField) VALUES ('823f1a57-3d3b-4e03-aa31-8b327972b5cd', 'projectId', '归属项目', 'PRQ', 'varchar', 'PJT', 'S', '120', '', NULL, '{\"isRecorded\":\"Y\",\"isRequired\":\"N\"}', '', 'T', NULL, 'N', NULL, 'Y', '14', 'b8ab9427-627b-469f-bfd0-4b1buser0001', '2022-08-08', 'b8ab9427-627b-469f-bfd0-4b1buser0001', '2022-08-08', 'Y');
INSERT INTO sys_field(id, colName, showName, objectType, dataType, htmlType, fieldType, displayWidth, remark, defaultValue, defaultRule, extendClass, layout, showMobile, isCommon, parentId, isValid, orderNum, creatorId, createdTime, modifyId, modifyTime, isDBField) VALUES ('09629e1f-3bf5-4a34-babb-60c27d0a4224', 'departmentId', '归属部门', 'PRQ', 'varchar', 'DEPT', 'S', '120', '', NULL, '{\"isRecorded\":\"Y\",\"deptDefaultRule\":\"N\",\"isRequired\":\"N\"}', '', 'T', NULL, 'N', NULL, 'Y', '15', 'b8ab9427-627b-469f-bfd0-4b1buser0001', '2022-08-08', 'b8ab9427-627b-469f-bfd0-4b1buser0001', '2022-08-08', 'Y');
INSERT INTO sys_field(id, colName, showName, objectType, dataType, htmlType, fieldType, displayWidth, remark, defaultValue, defaultRule, extendClass, layout, showMobile, isCommon, parentId, isValid, orderNum, creatorId, createdTime, modifyId, modifyTime, isDBField) VALUES ('901a8528-7931-4f99-b2b7-7bf9eacb3dd9', 'version', '版本', 'PRQ', 'varchar', 'TEXT', 'S', '120', '', '', '{\"isRecorded\":\"Y\",\"textLength\":\"128\",\"isRequired\":\"N\"}', '', 'T', NULL, 'N', NULL, 'Y', '16', 'b8ab9427-627b-469f-bfd0-4b1buser0001', '2022-08-08', 'b8ab9427-627b-469f-bfd0-4b1buser0001', '2022-08-08', 'Y');
INSERT INTO sys_field(id, colName, showName, objectType, dataType, htmlType, fieldType, displayWidth, remark, defaultValue, defaultRule, extendClass, layout, showMobile, isCommon, parentId, isValid, orderNum, creatorId, createdTime, modifyId, modifyTime, isDBField) VALUES ('0afc4515-a8f5-4fe9-8236-cbedb1a176dd', 'ownerId', '责任人', 'PRQ', 'varchar', 'USER', 'S', '120', '', NULL, '{\"isRecorded\":\"Y\",\"userIsMul\":\"\",\"isRequired\":\"N\",\"userDefaultRule\":\"N\"}', '', 'T', NULL, 'N', NULL, 'Y', '17', 'b8ab9427-627b-469f-bfd0-4b1buser0001', '2022-08-08', 'b8ab9427-627b-469f-bfd0-4b1buser0001', '2022-08-08', 'Y');
INSERT INTO sys_field(id, colName, showName, objectType, dataType, htmlType, fieldType, displayWidth, remark, defaultValue, defaultRule, extendClass, layout, showMobile, isCommon, parentId, isValid, orderNum, creatorId, createdTime, modifyId, modifyTime, isDBField) VALUES ('d5c31cc6-f5fb-4826-94e7-4910e10c0483', 'actorId', '参与人', 'PRQ', 'varchar', 'USER', 'S', '120', '', NULL, '{\"isRecorded\":\"Y\",\"userIsMul\":\"Y\",\"isRequired\":\"N\",\"userDefaultRule\":\"N\"}', '', 'T', NULL, 'N', NULL, 'Y', '18', 'b8ab9427-627b-469f-bfd0-4b1buser0001', '2022-08-08', 'b8ab9427-627b-469f-bfd0-4b1buser0001', '2022-08-08', 'Y');
INSERT INTO sys_field(id, colName, showName, objectType, dataType, htmlType, fieldType, displayWidth, remark, defaultValue, defaultRule, extendClass, layout, showMobile, isCommon, parentId, isValid, orderNum, creatorId, createdTime, modifyId, modifyTime, isDBField) VALUES ('c503d706-55bc-41a1-9ffa-867fcf6244f4', 'checkOutUserId', '检出人', 'PRQ', 'varchar', 'USER', 'S', '120', '', NULL, '{\"isRecorded\":\"N\",\"userIsMul\":\"\",\"isRequired\":\"N\",\"userDefaultRule\":\"N\"}', '', 'T', NULL, 'N', NULL, 'Y', '19', 'b8ab9427-627b-469f-bfd0-4b1buser0001', '2022-08-08', 'b8ab9427-627b-469f-bfd0-4b1buser0001', '2022-08-08', 'Y');
INSERT INTO sys_field(id, colName, showName, objectType, dataType, htmlType, fieldType, displayWidth, remark, defaultValue, defaultRule, extendClass, layout, showMobile, isCommon, parentId, isValid, orderNum, creatorId, createdTime, modifyId, modifyTime, isDBField) VALUES ('6e796783-ec6b-430a-9991-c94326079275', 'checkOutTime', '检出时间', 'PRQ', 'datetime', 'DATE', 'S', '120', '', NULL, '{\"isRecorded\":\"N\",\"dateFormatRule\":\"YMD\",\"dateDefaultRule\":\"N\",\"isRequired\":\"N\"}', '', 'T', NULL, 'N', NULL, 'Y', '20', 'b8ab9427-627b-469f-bfd0-4b1buser0001', '2022-08-08', 'b8ab9427-627b-469f-bfd0-4b1buser0001', '2022-08-08', 'Y');
INSERT INTO sys_field(id, colName, showName, objectType, dataType, htmlType, fieldType, displayWidth, remark, defaultValue, defaultRule, extendClass, layout, showMobile, isCommon, parentId, isValid, orderNum, creatorId, createdTime, modifyId, modifyTime, isDBField) VALUES ('c25a427a-8d77-4831-b50b-c164ce88efde', 'remark', '备注', 'PRQ', 'varchar', 'AREA', 'S', '120', '', '', '{\"areaLength\":\"1024\",\"areaIsLimit\":\"Y\",\"areaRows\":\"8\",\"isRecorded\":\"N\",\"isRequired\":\"N\"}', '', 'F', NULL, 'N', NULL, 'Y', '21', 'b8ab9427-627b-469f-bfd0-4b1buser0001', '2022-08-08', 'b8ab9427-627b-469f-bfd0-4b1buser0001', '2022-08-08', 'Y');
INSERT INTO sys_field(id, colName, showName, objectType, dataType, htmlType, fieldType, displayWidth, remark, defaultValue, defaultRule, extendClass, layout, showMobile, isCommon, parentId, isValid, orderNum, creatorId, createdTime, modifyId, modifyTime, isDBField) VALUES ('fa2fec0c-502e-4944-b2f8-84369be89f98', 'levelId', '优先级', 'PRQ', 'varchar', 'SELECT', 'S', '120', '', '', '{\"isSeached\":\"Y\",\"selectSource\":\"f31567eb-1b67-4c75-87b5-bfd1a845ecd4\",\"setCascade\":\"\",\"isRecorded\":\"N\",\"isRequired\":\"N\"}', '', 'T', NULL, 'N', NULL, 'Y', '23', 'b8ab9427-627b-469f-bfd0-4b1buser0001', '2022-08-08', 'b8ab9427-627b-469f-bfd0-4b1buser0001', '2022-08-08', 'Y');
INSERT INTO sys_field(id, colName, showName, objectType, dataType, htmlType, fieldType, displayWidth, remark, defaultValue, defaultRule, extendClass, layout, showMobile, isCommon, parentId, isValid, orderNum, creatorId, createdTime, modifyId, modifyTime, isDBField) VALUES ('e1af8a28-18b0-485a-8056-12afb717b390', 'scopeId', '领域', 'PRQ', 'varchar', 'SELECT', 'S', '120', '', '', '{\"isSeached\":\"Y\",\"selectSource\":\"191044c3-464d-4dae-b193-af164265ccf8\",\"setCascade\":\"\",\"isRecorded\":\"N\",\"isRequired\":\"N\"}', '', 'T', NULL, 'N', NULL, 'Y', '25', 'b8ab9427-627b-469f-bfd0-4b1buser0001', '2022-08-08', 'b8ab9427-627b-469f-bfd0-4b1buser0001', '2022-08-08', 'Y');
INSERT INTO sys_field(id, colName, showName, objectType, dataType, htmlType, fieldType, displayWidth, remark, defaultValue, defaultRule, extendClass, layout, showMobile, isCommon, parentId, isValid, orderNum, creatorId, createdTime, modifyId, modifyTime, isDBField) VALUES ('6bf6222a-e867-4784-bc35-b96e453964cc', 'demandValue', '需求价值', 'PRQ', 'varchar', 'AREA', 'S', '120', '', '', '{\"areaLength\":\"1024\",\"areaIsLimit\":\"Y\",\"areaRows\":\"8\",\"isRecorded\":\"N\",\"isRequired\":\"N\"}', '', 'F', NULL, 'N', NULL, 'Y', '26', 'b8ab9427-627b-469f-bfd0-4b1buser0001', '2022-08-08', 'b8ab9427-627b-469f-bfd0-4b1buser0001', '2022-08-08', 'Y');
INSERT INTO sys_field(id, colName, showName, objectType, dataType, htmlType, fieldType, displayWidth, remark, defaultValue, defaultRule, extendClass, layout, showMobile, isCommon, parentId, isValid, orderNum, creatorId, createdTime, modifyId, modifyTime, isDBField) VALUES ('f2402f78-970d-4f3b-96f7-7b1376c62755', 'competition', '竞争分析', 'PRQ', 'varchar', 'AREA', 'S', '120', '', '', '{\"areaLength\":\"1024\",\"areaIsLimit\":\"Y\",\"areaRows\":\"8\",\"isRecorded\":\"N\",\"isRequired\":\"N\"}', '', 'F', NULL, 'N', NULL, 'Y', '28', 'b8ab9427-627b-469f-bfd0-4b1buser0001', '2022-08-08', 'b8ab9427-627b-469f-bfd0-4b1buser0001', '2022-08-08', 'Y');
INSERT INTO sys_field(id, colName, showName, objectType, dataType, htmlType, fieldType, displayWidth, remark, defaultValue, defaultRule, extendClass, layout, showMobile, isCommon, parentId, isValid, orderNum, creatorId, createdTime, modifyId, modifyTime, isDBField) VALUES ('891836fd-b503-470c-ae59-790ca4dc5be8', 'fileSign', '附件', 'PRQ', 'varchar', 'SIGN', 'S', '120', '', NULL, '{\"isRecorded\":\"N\",\"isRequired\":\"N\",\"signDefaultRule\":\"ZDY\",\"isShowed\":\"N\"}', 'com.dream.fileSign.FileSign', 'F', NULL, 'N', NULL, 'Y', '29', 'b8ab9427-627b-469f-bfd0-4b1buser0001', '2022-08-08', 'b8ab9427-627b-469f-bfd0-4b1buser0001', '2022-08-08', 'N');
INSERT INTO sys_field(id, colName, showName, objectType, dataType, htmlType, fieldType, displayWidth, remark, defaultValue, defaultRule, extendClass, layout, showMobile, isCommon, parentId, isValid, orderNum, creatorId, createdTime, modifyId, modifyTime, isDBField) VALUES ('63bb3354-6b87-4c15-9f7b-a4c089fafaaa', 'related', '关联', 'PRQ', 'varchar', 'SIGN', 'S', '120', '', NULL, '{\"isRecorded\":\"N\",\"isRequired\":\"N\",\"signDefaultRule\":\"ZDY\",\"isShowed\":\"N\"}', 'com.dream.relatedSign.RelatedSign', 'F', NULL, 'N', NULL, 'Y', '30', 'b8ab9427-627b-469f-bfd0-4b1buser0001', '2022-08-08', 'b8ab9427-627b-469f-bfd0-4b1buser0001', '2022-08-08', 'N');
INSERT INTO sys_field(id, colName, showName, objectType, dataType, htmlType, fieldType, displayWidth, remark, defaultValue, defaultRule, extendClass, layout, showMobile, isCommon, parentId, isValid, orderNum, creatorId, createdTime, modifyId, modifyTime, isDBField) VALUES ('55176419-0d89-4a5e-8363-12ba7f671f3d', 'creatorId', '创建人', 'PRQ', 'varchar', 'USER', 'S', '120', '', NULL, '{\"isRecorded\":\"N\",\"userIsMul\":\"\",\"isRequired\":\"N\",\"userDefaultRule\":\"N\"}', 'com.dream.relatedSign.RelatedSign', 'T', NULL, 'N', NULL, 'Y', '31', 'b8ab9427-627b-469f-bfd0-4b1buser0001', '2022-08-08', 'b8ab9427-627b-469f-bfd0-4b1buser0001', '2022-08-08', 'Y');
INSERT INTO sys_field(id, colName, showName, objectType, dataType, htmlType, fieldType, displayWidth, remark, defaultValue, defaultRule, extendClass, layout, showMobile, isCommon, parentId, isValid, orderNum, creatorId, createdTime, modifyId, modifyTime, isDBField) VALUES ('fc11f13a-ed07-456a-8d94-c1ff45e8a904', 'createdTime', '创建日期', 'PRQ', 'datetime', 'DATE', 'S', '120', '', NULL, '{\"isRecorded\":\"N\",\"dateFormatRule\":\"YMDHm\",\"dateDefaultRule\":\"N\",\"isRequired\":\"N\"}', 'com.dream.relatedSign.RelatedSign', 'T', NULL, 'N', NULL, 'Y', '32', 'b8ab9427-627b-469f-bfd0-4b1buser0001', '2022-08-08', 'b8ab9427-627b-469f-bfd0-4b1buser0001', '2022-08-08', 'Y');
INSERT INTO sys_field(id, colName, showName, objectType, dataType, htmlType, fieldType, displayWidth, remark, defaultValue, defaultRule, extendClass, layout, showMobile, isCommon, parentId, isValid, orderNum, creatorId, createdTime, modifyId, modifyTime, isDBField) VALUES ('171212ea-2e64-4ebf-841e-43859d37e306', 'modifyId', '更新人', 'PRQ', 'varchar', 'USER', 'S', '120', '', NULL, '{\"isRecorded\":\"N\",\"userIsMul\":\"\",\"isRequired\":\"N\",\"userDefaultRule\":\"N\"}', 'com.dream.relatedSign.RelatedSign', 'T', NULL, 'N', NULL, 'Y', '33', 'b8ab9427-627b-469f-bfd0-4b1buser0001', '2022-08-08', 'b8ab9427-627b-469f-bfd0-4b1buser0001', '2022-08-08', 'Y');
INSERT INTO sys_field(id, colName, showName, objectType, dataType, htmlType, fieldType, displayWidth, remark, defaultValue, defaultRule, extendClass, layout, showMobile, isCommon, parentId, isValid, orderNum, creatorId, createdTime, modifyId, modifyTime, isDBField) VALUES ('a0c0e661-b603-4588-99d0-72ec30e73cc2', 'modifyTime', '最新更新日期', 'PRQ', 'datetime', 'DATE', 'S', '120', '', NULL, '{\"isRecorded\":\"N\",\"dateFormatRule\":\"YMDHm\",\"dateDefaultRule\":\"N\",\"isRequired\":\"N\"}', 'com.dream.relatedSign.RelatedSign', 'T', NULL, 'N', NULL, 'Y', '34', 'b8ab9427-627b-469f-bfd0-4b1buser0001', '2022-08-08', 'b8ab9427-627b-469f-bfd0-4b1buser0001', '2022-08-08', 'Y');

INSERT INTO sys_fieldnum(id, objectType, fieldId, orderNum) VALUES ('b40355ca-7f99-48a4-b9f2-dcd000d1be68', 'PRQ', '24cc7f49-36ea-499a-bb79-3d88249b0793', '1');
INSERT INTO sys_fieldnum(id, objectType, fieldId, orderNum) VALUES ('e77bb19e-6908-49f3-8592-11446655ab7f', 'PRQ', '9a54a8fe-dd56-4644-8d25-ba57c6a941fc', '9');
INSERT INTO sys_fieldnum(id, objectType, fieldId, orderNum) VALUES ('aaa3c745-af82-47dc-8a2b-76c71ad38daf', 'PRQ', '81ee9c1b-2df2-47e4-b91d-700418dff23b', '10');
INSERT INTO sys_fieldnum(id, objectType, fieldId, orderNum) VALUES ('2a6d28df-56e3-4286-9602-34887f2f0fb4', 'PRQ', 'a07a38a7-e735-4140-a5c7-fee1f184926c', '11');
INSERT INTO sys_fieldnum(id, objectType, fieldId, orderNum) VALUES ('38a41e1c-33d1-45f5-ae1e-a24d3dd8dfd9', 'PRQ', '908115f1-cd7a-46ba-9c41-8039dee3f631', '12');
INSERT INTO sys_fieldnum(id, objectType, fieldId, orderNum) VALUES ('003e7b13-ba39-42e9-9c10-182fca7cf87d', 'PRQ', '823f1a57-3d3b-4e03-aa31-8b327972b5cd', '14');
INSERT INTO sys_fieldnum(id, objectType, fieldId, orderNum) VALUES ('968af140-7b17-443c-b848-d8d260b37a1a', 'PRQ', '09629e1f-3bf5-4a34-babb-60c27d0a4224', '15');
INSERT INTO sys_fieldnum(id, objectType, fieldId, orderNum) VALUES ('e10bb266-4ead-4cc3-b908-d0bfea31b6ec', 'PRQ', '901a8528-7931-4f99-b2b7-7bf9eacb3dd9', '16');
INSERT INTO sys_fieldnum(id, objectType, fieldId, orderNum) VALUES ('8fc925cc-a68f-4375-860d-73fc707ede9a', 'PRQ', '0afc4515-a8f5-4fe9-8236-cbedb1a176dd', '17');
INSERT INTO sys_fieldnum(id, objectType, fieldId, orderNum) VALUES ('46f10cea-8bec-43b2-8d36-dc633f852b21', 'PRQ', 'd5c31cc6-f5fb-4826-94e7-4910e10c0483', '18');
INSERT INTO sys_fieldnum(id, objectType, fieldId, orderNum) VALUES ('4305520f-bc93-4ed0-9479-f836e808fed5', 'PRQ', 'c503d706-55bc-41a1-9ffa-867fcf6244f4', '19');
INSERT INTO sys_fieldnum(id, objectType, fieldId, orderNum) VALUES ('fa769033-6004-491b-ae67-2fbeed8a99c1', 'PRQ', '6e796783-ec6b-430a-9991-c94326079275', '20');
INSERT INTO sys_fieldnum(id, objectType, fieldId, orderNum) VALUES ('444aec13-8c20-4d21-8c78-ce1f54ccf0ee', 'PRQ', 'c25a427a-8d77-4831-b50b-c164ce88efde', '21');
INSERT INTO sys_fieldnum(id, objectType, fieldId, orderNum) VALUES ('cafcbb19-07ac-4ef4-af7f-85a050404557', 'PRQ', 'fa2fec0c-502e-4944-b2f8-84369be89f98', '23');
INSERT INTO sys_fieldnum(id, objectType, fieldId, orderNum) VALUES ('06f004e4-8cf9-4f30-995e-bc4518bb9940', 'PRQ', 'e1af8a28-18b0-485a-8056-12afb717b390', '25');
INSERT INTO sys_fieldnum(id, objectType, fieldId, orderNum) VALUES ('65ec21c0-0810-41ff-8de1-3b1cade05064', 'PRQ', '6bf6222a-e867-4784-bc35-b96e453964cc', '26');
INSERT INTO sys_fieldnum(id, objectType, fieldId, orderNum) VALUES ('2605ebf7-5a71-456b-8acb-daf115486f70', 'PRQ', 'f2402f78-970d-4f3b-96f7-7b1376c62755', '28');
INSERT INTO sys_fieldnum(id, objectType, fieldId, orderNum) VALUES ('a6a263b1-fbe3-44f2-8fca-cec166577e02', 'PRQ', '891836fd-b503-470c-ae59-790ca4dc5be8', '29');
INSERT INTO sys_fieldnum(id, objectType, fieldId, orderNum) VALUES ('14684565-e2e5-4ae7-9dca-fc8214c8c143', 'PRQ', '63bb3354-6b87-4c15-9f7b-a4c089fafaaa', '30');
INSERT INTO sys_fieldnum(id, objectType, fieldId, orderNum) VALUES ('531c152f-b107-4f6e-89cf-7d2583bcd34e', 'PRQ', '55176419-0d89-4a5e-8363-12ba7f671f3d', '31');
INSERT INTO sys_fieldnum(id, objectType, fieldId, orderNum) VALUES ('320051db-838f-4df6-a0d1-60caf47f4960', 'PRQ', 'fc11f13a-ed07-456a-8d94-c1ff45e8a904', '32');
INSERT INTO sys_fieldnum(id, objectType, fieldId, orderNum) VALUES ('9dd9e942-08fd-474f-be74-e0412b2bcb6d', 'PRQ', '171212ea-2e64-4ebf-841e-43859d37e306', '33');
INSERT INTO sys_fieldnum(id, objectType, fieldId, orderNum) VALUES ('fcb1fd11-1862-422a-b4cf-07bfd249c20f', 'PRQ', 'a0c0e661-b603-4588-99d0-72ec30e73cc2', '34');

INSERT INTO sys_datasource(id, objectType, name, val, isSystem, remark, isValid, orderNum, creatorId, createdTime, modifyId, modifyTime, linkFieldId) VALUES ('191044c3-464d-4dae-b193-af164265ccf8', 'PRQ', '领域', NULL, 'Y', NULL, 'Y', '70', 'b8ab9427-627b-469f-bfd0-4b1buser0001', '2022-08-08', 'b8ab9427-627b-469f-bfd0-4b1buser0001', '2022-08-08', 'e1af8a28-18b0-485a-8056-12afb717b390');
INSERT INTO sys_datasource(id, objectType, name, val, isSystem, remark, isValid, orderNum, creatorId, createdTime, modifyId, modifyTime, linkFieldId) VALUES ('f31567eb-1b67-4c75-87b5-bfd1a845ecd4', 'PRQ', '优先级', NULL, 'Y', NULL, 'Y', '71', 'b8ab9427-627b-469f-bfd0-4b1buser0001', '2022-08-08', 'b8ab9427-627b-469f-bfd0-4b1buser0001', '2022-08-08', 'fa2fec0c-502e-4944-b2f8-84369be89f98');

INSERT INTO sys_dataoption(id, objectType, name, dataBaseId, parentId, isSystem, remark, bgColor, fColor, isValid, orderNum, creatorId, createdTime, modifyId, modifyTime) VALUES ('70750717-3d79-45a9-ae5a-21d629618641', 'PRQ', '市场', '191044c3-464d-4dae-b193-af164265ccf8', '', 'Y', NULL, '', '', 'Y', '264', 'b8ab9427-627b-469f-bfd0-4b1buser0001', '2022-08-08', 'b8ab9427-627b-469f-bfd0-4b1buser0001', '2022-08-08');
INSERT INTO sys_dataoption(id, objectType, name, dataBaseId, parentId, isSystem, remark, bgColor, fColor, isValid, orderNum, creatorId, createdTime, modifyId, modifyTime) VALUES ('0bff30d9-72c1-4b23-bb0f-faf92f3f6fb1', 'PRQ', '制造', '191044c3-464d-4dae-b193-af164265ccf8', '', 'Y', NULL, '', '', 'Y', '265', 'b8ab9427-627b-469f-bfd0-4b1buser0001', '2022-08-08', 'b8ab9427-627b-469f-bfd0-4b1buser0001', '2022-08-08');
INSERT INTO sys_dataoption(id, objectType, name, dataBaseId, parentId, isSystem, remark, bgColor, fColor, isValid, orderNum, creatorId, createdTime, modifyId, modifyTime) VALUES ('33763887-c35b-404e-92e1-b9d452ad1683', 'PRQ', '售后', '191044c3-464d-4dae-b193-af164265ccf8', '', 'Y', NULL, '', '', 'Y', '266', 'b8ab9427-627b-469f-bfd0-4b1buser0001', '2022-08-08', 'b8ab9427-627b-469f-bfd0-4b1buser0001', '2022-08-08');
INSERT INTO sys_dataoption(id, objectType, name, dataBaseId, parentId, isSystem, remark, bgColor, fColor, isValid, orderNum, creatorId, createdTime, modifyId, modifyTime) VALUES ('6578cab9-9389-4ccc-9acd-b8056fda050e', 'PRQ', '测试', '191044c3-464d-4dae-b193-af164265ccf8', '', 'Y', NULL, '', '', 'Y', '267', 'b8ab9427-627b-469f-bfd0-4b1buser0001', '2022-08-08', 'b8ab9427-627b-469f-bfd0-4b1buser0001', '2022-08-08');
INSERT INTO sys_dataoption(id, objectType, name, dataBaseId, parentId, isSystem, remark, bgColor, fColor, isValid, orderNum, creatorId, createdTime, modifyId, modifyTime) VALUES ('04f52bb2-c771-480f-b8ce-2fe3e60ad58a', 'PRQ', '其他', '191044c3-464d-4dae-b193-af164265ccf8', '', 'Y', NULL, '', '', 'Y', '268', 'b8ab9427-627b-469f-bfd0-4b1buser0001', '2022-08-08', 'b8ab9427-627b-469f-bfd0-4b1buser0001', '2022-08-08');
INSERT INTO sys_dataoption(id, objectType, name, dataBaseId, parentId, isSystem, remark, bgColor, fColor, isValid, orderNum, creatorId, createdTime, modifyId, modifyTime) VALUES ('ce474146-7a22-4153-8365-20655b91ccdb', 'PRQ', '高', 'f31567eb-1b67-4c75-87b5-bfd1a845ecd4', '', 'Y', NULL, '', '', 'Y', '269', 'b8ab9427-627b-469f-bfd0-4b1buser0001', '2022-08-08', 'b8ab9427-627b-469f-bfd0-4b1buser0001', '2022-08-08');
INSERT INTO sys_dataoption(id, objectType, name, dataBaseId, parentId, isSystem, remark, bgColor, fColor, isValid, orderNum, creatorId, createdTime, modifyId, modifyTime) VALUES ('09e83d26-cb96-41cc-a8d2-ce91c615b8dd', 'PRQ', '中', 'f31567eb-1b67-4c75-87b5-bfd1a845ecd4', '', 'Y', NULL, '', '', 'Y', '270', 'b8ab9427-627b-469f-bfd0-4b1buser0001', '2022-08-08', 'b8ab9427-627b-469f-bfd0-4b1buser0001', '2022-08-08');
INSERT INTO sys_dataoption(id, objectType, name, dataBaseId, parentId, isSystem, remark, bgColor, fColor, isValid, orderNum, creatorId, createdTime, modifyId, modifyTime) VALUES ('0c6e5c79-ac2f-4b99-a5db-5f3c52a4c730', 'PRQ', '低', 'f31567eb-1b67-4c75-87b5-bfd1a845ecd4', '', 'Y', NULL, '', '', 'Y', '271', 'b8ab9427-627b-469f-bfd0-4b1buser0001', '2022-08-08', 'b8ab9427-627b-469f-bfd0-4b1buser0001', '2022-08-08');

INSERT INTO sys_page(id, name, objectType, pageType, subType, parentId, workflowID, deriveWfType, deriveWfID, mapField, isStartPage, entityTypeID, extPageUrl, extPageCls, isSystem, remark, isValid, orderNum, creatorId, createdTime, modifyId, modifyTime) 
VALUES('07698511-fa9f-47e2-9f4c-5fbbfiPRQ001', '系统表单', 'PRQ', '', '', NULL, NULL, NULL, NULL, NULL, NULL, NULL, NULL, NULL, 'Y', NULL, 'Y', 1, NULL, NULL, NULL, NULL);
INSERT INTO sys_page(id, name, objectType, pageType, subType, parentId, workflowID, deriveWfType, deriveWfID, mapField, isStartPage, entityTypeID, extPageUrl, extPageCls, isSystem, remark, isValid, orderNum, creatorId, createdTime, modifyId, modifyTime) 
VALUES('07698511-fa9f-47e2-9f4c-5fbbfiPRQ002', '新建页面', 'PRQ', 'FORM', 'ADD', '07698511-fa9f-47e2-9f4c-5fbbfiPRQ001', NULL, NULL, NULL, NULL, NULL, NULL, NULL, NULL, 'Y', NULL, 'Y', 2, 'b8ab9427-627b-469f-bfd0-4b1buser0001', '2022-08-08', 'b8ab9427-627b-469f-bfd0-4b1buser0001', '2022-08-08');
INSERT INTO sys_page(id, name, objectType, pageType, subType, parentId, workflowID, deriveWfType, deriveWfID, mapField, isStartPage, entityTypeID, extPageUrl, extPageCls, isSystem, remark, isValid, orderNum, creatorId, createdTime, modifyId, modifyTime) 
VALUES('07698511-fa9f-47e2-9f4c-5fbbfiPRQ003', '查看页面', 'PRQ', 'FORM', 'VIEW', '07698511-fa9f-47e2-9f4c-5fbbfiPRQ001', NULL, NULL, NULL, NULL, NULL, NULL, NULL, NULL, 'Y', NULL, 'Y', 3, 'b8ab9427-627b-469f-bfd0-4b1buser0001', '2022-08-08', 'b8ab9427-627b-469f-bfd0-4b1buser0001', '2022-08-08');
INSERT INTO sys_page(id, name, objectType, pageType, subType, parentId, workflowID, deriveWfType, deriveWfID, mapField, isStartPage, entityTypeID, extPageUrl, extPageCls, isSystem, remark, isValid, orderNum, creatorId, createdTime, modifyId, modifyTime) 
VALUES('07698511-fa9f-47e2-9f4c-5fbbfiPRQ004', '编辑页面', 'PRQ', 'FORM', 'EDIT', '07698511-fa9f-47e2-9f4c-5fbbfiPRQ001', NULL, NULL, NULL, NULL, NULL, NULL, NULL, NULL, 'Y', NULL, 'Y', 4, 'b8ab9427-627b-469f-bfd0-4b1buser0001', '2022-08-08', 'b8ab9427-627b-469f-bfd0-4b1buser0001', '2022-08-08');
INSERT INTO sys_page(id, name, objectType, pageType, parentId, workflowID, deriveWfType, deriveWfID, mapField, isStartPage, entityTypeID, extPageUrl, extPageCls, isSystem, remark, isValid, orderNum, creatorId, createdTime, modifyId, modifyTime, subType) 
VALUES('07698511-fa9f-47e2-9f4c-5fbbfiPRQ005', '导入导出视图', 'PRQ', 'IMPEXPLIST', '', NULL, NULL, NULL, NULL, NULL, NULL, NULL, NULL, 'Y', NULL, 'Y', '5', 'b8ab9427-627b-469f-bfd0-4b1buser0001', '2022-08-08', 'b8ab9427-627b-469f-bfd0-4b1buser0001', '2022-08-08', NULL);
INSERT INTO sys_page(id, name, objectType, pageType, parentId, workflowID, deriveWfType, deriveWfID, mapField, isStartPage, entityTypeID, extPageUrl, extPageCls, isSystem, remark, isValid, orderNum, creatorId, createdTime, modifyId, modifyTime, subType) 
VALUES('07698511-fa9f-47e2-9f4c-5fbbfiPRQ006', '导入视图', 'PRQ', 'IMPLIST', '07698511-fa9f-47e2-9f4c-5fbbfiPRQ005', NULL, NULL, NULL, NULL, NULL, NULL, NULL, NULL, 'Y', NULL, 'Y', '6', 'b8ab9427-627b-469f-bfd0-4b1buser0001', '2022-08-08', 'b8ab9427-627b-469f-bfd0-4b1buser0001', '2022-08-08', NULL);
INSERT INTO sys_page(id, name, objectType, pageType, parentId, workflowID, deriveWfType, deriveWfID, mapField, isStartPage, entityTypeID, extPageUrl, extPageCls, isSystem, remark, isValid, orderNum, creatorId, createdTime, modifyId, modifyTime, subType) 
VALUES('07698511-fa9f-47e2-9f4c-5fbbfiPRQ007', '导出视图', 'PRQ', 'EXPLIST', '07698511-fa9f-47e2-9f4c-5fbbfiPRQ005', NULL, NULL, NULL, NULL, NULL, NULL, NULL, NULL, 'Y', NULL, 'Y', '7', 'b8ab9427-627b-469f-bfd0-4b1buser0001', '2022-08-08', 'b8ab9427-627b-469f-bfd0-4b1buser0001', '2022-08-08', '');
INSERT INTO sys_page(id, name, objectType, pageType, parentId, workflowID, deriveWfType, deriveWfID, mapField, isStartPage, entityTypeID, extPageUrl, extPageCls, isSystem, remark, isValid, orderNum, creatorId, createdTime, modifyId, modifyTime) 
VALUES('07698511-fa9f-47e2-9f4c-5fbbfiPRQ013', '系统视图', 'PRQ', NULL, NULL, NULL, NULL, NULL, NULL, NULL, NULL, NULL, NULL, 'Y', NULL, 'Y', 8, NULL, NULL, NULL, NULL);
INSERT INTO sys_page(id, name, objectType, pageType, parentId, workflowID, deriveWfType, deriveWfID, mapField, isStartPage, entityTypeID, extPageUrl, extPageCls, isSystem, remark, isValid, orderNum, creatorId, createdTime, modifyId, modifyTime) 
VALUES('07698511-fa9f-47e2-9f4c-5fbbfiPRQ014', '默认视图', 'PRQ', 'LIST', '07698511-fa9f-47e2-9f4c-5fbbfiPRQ013', NULL, NULL, NULL, NULL, NULL, NULL, NULL, NULL, 'Y', NULL, 'Y', 9, 'b8ab9427-627b-469f-bfd0-4b1buser0001', '2022-08-08', 'b8ab9427-627b-469f-bfd0-4b1buser0001', '2022-08-08');
INSERT INTO sys_page(id, name, objectType, pageType, parentId, workflowID, deriveWfType, deriveWfID, mapField, isStartPage, entityTypeID, extPageUrl, extPageCls, isSystem, remark, isValid, orderNum, creatorId, createdTime, modifyId, modifyTime) 
VALUES('07698511-fa9f-47e2-9f4c-5fbbfiPRQ015', '个人视图', 'PRQ', 'CUSLIST', '', NULL, NULL, NULL, NULL, NULL, NULL, NULL, NULL, 'Y', NULL, 'Y', 10, NULL, NULL, NULL, NULL);

INSERT INTO sys_pagefield_rlt(id, pageId, fieldId, orderNum, isRequired, isReaded, isReseted, isRecorded, isShowed, layout, isValid, module) VALUES ('4779686f-ccb0-425d-8381-271909e04b42', '07698511-fa9f-47e2-9f4c-5fbbfiPRQ002', '24cc7f49-36ea-499a-bb79-3d88249b0793', '1', 'Y', 'N', NULL, NULL, 'Y', 'F', 'Y', NULL);
INSERT INTO sys_pagefield_rlt(id, pageId, fieldId, orderNum, isRequired, isReaded, isReseted, isRecorded, isShowed, layout, isValid, module) VALUES ('e9038049-71ef-48bd-a51e-aad05a9e036b', '07698511-fa9f-47e2-9f4c-5fbbfiPRQ002', '81ee9c1b-2df2-47e4-b91d-700418dff23b', '2', 'Y', 'N', NULL, NULL, 'Y', 'T', 'Y', NULL);
INSERT INTO sys_pagefield_rlt(id, pageId, fieldId, orderNum, isRequired, isReaded, isReseted, isRecorded, isShowed, layout, isValid, module) VALUES ('8eddf20a-5b32-4a01-bc14-ab6131594237', '07698511-fa9f-47e2-9f4c-5fbbfiPRQ002', '908115f1-cd7a-46ba-9c41-8039dee3f631', '3', 'Y', 'N', NULL, NULL, 'Y', 'T', 'Y', NULL);
INSERT INTO sys_pagefield_rlt(id, pageId, fieldId, orderNum, isRequired, isReaded, isReseted, isRecorded, isShowed, layout, isValid, module) VALUES ('b95d2fa3-4761-46e2-a14d-8e3b80716788', '07698511-fa9f-47e2-9f4c-5fbbfiPRQ002', '823f1a57-3d3b-4e03-aa31-8b327972b5cd', '4', 'N', 'N', NULL, NULL, 'Y', 'T', 'Y', NULL);
INSERT INTO sys_pagefield_rlt(id, pageId, fieldId, orderNum, isRequired, isReaded, isReseted, isRecorded, isShowed, layout, isValid, module) VALUES ('3cb64570-8c49-42ce-a55f-d16fd52191d8', '07698511-fa9f-47e2-9f4c-5fbbfiPRQ002', 'fa2fec0c-502e-4944-b2f8-84369be89f98', '5', 'N', 'N', NULL, NULL, 'Y', 'T', 'Y', NULL);
INSERT INTO sys_pagefield_rlt(id, pageId, fieldId, orderNum, isRequired, isReaded, isReseted, isRecorded, isShowed, layout, isValid, module) VALUES ('f7cb9691-1566-4a77-a87b-c82998fa9303', '07698511-fa9f-47e2-9f4c-5fbbfiPRQ002', 'c25a427a-8d77-4831-b50b-c164ce88efde', '6', 'N', 'N', NULL, NULL, 'Y', 'F', 'Y', NULL);
INSERT INTO sys_pagefield_rlt(id, pageId, fieldId, orderNum, isRequired, isReaded, isReseted, isRecorded, isShowed, layout, isValid, module) VALUES ('967db163-5838-4822-97a8-ae93852f72f4', '07698511-fa9f-47e2-9f4c-5fbbfiPRQ002', '6bf6222a-e867-4784-bc35-b96e453964cc', '7', 'N', 'N', NULL, NULL, 'Y', 'F', 'Y', NULL);
INSERT INTO sys_pagefield_rlt(id, pageId, fieldId, orderNum, isRequired, isReaded, isReseted, isRecorded, isShowed, layout, isValid, module) VALUES ('c4be1d26-b777-4811-bc31-c20f92918961', '07698511-fa9f-47e2-9f4c-5fbbfiPRQ002', 'f2402f78-970d-4f3b-96f7-7b1376c62755', '8', 'N', 'N', NULL, NULL, 'Y', 'F', 'Y', NULL);
INSERT INTO sys_pagefield_rlt(id, pageId, fieldId, orderNum, isRequired, isReaded, isReseted, isRecorded, isShowed, layout, isValid, module) VALUES ('334e509f-6181-4949-b062-68df9dd280fa', '07698511-fa9f-47e2-9f4c-5fbbfiPRQ002', '0afc4515-a8f5-4fe9-8236-cbedb1a176dd', '9', 'N', 'N', NULL, NULL, 'Y', 'T', 'Y', NULL);
INSERT INTO sys_pagefield_rlt(id, pageId, fieldId, orderNum, isRequired, isReaded, isReseted, isRecorded, isShowed, layout, isValid, module) VALUES ('2db3755e-e6cf-44bf-b35b-0af82225ed0d', '07698511-fa9f-47e2-9f4c-5fbbfiPRQ002', 'd5c31cc6-f5fb-4826-94e7-4910e10c0483', '10', 'N', 'N', NULL, NULL, 'Y', 'T', 'Y', NULL);
INSERT INTO sys_pagefield_rlt(id, pageId, fieldId, orderNum, isRequired, isReaded, isReseted, isRecorded, isShowed, layout, isValid, module) VALUES ('048a3114-64e7-40c9-8d45-6365d4e0f078', '07698511-fa9f-47e2-9f4c-5fbbfiPRQ003', '24cc7f49-36ea-499a-bb79-3d88249b0793', '1', 'N', 'Y', NULL, NULL, 'Y', 'F', 'Y', NULL);
INSERT INTO sys_pagefield_rlt(id, pageId, fieldId, orderNum, isRequired, isReaded, isReseted, isRecorded, isShowed, layout, isValid, module) VALUES ('d90b5790-4291-4666-9006-761c7f46097b', '07698511-fa9f-47e2-9f4c-5fbbfiPRQ003', '81ee9c1b-2df2-47e4-b91d-700418dff23b', '2', 'N', 'Y', NULL, NULL, 'Y', 'T', 'Y', NULL);
INSERT INTO sys_pagefield_rlt(id, pageId, fieldId, orderNum, isRequired, isReaded, isReseted, isRecorded, isShowed, layout, isValid, module) VALUES ('fb4724a7-0177-477b-956a-0ee009cb4133', '07698511-fa9f-47e2-9f4c-5fbbfiPRQ003', '908115f1-cd7a-46ba-9c41-8039dee3f631', '3', 'N', 'Y', NULL, NULL, 'Y', 'T', 'Y', NULL);
INSERT INTO sys_pagefield_rlt(id, pageId, fieldId, orderNum, isRequired, isReaded, isReseted, isRecorded, isShowed, layout, isValid, module) VALUES ('fe6dfa6b-515b-4919-a0c8-5fd39cde758d', '07698511-fa9f-47e2-9f4c-5fbbfiPRQ003', '823f1a57-3d3b-4e03-aa31-8b327972b5cd', '4', 'N', 'Y', NULL, NULL, 'Y', 'T', 'Y', NULL);
INSERT INTO sys_pagefield_rlt(id, pageId, fieldId, orderNum, isRequired, isReaded, isReseted, isRecorded, isShowed, layout, isValid, module) VALUES ('f2c5335c-4462-4efa-b71f-94ca0dfacd31', '07698511-fa9f-47e2-9f4c-5fbbfiPRQ003', 'fa2fec0c-502e-4944-b2f8-84369be89f98', '5', 'N', 'Y', NULL, NULL, 'Y', 'T', 'Y', NULL);
INSERT INTO sys_pagefield_rlt(id, pageId, fieldId, orderNum, isRequired, isReaded, isReseted, isRecorded, isShowed, layout, isValid, module) VALUES ('98ef470f-5913-4a72-9b54-2f088dad0643', '07698511-fa9f-47e2-9f4c-5fbbfiPRQ003', 'c25a427a-8d77-4831-b50b-c164ce88efde', '6', 'N', 'Y', NULL, NULL, 'Y', 'F', 'Y', NULL);
INSERT INTO sys_pagefield_rlt(id, pageId, fieldId, orderNum, isRequired, isReaded, isReseted, isRecorded, isShowed, layout, isValid, module) VALUES ('f2c32727-be2c-4dbc-a633-5b429354884b', '07698511-fa9f-47e2-9f4c-5fbbfiPRQ003', '6bf6222a-e867-4784-bc35-b96e453964cc', '7', 'N', 'Y', NULL, NULL, 'Y', 'F', 'Y', NULL);
INSERT INTO sys_pagefield_rlt(id, pageId, fieldId, orderNum, isRequired, isReaded, isReseted, isRecorded, isShowed, layout, isValid, module) VALUES ('897aa013-2a02-4165-a01d-47796aca25e7', '07698511-fa9f-47e2-9f4c-5fbbfiPRQ003', 'f2402f78-970d-4f3b-96f7-7b1376c62755', '8', 'N', 'Y', NULL, NULL, 'Y', 'F', 'Y', NULL);
INSERT INTO sys_pagefield_rlt(id, pageId, fieldId, orderNum, isRequired, isReaded, isReseted, isRecorded, isShowed, layout, isValid, module) VALUES ('4398f7ee-73c1-4dbe-a88f-653d7a1f38b1', '07698511-fa9f-47e2-9f4c-5fbbfiPRQ003', '0afc4515-a8f5-4fe9-8236-cbedb1a176dd', '9', 'N', 'Y', NULL, NULL, 'Y', 'T', 'Y', NULL);
INSERT INTO sys_pagefield_rlt(id, pageId, fieldId, orderNum, isRequired, isReaded, isReseted, isRecorded, isShowed, layout, isValid, module) VALUES ('3ba73701-e97b-4f6e-a36a-956ce8636c72', '07698511-fa9f-47e2-9f4c-5fbbfiPRQ003', 'd5c31cc6-f5fb-4826-94e7-4910e10c0483', '10', 'N', 'Y', NULL, NULL, 'Y', 'T', 'Y', NULL);
INSERT INTO sys_pagefield_rlt(id, pageId, fieldId, orderNum, isRequired, isReaded, isReseted, isRecorded, isShowed, layout, isValid, module) VALUES ('45e9824f-b39c-4d7e-b889-eff13bdf1a66', '07698511-fa9f-47e2-9f4c-5fbbfiPRQ004', '24cc7f49-36ea-499a-bb79-3d88249b0793', '1', 'Y', 'N', NULL, NULL, 'Y', 'F', 'Y', NULL);
INSERT INTO sys_pagefield_rlt(id, pageId, fieldId, orderNum, isRequired, isReaded, isReseted, isRecorded, isShowed, layout, isValid, module) VALUES ('96ce03a6-9c17-4a20-88c9-d733ab2ce7bd', '07698511-fa9f-47e2-9f4c-5fbbfiPRQ004', '81ee9c1b-2df2-47e4-b91d-700418dff23b', '2', 'Y', 'N', NULL, NULL, 'Y', 'T', 'Y', NULL);
INSERT INTO sys_pagefield_rlt(id, pageId, fieldId, orderNum, isRequired, isReaded, isReseted, isRecorded, isShowed, layout, isValid, module) VALUES ('7b40e40e-45fb-4d7e-b368-1840da59a23e', '07698511-fa9f-47e2-9f4c-5fbbfiPRQ004', '908115f1-cd7a-46ba-9c41-8039dee3f631', '3', 'Y', 'N', NULL, NULL, 'Y', 'T', 'Y', NULL);
INSERT INTO sys_pagefield_rlt(id, pageId, fieldId, orderNum, isRequired, isReaded, isReseted, isRecorded, isShowed, layout, isValid, module) VALUES ('31acb543-7e95-4f6d-9597-7b371a623ff8', '07698511-fa9f-47e2-9f4c-5fbbfiPRQ004', '823f1a57-3d3b-4e03-aa31-8b327972b5cd', '4', 'N', 'N', NULL, NULL, 'Y', 'T', 'Y', NULL);
INSERT INTO sys_pagefield_rlt(id, pageId, fieldId, orderNum, isRequired, isReaded, isReseted, isRecorded, isShowed, layout, isValid, module) VALUES ('77f935b0-3de1-4b79-ae53-18354b491f62', '07698511-fa9f-47e2-9f4c-5fbbfiPRQ004', 'fa2fec0c-502e-4944-b2f8-84369be89f98', '5', 'N', 'N', NULL, NULL, 'Y', 'T', 'Y', NULL);
INSERT INTO sys_pagefield_rlt(id, pageId, fieldId, orderNum, isRequired, isReaded, isReseted, isRecorded, isShowed, layout, isValid, module) VALUES ('1e8d781c-44ea-4091-b544-bdec55c4e303', '07698511-fa9f-47e2-9f4c-5fbbfiPRQ004', 'c25a427a-8d77-4831-b50b-c164ce88efde', '6', 'N', 'N', NULL, NULL, 'Y', 'F', 'Y', NULL);
INSERT INTO sys_pagefield_rlt(id, pageId, fieldId, orderNum, isRequired, isReaded, isReseted, isRecorded, isShowed, layout, isValid, module) VALUES ('4e3a08e1-b0d2-48ca-b04b-f2349e2b1a24', '07698511-fa9f-47e2-9f4c-5fbbfiPRQ004', '6bf6222a-e867-4784-bc35-b96e453964cc', '7', 'N', 'N', NULL, NULL, 'Y', 'F', 'Y', NULL);
INSERT INTO sys_pagefield_rlt(id, pageId, fieldId, orderNum, isRequired, isReaded, isReseted, isRecorded, isShowed, layout, isValid, module) VALUES ('3eb219df-1c05-42d8-be07-b3b72ffb1a46', '07698511-fa9f-47e2-9f4c-5fbbfiPRQ004', 'f2402f78-970d-4f3b-96f7-7b1376c62755', '8', 'N', 'N', NULL, NULL, 'Y', 'F', 'Y', NULL);
INSERT INTO sys_pagefield_rlt(id, pageId, fieldId, orderNum, isRequired, isReaded, isReseted, isRecorded, isShowed, layout, isValid, module) VALUES ('5a925c82-2319-4ab4-8ed6-bf3cb0f17dee', '07698511-fa9f-47e2-9f4c-5fbbfiPRQ004', '0afc4515-a8f5-4fe9-8236-cbedb1a176dd', '9', 'N', 'N', NULL, NULL, 'Y', 'T', 'Y', NULL);
INSERT INTO sys_pagefield_rlt(id, pageId, fieldId, orderNum, isRequired, isReaded, isReseted, isRecorded, isShowed, layout, isValid, module) VALUES ('f8215c51-6c51-4502-b08b-0cb31c2ddc76', '07698511-fa9f-47e2-9f4c-5fbbfiPRQ004', 'd5c31cc6-f5fb-4826-94e7-4910e10c0483', '10', 'N', 'N', NULL, NULL, 'Y', 'T', 'Y', NULL);

INSERT INTO sys_pagelist_rlt(id, pageId, objectType, fieldView, filterCondition, isValid) VALUES ('a6a3ea14-1407-47a4-9baf-173a1e283e05', '07698511-fa9f-47e2-9f4c-5fbbfiPRQ014', 'PRQ', '{\"pageSize\":\"20\",\"orderBy\":\"\",\"orderByType\":\"desc\",\"query\":\"\",\"view\":[{\"f\":\"id\",\"a\":\"center\",\"w\":\"60px\",\"t\":\"ID\",\"r\":\"\",\"s\":false,\"h\":false,\"i\":\"\"},{\"f\":\"name\",\"a\":\"left\",\"w\":\"300px\",\"t\":\"TEXT\",\"r\":\"true\",\"s\":false,\"h\":false,\"i\":\"24cc7f49-36ea-499a-bb79-3d88249b0793\"},{\"f\":\"code\",\"a\":\"left\",\"w\":\"120.0px\",\"t\":\"TEXT\",\"r\":false,\"s\":false,\"h\":false,\"i\":\"9a54a8fe-dd56-4644-8d25-ba57c6a941fc\"},{\"f\":\"typeId\",\"a\":\"left\",\"w\":\"120.0px\",\"t\":\"SELECT\",\"r\":\"true\",\"s\":false,\"h\":false,\"i\":\"81ee9c1b-2df2-47e4-b91d-700418dff23b\"},{\"f\":\"levelId\",\"a\":\"left\",\"w\":\"120.0px\",\"t\":\"SELECT\",\"r\":false,\"s\":false,\"h\":false,\"i\":\"fa2fec0c-502e-4944-b2f8-84369be89f98\"},{\"f\":\"phaseId\",\"a\":\"left\",\"w\":\"120.0px\",\"t\":\"SELECT\",\"r\":\"true\",\"s\":false,\"h\":false,\"i\":\"908115f1-cd7a-46ba-9c41-8039dee3f631\"},{\"f\":\"creatorId\",\"a\":\"left\",\"w\":\"120.0px\",\"t\":\"USER\",\"r\":false,\"s\":false,\"h\":false,\"i\":\"55176419-0d89-4a5e-8363-12ba7f671f3d\"},{\"f\":\"modifyTime\",\"a\":\"left\",\"w\":\"120.0px\",\"t\":\"DATE\",\"r\":false,\"s\":false,\"h\":false,\"i\":\"a0c0e661-b603-4588-99d0-72ec30e73cc2\"}]}', '', 'Y');

INSERT INTO en_type(id, name, objectType, code, codeRule, editionRule, lifecycleId, parentId, remark, bgColor, fColor, isSystem, orderNum, isValid, creatorId, createdTime, modifyId, modifyTime, workflowGroupId, planTemplateId) VALUES ('eda5fed0-dde4-4134-a5e3-6f996293c5ed', '业务需求', 'PRQ', NULL, '{\"codeSign\":\"PRQ\",\"codeSuffix\":\"SN\"}', NULL, '5194e47b-8bba-4a12-9170-0d141bf2240e', '', '涉及项目的商业目标和战略,描述了为什么要执行项目,以及项目的整体目标和愿景', NULL, NULL, NULL, '1', 'Y', 'b8ab9427-627b-469f-bfd0-4b1buser0001', '2022-08-08', 'b8ab9427-627b-469f-bfd0-4b1buser0001', '2022-08-08', NULL, NULL);
INSERT INTO en_type(id, name, objectType, code, codeRule, editionRule, lifecycleId, parentId, remark, bgColor, fColor, isSystem, orderNum, isValid, creatorId, createdTime, modifyId, modifyTime, workflowGroupId, planTemplateId) VALUES ('63824a2e-7c40-46f8-9dd1-c663d5bc03e5', '用户需求', 'PRQ', NULL, '{\"codeSign\":\"PRQ\",\"codeSuffix\":\"SN\"}', NULL, '5194e47b-8bba-4a12-9170-0d141bf2240e', '', '关注最终用户或相关利益相关者的需求,描述了他们期望从项目中获得的功能和特性', NULL, NULL, NULL, '5', 'Y', 'b8ab9427-627b-469f-bfd0-4b1buser0001', '2022-08-08', 'b8ab9427-627b-469f-bfd0-4b1buser0001', '2022-08-08', NULL, NULL);
INSERT INTO en_type(id, name, objectType, code, codeRule, editionRule, lifecycleId, parentId, remark, bgColor, fColor, isSystem, orderNum, isValid, creatorId, createdTime, modifyId, modifyTime, workflowGroupId, planTemplateId) VALUES ('4809ba34-df5b-4ee4-a51d-8c1d588e48de', '功能性需求', 'PRQ', NULL, '{\"codeSign\":\"PRQ\",\"codeSuffix\":\"SN\"}', NULL, '5194e47b-8bba-4a12-9170-0d141bf2240e', '', '定义了系统或产品应该如何完成特定任务或提供特定功能,通常以用户故事或用例的形式描述', NULL, NULL, NULL, '6', 'Y', 'b8ab9427-627b-469f-bfd0-4b1buser0001', '2022-08-08', 'b8ab9427-627b-469f-bfd0-4b1buser0001', '2022-08-08', NULL, NULL);
INSERT INTO en_type(id, name, objectType, code, codeRule, editionRule, lifecycleId, parentId, remark, bgColor, fColor, isSystem, orderNum, isValid, creatorId, createdTime, modifyId, modifyTime, workflowGroupId, planTemplateId) VALUES ('df643adc-1060-464a-8255-6b5fc37dca80', '非功能性需求', 'PRQ', NULL, '{\"codeSign\":\"PRQ\",\"codeSuffix\":\"SN\"}', NULL, '5194e47b-8bba-4a12-9170-0d141bf2240e', '', '涉及系统或产品的性能、安全性、可靠性、可用性、可扩展性等方面的要求,而不仅仅是功能层面', NULL, NULL, NULL, '7', 'Y', 'b8ab9427-627b-469f-bfd0-4b1buser0001', '2022-08-08', 'b8ab9427-627b-469f-bfd0-4b1buser0001', '2022-08-08', NULL, NULL);
INSERT INTO en_type(id, name, objectType, code, codeRule, editionRule, lifecycleId, parentId, remark, bgColor, fColor, isSystem, orderNum, isValid, creatorId, createdTime, modifyId, modifyTime, workflowGroupId, planTemplateId) VALUES ('59ec658f-d47b-4116-8e98-42a9fe13063c', '项目管理需求', 'PRQ', NULL, '{\"codeSign\":\"PRQ\",\"codeSuffix\":\"SN\"}', NULL, '5194e47b-8bba-4a12-9170-0d141bf2240e', '', '涉及项目管理过程和方法,包括项目的时间、成本、范围、质量等约束条件和管理要求', NULL, NULL, NULL, '8', 'Y', 'b8ab9427-627b-469f-bfd0-4b1buser0001', '2022-08-08', 'b8ab9427-627b-469f-bfd0-4b1buser0001', '2022-08-08', NULL, NULL);
INSERT INTO en_type(id, name, objectType, code, codeRule, editionRule, lifecycleId, parentId, remark, bgColor, fColor, isSystem, orderNum, isValid, creatorId, createdTime, modifyId, modifyTime, workflowGroupId, planTemplateId) VALUES ('1e7cb3a5-5317-4dca-b689-4d34a86e6025', '项目技术需求', 'PRQ', NULL, '{\"codeSign\":\"PRQ\",\"codeSuffix\":\"SN\"}', NULL, '5194e47b-8bba-4a12-9170-0d141bf2240e', '', '涉及项目中所使用的技术、工具、平台等方面的要求', NULL, NULL, NULL, '9', 'Y', 'b8ab9427-627b-469f-bfd0-4b1buser0001', '2022-08-08', 'b8ab9427-627b-469f-bfd0-4b1buser0001', '2022-08-08', NULL, NULL);

INSERT INTO sys_reportchart(id, name, simpleName, status, isCandidate, objectType, chartType, dataFieldId, categoryFieldId, scope, remark, orderNum, isValid, creatorId, createdTime, modifyId, modifyTime, parentId, pjtStatus, isUsePjt, pjtOrderNum, height, width) VALUES ('prq3ab44-7695-465a-8c2c-47951prq0001', '产品需求', '产品需求', 'RN', 'Y', 'PRQ', 'catalog', '', '', 'P', '', '1', 'Y', 'b8ab9427-627b-469f-bfd0-4b1buser0001', '2022-08-08', 'b8ab9427-627b-469f-bfd0-4b1buser0001', '2022-08-08', '', 'RN', 'Y', '5', '1', '1');
INSERT INTO sys_reportchart(id, name, simpleName, status, isCandidate, objectType, chartType, dataFieldId, categoryFieldId, scope, remark, orderNum, isValid, creatorId, createdTime, modifyId, modifyTime, parentId, pjtStatus, isUsePjt, pjtOrderNum, height, width) VALUES ('5e3e10d9-bfac-45d3-a993-97ecce01ba04', '需求状态分布图', '需求状态分布', 'RN', 'Y', 'PRQ', 'pie-basic', 'phaseId', '', 'L,P,S', '', '1', 'Y', 'b8ab9427-627b-469f-bfd0-4b1buser0001', '2022-08-08', 'b8ab9427-627b-469f-bfd0-4b1buser0001', '2022-08-08', 'prq3ab44-7695-465a-8c2c-47951prq0001', 'RN', 'N', '1', '1', '1');
INSERT INTO sys_reportchart(id, name, simpleName, status, isCandidate, objectType, chartType, dataFieldId, categoryFieldId, scope, remark, orderNum, isValid, creatorId, createdTime, modifyId, modifyTime, parentId, pjtStatus, isUsePjt, pjtOrderNum, height, width) VALUES ('e38ee063-b664-42d7-a044-fd0ec9d72aa7', '需求优先级分布图', '需求优先级分布', 'RN', 'Y', 'PRQ', 'pie-basic', 'fa2fec0c-502e-4944-b2f8-84369be89f98', '', 'L,P,S', '', '3', 'Y', 'b8ab9427-627b-469f-bfd0-4b1buser0001', '2022-08-08', 'b8ab9427-627b-469f-bfd0-4b1buser0001', '2022-08-08', 'prq3ab44-7695-465a-8c2c-47951prq0001', 'RN', 'N', '2', '1', '1');
INSERT INTO sys_reportchart(id, name, simpleName, status, isCandidate, objectType, chartType, dataFieldId, categoryFieldId, scope, remark, orderNum, isValid, creatorId, createdTime, modifyId, modifyTime, parentId, pjtStatus, isUsePjt, pjtOrderNum, height, width) VALUES ('06583207-de4d-499f-9c94-717c173e91aa', '需求类型分布图', '需求类型分布', 'RN', 'Y', 'PRQ', 'pie-basic', '81ee9c1b-2df2-47e4-b91d-700418dff23b', '', 'L,P,S', '', '4', 'Y', 'b8ab9427-627b-469f-bfd0-4b1buser0001', '2022-08-08', 'b8ab9427-627b-469f-bfd0-4b1buser0001', '2022-08-08', 'prq3ab44-7695-465a-8c2c-47951prq0001', 'RN', 'N', '3', '1', '1');
INSERT INTO sys_reportchart(id, name, simpleName, status, isCandidate, objectType, chartType, dataFieldId, categoryFieldId, scope, remark, orderNum, isValid, creatorId, createdTime, modifyId, modifyTime, parentId, pjtStatus, isUsePjt, pjtOrderNum, height, width) VALUES ('eb93b1fd-079f-4bb0-888c-87af67f7a383', '需求业务领域分布图', '需求领域分布', 'RN', 'Y', 'PRQ', 'pie-basic', 'e1af8a28-18b0-485a-8056-12afb717b390', '', 'L,P,S', '', '5', 'Y', 'b8ab9427-627b-469f-bfd0-4b1buser0001', '2022-08-08', 'b8ab9427-627b-469f-bfd0-4b1buser0001', '2022-08-08', 'prq3ab44-7695-465a-8c2c-47951prq0001', 'RN', 'N', '4', '1', '1');

INSERT INTO com_aopmodule_rlt(id, name, val, objectType, exeCls, orderNum) VALUES ('77e16c9e-f290-4027-aeb1-8629atPRQ001', '新建', 'create', 'PRQ', '', '1');
INSERT INTO com_aopmodule_rlt(id, name, val, objectType, exeCls, orderNum) VALUES ('77e16c9e-f290-4027-aeb1-8629atPRQ002', '打开', 'open', 'PRQ', '', '2');
INSERT INTO com_aopmodule_rlt(id, name, val, objectType, exeCls, orderNum) VALUES ('77e16c9e-f290-4027-aeb1-8629atPRQ003', '检入/检出', 'check', 'PRQ', '', '3');
INSERT INTO com_aopmodule_rlt(id, name, val, objectType, exeCls, orderNum) VALUES ('77e16c9e-f290-4027-aeb1-8629atPRQ004', '重命名', 'rename', 'PRQ', '', '4');
INSERT INTO com_aopmodule_rlt(id, name, val, objectType, exeCls, orderNum) VALUES ('77e16c9e-f290-4027-aeb1-8629atPRQ005', '编辑', 'edit', 'PRQ', '', '5');
INSERT INTO com_aopmodule_rlt(id, name, val, objectType, exeCls, orderNum) VALUES ('77e16c9e-f290-4027-aeb1-8629atPRQ006', '设置生命阶段', 'setPhase', 'PRQ', '', '6');
INSERT INTO com_aopmodule_rlt(id, name, val, objectType, exeCls, orderNum) VALUES ('77e16c9e-f290-4027-aeb1-8629atPRQ007', '指派', 'assign', 'PRQ', '', '7');
INSERT INTO com_aopmodule_rlt(id, name, val, objectType, exeCls, orderNum) VALUES ('77e16c9e-f290-4027-aeb1-8629atPRQ011', '删除', 'delete', 'PRQ', '', '11');

/**任务相关初始化 start**/
/**任务页面配置初始化**/
INSERT INTO sys_page(id, name, objectType, pageType, parentId, workflowID, deriveWfType, deriveWfID, mapField, isStartPage, entityTypeID, extPageUrl, extPageCls, isSystem, remark, isValid, orderNum, creatorId, createdTime, modifyId, modifyTime, subType) 
VALUES('07698511-fa9f-47e2-9f4c-5fbbftask001', '系统表单', 'TSK', '', NULL, NULL, NULL, NULL, NULL, NULL, NULL, NULL, NULL, 'Y', NULL, 'Y', 1, NULL, NULL, NULL, NULL, NULL);
INSERT INTO sys_page(id, name, objectType, pageType, parentId, workflowID, deriveWfType, deriveWfID, mapField, isStartPage, entityTypeID, extPageUrl, extPageCls, isSystem, remark, isValid, orderNum, creatorId, createdTime, modifyId, modifyTime, subType) 
VALUES('07698511-fa9f-47e2-9f4c-5fbbftask002', '新建页面', 'TSK', 'FORM', '07698511-fa9f-47e2-9f4c-5fbbftask001', NULL, NULL, NULL, NULL, NULL, NULL, NULL, NULL, 'Y', NULL, 'Y', 2, 'b8ab9427-627b-469f-bfd0-4b1buser0001', '2022-08-08', 'b8ab9427-627b-469f-bfd0-4b1buser0001', '2022-08-08', 'ADD');
INSERT INTO sys_page(id, name, objectType, pageType, parentId, workflowID, deriveWfType, deriveWfID, mapField, isStartPage, entityTypeID, extPageUrl, extPageCls, isSystem, remark, isValid, orderNum, creatorId, createdTime, modifyId, modifyTime, subType) 
VALUES('07698511-fa9f-47e2-9f4c-5fbbftask003', '查看页面', 'TSK', 'FORM', '07698511-fa9f-47e2-9f4c-5fbbftask001', NULL, NULL, NULL, NULL, NULL, NULL, NULL, NULL, 'Y', NULL, 'Y', 3, 'b8ab9427-627b-469f-bfd0-4b1buser0001', '2022-08-08', 'b8ab9427-627b-469f-bfd0-4b1buser0001', '2022-08-08', 'VIEW');
INSERT INTO sys_page(id, name, objectType, pageType, parentId, workflowID, deriveWfType, deriveWfID, mapField, isStartPage, entityTypeID, extPageUrl, extPageCls, isSystem, remark, isValid, orderNum, creatorId, createdTime, modifyId, modifyTime, subType) 
VALUES('07698511-fa9f-47e2-9f4c-5fbbftask004', '编辑页面', 'TSK', 'FORM', '07698511-fa9f-47e2-9f4c-5fbbftask001', NULL, NULL, NULL, NULL, NULL, NULL, NULL, NULL, 'Y', NULL, 'Y', 4, 'b8ab9427-627b-469f-bfd0-4b1buser0001', '2022-08-08', 'b8ab9427-627b-469f-bfd0-4b1buser0001', '2022-08-08', 'EDIT');
INSERT INTO sys_page(id, name, objectType, pageType, parentId, workflowID, deriveWfType, deriveWfID, mapField, isStartPage, entityTypeID, extPageUrl, extPageCls, isSystem, remark, isValid, orderNum, creatorId, createdTime, modifyId, modifyTime, subType) 
VALUES('07698511-fa9f-47e2-9f4c-5fbbftask005', '填写进展页面', 'TSK', 'FORM', '07698511-fa9f-47e2-9f4c-5fbbftask001', NULL, NULL, NULL, NULL, NULL, NULL, NULL, NULL, 'Y', NULL, 'Y', 5, 'b8ab9427-627b-469f-bfd0-4b1buser0001', '2022-08-08', 'b8ab9427-627b-469f-bfd0-4b1buser0001', '2022-08-08', 'REPORT');
INSERT INTO sys_page(id, name, objectType, pageType, parentId, workflowID, deriveWfType, deriveWfID, mapField, isStartPage, entityTypeID, extPageUrl, extPageCls, isSystem, remark, isValid, orderNum, creatorId, createdTime, modifyId, modifyTime, subType) 
VALUES('07698511-fa9f-47e2-9f4c-5fbbftask006', '任务审核页面', 'TSK', 'FORM', '07698511-fa9f-47e2-9f4c-5fbbftask001', NULL, NULL, NULL, NULL, NULL, NULL, NULL, NULL, 'Y', NULL, 'Y', 6, 'b8ab9427-627b-469f-bfd0-4b1buser0001', '2022-08-08', 'b8ab9427-627b-469f-bfd0-4b1buser0001', '2022-08-08', 'AUDIT');

INSERT INTO sys_page(id, name, objectType, pageType, parentId, workflowID, deriveWfType, deriveWfID, mapField, isStartPage, entityTypeID, extPageUrl, extPageCls, isSystem, remark, isValid, orderNum, creatorId, createdTime, modifyId, modifyTime, subType) 
VALUES('07698511-fa9f-47e2-9f4c-5fbbftask007', '任务模板表单', 'TSK', '', NULL, NULL, NULL, NULL, NULL, NULL, NULL, NULL, NULL, 'Y', NULL, 'Y', 7, NULL, NULL, NULL, NULL, NULL);
INSERT INTO sys_page(id, name, objectType, pageType, parentId, workflowID, deriveWfType, deriveWfID, mapField, isStartPage, entityTypeID, extPageUrl, extPageCls, isSystem, remark, isValid, orderNum, creatorId, createdTime, modifyId, modifyTime, subType) 
VALUES('07698511-fa9f-47e2-9f4c-5fbbftask008', '编辑模板页面', 'TSK', 'TEMPLATE', '07698511-fa9f-47e2-9f4c-5fbbftask007', NULL, NULL, NULL, NULL, NULL, NULL, NULL, NULL, 'Y', NULL, 'Y', 8, 'b8ab9427-627b-469f-bfd0-4b1buser0001', '2022-08-08', 'b8ab9427-627b-469f-bfd0-4b1buser0001', '2022-08-08', 'TEMPLATE_EDIT');

INSERT INTO sys_page(id, name, objectType, pageType, parentId, workflowID, deriveWfType, deriveWfID, mapField, isStartPage, entityTypeID, extPageUrl, extPageCls, isSystem, remark, isValid, orderNum, creatorId, createdTime, modifyId, modifyTime, subType) 
VALUES('07698511-fa9f-47e2-9f4c-5fbbftask010', '系统视图', 'TSK', NULL, NULL, NULL, NULL, NULL, NULL, NULL, NULL, NULL, NULL, 'Y', NULL, 'Y', 10, NULL, NULL, NULL, NULL, NULL);
INSERT INTO sys_page(id, name, objectType, pageType, parentId, workflowID, deriveWfType, deriveWfID, mapField, isStartPage, entityTypeID, extPageUrl, extPageCls, isSystem, remark, isValid, orderNum, creatorId, createdTime, modifyId, modifyTime, subType) 
VALUES('07698511-fa9f-47e2-9f4c-5fbbftask011', '指派给我的', 'TSK', 'LIST', '07698511-fa9f-47e2-9f4c-5fbbftask010', NULL, NULL, NULL, NULL, NULL, NULL, NULL, NULL, 'Y', NULL, 'Y', 11, 'b8ab9427-627b-469f-bfd0-4b1buser0001', '2022-08-08', 'b8ab9427-627b-469f-bfd0-4b1buser0001', '2022-08-08', 'OWN');
INSERT INTO sys_page(id, name, objectType, pageType, parentId, workflowID, deriveWfType, deriveWfID, mapField, isStartPage, entityTypeID, extPageUrl, extPageCls, isSystem, remark, isValid, orderNum, creatorId, createdTime, modifyId, modifyTime, subType) 
VALUES('07698511-fa9f-47e2-9f4c-5fbbftask012', '我参与的', 'TSK', 'LIST', '07698511-fa9f-47e2-9f4c-5fbbftask010', NULL, NULL, NULL, NULL, NULL, NULL, NULL, NULL, 'Y', NULL, 'Y', 12, 'b8ab9427-627b-469f-bfd0-4b1buser0001', '2022-08-08', 'b8ab9427-627b-469f-bfd0-4b1buser0001', '2022-08-08', 'ACT');
INSERT INTO sys_page(id, name, objectType, pageType, parentId, workflowID, deriveWfType, deriveWfID, mapField, isStartPage, entityTypeID, extPageUrl, extPageCls, isSystem, remark, isValid, orderNum, creatorId, createdTime, modifyId, modifyTime, subType) 
VALUES('07698511-fa9f-47e2-9f4c-5fbbftask013', '我创建的', 'TSK', 'LIST', '07698511-fa9f-47e2-9f4c-5fbbftask010', NULL, NULL, NULL, NULL, NULL, NULL, NULL, NULL, 'Y', NULL, 'Y', 13, 'b8ab9427-627b-469f-bfd0-4b1buser0001', '2022-08-08', 'b8ab9427-627b-469f-bfd0-4b1buser0001', '2022-08-08', 'CREATE');
INSERT INTO sys_page(id, name, objectType, pageType, parentId, workflowID, deriveWfType, deriveWfID, mapField, isStartPage, entityTypeID, extPageUrl, extPageCls, isSystem, remark, isValid, orderNum, creatorId, createdTime, modifyId, modifyTime, subType) 
VALUES('07698511-fa9f-47e2-9f4c-5fbbftask014', '成员任务', 'TSK', 'LIST', '07698511-fa9f-47e2-9f4c-5fbbftask010', NULL, NULL, NULL, NULL, NULL, NULL, NULL, NULL, 'Y', NULL, 'Y', 14, 'b8ab9427-627b-469f-bfd0-4b1buser0001', '2022-08-08', 'b8ab9427-627b-469f-bfd0-4b1buser0001', '2022-08-08', 'MEMBER');

INSERT INTO sys_page(id, name, objectType, pageType, parentId, workflowID, deriveWfType, deriveWfID, mapField, isStartPage, entityTypeID, extPageUrl, extPageCls, isSystem, remark, isValid, orderNum, creatorId, createdTime, modifyId, modifyTime) 
VALUES('07698511-fa9f-47e2-9f4c-5fbbftask015', '导入导出视图', 'TSK', 'IMPEXPLIST', '', NULL, NULL, NULL, NULL, NULL, NULL, NULL, NULL, 'Y', NULL, 'Y', 15, NULL, NULL, NULL, NULL);
INSERT INTO sys_page(id, name, objectType, pageType, parentId, workflowID, deriveWfType, deriveWfID, mapField, isStartPage, entityTypeID, extPageUrl, extPageCls, isSystem, remark, isValid, orderNum, creatorId, createdTime, modifyId, modifyTime) 
VALUES('07698511-fa9f-47e2-9f4c-5fbbftask016', '导入视图', 'TSK', 'IMPLIST', '07698511-fa9f-47e2-9f4c-5fbbftask015', NULL, NULL, NULL, NULL, NULL, NULL, NULL, NULL, 'Y', NULL, 'Y', 16, 'b8ab9427-627b-469f-bfd0-4b1buser0001', '2022-08-08', 'b8ab9427-627b-469f-bfd0-4b1buser0001', '2022-08-08');
INSERT INTO sys_page(id, name, objectType, pageType, parentId, workflowID, deriveWfType, deriveWfID, mapField, isStartPage, entityTypeID, extPageUrl, extPageCls, isSystem, remark, isValid, orderNum, creatorId, createdTime, modifyId, modifyTime) 
VALUES('07698511-fa9f-47e2-9f4c-5fbbftask017', '导出视图', 'TSK', 'EXPLIST', '07698511-fa9f-47e2-9f4c-5fbbftask015', NULL, NULL, NULL, NULL, NULL, NULL, NULL, NULL, 'Y', NULL, 'Y', 17, 'b8ab9427-627b-469f-bfd0-4b1buser0001', '2022-08-08', 'b8ab9427-627b-469f-bfd0-4b1buser0001', '2022-08-08');

/**任务状态初始化**/
INSERT INTO sys_status(id, objectType, Name, Remark, bgColor, fColor, isCalcLag, isEnd, isValid, orderNum, creatorId, createdTime, modifyId, modifyTime, workflowId) VALUES ('07698511-fa9f-47e2-9f4c-5fbstatus001', 'TSK', '未发布', '任务新建后,未发布', '#9e9e9e', '#ffffff', 'N', 'N', 'Y', '1', 'b8ab9427-627b-469f-bfd0-4b1buser0001', '2022-08-08', 'b8ab9427-627b-469f-bfd0-4b1buser0001', '2022-08-08', NULL);
INSERT INTO sys_status(id, objectType, Name, Remark, bgColor, fColor, isCalcLag, isEnd, isValid, orderNum, creatorId, createdTime, modifyId, modifyTime, workflowId) VALUES ('07698511-fa9f-47e2-9f4c-5fbstatus002', 'TSK', '未启动', '任务发布后,未填写工作进展', '#9e9e9e', '#ffffff', 'N', 'N', 'Y', '3', 'b8ab9427-627b-469f-bfd0-4b1buser0001', '2022-08-08', 'b8ab9427-627b-469f-bfd0-4b1buser0001', '2022-08-08', NULL);
INSERT INTO sys_status(id, objectType, Name, Remark, bgColor, fColor, isCalcLag, isEnd, isValid, orderNum, creatorId, createdTime, modifyId, modifyTime, workflowId) VALUES ('07698511-fa9f-47e2-9f4c-5fbstatus003', 'TSK', '进行中', '任务发布后,填写过工作进展', '#04be5b', '#ffffff', 'N', 'N', 'Y', '4', 'b8ab9427-627b-469f-bfd0-4b1buser0001', '2022-08-08', 'b8ab9427-627b-469f-bfd0-4b1buser0001', '2022-08-08', NULL);
INSERT INTO sys_status(id, objectType, Name, Remark, bgColor, fColor, isCalcLag, isEnd, isValid, orderNum, creatorId, createdTime, modifyId, modifyTime, workflowId) VALUES ('07698511-fa9f-47e2-9f4c-5fbstatus004', 'TSK', '待审核', '任务完成后,提交审核,审核中', '#ff9948', '#ffffff', 'N', 'N', 'Y', '5', 'b8ab9427-627b-469f-bfd0-4b1buser0001', '2022-08-08', 'b8ab9427-627b-469f-bfd0-4b1buser0001', '2022-08-08', NULL);
INSERT INTO sys_status(id, objectType, Name, Remark, bgColor, fColor, isCalcLag, isEnd, isValid, orderNum, creatorId, createdTime, modifyId, modifyTime, workflowId) VALUES ('07698511-fa9f-47e2-9f4c-5fbstatus005', 'TSK', '未通过', '任务被驳回,审核未通过', '#ff5722', '#ffffff', 'N', 'N', 'Y', '9', 'b8ab9427-627b-469f-bfd0-4b1buser0001', '2022-08-08', 'b8ab9427-627b-469f-bfd0-4b1buser0001', '2022-08-08', NULL);
INSERT INTO sys_status(id, objectType, Name, Remark, bgColor, fColor, isCalcLag, isEnd, isValid, orderNum, creatorId, createdTime, modifyId, modifyTime, workflowId) VALUES ('07698511-fa9f-47e2-9f4c-5fbstatus006', 'TSK', '通过', '任务审核已通过', '#04be5b', '#ffffff', 'N', 'N', 'Y', '10', 'b8ab9427-627b-469f-bfd0-4b1buser0001', '2022-08-08', 'b8ab9427-627b-469f-bfd0-4b1buser0001', '2022-08-08', NULL);
INSERT INTO sys_status(id, objectType, Name, Remark, bgColor, fColor, isCalcLag, isEnd, isValid, orderNum, creatorId, createdTime, modifyId, modifyTime, workflowId) VALUES ('07698511-fa9f-47e2-9f4c-5fbstatus007', 'TSK', '关闭', '任务已关闭', '#9e9e9e', '#ffffff', 'N', 'N', 'Y', '11', 'b8ab9427-627b-469f-bfd0-4b1buser0001', '2022-08-08', 'b8ab9427-627b-469f-bfd0-4b1buser0001', '2022-08-08', NULL);
INSERT INTO sys_status(id, objectType, Name, Remark, bgColor, fColor, isCalcLag, isEnd, isValid, orderNum, creatorId, createdTime, modifyId, modifyTime, workflowId) VALUES ('07698511-fa9f-47e2-9f4c-5fbstatus008', 'TSK', '暂停', '任务发布后,被执行暂停操作', '#ff5722', '#ffffff', 'N', 'N', 'Y', '12', 'b8ab9427-627b-469f-bfd0-4b1buser0001', '2022-08-08', 'b8ab9427-627b-469f-bfd0-4b1buser0001', '2022-08-08', NULL);
INSERT INTO sys_status(id, objectType, Name, Remark, bgColor, fColor, isCalcLag, isEnd, isValid, orderNum, creatorId, createdTime, modifyId, modifyTime, workflowId) VALUES ('07698511-fa9f-47e2-9f4c-5fbstatus009', 'TSK', '强制终止', '任务发布后,被执行强制终止操作', '#ff5722', '#ffffff', 'N', 'N', 'Y', '13', 'b8ab9427-627b-469f-bfd0-4b1buser0001', '2022-08-08', 'b8ab9427-627b-469f-bfd0-4b1buser0001', '2022-08-08', NULL);

/**任务高级设置初始化**/
INSERT INTO sys_advanceset(id, name, val, num, objectType) VALUES ('07698511-fa9f-47e2-9f4c-5fadvance001', 'autoPublishTask', 'Y', '2', 'TSK');
INSERT INTO sys_advanceset(id, name, val, num, objectType) VALUES ('07698511-fa9f-47e2-9f4c-5fadvance002', 'autoCloseTask', 'Y', '5', 'TSK');
INSERT INTO sys_advanceset(id, name, val, num, objectType) VALUES ('07698511-fa9f-47e2-9f4c-5fadvance003', 'allowFillHisWork', 'Y', '7', 'TSK');
INSERT INTO sys_advanceset(id, name, val, num, objectType) VALUES ('07698511-fa9f-47e2-9f4c-5fadvance004', 'setWorkTop', 'Y', '24', 'TSK');
INSERT INTO sys_advanceset(id, name, val, num, objectType) VALUES ('07698511-fa9f-47e2-9f4c-5fadvance005', 'allowTaskTransmit', 'Y', null, 'TSK');

/**任务字段初始化**/
INSERT INTO sys_field(id, colName, showName, objectType, dataType, htmlType, fieldType, displayWidth, remark, defaultValue, defaultRule, extendClass, layout, showMobile, isCommon, parentId, isValid, orderNum, creatorId, createdTime, modifyId, modifyTime, isDBField) VALUES ('db67e37f-3f15-4af2-8136-5992b400ccf1', 'nodeId', '所属节点', 'TSK', 'varchar', 'SELECT', 'S', '120', '', '', '{\"isSeached\":\"Y\",\"selectSource\":\"\",\"setCascade\":\"\",\"isRecorded\":\"N\",\"isRequired\":\"N\"}', '', 'T', NULL, 'N', NULL, 'Y', '2', 'b8ab9427-627b-469f-bfd0-4b1buser0001', '2022-08-08', 'b8ab9427-627b-469f-bfd0-4b1buser0001', '2022-08-08', 'Y');
INSERT INTO sys_field(id, colName, showName, objectType, dataType, htmlType, fieldType, displayWidth, remark, defaultValue, defaultRule, extendClass, layout, showMobile, isCommon, parentId, isValid, orderNum, creatorId, createdTime, modifyId, modifyTime, isDBField) VALUES ('ad17fd4d-851b-4e48-a3a7-d76a38b4fffa', 'planId', '所属计划', 'TSK', 'varchar', 'SELECT', 'S', '120', '', '', '{\"isSeached\":\"Y\",\"selectSource\":\"\",\"setCascade\":\"\",\"isRecorded\":\"N\",\"isRequired\":\"N\"}', '', 'T', NULL, 'N', NULL, 'Y', '4', 'b8ab9427-627b-469f-bfd0-4b1buser0001', '2022-08-08', 'b8ab9427-627b-469f-bfd0-4b1buser0001', '2022-08-08', 'Y');
INSERT INTO sys_field(id, colName, showName, objectType, dataType, htmlType, fieldType, displayWidth, remark, defaultValue, defaultRule, extendClass, layout, showMobile, isCommon, parentId, isValid, orderNum, creatorId, createdTime, modifyId, modifyTime, isDBField) VALUES ('4080a3a0-17f9-449d-aa76-452d8f191db3', 'name', '任务名称', 'TSK', 'varchar', 'TEXT', 'S', '120', '', '', '{\"isRecorded\":\"N\",\"textLength\":\"200\",\"isRequired\":\"Y\"}', '', 'F', NULL, 'N', '', 'Y', '39', 'b8ab9427-627b-469f-bfd0-4b1buser0001', '2022-08-08', 'b8ab9427-627b-469f-bfd0-4b1buser0001', '2022-08-08', 'Y');
INSERT INTO sys_field(id, colName, showName, objectType, dataType, htmlType, fieldType, displayWidth, remark, defaultValue, defaultRule, extendClass, layout, showMobile, isCommon, parentId, isValid, orderNum, creatorId, createdTime, modifyId, modifyTime, isDBField) VALUES ('78c3a069-3ca8-4907-9fad-687af19c995b', 'projectId', '所属项目', 'TSK', 'varchar', 'PJT', 'S', '120', '', NULL, '{\"isRecorded\":\"N\",\"isRequired\":\"N\"}', '', 'T', NULL, 'N', '', 'Y', '40', 'b8ab9427-627b-469f-bfd0-4b1buser0001', '2022-08-08', 'b8ab9427-627b-469f-bfd0-4b1buser0001', '2022-08-08', 'Y');
INSERT INTO sys_field(id, colName, showName, objectType, dataType, htmlType, fieldType, displayWidth, remark, defaultValue, defaultRule, extendClass, layout, showMobile, isCommon, parentId, isValid, orderNum, creatorId, createdTime, modifyId, modifyTime, isDBField) VALUES ('d27f8c44-0591-4545-9096-4e4af032fa81', 'typeId', '任务类型', 'TSK', 'varchar', 'SELECT', 'S', '80', '', '', '{\"selectSource\":\"ff28b9f4-56de-43b4-bbfe-67ee1ddeeedf\",\"setCascade\":\"N\",\"isRecorded\":\"N\",\"isRequired\":\"N\"}', '', 'T', NULL, 'N', '', 'Y', '44', 'b8ab9427-627b-469f-bfd0-4b1buser0001', '2022-08-08', 'b8ab9427-627b-469f-bfd0-4b1buser0001', '2022-08-08', 'Y');
INSERT INTO sys_field(id, colName, showName, objectType, dataType, htmlType, fieldType, displayWidth, remark, defaultValue, defaultRule, extendClass, layout, showMobile, isCommon, parentId, isValid, orderNum, creatorId, createdTime, modifyId, modifyTime, isDBField) VALUES ('07698511-fa9f-47e2-9f4c-5fbb1da72c44', 'levelId', '优先级', 'TSK', 'varchar', 'SELECT', 'S', '80', '', '', '{\"selectSource\":\"fe859ed0-0b1f-4b2e-844d-2762aadc4ac0\",\"setCascade\":\"N\",\"isRecorded\":\"N\",\"isRequired\":\"N\"}', '', 'T', NULL, 'N', '', 'Y', '45', 'b8ab9427-627b-469f-bfd0-4b1buser0001', '2022-08-08', 'b8ab9427-627b-469f-bfd0-4b1buser0001', '2022-08-08', 'Y');
INSERT INTO sys_field(id, colName, showName, objectType, dataType, htmlType, fieldType, displayWidth, remark, defaultValue, defaultRule, extendClass, layout, showMobile, isCommon, parentId, isValid, orderNum, creatorId, createdTime, modifyId, modifyTime, isDBField) VALUES ('0f8e981e-b38f-4efb-b444-08f9598f4024', 'planStartDate', '计划开始日期', 'TSK', 'datetime', 'DATE', 'S', '120', '', NULL, '{\"isRecorded\":\"N\",\"dateDefaultRule\":\"CD\",\"isRequired\":\"N\"}', '', 'T', NULL, 'N', '', 'Y', '48', 'b8ab9427-627b-469f-bfd0-4b1buser0001', '2022-08-08', 'b8ab9427-627b-469f-bfd0-4b1buser0001', '2022-08-08', 'Y');
INSERT INTO sys_field(id, colName, showName, objectType, dataType, htmlType, fieldType, displayWidth, remark, defaultValue, defaultRule, extendClass, layout, showMobile, isCommon, parentId, isValid, orderNum, creatorId, createdTime, modifyId, modifyTime, isDBField) VALUES ('8b57e2a0-174d-40ef-b343-2c95abaac0ac', 'planEndDate', '计划完成日期', 'TSK', 'datetime', 'DATE', 'S', '120', '', NULL, '{\"isRecorded\":\"N\",\"dateDefaultRule\":\"CD\",\"isRequired\":\"N\"}', '', 'T', NULL, 'N', '', 'Y', '49', 'b8ab9427-627b-469f-bfd0-4b1buser0001', '2022-08-08', 'b8ab9427-627b-469f-bfd0-4b1buser0001', '2022-08-08', 'Y');
INSERT INTO sys_field(id, colName, showName, objectType, dataType, htmlType, fieldType, displayWidth, remark, defaultValue, defaultRule, extendClass, layout, showMobile, isCommon, parentId, isValid, orderNum, creatorId, createdTime, modifyId, modifyTime, isDBField) VALUES ('d42fc902-0d73-469e-bdaa-8fab381ed01b', 'realStartDate', '实际开始日期', 'TSK', 'datetime', 'DATE', 'S', '120', '', NULL, '{\"isRecorded\":\"N\",\"dateDefaultRule\":\"N\",\"isRequired\":\"N\"}', '', 'T', NULL, 'N', '', 'Y', '50', 'b8ab9427-627b-469f-bfd0-4b1buser0001', '2022-08-08', 'b8ab9427-627b-469f-bfd0-4b1buser0001', '2022-08-08', 'Y');
INSERT INTO sys_field(id, colName, showName, objectType, dataType, htmlType, fieldType, displayWidth, remark, defaultValue, defaultRule, extendClass, layout, showMobile, isCommon, parentId, isValid, orderNum, creatorId, createdTime, modifyId, modifyTime, isDBField) VALUES ('ab13b4c6-0fcf-4007-8277-bdadee9fc100', 'realEndDate', '实际完成日期', 'TSK', 'datetime', 'DATE', 'S', '120', '', NULL, '{\"isRecorded\":\"N\",\"dateDefaultRule\":\"N\",\"isRequired\":\"N\"}', '', 'T', NULL, 'N', '', 'Y', '51', 'b8ab9427-627b-469f-bfd0-4b1buser0001', '2022-08-08', 'b8ab9427-627b-469f-bfd0-4b1buser0001', '2022-08-08', 'Y');
INSERT INTO sys_field(id, colName, showName, objectType, dataType, htmlType, fieldType, displayWidth, remark, defaultValue, defaultRule, extendClass, layout, showMobile, isCommon, parentId, isValid, orderNum, creatorId, createdTime, modifyId, modifyTime, isDBField) VALUES ('59a09742-5375-4018-afff-37997f88356a', 'planWorkload', '预估工时', 'TSK', 'float', 'NUMBER', 'S', '120', '', '8', '{\"numberMax\":\"\",\"numberFormat\":\"D\",\"isRecorded\":\"N\",\"numberMin\":\"\",\"numberPrecision\":\"1\",\"isRequired\":\"N\",\"unitId\":\"0b7d0935-7d9e-40cc-9dfd-69cccunit001\"}', '', 'T', NULL, 'N', '', 'Y', '52', 'b8ab9427-627b-469f-bfd0-4b1buser0001', '2022-08-08', 'b8ab9427-627b-469f-bfd0-4b1buser0001', '2022-08-08', 'Y');
INSERT INTO sys_field(id, colName, showName, objectType, dataType, htmlType, fieldType, displayWidth, remark, defaultValue, defaultRule, extendClass, layout, showMobile, isCommon, parentId, isValid, orderNum, creatorId, createdTime, modifyId, modifyTime, isDBField) VALUES ('8fb169d9-674e-44d8-94b0-c3beac202897', 'realWorkload', '实际工时', 'TSK', 'float', 'NUMBER', 'S', '120', '', '', '{\"numberMax\":\"\",\"numberFormat\":\"D\",\"isRecorded\":\"N\",\"numberMin\":\"\",\"numberPrecision\":\"\",\"isRequired\":\"N\",\"unitId\":\"0b7d0935-7d9e-40cc-9dfd-69cccunit001\"}', '', 'T', NULL, 'N', '', 'Y', '53', 'b8ab9427-627b-469f-bfd0-4b1buser0001', '2022-08-08', 'b8ab9427-627b-469f-bfd0-4b1buser0001', '2022-08-08', 'Y');
INSERT INTO sys_field(id, colName, showName, objectType, dataType, htmlType, fieldType, displayWidth, remark, defaultValue, defaultRule, extendClass, layout, showMobile, isCommon, parentId, isValid, orderNum, creatorId, createdTime, modifyId, modifyTime, isDBField) VALUES ('b4ef3837-2f1d-49a4-a9f5-56a4783aa6ca', 'confirmWorkload', '确认工时', 'TSK', 'float', 'NUMBER', 'S', '120', '', '', '{\"numberMax\":\"\",\"numberFormat\":\"D\",\"isRecorded\":\"N\",\"numberMin\":\"\",\"numberPrecision\":\"\",\"isRequired\":\"Y\",\"unitId\":\"0b7d0935-7d9e-40cc-9dfd-69cccunit001\"}', '', 'T', NULL, 'N', '', 'Y', '55', 'b8ab9427-627b-469f-bfd0-4b1buser0001', '2022-08-08', 'b8ab9427-627b-469f-bfd0-4b1buser0001', '2022-08-08', 'Y');
INSERT INTO sys_field(id, colName, showName, objectType, dataType, htmlType, fieldType, displayWidth, remark, defaultValue, defaultRule, extendClass, layout, showMobile, isCommon, parentId, isValid, orderNum, creatorId, createdTime, modifyId, modifyTime, isDBField) VALUES ('2773722d-448d-44a2-8349-a98de665bcf6', 'planDuration', '计划工期', 'TSK', 'float', 'NUMBER', 'S', '120', '', '', '{\"numberMax\":\"\",\"numberFormat\":\"D\",\"isRecorded\":\"N\",\"numberMin\":\"\",\"numberPrecision\":\"\",\"isRequired\":\"N\",\"unitId\":\"0b7d0935-7d9e-40cc-9dfd-69cccunit002\"}', '', 'T', NULL, 'N', '', 'Y', '56', 'b8ab9427-627b-469f-bfd0-4b1buser0001', '2022-08-08', 'b8ab9427-627b-469f-bfd0-4b1buser0001', '2022-08-08', 'Y');
INSERT INTO sys_field(id, colName, showName, objectType, dataType, htmlType, fieldType, displayWidth, remark, defaultValue, defaultRule, extendClass, layout, showMobile, isCommon, parentId, isValid, orderNum, creatorId, createdTime, modifyId, modifyTime, isDBField) VALUES ('823cf7b2-8d60-45a0-8d19-f0fd8108c2e3', 'realDuration', '实际工期', 'TSK', 'float', 'NUMBER', 'S', '120', '', '', '{\"numberMax\":\"\",\"numberFormat\":\"D\",\"isRecorded\":\"N\",\"numberMin\":\"\",\"numberPrecision\":\"\",\"isRequired\":\"N\",\"unitId\":\"0b7d0935-7d9e-40cc-9dfd-69cccunit002\"}', '', 'T', NULL, 'N', '', 'Y', '57', 'b8ab9427-627b-469f-bfd0-4b1buser0001', '2022-08-08', 'b8ab9427-627b-469f-bfd0-4b1buser0001', '2022-08-08', 'Y');
INSERT INTO sys_field(id, colName, showName, objectType, dataType, htmlType, fieldType, displayWidth, remark, defaultValue, defaultRule, extendClass, layout, showMobile, isCommon, parentId, isValid, orderNum, creatorId, createdTime, modifyId, modifyTime, isDBField) VALUES ('4a554f2b-70be-4820-9720-5ef62431ce06', 'copRate', '完成率', 'TSK', 'float', 'NUMBER', 'S', '120', '', '', '{\"numberMax\":\"\",\"numberFormat\":\"D\",\"isRecorded\":\"N\",\"numberMin\":\"\",\"numberPrecision\":\"\",\"isRequired\":\"N\",\"unitId\":\"0b7d0935-7d9e-40cc-9dfd-69cccunit017\"}', '', 'T', NULL, 'N', '', 'Y', '58', 'b8ab9427-627b-469f-bfd0-4b1buser0001', '2022-08-08', 'b8ab9427-627b-469f-bfd0-4b1buser0001', '2022-08-08', 'Y');
INSERT INTO sys_field(id, colName, showName, objectType, dataType, htmlType, fieldType, displayWidth, remark, defaultValue, defaultRule, extendClass, layout, showMobile, isCommon, parentId, isValid, orderNum, creatorId, createdTime, modifyId, modifyTime, isDBField) VALUES ('27a8130b-9446-4078-ba5c-fa47a86694f0', 'devRate', '偏差率', 'TSK', 'float', 'NUMBER', 'S', '120', '', '', '{\"numberMax\":\"\",\"numberFormat\":\"D\",\"isRecorded\":\"N\",\"numberMin\":\"\",\"numberPrecision\":\"\",\"isRequired\":\"N\",\"unitId\":\"0b7d0935-7d9e-40cc-9dfd-69cccunit017\"}', '', 'T', NULL, 'N', '', 'Y', '59', 'b8ab9427-627b-469f-bfd0-4b1buser0001', '2022-08-08', 'b8ab9427-627b-469f-bfd0-4b1buser0001', '2022-08-08', 'Y');
INSERT INTO sys_field(id, colName, showName, objectType, dataType, htmlType, fieldType, displayWidth, remark, defaultValue, defaultRule, extendClass, layout, showMobile, isCommon, parentId, isValid, orderNum, creatorId, createdTime, modifyId, modifyTime, isDBField) VALUES ('265c9f1e-7d3e-41d1-8ad9-aa13394e34b0', 'statusId', '状态', 'TSK', 'varchar', 'SELECT', 'S', '80', '', '', '{\"selectSource\":\"\",\"setCascade\":\"N\",\"isRecorded\":\"N\",\"isRequired\":\"N\"}', '', 'T', NULL, 'N', '', 'Y', '75', 'b8ab9427-627b-469f-bfd0-4b1buser0001', '2022-08-08', 'b8ab9427-627b-469f-bfd0-4b1buser0001', '2022-08-08', 'Y');
INSERT INTO sys_field(id, colName, showName, objectType, dataType, htmlType, fieldType, displayWidth, remark, defaultValue, defaultRule, extendClass, layout, showMobile, isCommon, parentId, isValid, orderNum, creatorId, createdTime, modifyId, modifyTime, isDBField) VALUES ('150c2aab-bc33-487c-9076-2bb7f0ea33dd', 'ownerId', '责任人', 'TSK', 'varchar', 'USER', 'S', '120', '', NULL, '{\"isRecorded\":\"N\",\"userIsMul\":\"N\",\"isRequired\":\"N\",\"userDefaultRule\":\"N\"}', '', 'T', NULL, 'N', '', 'Y', '76', 'b8ab9427-627b-469f-bfd0-4b1buser0001', '2022-08-08', 'b8ab9427-627b-469f-bfd0-4b1buser0001', '2022-08-08', 'Y');
INSERT INTO sys_field(id, colName, showName, objectType, dataType, htmlType, fieldType, displayWidth, remark, defaultValue, defaultRule, extendClass, layout, showMobile, isCommon, parentId, isValid, orderNum, creatorId, createdTime, modifyId, modifyTime, isDBField) VALUES ('998a50d1-14c5-4c63-bf76-bfb474b032e0', 'actorId', '参与人', 'TSK', 'varchar', 'USER', 'S', '120', '', NULL, '{\"isRecorded\":\"N\",\"userIsMul\":\"Y\",\"isRequired\":\"N\",\"userDefaultRule\":\"N\"}', '', 'T', NULL, 'N', '', 'Y', '77', 'b8ab9427-627b-469f-bfd0-4b1buser0001', '2022-08-08', 'b8ab9427-627b-469f-bfd0-4b1buser0001', '2022-08-08', 'Y');
INSERT INTO sys_field(id, colName, showName, objectType, dataType, htmlType, fieldType, displayWidth, remark, defaultValue, defaultRule, extendClass, layout, showMobile, isCommon, parentId, isValid, orderNum, creatorId, createdTime, modifyId, modifyTime, isDBField) VALUES ('45de2fff-0973-4767-aa5e-6d16aa9129e3', 'publisherId', '发布人', 'TSK', 'varchar', 'USER', 'S', '120', '', NULL, '{\"isRecorded\":\"N\",\"userIsMul\":\"Y\",\"isRequired\":\"N\",\"userDefaultRule\":\"N\"}', '', 'T', NULL, 'N', '', 'Y', '78', 'b8ab9427-627b-469f-bfd0-4b1buser0001', '2022-08-08', 'b8ab9427-627b-469f-bfd0-4b1buser0001', '2022-08-08', 'Y');
INSERT INTO sys_field(id, colName, showName, objectType, dataType, htmlType, fieldType, displayWidth, remark, defaultValue, defaultRule, extendClass, layout, showMobile, isCommon, parentId, isValid, orderNum, creatorId, createdTime, modifyId, modifyTime, isDBField) VALUES ('183abb1e-2885-43fa-ab84-5b4550680338', 'publishDate', '发布日期', 'TSK', 'datetime', 'DATE', 'S', '120', '', NULL, '{\"isRecorded\":\"N\",\"dateDefaultRule\":\"N\",\"isRequired\":\"N\"}', '', 'T', NULL, 'N', '', 'Y', '79', 'b8ab9427-627b-469f-bfd0-4b1buser0001', '2022-08-08', 'b8ab9427-627b-469f-bfd0-4b1buser0001', '2022-08-08', 'Y');
INSERT INTO sys_field(id, colName, showName, objectType, dataType, htmlType, fieldType, displayWidth, remark, defaultValue, defaultRule, extendClass, layout, showMobile, isCommon, parentId, isValid, orderNum, creatorId, createdTime, modifyId, modifyTime, isDBField) VALUES ('68c201f5-4807-4e86-bbd1-3474721a9baf', 'auditorId', '审核人', 'TSK', 'varchar', 'USER', 'S', '120', '', NULL, '{\"isRecorded\":\"N\",\"userIsMul\":\"Y\",\"isRequired\":\"N\",\"userDefaultRule\":\"CS\"}', '', 'T', NULL, 'N', '', 'Y', '81', 'b8ab9427-627b-469f-bfd0-4b1buser0001', '2022-08-08', 'b8ab9427-627b-469f-bfd0-4b1buser0001', '2022-08-08', 'Y');
INSERT INTO sys_field(id, colName, showName, objectType, dataType, htmlType, fieldType, displayWidth, remark, defaultValue, defaultRule, extendClass, layout, showMobile, isCommon, parentId, isValid, orderNum, creatorId, createdTime, modifyId, modifyTime, isDBField) VALUES ('dfd5898a-b9da-472c-bce8-f177e07e60ec', 'keyEvent', '关键事件', 'TSK', 'varchar', 'SELECT', 'S', '120', '', '', '{\"selectSource\":\"\",\"setCascade\":\"N\",\"isRecorded\":\"N\",\"isRequired\":\"N\"}', '', 'T', NULL, 'N', '', 'Y', '82', 'b8ab9427-627b-469f-bfd0-4b1buser0001', '2022-08-08', 'b8ab9427-627b-469f-bfd0-4b1buser0001', '2022-08-08', 'Y');
INSERT INTO sys_field(id, colName, showName, objectType, dataType, htmlType, fieldType, displayWidth, remark, defaultValue, defaultRule, extendClass, layout, showMobile, isCommon, parentId, isValid, orderNum, creatorId, createdTime, modifyId, modifyTime, isDBField) VALUES ('273ae078-c53b-4564-9373-7af63b10851a', 'milestoneId', '里程碑', 'TSK', 'varchar', 'SECTION', 'S', '120', '', NULL, '{\"isRecorded\":\"N\",\"isRequired\":\"N\"}', '', 'F', NULL, 'N', NULL, 'Y', '84', 'd6739e78-30db-42fb-92d7-36f683f66e9c', '2023-06-10 13:29:15', 'd6739e78-30db-42fb-92d7-36f683f66e9c', '2023-06-10 13:29:15', 'Y');
INSERT INTO sys_field(id, colName, showName, objectType, dataType, htmlType, fieldType, displayWidth, remark, defaultValue, defaultRule, extendClass, layout, showMobile, isCommon, parentId, isValid, orderNum, creatorId, createdTime, modifyId, modifyTime, isDBField) VALUES ('25e70d10-e1d6-452b-817b-2f6a9bbeef6e', 'acceptCriteria', '验收标准', 'TSK', 'varchar', 'AREA', 'S', '120', '', '', '{\"areaLength\":\"1024\",\"areaIsLimit\":\"Y\",\"areaRows\":\"8\",\"isRecorded\":\"N\",\"isRequired\":\"N\"}', '', 'F', NULL, 'N', '', 'Y', '86', 'b8ab9427-627b-469f-bfd0-4b1buser0001', '2022-08-08', 'b8ab9427-627b-469f-bfd0-4b1buser0001', '2022-08-08', 'Y');
INSERT INTO sys_field(id, colName, showName, objectType, dataType, htmlType, fieldType, displayWidth, remark, defaultValue, defaultRule, extendClass, layout, showMobile, isCommon, parentId, isValid, orderNum, creatorId, createdTime, modifyId, modifyTime, isDBField) VALUES ('e0d9ba43-a7cc-4c95-b19d-0f99c67e2e98', 'remark', '任务描述', 'TSK', 'varchar', 'AREA', 'S', '120', '', '', '{\"areaLength\":\"1024\",\"areaIsLimit\":\"Y\",\"areaRows\":\"8\",\"isRecorded\":\"N\",\"isRequired\":\"N\"}', '', 'F', NULL, 'N', '', 'Y', '88', 'b8ab9427-627b-469f-bfd0-4b1buser0001', '2022-08-08', 'b8ab9427-627b-469f-bfd0-4b1buser0001', '2022-08-08', 'Y');
INSERT INTO sys_field(id, colName, showName, objectType, dataType, htmlType, fieldType, displayWidth, remark, defaultValue, defaultRule, extendClass, layout, showMobile, isCommon, parentId, isValid, orderNum, creatorId, createdTime, modifyId, modifyTime, isDBField) VALUES ('350689c8-0a0f-4f1b-b94b-120c894a01a0', 'selfEvalId', '自我评价', 'TSK', 'varchar', 'SELECT', 'S', '120', '', '', '{\"selectSource\":\"\",\"setCascade\":\"N\",\"isRecorded\":\"N\",\"isRequired\":\"N\"}', '', 'T', NULL, 'N', '', 'Y', '89', 'b8ab9427-627b-469f-bfd0-4b1buser0001', '2022-08-08', 'b8ab9427-627b-469f-bfd0-4b1buser0001', '2022-08-08', 'Y');
INSERT INTO sys_field(id, colName, showName, objectType, dataType, htmlType, fieldType, displayWidth, remark, defaultValue, defaultRule, extendClass, layout, showMobile, isCommon, parentId, isValid, orderNum, creatorId, createdTime, modifyId, modifyTime, isDBField) VALUES ('1cd78155-52bf-4016-a0b8-8f1ed9c0306d', 'lastEvalId', '最终评价', 'TSK', 'varchar', 'SELECT', 'S', '120', '', '', '{\"selectSource\":\"69e6db0d-7c3c-43bf-86b2-ef04d8919114\",\"setCascade\":\"N\",\"isRecorded\":\"N\",\"isRequired\":\"Y\"}', '', 'T', NULL, 'N', '', 'Y', '90', 'b8ab9427-627b-469f-bfd0-4b1buser0001', '2022-08-08', 'b8ab9427-627b-469f-bfd0-4b1buser0001', '2022-08-08', 'Y');
INSERT INTO sys_field(id, colName, showName, objectType, dataType, htmlType, fieldType, displayWidth, remark, defaultValue, defaultRule, extendClass, layout, showMobile, isCommon, parentId, isValid, orderNum, creatorId, createdTime, modifyId, modifyTime, isDBField) VALUES ('4afc17d3-c2ae-4ffb-97d9-e3c20e08f572', 'specDelivery', '规范交付', 'TSK', 'varchar', 'SIGN', 'S', '120', '', NULL, '{\"isRecorded\":\"N\",\"fColor\":\"\",\"bgColor\":\"\",\"isRequired\":\"N\",\"signDefaultRule\":\"JJ\",\"isShowed\":\"N\"}', '', 'F', NULL, 'N', '', 'N', '92', 'b8ab9427-627b-469f-bfd0-4b1buser0001', '2022-08-08', 'b8ab9427-627b-469f-bfd0-4b1buser0001', '2022-08-08', 'N');
INSERT INTO sys_field(id, colName, showName, objectType, dataType, htmlType, fieldType, displayWidth, remark, defaultValue, defaultRule, extendClass, layout, showMobile, isCommon, parentId, isValid, orderNum, creatorId, createdTime, modifyId, modifyTime, isDBField) VALUES ('0e017a71-9106-43c1-9813-6356fecb5f50', 'preTaskId', '前置任务', 'TSK', 'varchar', 'TEXT', 'S', '120', '', '', '{\"isRecorded\":\"N\",\"textLength\":\"128\",\"isRequired\":\"N\"}', '', 'T', NULL, 'N', '', 'Y', '93', 'b8ab9427-627b-469f-bfd0-4b1buser0001', '2022-08-08', 'b8ab9427-627b-469f-bfd0-4b1buser0001', '2022-08-08', 'Y');
INSERT INTO sys_field(id, colName, showName, objectType, dataType, htmlType, fieldType, displayWidth, remark, defaultValue, defaultRule, extendClass, layout, showMobile, isCommon, parentId, isValid, orderNum, creatorId, createdTime, modifyId, modifyTime, isDBField) VALUES ('3944a55e-abdc-401e-a945-b7c914d3e53c', 'changeNum', '变更次数', 'TSK', 'float', 'NUMBER', 'S', '120', '', '', '{\"numberMax\":\"\",\"numberFormat\":\"D\",\"isRecorded\":\"N\",\"numberMin\":\"\",\"numberPrecision\":\"\",\"isRequired\":\"N\",\"unitId\":\"0b7d0935-7d9e-40cc-9dfd-69cccunit018\"}', '', 'T', NULL, 'N', '', 'Y', '95', 'b8ab9427-627b-469f-bfd0-4b1buser0001', '2022-08-08', 'b8ab9427-627b-469f-bfd0-4b1buser0001', '2022-08-08', 'Y');
INSERT INTO sys_field(id, colName, showName, objectType, dataType, htmlType, fieldType, displayWidth, remark, defaultValue, defaultRule, extendClass, layout, showMobile, isCommon, parentId, isValid, orderNum, creatorId, createdTime, modifyId, modifyTime, isDBField) VALUES ('3900ed2a-213f-4ffa-a5dc-1f239a25fe5f', 'lampSign', '指示灯', 'TSK', 'float', 'NUMBER', 'S', '50', '', '', '{\"numberFormat\":\"I\",\"isRecorded\":\"N\",\"isRequired\":\"N\",\"redLight\":\"80\",\"greenLight\":\"30\"}', '', 'T', NULL, 'N', '', 'Y', '96', 'b8ab9427-627b-469f-bfd0-4b1buser0001', '2022-08-08', 'b8ab9427-627b-469f-bfd0-4b1buser0001', '2022-08-08', 'Y');
INSERT INTO sys_field(id, colName, showName, objectType, dataType, htmlType, fieldType, displayWidth, remark, defaultValue, defaultRule, extendClass, layout, showMobile, isCommon, parentId, isValid, orderNum, creatorId, createdTime, modifyId, modifyTime, isDBField) VALUES ('4600df93-86f0-488d-98a6-c1755ef354b2', 'dueSign', '倒计时', 'TSK', 'float', 'NUMBER', 'S', '50', '', '', '{\"numberMax\":\"\",\"numberFormat\":\"D\",\"isRecorded\":\"N\",\"numberMin\":\"\",\"numberPrecision\":\"\",\"isRequired\":\"N\",\"unitId\":\"0b7d0935-7d9e-40cc-9dfd-69cccunit002\"}', '', 'T', NULL, 'N', '', 'Y', '98', 'b8ab9427-627b-469f-bfd0-4b1buser0001', '2022-08-08', 'b8ab9427-627b-469f-bfd0-4b1buser0001', '2022-08-08', 'Y');
INSERT INTO sys_field(id, colName, showName, objectType, dataType, htmlType, fieldType, displayWidth, remark, defaultValue, defaultRule, extendClass, layout, showMobile, isCommon, parentId, isValid, orderNum, creatorId, createdTime, modifyId, modifyTime, isDBField) VALUES ('8c969d48-f108-4671-8074-581e0f228f82', 'fileSign', '附件', 'TSK', 'varchar', 'SIGN', 'S', '120', '', NULL, '{\"isRecorded\":\"N\",\"isRequired\":\"N\",\"signDefaultRule\":\"ZDY\",\"isShowed\":\"N\"}', 'com.dream.fileSign.FileSign', 'F', NULL, 'N', NULL, 'Y', '102', 'b8ab9427-627b-469f-bfd0-4b1buser0001', '2022-08-08', 'b8ab9427-627b-469f-bfd0-4b1buser0001', '2022-08-08', 'N');
INSERT INTO sys_field(id, colName, showName, objectType, dataType, htmlType, fieldType, displayWidth, remark, defaultValue, defaultRule, extendClass, layout, showMobile, isCommon, parentId, isValid, orderNum, creatorId, createdTime, modifyId, modifyTime, isDBField) VALUES ('ba606688-d2eb-467a-b34b-12c1fa526e7a', 'creatorId', '创建人', 'TSK', 'varchar', 'USER', 'S', '120', '', NULL, '{\"isRecorded\":\"N\",\"userIsMul\":\"Y\",\"isRequired\":\"N\",\"userDefaultRule\":\"CS\"}', '', 'T', NULL, 'N', '', 'Y', '103', 'b8ab9427-627b-469f-bfd0-4b1buser0001', '2022-08-08', 'b8ab9427-627b-469f-bfd0-4b1buser0001', '2022-08-08', 'Y');
INSERT INTO sys_field(id, colName, showName, objectType, dataType, htmlType, fieldType, displayWidth, remark, defaultValue, defaultRule, extendClass, layout, showMobile, isCommon, parentId, isValid, orderNum, creatorId, createdTime, modifyId, modifyTime, isDBField) VALUES ('f5dea42b-6025-42e9-bede-c939e581e5c0', 'createdTime', '创建时间', 'TSK', 'datetime', 'DATE', 'S', '120', '', NULL, '{\"isRecorded\":\"N\",\"dateFormatRule\":\"YMDHm\",\"dateDefaultRule\":\"CD\",\"isRequired\":\"N\"}', '', 'T', NULL, 'N', NULL, 'Y', '105', 'b8ab9427-627b-469f-bfd0-4b1buser0001', '2022-08-08', 'b8ab9427-627b-469f-bfd0-4b1buser0001', '2022-08-08', 'Y');
INSERT INTO sys_field(id, colName, showName, objectType, dataType, htmlType, fieldType, displayWidth, remark, defaultValue, defaultRule, extendClass, layout, showMobile, isCommon, parentId, isValid, orderNum, creatorId, createdTime, modifyId, modifyTime, isDBField) VALUES ('970c1fae-fa7d-4c53-bb94-49c653e640ed', 'modifyId', '更新人', 'TSK', 'varchar', 'USER', 'S', '120', '', NULL, '{\"isRecorded\":\"N\",\"userIsMul\":\"Y\",\"isRequired\":\"N\",\"userDefaultRule\":\"CS\"}', '', 'T', NULL, 'N', '', 'Y', '106', 'b8ab9427-627b-469f-bfd0-4b1buser0001', '2022-08-08', 'b8ab9427-627b-469f-bfd0-4b1buser0001', '2022-08-08', 'Y');
INSERT INTO sys_field(id, colName, showName, objectType, dataType, htmlType, fieldType, displayWidth, remark, defaultValue, defaultRule, extendClass, layout, showMobile, isCommon, parentId, isValid, orderNum, creatorId, createdTime, modifyId, modifyTime, isDBField) VALUES ('69840571-f837-4b4c-9d8d-0be384e88cfc', 'modifyTime', '最新更新时间', 'TSK', 'datetime', 'DATE', 'S', '120', '', NULL, '{\"isRecorded\":\"N\",\"dateFormatRule\":\"YMDHm\",\"dateDefaultRule\":\"CD\",\"isRequired\":\"N\"}', '', 'T', NULL, 'N', NULL, 'Y', '108', 'b8ab9427-627b-469f-bfd0-4b1buser0001', '2022-08-08', 'b8ab9427-627b-469f-bfd0-4b1buser0001', '2022-08-08', 'Y');

/**任务字段排序表初始化**/
INSERT INTO sys_fieldnum(id, objectType, fieldId, orderNum) VALUES ('b34c6260-17ce-4e59-a94f-e198f5eee854', 'TSK', '4080a3a0-17f9-449d-aa76-452d8f191db3', '39');
INSERT INTO sys_fieldnum(id, objectType, fieldId, orderNum) VALUES ('2f897265-01c7-411c-a130-ff2908b6b0fc', 'TSK', '78c3a069-3ca8-4907-9fad-687af19c995b', '40');
INSERT INTO sys_fieldnum(id, objectType, fieldId, orderNum) VALUES ('b4a2a756-b9ea-478f-abe8-fb334ffad3cf', 'TSK', 'ad17fd4d-851b-4e48-a3a7-d76a38b4fffa', '41');
INSERT INTO sys_fieldnum(id, objectType, fieldId, orderNum) VALUES ('16d2b98f-2285-463b-b9a5-5f1f6336a4df', 'TSK', 'db67e37f-3f15-4af2-8136-5992b400ccf1', '42');
INSERT INTO sys_fieldnum(id, objectType, fieldId, orderNum) VALUES ('9ec9c115-48c2-430f-a9c4-5e39bbe630b5', 'TSK', 'd27f8c44-0591-4545-9096-4e4af032fa81', '46');
INSERT INTO sys_fieldnum(id, objectType, fieldId, orderNum) VALUES ('223333f3-ca33-4f92-b12b-116bcae8eeef', 'TSK', '07698511-fa9f-47e2-9f4c-5fbb1da72c44', '47');
INSERT INTO sys_fieldnum(id, objectType, fieldId, orderNum) VALUES ('1cb8e604-7b2b-4d01-aa87-4fe003964db0', 'TSK', '0f8e981e-b38f-4efb-b444-08f9598f4024', '50');
INSERT INTO sys_fieldnum(id, objectType, fieldId, orderNum) VALUES ('9917542d-9c81-4ce8-9023-62841905a62a', 'TSK', '8b57e2a0-174d-40ef-b343-2c95abaac0ac', '51');
INSERT INTO sys_fieldnum(id, objectType, fieldId, orderNum) VALUES ('41deb8e9-6444-436d-a4b7-3e1d65d9c4af', 'TSK', 'd42fc902-0d73-469e-bdaa-8fab381ed01b', '52');
INSERT INTO sys_fieldnum(id, objectType, fieldId, orderNum) VALUES ('dfb06684-370c-4e80-a898-5e1e71a219bf', 'TSK', 'ab13b4c6-0fcf-4007-8277-bdadee9fc100', '53');
INSERT INTO sys_fieldnum(id, objectType, fieldId, orderNum) VALUES ('41831697-4cef-4f97-ba61-0a8eeadb09b8', 'TSK', '59a09742-5375-4018-afff-37997f88356a', '54');
INSERT INTO sys_fieldnum(id, objectType, fieldId, orderNum) VALUES ('b7d8a738-d371-476d-976c-5898e0276775', 'TSK', '8fb169d9-674e-44d8-94b0-c3beac202897', '55');
INSERT INTO sys_fieldnum(id, objectType, fieldId, orderNum) VALUES ('f9f5a243-bf83-4c6f-8e12-2889de8d7fea', 'TSK', 'b4ef3837-2f1d-49a4-a9f5-56a4783aa6ca', '57');
INSERT INTO sys_fieldnum(id, objectType, fieldId, orderNum) VALUES ('6089d781-fe02-4a2a-84f0-3adc7a4e6cd3', 'TSK', '2773722d-448d-44a2-8349-a98de665bcf6', '58');
INSERT INTO sys_fieldnum(id, objectType, fieldId, orderNum) VALUES ('07ed5b93-da65-4f56-b7b8-4266d16facf1', 'TSK', '823cf7b2-8d60-45a0-8d19-f0fd8108c2e3', '59');
INSERT INTO sys_fieldnum(id, objectType, fieldId, orderNum) VALUES ('86c1aaf1-2ceb-4445-872d-15fbdb7cb683', 'TSK', '4a554f2b-70be-4820-9720-5ef62431ce06', '60');
INSERT INTO sys_fieldnum(id, objectType, fieldId, orderNum) VALUES ('842f92f7-d3f7-416d-9000-e9f793407392', 'TSK', '27a8130b-9446-4078-ba5c-fa47a86694f0', '61');
INSERT INTO sys_fieldnum(id, objectType, fieldId, orderNum) VALUES ('b4fde37b-7819-40f3-b1a1-7bbdb5efab7a', 'TSK', '265c9f1e-7d3e-41d1-8ad9-aa13394e34b0', '77');
INSERT INTO sys_fieldnum(id, objectType, fieldId, orderNum) VALUES ('d8cc214e-f98d-4f43-b10d-0f8da9240f94', 'TSK', '150c2aab-bc33-487c-9076-2bb7f0ea33dd', '78');
INSERT INTO sys_fieldnum(id, objectType, fieldId, orderNum) VALUES ('cbfa98ee-d83b-4dc5-a655-25e0b50f2048', 'TSK', '998a50d1-14c5-4c63-bf76-bfb474b032e0', '79');
INSERT INTO sys_fieldnum(id, objectType, fieldId, orderNum) VALUES ('8ae61518-8c7c-479c-aa3e-7a0690b9ec70', 'TSK', '45de2fff-0973-4767-aa5e-6d16aa9129e3', '80');
INSERT INTO sys_fieldnum(id, objectType, fieldId, orderNum) VALUES ('4ae58bc5-55b1-4fba-8b8a-8973040ecd6f', 'TSK', '183abb1e-2885-43fa-ab84-5b4550680338', '81');
INSERT INTO sys_fieldnum(id, objectType, fieldId, orderNum) VALUES ('2570295e-ad1f-4b80-9260-44f6f5cd5380', 'TSK', '68c201f5-4807-4e86-bbd1-3474721a9baf', '83');
INSERT INTO sys_fieldnum(id, objectType, fieldId, orderNum) VALUES ('ff504bdb-bd0a-487f-bd86-7433446ca078', 'TSK', 'dfd5898a-b9da-472c-bce8-f177e07e60ec', '84');
INSERT INTO sys_fieldnum(id, objectType, fieldId, orderNum) VALUES ('a3fd7859-d2e2-4838-896d-0d657ceb82ce', 'TSK', '273ae078-c53b-4564-9373-7af63b10851a', '86');
INSERT INTO sys_fieldnum(id, objectType, fieldId, orderNum) VALUES ('052d0e91-0db8-4692-867e-f3c51b66edd4', 'TSK', '25e70d10-e1d6-452b-817b-2f6a9bbeef6e', '88');
INSERT INTO sys_fieldnum(id, objectType, fieldId, orderNum) VALUES ('6d244297-28c3-4d21-8fdb-fd6f8967267b', 'TSK', 'e0d9ba43-a7cc-4c95-b19d-0f99c67e2e98', '90');
INSERT INTO sys_fieldnum(id, objectType, fieldId, orderNum) VALUES ('2d305335-5422-44f1-838e-89fc0e906a31', 'TSK', '350689c8-0a0f-4f1b-b94b-120c894a01a0', '91');
INSERT INTO sys_fieldnum(id, objectType, fieldId, orderNum) VALUES ('5f3d9835-2c37-4ce4-9b88-3fbdbedd9096', 'TSK', '1cd78155-52bf-4016-a0b8-8f1ed9c0306d', '92');
INSERT INTO sys_fieldnum(id, objectType, fieldId, orderNum) VALUES ('e2021994-f0c6-44b7-9c3d-0ddac852063a', 'TSK', '0e017a71-9106-43c1-9813-6356fecb5f50', '95');
INSERT INTO sys_fieldnum(id, objectType, fieldId, orderNum) VALUES ('70d919ee-a53d-43cf-8fc9-56af80db73fd', 'TSK', '3944a55e-abdc-401e-a945-b7c914d3e53c', '97');
INSERT INTO sys_fieldnum(id, objectType, fieldId, orderNum) VALUES ('70bb3b66-a32c-4506-8a35-be96eb9034c1', 'TSK', '3900ed2a-213f-4ffa-a5dc-1f239a25fe5f', '98');
INSERT INTO sys_fieldnum(id, objectType, fieldId, orderNum) VALUES ('f046113b-87e5-4ee2-9f21-b2f8bf7f2b9e', 'TSK', '4600df93-86f0-488d-98a6-c1755ef354b2', '100');
INSERT INTO sys_fieldnum(id, objectType, fieldId, orderNum) VALUES ('e24762aa-1a04-421b-a610-ffa636f295c1', 'TSK', '4afc17d3-c2ae-4ffb-97d9-e3c20e08f572', '101');
INSERT INTO sys_fieldnum(id, objectType, fieldId, orderNum) VALUES ('b54aca04-bf27-4540-855c-4756e5e7b70f', 'TSK', '8c969d48-f108-4671-8074-581e0f228f82', '104');
INSERT INTO sys_fieldnum(id, objectType, fieldId, orderNum) VALUES ('adacf0f5-5999-4075-82fb-0c8b92a1b2d0', 'TSK', 'ba606688-d2eb-467a-b34b-12c1fa526e7a', '105');
INSERT INTO sys_fieldnum(id, objectType, fieldId, orderNum) VALUES ('0171a12d-6f29-4892-b290-fb71d953de75', 'TSK', 'f5dea42b-6025-42e9-bede-c939e581e5c0', '107');
INSERT INTO sys_fieldnum(id, objectType, fieldId, orderNum) VALUES ('b39d594f-ef57-4e2a-a08b-c756e0d734be', 'TSK', '970c1fae-fa7d-4c53-bb94-49c653e640ed', '108');
INSERT INTO sys_fieldnum(id, objectType, fieldId, orderNum) VALUES ('60a00074-4b11-42e7-9f6e-3b595c333380', 'TSK', '69840571-f837-4b4c-9d8d-0be384e88cfc', '110');

INSERT INTO sys_datasource(id, objectType, name, val, isSystem, remark, isValid, orderNum, creatorId, createdTime, modifyId, modifyTime) VALUES ('ff28b9f4-56de-43b4-bbfe-67ee1ddeeedf', 'TSK', '类型', NULL, 'Y', NULL, 'Y', '1', 'b8ab9427-627b-469f-bfd0-4b1buser0001', '2022-08-08', 'b8ab9427-627b-469f-bfd0-4b1buser0001', '2022-08-08');
INSERT INTO sys_datasource(id, objectType, name, val, isSystem, remark, isValid, orderNum, creatorId, createdTime, modifyId, modifyTime) VALUES ('fe859ed0-0b1f-4b2e-844d-2762aadc4ac0', 'TSK', '优先级', NULL, 'Y', NULL, 'Y', '9', 'b8ab9427-627b-469f-bfd0-4b1buser0001', '2022-08-08', 'b8ab9427-627b-469f-bfd0-4b1buser0001', '2022-08-08');
INSERT INTO sys_datasource(id, objectType, name, val, isSystem, remark, isValid, orderNum, creatorId, createdTime, modifyId, modifyTime) VALUES ('914383ed-7dbc-4dfd-a01e-32f56b4df6f1', 'TSK', '难度系数', NULL, 'Y', NULL, 'Y', '15', 'b8ab9427-627b-469f-bfd0-4b1buser0001', '2022-08-08', 'b8ab9427-627b-469f-bfd0-4b1buser0001', '2022-08-08');
INSERT INTO sys_datasource(id, objectType, name, val, isSystem, remark, isValid, orderNum, creatorId, createdTime, modifyId, modifyTime) VALUES ('69e6db0d-7c3c-43bf-86b2-ef04d8919114', 'TSK', '最终评价', NULL, 'Y', NULL, 'Y', '16', 'b8ab9427-627b-469f-bfd0-4b1buser0001', '2022-08-08', 'b8ab9427-627b-469f-bfd0-4b1buser0001', '2022-08-08');

INSERT INTO sys_dataoption(id, objectType, name, dataBaseId, parentId, isSystem, remark, bgColor, fColor, isValid, orderNum, creatorId, createdTime, modifyId, modifyTime) VALUES ('b83ad0ed-9a14-41f7-b168-a186b73dc796', 'TSK', '优秀', '69e6db0d-7c3c-43bf-86b2-ef04d8919114', NULL, 'Y', NULL, '#04be5b', '#ffffff', 'Y', '1', 'b8ab9427-627b-469f-bfd0-4b1buser0001', '2022-08-08', 'b8ab9427-627b-469f-bfd0-4b1buser0001', '2022-08-08');
INSERT INTO sys_dataoption(id, objectType, name, dataBaseId, parentId, isSystem, remark, bgColor, fColor, isValid, orderNum, creatorId, createdTime, modifyId, modifyTime) VALUES ('c6dc9b63-9806-41d9-b09d-377025475627', 'TSK', '良好', '69e6db0d-7c3c-43bf-86b2-ef04d8919114', NULL, 'Y', NULL, '#009688', '#ffffff', 'Y', '2', 'b8ab9427-627b-469f-bfd0-4b1buser0001', '2022-08-08', 'b8ab9427-627b-469f-bfd0-4b1buser0001', '2022-08-08');
INSERT INTO sys_dataoption(id, objectType, name, dataBaseId, parentId, isSystem, remark, bgColor, fColor, isValid, orderNum, creatorId, createdTime, modifyId, modifyTime) VALUES ('923a0ea0-99d2-4a41-aa18-73490722fe01', 'TSK', '正常', '69e6db0d-7c3c-43bf-86b2-ef04d8919114', NULL, 'Y', NULL, '#46b6fe', '#ffffff', 'Y', '3', 'b8ab9427-627b-469f-bfd0-4b1buser0001', '2022-08-08', 'b8ab9427-627b-469f-bfd0-4b1buser0001', '2022-08-08');
INSERT INTO sys_dataoption(id, objectType, name, dataBaseId, parentId, isSystem, remark, bgColor, fColor, isValid, orderNum, creatorId, createdTime, modifyId, modifyTime) VALUES ('d87908ba-bf70-490b-a135-b314015ed456', 'TSK', '需改进', '69e6db0d-7c3c-43bf-86b2-ef04d8919114', NULL, 'Y', NULL, '#ff5722', '#ffffff', 'Y', '4', 'b8ab9427-627b-469f-bfd0-4b1buser0001', '2022-08-08', 'b8ab9427-627b-469f-bfd0-4b1buser0001', '2022-08-08');
INSERT INTO sys_dataoption(id, objectType, name, dataBaseId, parentId, isSystem, remark, bgColor, fColor, isValid, orderNum, creatorId, createdTime, modifyId, modifyTime) VALUES ('01aeb8b0-9162-4c19-815b-485a5d09e92a', 'TSK', '极难', '914383ed-7dbc-4dfd-a01e-32f56b4df6f1', '', 'Y', NULL, '', '', 'Y', '67', 'b8ab9427-627b-469f-bfd0-4b1buser0001', '2022-08-08', 'b8ab9427-627b-469f-bfd0-4b1buser0001', '2022-08-08');
INSERT INTO sys_dataoption(id, objectType, name, dataBaseId, parentId, isSystem, remark, bgColor, fColor, isValid, orderNum, creatorId, createdTime, modifyId, modifyTime) VALUES ('53fef351-ab03-44dd-ad94-852b4a0d85a0', 'TSK', '容易', '914383ed-7dbc-4dfd-a01e-32f56b4df6f1', '', 'Y', NULL, '', '', 'Y', '73', 'b8ab9427-627b-469f-bfd0-4b1buser0001', '2022-08-08', 'b8ab9427-627b-469f-bfd0-4b1buser0001', '2022-08-08');
INSERT INTO sys_dataoption(id, objectType, name, dataBaseId, parentId, isSystem, remark, bgColor, fColor, isValid, orderNum, creatorId, createdTime, modifyId, modifyTime) VALUES ('844a65c8-5339-4565-829f-133a67ccb40a', 'TSK', '一般', '914383ed-7dbc-4dfd-a01e-32f56b4df6f1', '', 'Y', NULL, '', '', 'Y', '74', 'b8ab9427-627b-469f-bfd0-4b1buser0001', '2022-08-08', 'b8ab9427-627b-469f-bfd0-4b1buser0001', '2022-08-08');
INSERT INTO sys_dataoption(id, objectType, name, dataBaseId, parentId, isSystem, remark, bgColor, fColor, isValid, orderNum, creatorId, createdTime, modifyId, modifyTime) VALUES ('2345a467-d45d-4527-9b9b-6defa0305ada', 'TSK', '难', '914383ed-7dbc-4dfd-a01e-32f56b4df6f1', '', 'Y', NULL, '', '', 'Y', '75', 'b8ab9427-627b-469f-bfd0-4b1buser0001', '2022-08-08', 'b8ab9427-627b-469f-bfd0-4b1buser0001', '2022-08-08');
INSERT INTO sys_dataoption(id, objectType, name, dataBaseId, parentId, isSystem, remark, bgColor, fColor, isValid, orderNum, creatorId, createdTime, modifyId, modifyTime) VALUES ('aba45061-9d98-4bad-84f6-d4663fa142b2', 'TSK', '重要 紧急', 'fe859ed0-0b1f-4b2e-844d-2762aadc4ac0', '', 'Y', NULL, '#ff0000', '#ffffff', 'Y', '2', 'b8ab9427-627b-469f-bfd0-4b1buser0001', '2022-08-08', 'b8ab9427-627b-469f-bfd0-4b1buser0001', '2022-08-08');
INSERT INTO sys_dataoption(id, objectType, name, dataBaseId, parentId, isSystem, remark, bgColor, fColor, isValid, orderNum, creatorId, createdTime, modifyId, modifyTime) VALUES ('5995c8f4-6699-412e-94c2-235e3e0030b7', 'TSK', '重要 不紧急', 'fe859ed0-0b1f-4b2e-844d-2762aadc4ac0', '', 'Y', NULL, '#ff9948', '#ffffff', 'Y', '81', 'b8ab9427-627b-469f-bfd0-4b1buser0001', '2022-08-08', 'b8ab9427-627b-469f-bfd0-4b1buser0001', '2022-08-08');
INSERT INTO sys_dataoption(id, objectType, name, dataBaseId, parentId, isSystem, remark, bgColor, fColor, isValid, orderNum, creatorId, createdTime, modifyId, modifyTime) VALUES ('fb1a316f-d838-4515-950a-161875bf4f30', 'TSK', '普通 紧急', 'fe859ed0-0b1f-4b2e-844d-2762aadc4ac0', '', 'Y', NULL, '#5cc5cd', '#ffffff', 'Y', '82', 'b8ab9427-627b-469f-bfd0-4b1buser0001', '2022-08-08', 'b8ab9427-627b-469f-bfd0-4b1buser0001', '2022-08-08');
INSERT INTO sys_dataoption(id, objectType, name, dataBaseId, parentId, isSystem, remark, bgColor, fColor, isValid, orderNum, creatorId, createdTime, modifyId, modifyTime) VALUES ('636a0a6b-de78-4d28-b894-4590a1e17fa2', 'TSK', '普通 不紧急', 'fe859ed0-0b1f-4b2e-844d-2762aadc4ac0', '', 'Y', NULL, '#c0c0c0', '#ffffff', 'Y', '83', 'b8ab9427-627b-469f-bfd0-4b1buser0001', '2022-08-08', 'b8ab9427-627b-469f-bfd0-4b1buser0001', '2022-08-08');
INSERT INTO sys_dataoption(id, objectType, name, dataBaseId, parentId, isSystem, remark, bgColor, fColor, isValid, orderNum, creatorId, createdTime, modifyId, modifyTime) VALUES ('76a98730-6e03-4432-b6cb-c21d4b86afe6', 'TSK', '方案设计', 'ff28b9f4-56de-43b4-bbfe-67ee1ddeeedf', NULL, 'Y', NULL, '', '', 'Y', '1', 'b8ab9427-627b-469f-bfd0-4b1buser0001', '2022-08-08', 'b8ab9427-627b-469f-bfd0-4b1buser0001', '2022-08-08');
INSERT INTO sys_dataoption(id, objectType, name, dataBaseId, parentId, isSystem, remark, bgColor, fColor, isValid, orderNum, creatorId, createdTime, modifyId, modifyTime) VALUES ('c1f2728b-4673-49bd-8832-464cb826199d', 'TSK', '软件开发', 'ff28b9f4-56de-43b4-bbfe-67ee1ddeeedf', NULL, 'Y', NULL, '', '', 'Y', '2', 'b8ab9427-627b-469f-bfd0-4b1buser0001', '2022-08-08', 'b8ab9427-627b-469f-bfd0-4b1buser0001', '2022-08-08');
INSERT INTO sys_dataoption(id, objectType, name, dataBaseId, parentId, isSystem, remark, bgColor, fColor, isValid, orderNum, creatorId, createdTime, modifyId, modifyTime) VALUES ('447bb4b2-b890-436d-b5ff-ce9425aae45d', 'TSK', '硬件开发', 'ff28b9f4-56de-43b4-bbfe-67ee1ddeeedf', NULL, 'Y', NULL, '', '', 'Y', '3', 'b8ab9427-627b-469f-bfd0-4b1buser0001', '2022-08-08', 'b8ab9427-627b-469f-bfd0-4b1buser0001', '2022-08-08');
INSERT INTO sys_dataoption(id, objectType, name, dataBaseId, parentId, isSystem, remark, bgColor, fColor, isValid, orderNum, creatorId, createdTime, modifyId, modifyTime) VALUES ('90009e01-92c4-4b35-b607-27babbc98114', 'TSK', '集成测试', 'ff28b9f4-56de-43b4-bbfe-67ee1ddeeedf', NULL, 'Y', NULL, '', '', 'Y', '4', 'b8ab9427-627b-469f-bfd0-4b1buser0001', '2022-08-08', 'b8ab9427-627b-469f-bfd0-4b1buser0001', '2022-08-08');
INSERT INTO sys_dataoption(id, objectType, name, dataBaseId, parentId, isSystem, remark, bgColor, fColor, isValid, orderNum, creatorId, createdTime, modifyId, modifyTime) VALUES ('971e4a9b-2c06-4811-9bbb-a05d19862780', 'TSK', '技术评审', 'ff28b9f4-56de-43b4-bbfe-67ee1ddeeedf', NULL, 'Y', NULL, '', '', 'Y', '5', 'b8ab9427-627b-469f-bfd0-4b1buser0001', '2022-08-08', 'b8ab9427-627b-469f-bfd0-4b1buser0001', '2022-08-08');
INSERT INTO sys_dataoption(id, objectType, name, dataBaseId, parentId, isSystem, remark, bgColor, fColor, isValid, orderNum, creatorId, createdTime, modifyId, modifyTime) VALUES ('a7f2e57f-76db-4b44-bb75-5922c53e87e3', 'TSK', '资料开发', 'ff28b9f4-56de-43b4-bbfe-67ee1ddeeedf', NULL, 'Y', NULL, '', '', 'Y', '6', 'b8ab9427-627b-469f-bfd0-4b1buser0001', '2022-08-08', 'b8ab9427-627b-469f-bfd0-4b1buser0001', '2022-08-08');

/**新建任务、查看任务、填写进展、任务审核表单页面配置**/
INSERT INTO sys_pagefield_rlt(id, pageId, fieldId, orderNum, isRequired, isReaded, isReseted, isRecorded, isShowed, layout, isValid, module) VALUES ('8382b3f2-0cd4-44fc-81ff-766bbb40558a', '07698511-fa9f-47e2-9f4c-5fbbftask002', '4080a3a0-17f9-449d-aa76-452d8f191db3', '1', 'Y', 'N', 'N', 'N', NULL, 'F', 'Y', NULL);
INSERT INTO sys_pagefield_rlt(id, pageId, fieldId, orderNum, isRequired, isReaded, isReseted, isRecorded, isShowed, layout, isValid, module) VALUES ('dc44f731-8525-4940-8310-ae6bdd6c110c', '07698511-fa9f-47e2-9f4c-5fbbftask002', '78c3a069-3ca8-4907-9fad-687af19c995b', '2', 'N', 'N', 'N', 'N', NULL, 'F', 'Y', NULL);
INSERT INTO sys_pagefield_rlt(id, pageId, fieldId, orderNum, isRequired, isReaded, isReseted, isRecorded, isShowed, layout, isValid, module) VALUES ('6f7c2591-81c3-4dc6-9d9a-17f192869336', '07698511-fa9f-47e2-9f4c-5fbbftask002', 'ad17fd4d-851b-4e48-a3a7-d76a38b4fffa', '3', 'N', 'N', 'N', 'N', NULL, 'T', 'Y', NULL);
INSERT INTO sys_pagefield_rlt(id, pageId, fieldId, orderNum, isRequired, isReaded, isReseted, isRecorded, isShowed, layout, isValid, module) VALUES ('373da5a5-e2d2-4476-aa15-f84b9fcca474', '07698511-fa9f-47e2-9f4c-5fbbftask002', 'db67e37f-3f15-4af2-8136-5992b400ccf1', '4', 'N', 'N', 'N', 'N', NULL, 'T', 'Y', NULL);
INSERT INTO sys_pagefield_rlt(id, pageId, fieldId, orderNum, isRequired, isReaded, isReseted, isRecorded, isShowed, layout, isValid, module) VALUES ('bd2e1739-c012-4bfe-93b2-527eb5ad3436', '07698511-fa9f-47e2-9f4c-5fbbftask002', 'd27f8c44-0591-4545-9096-4e4af032fa81', '5', 'Y', 'N', 'N', 'N', NULL, 'T', 'Y', NULL);
INSERT INTO sys_pagefield_rlt(id, pageId, fieldId, orderNum, isRequired, isReaded, isReseted, isRecorded, isShowed, layout, isValid, module) VALUES ('6f690139-4a21-4412-997f-67e57c6749c0', '07698511-fa9f-47e2-9f4c-5fbbftask002', '07698511-fa9f-47e2-9f4c-5fbb1da72c44', '6', 'Y', 'N', 'N', 'N', NULL, 'T', 'Y', NULL);
INSERT INTO sys_pagefield_rlt(id, pageId, fieldId, orderNum, isRequired, isReaded, isReseted, isRecorded, isShowed, layout, isValid, module) VALUES ('6632ff85-a127-424b-9269-e81e75594bbb', '07698511-fa9f-47e2-9f4c-5fbbftask002', '0f8e981e-b38f-4efb-b444-08f9598f4024', '7', 'Y', 'N', 'N', 'N', NULL, 'T', 'Y', NULL);
INSERT INTO sys_pagefield_rlt(id, pageId, fieldId, orderNum, isRequired, isReaded, isReseted, isRecorded, isShowed, layout, isValid, module) VALUES ('e0d4076f-8d07-4e57-8987-e17abadef6a1', '07698511-fa9f-47e2-9f4c-5fbbftask002', '8b57e2a0-174d-40ef-b343-2c95abaac0ac', '8', 'Y', 'N', 'N', 'N', NULL, 'T', 'Y', NULL);
INSERT INTO sys_pagefield_rlt(id, pageId, fieldId, orderNum, isRequired, isReaded, isReseted, isRecorded, isShowed, layout, isValid, module) VALUES ('fc0ccd81-25bf-4b4b-8af9-4940ff84d2fe', '07698511-fa9f-47e2-9f4c-5fbbftask002', '59a09742-5375-4018-afff-37997f88356a', '9', 'Y', 'N', 'N', 'N', NULL, 'T', 'Y', NULL);
INSERT INTO sys_pagefield_rlt(id, pageId, fieldId, orderNum, isRequired, isReaded, isReseted, isRecorded, isShowed, layout, isValid, module) VALUES ('f821f4c5-72b8-450d-99ab-2e1c8a338aad', '07698511-fa9f-47e2-9f4c-5fbbftask002', '2773722d-448d-44a2-8349-a98de665bcf6', '10', 'N', 'Y', 'N', 'N', NULL, 'T', 'Y', NULL);
INSERT INTO sys_pagefield_rlt(id, pageId, fieldId, orderNum, isRequired, isReaded, isReseted, isRecorded, isShowed, layout, isValid, module) VALUES ('4e765fb7-0600-4c48-bdc2-2eaad9994d09', '07698511-fa9f-47e2-9f4c-5fbbftask002', '150c2aab-bc33-487c-9076-2bb7f0ea33dd', '11', 'Y', 'N', 'N', 'N', NULL, 'T', 'Y', NULL);
INSERT INTO sys_pagefield_rlt(id, pageId, fieldId, orderNum, isRequired, isReaded, isReseted, isRecorded, isShowed, layout, isValid, module) VALUES ('e49c1e40-bc64-4202-8a22-aec28cb9baee', '07698511-fa9f-47e2-9f4c-5fbbftask002', '68c201f5-4807-4e86-bbd1-3474721a9baf', '12', 'N', 'N', 'N', 'N', NULL, 'T', 'Y', NULL);
INSERT INTO sys_pagefield_rlt(id, pageId, fieldId, orderNum, isRequired, isReaded, isReseted, isRecorded, isShowed, layout, isValid, module) VALUES ('313969a8-9b2b-4124-88bf-42111580273c', '07698511-fa9f-47e2-9f4c-5fbbftask002', '998a50d1-14c5-4c63-bf76-bfb474b032e0', '13', 'N', 'N', 'N', 'N', NULL, 'F', 'Y', NULL);
INSERT INTO sys_pagefield_rlt(id, pageId, fieldId, orderNum, isRequired, isReaded, isReseted, isRecorded, isShowed, layout, isValid, module) VALUES ('d5f1eb92-fc36-40ee-997b-af67cb7044a9', '07698511-fa9f-47e2-9f4c-5fbbftask002', 'e0d9ba43-a7cc-4c95-b19d-0f99c67e2e98', '14', 'N', 'N', 'N', 'N', NULL, 'F', 'Y', NULL);
INSERT INTO sys_pagefield_rlt(id, pageId, fieldId, orderNum, isRequired, isReaded, isReseted, isRecorded, isShowed, layout, isValid, module) VALUES ('b94e3d6d-207e-45c5-8124-e5d9bbecc104', '07698511-fa9f-47e2-9f4c-5fbbftask002', '25e70d10-e1d6-452b-817b-2f6a9bbeef6e', '15', 'N', 'N', 'N', 'N', NULL, 'F', 'Y', NULL);
INSERT INTO sys_pagefield_rlt(id, pageId, fieldId, orderNum, isRequired, isReaded, isReseted, isRecorded, isShowed, layout, isValid, module) VALUES ('9b8ea69b-eb35-469f-9e74-3f1fe3bfa637', '07698511-fa9f-47e2-9f4c-5fbbftask003', 'detail_sign', '1', NULL, NULL, NULL, NULL, 'N', 'F', 'Y', NULL);
INSERT INTO sys_pagefield_rlt(id, pageId, fieldId, orderNum, isRequired, isReaded, isReseted, isRecorded, isShowed, layout, isValid, module) VALUES ('7673cdc8-e9a1-47ca-b3de-9cda8a62c534', '07698511-fa9f-47e2-9f4c-5fbbftask003', '4080a3a0-17f9-449d-aa76-452d8f191db3', '2', 'N', 'Y', 'N', 'N', NULL, 'F', 'Y', NULL);
INSERT INTO sys_pagefield_rlt(id, pageId, fieldId, orderNum, isRequired, isReaded, isReseted, isRecorded, isShowed, layout, isValid, module) VALUES ('adfc47b5-7503-48c5-9b61-ce43eda3ba0a', '07698511-fa9f-47e2-9f4c-5fbbftask003', '78c3a069-3ca8-4907-9fad-687af19c995b', '3', 'N', 'Y', 'N', 'N', NULL, 'F', 'Y', NULL);
INSERT INTO sys_pagefield_rlt(id, pageId, fieldId, orderNum, isRequired, isReaded, isReseted, isRecorded, isShowed, layout, isValid, module) VALUES ('db4dbfd5-9e04-4672-9723-c75c5f5ea144', '07698511-fa9f-47e2-9f4c-5fbbftask003', 'ad17fd4d-851b-4e48-a3a7-d76a38b4fffa', '4', 'N', 'Y', 'N', 'N', NULL, 'T', 'Y', NULL);
INSERT INTO sys_pagefield_rlt(id, pageId, fieldId, orderNum, isRequired, isReaded, isReseted, isRecorded, isShowed, layout, isValid, module) VALUES ('8f5229be-6b7b-4684-9c53-90eed4c078ec', '07698511-fa9f-47e2-9f4c-5fbbftask003', 'db67e37f-3f15-4af2-8136-5992b400ccf1', '5', 'N', 'Y', 'N', 'N', NULL, 'T', 'Y', NULL);
INSERT INTO sys_pagefield_rlt(id, pageId, fieldId, orderNum, isRequired, isReaded, isReseted, isRecorded, isShowed, layout, isValid, module) VALUES ('20835969-4ee8-4a95-8818-34c8d52bf354', '07698511-fa9f-47e2-9f4c-5fbbftask003', 'd27f8c44-0591-4545-9096-4e4af032fa81', '6', 'N', 'Y', 'N', 'N', NULL, 'T', 'Y', NULL);
INSERT INTO sys_pagefield_rlt(id, pageId, fieldId, orderNum, isRequired, isReaded, isReseted, isRecorded, isShowed, layout, isValid, module) VALUES ('b58a269c-7da4-4df4-a3ea-232b1ff4647e', '07698511-fa9f-47e2-9f4c-5fbbftask003', '07698511-fa9f-47e2-9f4c-5fbb1da72c44', '7', 'N', 'Y', 'N', 'N', NULL, 'T', 'Y', NULL);
INSERT INTO sys_pagefield_rlt(id, pageId, fieldId, orderNum, isRequired, isReaded, isReseted, isRecorded, isShowed, layout, isValid, module) VALUES ('3988ab01-1086-4ca1-b705-76264b15d25f', '07698511-fa9f-47e2-9f4c-5fbbftask003', '0f8e981e-b38f-4efb-b444-08f9598f4024', '8', 'N', 'Y', 'N', 'N', NULL, 'T', 'Y', NULL);
INSERT INTO sys_pagefield_rlt(id, pageId, fieldId, orderNum, isRequired, isReaded, isReseted, isRecorded, isShowed, layout, isValid, module) VALUES ('0a5e18e6-59f9-4a4a-9f03-6359c8530d3d', '07698511-fa9f-47e2-9f4c-5fbbftask003', '8b57e2a0-174d-40ef-b343-2c95abaac0ac', '9', 'N', 'Y', 'N', 'N', NULL, 'T', 'Y', NULL);
INSERT INTO sys_pagefield_rlt(id, pageId, fieldId, orderNum, isRequired, isReaded, isReseted, isRecorded, isShowed, layout, isValid, module) VALUES ('50df2f54-77de-47fa-813b-714d1b3f8afb', '07698511-fa9f-47e2-9f4c-5fbbftask003', 'ab13b4c6-0fcf-4007-8277-bdadee9fc100', '10', 'N', 'Y', 'N', 'N', NULL, 'T', 'Y', NULL);
INSERT INTO sys_pagefield_rlt(id, pageId, fieldId, orderNum, isRequired, isReaded, isReseted, isRecorded, isShowed, layout, isValid, module) VALUES ('1d8a6ba8-a8f9-480f-9ad6-7b0e4697cd78', '07698511-fa9f-47e2-9f4c-5fbbftask003', 'd42fc902-0d73-469e-bdaa-8fab381ed01b', '11', 'N', 'Y', 'N', 'N', NULL, 'T', 'Y', NULL);
INSERT INTO sys_pagefield_rlt(id, pageId, fieldId, orderNum, isRequired, isReaded, isReseted, isRecorded, isShowed, layout, isValid, module) VALUES ('0564c207-a956-47df-9700-d228c806e775', '07698511-fa9f-47e2-9f4c-5fbbftask003', '59a09742-5375-4018-afff-37997f88356a', '12', 'N', 'Y', 'N', 'N', NULL, 'T', 'Y', NULL);
INSERT INTO sys_pagefield_rlt(id, pageId, fieldId, orderNum, isRequired, isReaded, isReseted, isRecorded, isShowed, layout, isValid, module) VALUES ('a03f8b59-3cea-4062-8e10-04a2062d5947', '07698511-fa9f-47e2-9f4c-5fbbftask003', '8fb169d9-674e-44d8-94b0-c3beac202897', '13', 'N', 'Y', 'N', 'N', NULL, 'T', 'Y', NULL);
INSERT INTO sys_pagefield_rlt(id, pageId, fieldId, orderNum, isRequired, isReaded, isReseted, isRecorded, isShowed, layout, isValid, module) VALUES ('68473a62-f7d6-40f3-a6eb-ffb8d262efca', '07698511-fa9f-47e2-9f4c-5fbbftask003', '2773722d-448d-44a2-8349-a98de665bcf6', '14', 'N', 'Y', 'N', 'N', NULL, 'T', 'Y', NULL);
INSERT INTO sys_pagefield_rlt(id, pageId, fieldId, orderNum, isRequired, isReaded, isReseted, isRecorded, isShowed, layout, isValid, module) VALUES ('750220da-9bc3-49a7-a09a-e0e7458fb712', '07698511-fa9f-47e2-9f4c-5fbbftask003', '823cf7b2-8d60-45a0-8d19-f0fd8108c2e3', '15', 'N', 'Y', 'N', 'N', NULL, 'T', 'Y', NULL);
INSERT INTO sys_pagefield_rlt(id, pageId, fieldId, orderNum, isRequired, isReaded, isReseted, isRecorded, isShowed, layout, isValid, module) VALUES ('bcfb3df9-73e6-4aa2-9117-f9bd8359a69c', '07698511-fa9f-47e2-9f4c-5fbbftask003', '4a554f2b-70be-4820-9720-5ef62431ce06', '16', 'N', 'Y', 'N', 'N', NULL, 'T', 'Y', NULL);
INSERT INTO sys_pagefield_rlt(id, pageId, fieldId, orderNum, isRequired, isReaded, isReseted, isRecorded, isShowed, layout, isValid, module) VALUES ('d240b97d-0ede-4dd1-9456-fca70d26f6dd', '07698511-fa9f-47e2-9f4c-5fbbftask003', '27a8130b-9446-4078-ba5c-fa47a86694f0', '17', 'N', 'Y', 'N', 'N', NULL, 'T', 'Y', NULL);
INSERT INTO sys_pagefield_rlt(id, pageId, fieldId, orderNum, isRequired, isReaded, isReseted, isRecorded, isShowed, layout, isValid, module) VALUES ('eeacc134-2d57-4565-a375-aebbfa1dfde3', '07698511-fa9f-47e2-9f4c-5fbbftask003', '150c2aab-bc33-487c-9076-2bb7f0ea33dd', '18', 'N', 'Y', 'N', 'N', NULL, 'T', 'Y', NULL);
INSERT INTO sys_pagefield_rlt(id, pageId, fieldId, orderNum, isRequired, isReaded, isReseted, isRecorded, isShowed, layout, isValid, module) VALUES ('da2bd3e0-cf4e-4fdb-a724-43213d2d2eec', '07698511-fa9f-47e2-9f4c-5fbbftask003', '68c201f5-4807-4e86-bbd1-3474721a9baf', '19', 'N', 'Y', 'N', 'N', NULL, 'T', 'Y', NULL);
INSERT INTO sys_pagefield_rlt(id, pageId, fieldId, orderNum, isRequired, isReaded, isReseted, isRecorded, isShowed, layout, isValid, module) VALUES ('d07fa037-cdd1-4890-8240-22a08d64efa9', '07698511-fa9f-47e2-9f4c-5fbbftask003', '998a50d1-14c5-4c63-bf76-bfb474b032e0', '20', 'N', 'Y', 'N', 'N', NULL, 'T', 'Y', NULL);
INSERT INTO sys_pagefield_rlt(id, pageId, fieldId, orderNum, isRequired, isReaded, isReseted, isRecorded, isShowed, layout, isValid, module) VALUES ('082beb2d-8df2-433f-8d00-fa50096a34a9', '07698511-fa9f-47e2-9f4c-5fbbftask003', '3944a55e-abdc-401e-a945-b7c914d3e53c', '21', 'N', 'Y', 'N', 'N', NULL, 'T', 'Y', NULL);
INSERT INTO sys_pagefield_rlt(id, pageId, fieldId, orderNum, isRequired, isReaded, isReseted, isRecorded, isShowed, layout, isValid, module) VALUES ('c371d67d-fbb4-47f8-965a-c82fb37f67c5', '07698511-fa9f-47e2-9f4c-5fbbftask003', '25e70d10-e1d6-452b-817b-2f6a9bbeef6e', '22', 'N', 'Y', 'N', 'N', NULL, 'F', 'Y', NULL);
INSERT INTO sys_pagefield_rlt(id, pageId, fieldId, orderNum, isRequired, isReaded, isReseted, isRecorded, isShowed, layout, isValid, module) VALUES ('2d4f2c49-38a1-422b-b0d6-fe93799604ed', '07698511-fa9f-47e2-9f4c-5fbbftask003', 'e0d9ba43-a7cc-4c95-b19d-0f99c67e2e98', '23', 'N', 'Y', 'N', 'N', NULL, 'F', 'Y', NULL);
INSERT INTO sys_pagefield_rlt(id, pageId, fieldId, orderNum, isRequired, isReaded, isReseted, isRecorded, isShowed, layout, isValid, module) VALUES ('ecef5c2a-449a-4f02-9898-ccc8505f1451', '07698511-fa9f-47e2-9f4c-5fbbftask005', 'report_report_sign', '1', NULL, NULL, NULL, NULL, 'N', 'F', 'Y', NULL);
INSERT INTO sys_pagefield_rlt(id, pageId, fieldId, orderNum, isRequired, isReaded, isReseted, isRecorded, isShowed, layout, isValid, module) VALUES ('9b47835d-9f75-459b-9f27-78a0356f50af', '07698511-fa9f-47e2-9f4c-5fbbftask005', 'report_action_date', '2', 'Y', 'N', 'N', 'N', NULL, 'T', 'Y', NULL);
INSERT INTO sys_pagefield_rlt(id, pageId, fieldId, orderNum, isRequired, isReaded, isReseted, isRecorded, isShowed, layout, isValid, module) VALUES ('6c06623e-1ec8-42cb-a031-caf3136694e8', '07698511-fa9f-47e2-9f4c-5fbbftask005', 'report_rate', '3', 'Y', 'N', 'N', 'N', NULL, 'T', 'Y', NULL);
INSERT INTO sys_pagefield_rlt(id, pageId, fieldId, orderNum, isRequired, isReaded, isReseted, isRecorded, isShowed, layout, isValid, module) VALUES ('e6faf702-a6ca-46a4-bffa-3cfc095ebe84', '07698511-fa9f-47e2-9f4c-5fbbftask005', 'report_in_work', '4', 'Y', 'N', 'N', 'N', NULL, 'T', 'Y', NULL);
INSERT INTO sys_pagefield_rlt(id, pageId, fieldId, orderNum, isRequired, isReaded, isReseted, isRecorded, isShowed, layout, isValid, module) VALUES ('c7bc5c68-9297-4939-8f9d-f2bf54e102a5', '07698511-fa9f-47e2-9f4c-5fbbftask005', 'report_remain_work', '5', 'N', 'N', 'N', 'N', NULL, 'T', 'Y', NULL);
INSERT INTO sys_pagefield_rlt(id, pageId, fieldId, orderNum, isRequired, isReaded, isReseted, isRecorded, isShowed, layout, isValid, module) VALUES ('c92c1cda-3329-4ffb-86a7-b583ef9bf23c', '07698511-fa9f-47e2-9f4c-5fbbftask005', 'report_question', '6', 'N', 'N', 'N', 'N', NULL, 'F', 'Y', NULL);
INSERT INTO sys_pagefield_rlt(id, pageId, fieldId, orderNum, isRequired, isReaded, isReseted, isRecorded, isShowed, layout, isValid, module) VALUES ('91cb76db-a736-4929-9a66-2a99a84174ea', '07698511-fa9f-47e2-9f4c-5fbbftask005', 'detail_sign', '7', NULL, NULL, NULL, NULL, 'N', 'F', 'Y', NULL);
INSERT INTO sys_pagefield_rlt(id, pageId, fieldId, orderNum, isRequired, isReaded, isReseted, isRecorded, isShowed, layout, isValid, module) VALUES ('37ee1e33-9145-44f8-b197-99060f2b32cf', '07698511-fa9f-47e2-9f4c-5fbbftask005', '4080a3a0-17f9-449d-aa76-452d8f191db3', '8', 'N', 'Y', 'N', 'N', NULL, 'F', 'Y', NULL);
INSERT INTO sys_pagefield_rlt(id, pageId, fieldId, orderNum, isRequired, isReaded, isReseted, isRecorded, isShowed, layout, isValid, module) VALUES ('dcdf35f0-4075-4225-8284-f9ab9af6cbb0', '07698511-fa9f-47e2-9f4c-5fbbftask005', '78c3a069-3ca8-4907-9fad-687af19c995b', '9', 'N', 'Y', 'N', 'N', NULL, 'F', 'Y', NULL);
INSERT INTO sys_pagefield_rlt(id, pageId, fieldId, orderNum, isRequired, isReaded, isReseted, isRecorded, isShowed, layout, isValid, module) VALUES ('801f620b-b35c-462b-a47e-8130c08598b1', '07698511-fa9f-47e2-9f4c-5fbbftask005', 'ad17fd4d-851b-4e48-a3a7-d76a38b4fffa', '10', 'N', 'Y', 'N', 'N', NULL, 'T', 'Y', NULL);
INSERT INTO sys_pagefield_rlt(id, pageId, fieldId, orderNum, isRequired, isReaded, isReseted, isRecorded, isShowed, layout, isValid, module) VALUES ('5b276747-0f23-46c5-8031-beb5fa430dfc', '07698511-fa9f-47e2-9f4c-5fbbftask005', 'db67e37f-3f15-4af2-8136-5992b400ccf1', '11', 'N', 'Y', 'N', 'N', NULL, 'T', 'Y', NULL);
INSERT INTO sys_pagefield_rlt(id, pageId, fieldId, orderNum, isRequired, isReaded, isReseted, isRecorded, isShowed, layout, isValid, module) VALUES ('f7ced4ae-f2ed-47c3-ac80-f512ee1bf406', '07698511-fa9f-47e2-9f4c-5fbbftask005', 'd27f8c44-0591-4545-9096-4e4af032fa81', '12', 'N', 'Y', 'N', 'N', NULL, 'T', 'Y', NULL);
INSERT INTO sys_pagefield_rlt(id, pageId, fieldId, orderNum, isRequired, isReaded, isReseted, isRecorded, isShowed, layout, isValid, module) VALUES ('846f1f33-d4d4-42b2-9e87-f0b58eb42e7e', '07698511-fa9f-47e2-9f4c-5fbbftask005', '07698511-fa9f-47e2-9f4c-5fbb1da72c44', '13', 'N', 'Y', 'N', 'N', NULL, 'T', 'Y', NULL);
INSERT INTO sys_pagefield_rlt(id, pageId, fieldId, orderNum, isRequired, isReaded, isReseted, isRecorded, isShowed, layout, isValid, module) VALUES ('f5b80a92-72cd-4aa0-a7ad-a17304fb9b2f', '07698511-fa9f-47e2-9f4c-5fbbftask005', '0f8e981e-b38f-4efb-b444-08f9598f4024', '14', 'N', 'Y', 'N', 'N', NULL, 'T', 'Y', NULL);
INSERT INTO sys_pagefield_rlt(id, pageId, fieldId, orderNum, isRequired, isReaded, isReseted, isRecorded, isShowed, layout, isValid, module) VALUES ('7cf74ebd-d5bc-4a93-8762-a4f7047eb959', '07698511-fa9f-47e2-9f4c-5fbbftask005', '8b57e2a0-174d-40ef-b343-2c95abaac0ac', '15', 'N', 'Y', 'N', 'N', NULL, 'T', 'Y', NULL);
INSERT INTO sys_pagefield_rlt(id, pageId, fieldId, orderNum, isRequired, isReaded, isReseted, isRecorded, isShowed, layout, isValid, module) VALUES ('268ef2df-6d7d-4179-94ab-ed3e93f5af96', '07698511-fa9f-47e2-9f4c-5fbbftask005', 'd42fc902-0d73-469e-bdaa-8fab381ed01b', '16', 'N', 'Y', 'N', 'N', NULL, 'T', 'Y', NULL);
INSERT INTO sys_pagefield_rlt(id, pageId, fieldId, orderNum, isRequired, isReaded, isReseted, isRecorded, isShowed, layout, isValid, module) VALUES ('25b6e84c-54f7-4588-b952-47a6e2f0e53d', '07698511-fa9f-47e2-9f4c-5fbbftask005', 'ab13b4c6-0fcf-4007-8277-bdadee9fc100', '17', 'N', 'Y', 'N', 'N', NULL, 'T', 'Y', NULL);
INSERT INTO sys_pagefield_rlt(id, pageId, fieldId, orderNum, isRequired, isReaded, isReseted, isRecorded, isShowed, layout, isValid, module) VALUES ('2a963447-fe04-4145-9632-9c4864ac2881', '07698511-fa9f-47e2-9f4c-5fbbftask005', '59a09742-5375-4018-afff-37997f88356a', '18', 'N', 'Y', 'N', 'N', NULL, 'T', 'Y', NULL);
INSERT INTO sys_pagefield_rlt(id, pageId, fieldId, orderNum, isRequired, isReaded, isReseted, isRecorded, isShowed, layout, isValid, module) VALUES ('3ab3f8c9-631c-458c-b698-2a5c8101bf30', '07698511-fa9f-47e2-9f4c-5fbbftask005', '8fb169d9-674e-44d8-94b0-c3beac202897', '19', 'N', 'Y', 'N', 'N', NULL, 'T', 'Y', NULL);
INSERT INTO sys_pagefield_rlt(id, pageId, fieldId, orderNum, isRequired, isReaded, isReseted, isRecorded, isShowed, layout, isValid, module) VALUES ('bbc90ff0-1ff3-4f80-bd40-c555df5c99bf', '07698511-fa9f-47e2-9f4c-5fbbftask005', '2773722d-448d-44a2-8349-a98de665bcf6', '20', 'N', 'Y', 'N', 'N', NULL, 'T', 'Y', NULL);
INSERT INTO sys_pagefield_rlt(id, pageId, fieldId, orderNum, isRequired, isReaded, isReseted, isRecorded, isShowed, layout, isValid, module) VALUES ('b16a0805-40b6-4258-b1a6-aee81d98d36d', '07698511-fa9f-47e2-9f4c-5fbbftask005', '823cf7b2-8d60-45a0-8d19-f0fd8108c2e3', '21', 'N', 'Y', 'N', 'N', NULL, 'T', 'Y', NULL);
INSERT INTO sys_pagefield_rlt(id, pageId, fieldId, orderNum, isRequired, isReaded, isReseted, isRecorded, isShowed, layout, isValid, module) VALUES ('80494f06-2f79-44be-bad7-dad33e680ce8', '07698511-fa9f-47e2-9f4c-5fbbftask005', '4a554f2b-70be-4820-9720-5ef62431ce06', '22', 'N', 'Y', 'N', 'N', NULL, 'T', 'Y', NULL);
INSERT INTO sys_pagefield_rlt(id, pageId, fieldId, orderNum, isRequired, isReaded, isReseted, isRecorded, isShowed, layout, isValid, module) VALUES ('518f2a29-cada-4815-b332-698a2fd13764', '07698511-fa9f-47e2-9f4c-5fbbftask005', '27a8130b-9446-4078-ba5c-fa47a86694f0', '23', 'N', 'Y', 'N', 'N', NULL, 'T', 'Y', NULL);
INSERT INTO sys_pagefield_rlt(id, pageId, fieldId, orderNum, isRequired, isReaded, isReseted, isRecorded, isShowed, layout, isValid, module) VALUES ('2c064286-887f-4d60-862d-007e36ab10b6', '07698511-fa9f-47e2-9f4c-5fbbftask005', '150c2aab-bc33-487c-9076-2bb7f0ea33dd', '24', 'N', 'Y', 'N', 'N', NULL, 'T', 'Y', NULL);
INSERT INTO sys_pagefield_rlt(id, pageId, fieldId, orderNum, isRequired, isReaded, isReseted, isRecorded, isShowed, layout, isValid, module) VALUES ('db06d191-7f9b-4b50-a049-0cf81613cffc', '07698511-fa9f-47e2-9f4c-5fbbftask005', '68c201f5-4807-4e86-bbd1-3474721a9baf', '25', 'N', 'Y', 'N', 'N', NULL, 'T', 'Y', NULL);
INSERT INTO sys_pagefield_rlt(id, pageId, fieldId, orderNum, isRequired, isReaded, isReseted, isRecorded, isShowed, layout, isValid, module) VALUES ('3d817adb-81bf-49da-b521-e9e6dc622131', '07698511-fa9f-47e2-9f4c-5fbbftask005', '998a50d1-14c5-4c63-bf76-bfb474b032e0', '26', 'N', 'Y', 'N', 'N', NULL, 'T', 'Y', NULL);
INSERT INTO sys_pagefield_rlt(id, pageId, fieldId, orderNum, isRequired, isReaded, isReseted, isRecorded, isShowed, layout, isValid, module) VALUES ('6861e56d-043c-4b90-a1a3-b700522c660d', '07698511-fa9f-47e2-9f4c-5fbbftask005', '3944a55e-abdc-401e-a945-b7c914d3e53c', '27', 'N', 'Y', 'N', 'N', NULL, 'T', 'Y', NULL);
INSERT INTO sys_pagefield_rlt(id, pageId, fieldId, orderNum, isRequired, isReaded, isReseted, isRecorded, isShowed, layout, isValid, module) VALUES ('dd1a8fdf-a465-4756-870f-b3a0e5bf6ea2', '07698511-fa9f-47e2-9f4c-5fbbftask005', 'e0d9ba43-a7cc-4c95-b19d-0f99c67e2e98', '28', 'N', 'Y', 'N', 'N', NULL, 'F', 'Y', NULL);
INSERT INTO sys_pagefield_rlt(id, pageId, fieldId, orderNum, isRequired, isReaded, isReseted, isRecorded, isShowed, layout, isValid, module) VALUES ('0e736a66-18d5-4c3b-ac2c-645b3ed836fa', '07698511-fa9f-47e2-9f4c-5fbbftask005', '25e70d10-e1d6-452b-817b-2f6a9bbeef6e', '29', 'N', 'Y', 'N', 'N', NULL, 'F', 'Y', NULL);
INSERT INTO sys_pagefield_rlt(id, pageId, fieldId, orderNum, isRequired, isReaded, isReseted, isRecorded, isShowed, layout, isValid, module) VALUES ('9afc4c25-c9d2-4666-99be-e4eb97f9c016', '07698511-fa9f-47e2-9f4c-5fbbftask006', 'report_audit_sign', '1', NULL, NULL, NULL, NULL, 'N', 'F', 'Y', NULL);
INSERT INTO sys_pagefield_rlt(id, pageId, fieldId, orderNum, isRequired, isReaded, isReseted, isRecorded, isShowed, layout, isValid, module) VALUES ('703b1489-8cde-47e6-bb4c-b1c97dc73c4e', '07698511-fa9f-47e2-9f4c-5fbbftask006', 'audit_result', '2', 'Y', 'N', 'N', 'N', NULL, 'F', 'Y', NULL);
INSERT INTO sys_pagefield_rlt(id, pageId, fieldId, orderNum, isRequired, isReaded, isReseted, isRecorded, isShowed, layout, isValid, module) VALUES ('4236072d-10e1-4eda-9651-40b79d8e21d5', '07698511-fa9f-47e2-9f4c-5fbbftask006', 'b4ef3837-2f1d-49a4-a9f5-56a4783aa6ca', '3', 'N', 'N', 'N', 'N', NULL, 'T', 'Y', NULL);
INSERT INTO sys_pagefield_rlt(id, pageId, fieldId, orderNum, isRequired, isReaded, isReseted, isRecorded, isShowed, layout, isValid, module) VALUES ('8737958c-ef87-43e3-9013-f6fb59becf1a', '07698511-fa9f-47e2-9f4c-5fbbftask006', 'confirm_rate', '4', 'Y', 'N', 'N', 'N', NULL, 'T', 'Y', NULL);
INSERT INTO sys_pagefield_rlt(id, pageId, fieldId, orderNum, isRequired, isReaded, isReseted, isRecorded, isShowed, layout, isValid, module) VALUES ('e711398e-9322-4f10-8435-3341e4199ff8', '07698511-fa9f-47e2-9f4c-5fbbftask006', '1cd78155-52bf-4016-a0b8-8f1ed9c0306d', '5', 'N', 'N', 'N', 'N', NULL, 'T', 'Y', NULL);
INSERT INTO sys_pagefield_rlt(id, pageId, fieldId, orderNum, isRequired, isReaded, isReseted, isRecorded, isShowed, layout, isValid, module) VALUES ('9cf42166-4ad5-4e7e-acb7-21627d36bbdc', '07698511-fa9f-47e2-9f4c-5fbbftask006', 'operate_remark', '6', 'N', 'N', 'N', 'N', NULL, 'F', 'Y', NULL);
INSERT INTO sys_pagefield_rlt(id, pageId, fieldId, orderNum, isRequired, isReaded, isReseted, isRecorded, isShowed, layout, isValid, module) VALUES ('a48288dc-9206-46e2-bce7-f6709a87a2fa', '07698511-fa9f-47e2-9f4c-5fbbftask006', 'detail_sign', '7', NULL, NULL, NULL, NULL, 'N', 'F', 'Y', NULL);
INSERT INTO sys_pagefield_rlt(id, pageId, fieldId, orderNum, isRequired, isReaded, isReseted, isRecorded, isShowed, layout, isValid, module) VALUES ('0b70feda-4f88-4ab8-9e2a-e07e0f2439a6', '07698511-fa9f-47e2-9f4c-5fbbftask006', '78c3a069-3ca8-4907-9fad-687af19c995b', '8', 'N', 'Y', 'N', 'N', NULL, 'F', 'Y', NULL);
INSERT INTO sys_pagefield_rlt(id, pageId, fieldId, orderNum, isRequired, isReaded, isReseted, isRecorded, isShowed, layout, isValid, module) VALUES ('09e6833f-a074-4e69-bd1d-d5faa7a3aa70', '07698511-fa9f-47e2-9f4c-5fbbftask006', 'ad17fd4d-851b-4e48-a3a7-d76a38b4fffa', '9', 'N', 'Y', 'N', 'N', NULL, 'T', 'Y', NULL);
INSERT INTO sys_pagefield_rlt(id, pageId, fieldId, orderNum, isRequired, isReaded, isReseted, isRecorded, isShowed, layout, isValid, module) VALUES ('0ea7c0e9-8cdf-4308-b3a6-10704e4bd5f5', '07698511-fa9f-47e2-9f4c-5fbbftask006', 'db67e37f-3f15-4af2-8136-5992b400ccf1', '10', 'N', 'Y', 'N', 'N', NULL, 'T', 'Y', NULL);
INSERT INTO sys_pagefield_rlt(id, pageId, fieldId, orderNum, isRequired, isReaded, isReseted, isRecorded, isShowed, layout, isValid, module) VALUES ('fc26f3af-1a3c-4101-a7e3-5bc35b0bae20', '07698511-fa9f-47e2-9f4c-5fbbftask006', 'd27f8c44-0591-4545-9096-4e4af032fa81', '11', 'N', 'Y', 'N', 'N', NULL, 'T', 'Y', NULL);
INSERT INTO sys_pagefield_rlt(id, pageId, fieldId, orderNum, isRequired, isReaded, isReseted, isRecorded, isShowed, layout, isValid, module) VALUES ('9ee7d65e-95b1-49f3-9669-0ee093772411', '07698511-fa9f-47e2-9f4c-5fbbftask006', '07698511-fa9f-47e2-9f4c-5fbb1da72c44', '12', 'N', 'Y', 'N', 'N', NULL, 'T', 'Y', NULL);
INSERT INTO sys_pagefield_rlt(id, pageId, fieldId, orderNum, isRequired, isReaded, isReseted, isRecorded, isShowed, layout, isValid, module) VALUES ('852556a3-2508-4678-a649-c3979d90e692', '07698511-fa9f-47e2-9f4c-5fbbftask006', '0f8e981e-b38f-4efb-b444-08f9598f4024', '13', 'N', 'Y', 'N', 'N', NULL, 'T', 'Y', NULL);
INSERT INTO sys_pagefield_rlt(id, pageId, fieldId, orderNum, isRequired, isReaded, isReseted, isRecorded, isShowed, layout, isValid, module) VALUES ('43810979-bf05-4a74-bf46-53643d0fe319', '07698511-fa9f-47e2-9f4c-5fbbftask006', '8b57e2a0-174d-40ef-b343-2c95abaac0ac', '14', 'N', 'Y', 'N', 'N', NULL, 'T', 'Y', NULL);
INSERT INTO sys_pagefield_rlt(id, pageId, fieldId, orderNum, isRequired, isReaded, isReseted, isRecorded, isShowed, layout, isValid, module) VALUES ('c31796a4-d8d6-4b0a-ac00-4c6437bba490', '07698511-fa9f-47e2-9f4c-5fbbftask006', 'd42fc902-0d73-469e-bdaa-8fab381ed01b', '15', 'N', 'Y', 'N', 'N', NULL, 'T', 'Y', NULL);
INSERT INTO sys_pagefield_rlt(id, pageId, fieldId, orderNum, isRequired, isReaded, isReseted, isRecorded, isShowed, layout, isValid, module) VALUES ('cb571177-3089-4bfd-9704-238726653e3d', '07698511-fa9f-47e2-9f4c-5fbbftask006', 'ab13b4c6-0fcf-4007-8277-bdadee9fc100', '16', 'N', 'Y', 'N', 'N', NULL, 'T', 'Y', NULL);
INSERT INTO sys_pagefield_rlt(id, pageId, fieldId, orderNum, isRequired, isReaded, isReseted, isRecorded, isShowed, layout, isValid, module) VALUES ('49948d1c-1da4-4ae7-8e37-b48924fbd74f', '07698511-fa9f-47e2-9f4c-5fbbftask006', '59a09742-5375-4018-afff-37997f88356a', '17', 'N', 'Y', 'N', 'N', NULL, 'T', 'Y', NULL);
INSERT INTO sys_pagefield_rlt(id, pageId, fieldId, orderNum, isRequired, isReaded, isReseted, isRecorded, isShowed, layout, isValid, module) VALUES ('273fc46a-c186-48e7-82e1-01e2b468442e', '07698511-fa9f-47e2-9f4c-5fbbftask006', '8fb169d9-674e-44d8-94b0-c3beac202897', '18', 'N', 'Y', 'N', 'N', NULL, 'T', 'Y', NULL);
INSERT INTO sys_pagefield_rlt(id, pageId, fieldId, orderNum, isRequired, isReaded, isReseted, isRecorded, isShowed, layout, isValid, module) VALUES ('91c2a282-c5df-44dd-b3eb-95c4852b0b30', '07698511-fa9f-47e2-9f4c-5fbbftask006', '2773722d-448d-44a2-8349-a98de665bcf6', '19', 'N', 'Y', 'N', 'N', NULL, 'T', 'Y', NULL);
INSERT INTO sys_pagefield_rlt(id, pageId, fieldId, orderNum, isRequired, isReaded, isReseted, isRecorded, isShowed, layout, isValid, module) VALUES ('e306faf1-bde9-44d8-8a15-e72073539994', '07698511-fa9f-47e2-9f4c-5fbbftask006', '823cf7b2-8d60-45a0-8d19-f0fd8108c2e3', '20', 'N', 'Y', 'N', 'N', NULL, 'T', 'Y', NULL);
INSERT INTO sys_pagefield_rlt(id, pageId, fieldId, orderNum, isRequired, isReaded, isReseted, isRecorded, isShowed, layout, isValid, module) VALUES ('f52a1e71-883a-42a5-a707-0608c9544273', '07698511-fa9f-47e2-9f4c-5fbbftask006', '4a554f2b-70be-4820-9720-5ef62431ce06', '21', 'N', 'Y', 'N', 'N', NULL, 'T', 'Y', NULL);
INSERT INTO sys_pagefield_rlt(id, pageId, fieldId, orderNum, isRequired, isReaded, isReseted, isRecorded, isShowed, layout, isValid, module) VALUES ('00461e32-3514-4d5f-a58d-2b40bd6dcdf1', '07698511-fa9f-47e2-9f4c-5fbbftask006', '27a8130b-9446-4078-ba5c-fa47a86694f0', '22', 'N', 'Y', 'N', 'N', NULL, 'T', 'Y', NULL);
INSERT INTO sys_pagefield_rlt(id, pageId, fieldId, orderNum, isRequired, isReaded, isReseted, isRecorded, isShowed, layout, isValid, module) VALUES ('eae1a15f-6cf3-46e9-9746-b9fa4838f4da', '07698511-fa9f-47e2-9f4c-5fbbftask006', '150c2aab-bc33-487c-9076-2bb7f0ea33dd', '23', 'N', 'Y', 'N', 'N', NULL, 'T', 'Y', NULL);
INSERT INTO sys_pagefield_rlt(id, pageId, fieldId, orderNum, isRequired, isReaded, isReseted, isRecorded, isShowed, layout, isValid, module) VALUES ('2b864841-099e-4cfa-a1e9-f4d88e657fb6', '07698511-fa9f-47e2-9f4c-5fbbftask006', '68c201f5-4807-4e86-bbd1-3474721a9baf', '24', 'N', 'Y', 'N', 'N', NULL, 'T', 'Y', NULL);
INSERT INTO sys_pagefield_rlt(id, pageId, fieldId, orderNum, isRequired, isReaded, isReseted, isRecorded, isShowed, layout, isValid, module) VALUES ('156a3676-4dcc-4817-8e86-0d12b7b2b1ce', '07698511-fa9f-47e2-9f4c-5fbbftask006', '998a50d1-14c5-4c63-bf76-bfb474b032e0', '25', 'N', 'Y', 'N', 'N', NULL, 'T', 'Y', NULL);
INSERT INTO sys_pagefield_rlt(id, pageId, fieldId, orderNum, isRequired, isReaded, isReseted, isRecorded, isShowed, layout, isValid, module) VALUES ('d0e79047-b35a-47a9-8de8-6c799a09e0ef', '07698511-fa9f-47e2-9f4c-5fbbftask006', '3944a55e-abdc-401e-a945-b7c914d3e53c', '26', 'N', 'Y', 'N', 'N', NULL, 'T', 'Y', NULL);
INSERT INTO sys_pagefield_rlt(id, pageId, fieldId, orderNum, isRequired, isReaded, isReseted, isRecorded, isShowed, layout, isValid, module) VALUES ('86fe413a-59b7-4a4f-bbcc-e3852c79e6f5', '07698511-fa9f-47e2-9f4c-5fbbftask006', '25e70d10-e1d6-452b-817b-2f6a9bbeef6e', '27', 'N', 'Y', 'N', 'N', NULL, 'F', 'Y', NULL);
INSERT INTO sys_pagefield_rlt(id, pageId, fieldId, orderNum, isRequired, isReaded, isReseted, isRecorded, isShowed, layout, isValid, module) VALUES ('a8a8a950-e64e-4d7a-9d26-2782c4c1a465', '07698511-fa9f-47e2-9f4c-5fbbftask006', 'e0d9ba43-a7cc-4c95-b19d-0f99c67e2e98', '28', 'N', 'Y', 'N', 'N', NULL, 'F', 'Y', NULL);
INSERT INTO sys_pagefield_rlt(id, pageId, fieldId, orderNum, isRequired, isReaded, isReseted, isRecorded, isShowed, layout, isValid, module) VALUES ('b0144ce1-9d48-4e8c-893c-6fb1ac14d60e', '07698511-fa9f-47e2-9f4c-5fbbftask004', '4080a3a0-17f9-449d-aa76-452d8f191db3', '1', 'Y', 'N', NULL, NULL, 'Y', 'F', 'Y', NULL);
INSERT INTO sys_pagefield_rlt(id, pageId, fieldId, orderNum, isRequired, isReaded, isReseted, isRecorded, isShowed, layout, isValid, module) VALUES ('012bd0b2-c881-4b4d-af34-86e5ecec3847', '07698511-fa9f-47e2-9f4c-5fbbftask004', 'ad17fd4d-851b-4e48-a3a7-d76a38b4fffa', '2', 'N', 'N', NULL, NULL, 'Y', 'T', 'Y', NULL);
INSERT INTO sys_pagefield_rlt(id, pageId, fieldId, orderNum, isRequired, isReaded, isReseted, isRecorded, isShowed, layout, isValid, module) VALUES ('b74658b8-7b9a-4591-8d92-6b801ac1f31e', '07698511-fa9f-47e2-9f4c-5fbbftask004', 'db67e37f-3f15-4af2-8136-5992b400ccf1', '3', 'N', 'N', NULL, NULL, 'Y', 'T', 'Y', NULL);
INSERT INTO sys_pagefield_rlt(id, pageId, fieldId, orderNum, isRequired, isReaded, isReseted, isRecorded, isShowed, layout, isValid, module) VALUES ('de85cdfc-dfdb-41a9-9438-ecc9f2cdb436', '07698511-fa9f-47e2-9f4c-5fbbftask004', 'd27f8c44-0591-4545-9096-4e4af032fa81', '4', 'Y', 'N', NULL, NULL, 'Y', 'T', 'Y', NULL);
INSERT INTO sys_pagefield_rlt(id, pageId, fieldId, orderNum, isRequired, isReaded, isReseted, isRecorded, isShowed, layout, isValid, module) VALUES ('4bf3ad4a-2180-45a3-a629-5e251ad96f33', '07698511-fa9f-47e2-9f4c-5fbbftask004', '07698511-fa9f-47e2-9f4c-5fbb1da72c44', '5', 'Y', 'N', NULL, NULL, 'Y', 'T', 'Y', NULL);
INSERT INTO sys_pagefield_rlt(id, pageId, fieldId, orderNum, isRequired, isReaded, isReseted, isRecorded, isShowed, layout, isValid, module) VALUES ('59a63eb9-f767-4072-a18b-c2904d873b1d', '07698511-fa9f-47e2-9f4c-5fbbftask004', '0f8e981e-b38f-4efb-b444-08f9598f4024', '6', 'Y', 'N', NULL, NULL, 'Y', 'T', 'Y', NULL);
INSERT INTO sys_pagefield_rlt(id, pageId, fieldId, orderNum, isRequired, isReaded, isReseted, isRecorded, isShowed, layout, isValid, module) VALUES ('76f56f07-e02c-4c89-93f9-95f995d88a38', '07698511-fa9f-47e2-9f4c-5fbbftask004', '8b57e2a0-174d-40ef-b343-2c95abaac0ac', '7', 'Y', 'N', NULL, NULL, 'Y', 'T', 'Y', NULL);
INSERT INTO sys_pagefield_rlt(id, pageId, fieldId, orderNum, isRequired, isReaded, isReseted, isRecorded, isShowed, layout, isValid, module) VALUES ('2c3d6174-a2ad-49c2-bea0-08daa3073157', '07698511-fa9f-47e2-9f4c-5fbbftask004', '150c2aab-bc33-487c-9076-2bb7f0ea33dd', '8', 'N', 'N', NULL, NULL, 'Y', 'T', 'Y', NULL);
INSERT INTO sys_pagefield_rlt(id, pageId, fieldId, orderNum, isRequired, isReaded, isReseted, isRecorded, isShowed, layout, isValid, module) VALUES ('2be7f328-a9c8-459e-8a20-5722e642421b', '07698511-fa9f-47e2-9f4c-5fbbftask004', '998a50d1-14c5-4c63-bf76-bfb474b032e0', '9', 'N', 'N', NULL, NULL, 'Y', 'T', 'Y', NULL);
INSERT INTO sys_pagefield_rlt(id, pageId, fieldId, orderNum, isRequired, isReaded, isReseted, isRecorded, isShowed, layout, isValid, module) VALUES ('dfe647c4-c5c6-41c7-aeb0-a5a73f42df12', '07698511-fa9f-47e2-9f4c-5fbbftask004', '2773722d-448d-44a2-8349-a98de665bcf6', '10', 'N', 'Y', NULL, NULL, 'Y', 'T', 'Y', NULL);
INSERT INTO sys_pagefield_rlt(id, pageId, fieldId, orderNum, isRequired, isReaded, isReseted, isRecorded, isShowed, layout, isValid, module) VALUES ('44ff37d2-d2a1-4966-935d-0642ccb7d0f1', '07698511-fa9f-47e2-9f4c-5fbbftask004', '59a09742-5375-4018-afff-37997f88356a', '11', 'N', 'Y', NULL, NULL, 'Y', 'T', 'Y', NULL);
INSERT INTO sys_pagefield_rlt(id, pageId, fieldId, orderNum, isRequired, isReaded, isReseted, isRecorded, isShowed, layout, isValid, module) VALUES ('90035551-a69b-4c27-bce0-4516eafa8ec5', '07698511-fa9f-47e2-9f4c-5fbbftask004', '273ae078-c53b-4564-9373-7af63b10851a', '12', 'N', 'N', NULL, NULL, 'Y', 'F', 'Y', NULL);
INSERT INTO sys_pagefield_rlt(id, pageId, fieldId, orderNum, isRequired, isReaded, isReseted, isRecorded, isShowed, layout, isValid, module) VALUES ('3d911856-ada0-417f-8b9a-49f435953ae4', '07698511-fa9f-47e2-9f4c-5fbbftask004', 'e0d9ba43-a7cc-4c95-b19d-0f99c67e2e98', '13', 'N', 'N', NULL, NULL, 'Y', 'F', 'Y', NULL);
INSERT INTO sys_pagefield_rlt(id, pageId, fieldId, orderNum, isRequired, isReaded, isReseted, isRecorded, isShowed, layout, isValid, module) VALUES ('af94d01e-3b11-4673-9856-0c3f167c4d89', '07698511-fa9f-47e2-9f4c-5fbbftask008', '4080a3a0-17f9-449d-aa76-452d8f191db3', '1', 'Y', 'N', NULL, NULL, 'Y', 'F', 'Y', NULL);
INSERT INTO sys_pagefield_rlt(id, pageId, fieldId, orderNum, isRequired, isReaded, isReseted, isRecorded, isShowed, layout, isValid, module) VALUES ('f0d96ddb-a19d-4353-b8e3-c18c5223f69b', '07698511-fa9f-47e2-9f4c-5fbbftask008', 'd27f8c44-0591-4545-9096-4e4af032fa81', '2', 'N', 'N', NULL, NULL, 'Y', 'T', 'Y', NULL);
INSERT INTO sys_pagefield_rlt(id, pageId, fieldId, orderNum, isRequired, isReaded, isReseted, isRecorded, isShowed, layout, isValid, module) VALUES ('dcf181bd-4963-42dd-9ad0-f6f5e8ce88cb', '07698511-fa9f-47e2-9f4c-5fbbftask008', '07698511-fa9f-47e2-9f4c-5fbb1da72c44', '3', 'N', 'N', NULL, NULL, 'Y', 'T', 'Y', NULL);
INSERT INTO sys_pagefield_rlt(id, pageId, fieldId, orderNum, isRequired, isReaded, isReseted, isRecorded, isShowed, layout, isValid, module) VALUES ('0a7b8889-fd4c-4d9c-bd30-32f8c20b7225', '07698511-fa9f-47e2-9f4c-5fbbftask008', '0f8e981e-b38f-4efb-b444-08f9598f4024', '4', 'N', 'N', NULL, NULL, 'Y', 'T', 'Y', NULL);
INSERT INTO sys_pagefield_rlt(id, pageId, fieldId, orderNum, isRequired, isReaded, isReseted, isRecorded, isShowed, layout, isValid, module) VALUES ('b8be762b-224c-4a8e-811d-5400b1ce50b8', '07698511-fa9f-47e2-9f4c-5fbbftask008', '8b57e2a0-174d-40ef-b343-2c95abaac0ac', '5', 'N', 'N', NULL, NULL, 'Y', 'T', 'Y', NULL);
INSERT INTO sys_pagefield_rlt(id, pageId, fieldId, orderNum, isRequired, isReaded, isReseted, isRecorded, isShowed, layout, isValid, module) VALUES ('ebee122d-9bea-43b1-ad46-b0332aeaecf6', '07698511-fa9f-47e2-9f4c-5fbbftask008', '2773722d-448d-44a2-8349-a98de665bcf6', '6', 'N', 'Y', NULL, NULL, 'Y', 'T', 'Y', NULL);
INSERT INTO sys_pagefield_rlt(id, pageId, fieldId, orderNum, isRequired, isReaded, isReseted, isRecorded, isShowed, layout, isValid, module) VALUES ('cc6109be-113f-4eef-a405-d4899b880cc4', '07698511-fa9f-47e2-9f4c-5fbbftask008', '59a09742-5375-4018-afff-37997f88356a', '7', 'N', 'N', NULL, NULL, 'Y', 'T', 'Y', NULL);
INSERT INTO sys_pagefield_rlt(id, pageId, fieldId, orderNum, isRequired, isReaded, isReseted, isRecorded, isShowed, layout, isValid, module) VALUES ('c862bc23-e3ff-41e3-be82-5c5b03432e7f', '07698511-fa9f-47e2-9f4c-5fbbftask008', '150c2aab-bc33-487c-9076-2bb7f0ea33dd', '8', 'N', 'N', NULL, NULL, 'Y', 'T', 'Y', NULL);
INSERT INTO sys_pagefield_rlt(id, pageId, fieldId, orderNum, isRequired, isReaded, isReseted, isRecorded, isShowed, layout, isValid, module) VALUES ('ff48181c-bf2d-43c4-81a7-6067aafb571d', '07698511-fa9f-47e2-9f4c-5fbbftask008', '998a50d1-14c5-4c63-bf76-bfb474b032e0', '9', 'N', 'N', NULL, NULL, 'Y', 'T', 'Y', NULL);
INSERT INTO sys_pagefield_rlt(id, pageId, fieldId, orderNum, isRequired, isReaded, isReseted, isRecorded, isShowed, layout, isValid, module) VALUES ('7993d36b-cc7a-4167-812e-af5719301c6f', '07698511-fa9f-47e2-9f4c-5fbbftask008', '273ae078-c53b-4564-9373-7af63b10851a', '10', 'N', 'N', NULL, NULL, 'Y', 'F', 'Y', NULL);
INSERT INTO sys_pagefield_rlt(id, pageId, fieldId, orderNum, isRequired, isReaded, isReseted, isRecorded, isShowed, layout, isValid, module) VALUES ('145ae1ee-8010-4fc4-9c83-4ec93d81a84d', '07698511-fa9f-47e2-9f4c-5fbbftask008', 'e0d9ba43-a7cc-4c95-b19d-0f99c67e2e98', '11', 'N', 'N', NULL, NULL, 'Y', 'F', 'Y', NULL);


/**指派给我的，我参与的，我创建的列表页面配置**/
INSERT INTO sys_pagelist_rlt(id, pageId, objectType, fieldView, filterCondition, isValid) 
VALUES ('ab3f7979-d22e-4ea6-99e8-69bbb1a86de8', '07698511-fa9f-47e2-9f4c-5fbbftask012', 'TSK', '{\"pageSize\":\"20\",\"orderBy\":\"modifyTime\",\"orderByType\":\"desc\",\"query\":\"\",\"view\":[{\"f\":\"id\",\"a\":\"center\",\"w\":\"60px\",\"t\":\"ID\",\"r\":\"\",\"s\":false,\"h\":false,\"i\":\"\"},{\"f\":\"lampSign\",\"a\":\"left\",\"w\":\"50px\",\"t\":\"NUMBER\",\"r\":\"\",\"s\":false,\"h\":false,\"i\":\"3900ed2a-213f-4ffa-a5dc-1f239a25fe5f\"},{\"f\":\"dueSign\",\"a\":\"left\",\"w\":\"50px\",\"t\":\"NUMBER\",\"r\":\"\",\"s\":false,\"h\":false,\"i\":\"4600df93-86f0-488d-98a6-c1755ef354b2\"},{\"f\":\"name\",\"a\":\"left\",\"w\":\"200px\",\"t\":\"TEXT\",\"r\":\"\",\"s\":false,\"h\":true,\"i\":\"4080a3a0-17f9-449d-aa76-452d8f191db3\"},{\"f\":\"projectId\",\"a\":\"left\",\"w\":\"120px\",\"t\":\"PJT\",\"r\":\"\",\"s\":false,\"h\":true,\"i\":\"78c3a069-3ca8-4907-9fad-687af19c995b\"},{\"f\":\"typeId\",\"a\":\"left\",\"w\":\"120px\",\"t\":\"SELECT\",\"r\":\"\",\"s\":false,\"h\":false,\"i\":\"d27f8c44-0591-4545-9096-4e4af032fa81\"},{\"f\":\"levelId\",\"a\":\"left\",\"w\":\"120px\",\"t\":\"SELECT\",\"r\":\"\",\"s\":false,\"h\":false,\"i\":\"07698511-fa9f-47e2-9f4c-5fbb1da72c44\"},{\"f\":\"statusId\",\"a\":\"left\",\"w\":\"120px\",\"t\":\"SELECT\",\"r\":\"\",\"s\":false,\"h\":false,\"i\":\"265c9f1e-7d3e-41d1-8ad9-aa13394e34b0\"},{\"f\":\"ownerId\",\"a\":\"left\",\"w\":\"120px\",\"t\":\"USER\",\"r\":\"\",\"s\":false,\"h\":false,\"i\":\"150c2aab-bc33-487c-9076-2bb7f0ea33dd\"},{\"f\":\"publisherId\",\"a\":\"left\",\"w\":\"120px\",\"t\":\"USER\",\"r\":\"\",\"s\":false,\"h\":false,\"i\":\"45de2fff-0973-4767-aa5e-6d16aa9129e3\"},{\"f\":\"copRate\",\"a\":\"left\",\"w\":\"100px\",\"t\":\"NUMBER\",\"r\":\"\",\"s\":false,\"h\":false,\"i\":\"4a554f2b-70be-4820-9720-5ef62431ce06\"},{\"f\":\"devRate\",\"a\":\"left\",\"w\":\"100px\",\"t\":\"NUMBER\",\"r\":\"\",\"s\":false,\"h\":false,\"i\":\"27a8130b-9446-4078-ba5c-fa47a86694f0\"},{\"f\":\"planStartDate\",\"a\":\"left\",\"w\":\"120px\",\"t\":\"DATE\",\"r\":\"\",\"s\":true,\"h\":false,\"i\":\"0f8e981e-b38f-4efb-b444-08f9598f4024\"},{\"f\":\"planEndDate\",\"a\":\"left\",\"w\":\"120px\",\"t\":\"DATE\",\"r\":\"\",\"s\":false,\"h\":false,\"i\":\"8b57e2a0-174d-40ef-b343-2c95abaac0ac\"},{\"f\":\"modifyTime\",\"a\":\"left\",\"w\":\"120px\",\"t\":\"DATE\",\"r\":\"\",\"s\":true,\"h\":false,\"i\":\"69840571-f837-4b4c-9d8d-0be384e88cfc\"}]}', NULL, 'Y');
INSERT INTO sys_pagelist_rlt(id, pageId, objectType, fieldView, filterCondition, isValid) 
VALUES ('c54ecb0d-e859-49a7-9926-a9b36a9591bc', '07698511-fa9f-47e2-9f4c-5fbbftask011', 'TSK', '{\"pageSize\":\"20\",\"orderBy\":\"modifyTime\",\"orderByType\":\"desc\",\"query\":\"\",\"view\":[{\"f\":\"id\",\"a\":\"center\",\"w\":\"60px\",\"t\":\"ID\",\"r\":\"\",\"s\":false,\"h\":false,\"i\":\"\"},{\"f\":\"lampSign\",\"a\":\"left\",\"w\":\"50px\",\"t\":\"NUMBER\",\"r\":\"\",\"s\":false,\"h\":false,\"i\":\"3900ed2a-213f-4ffa-a5dc-1f239a25fe5f\"},{\"f\":\"dueSign\",\"a\":\"left\",\"w\":\"50px\",\"t\":\"NUMBER\",\"r\":\"\",\"s\":false,\"h\":false,\"i\":\"4600df93-86f0-488d-98a6-c1755ef354b2\"},{\"f\":\"name\",\"a\":\"left\",\"w\":\"200px\",\"t\":\"TEXT\",\"r\":\"\",\"s\":true,\"h\":true,\"i\":\"4080a3a0-17f9-449d-aa76-452d8f191db3\"},{\"f\":\"projectId\",\"a\":\"left\",\"w\":\"120px\",\"t\":\"PJT\",\"r\":\"\",\"s\":false,\"h\":true,\"i\":\"78c3a069-3ca8-4907-9fad-687af19c995b\"},{\"f\":\"typeId\",\"a\":\"left\",\"w\":\"80px\",\"t\":\"SELECT\",\"r\":\"\",\"s\":false,\"h\":false,\"i\":\"d27f8c44-0591-4545-9096-4e4af032fa81\"},{\"f\":\"levelId\",\"a\":\"left\",\"w\":\"80px\",\"t\":\"SELECT\",\"r\":\"\",\"s\":false,\"h\":false,\"i\":\"07698511-fa9f-47e2-9f4c-5fbb1da72c44\"},{\"f\":\"statusId\",\"a\":\"left\",\"w\":\"80px\",\"t\":\"SELECT\",\"r\":\"\",\"s\":false,\"h\":false,\"i\":\"265c9f1e-7d3e-41d1-8ad9-aa13394e34b0\"},{\"f\":\"ownerId\",\"a\":\"left\",\"w\":\"100px\",\"t\":\"USER\",\"r\":\"\",\"s\":false,\"h\":false,\"i\":\"150c2aab-bc33-487c-9076-2bb7f0ea33dd\"},{\"f\":\"publisherId\",\"a\":\"left\",\"w\":\"100px\",\"t\":\"USER\",\"r\":\"\",\"s\":false,\"h\":false,\"i\":\"45de2fff-0973-4767-aa5e-6d16aa9129e3\"},{\"f\":\"devRate\",\"a\":\"left\",\"w\":\"60px\",\"t\":\"NUMBER\",\"r\":\"\",\"s\":false,\"h\":false,\"i\":\"27a8130b-9446-4078-ba5c-fa47a86694f0\"},{\"f\":\"copRate\",\"a\":\"left\",\"w\":\"60px\",\"t\":\"NUMBER\",\"r\":\"\",\"s\":false,\"h\":false,\"i\":\"4a554f2b-70be-4820-9720-5ef62431ce06\"},{\"f\":\"planStartDate\",\"a\":\"left\",\"w\":\"100px\",\"t\":\"DATE\",\"r\":\"\",\"s\":true,\"h\":false,\"i\":\"0f8e981e-b38f-4efb-b444-08f9598f4024\"},{\"f\":\"planEndDate\",\"a\":\"left\",\"w\":\"100px\",\"t\":\"DATE\",\"r\":\"\",\"s\":false,\"h\":false,\"i\":\"8b57e2a0-174d-40ef-b343-2c95abaac0ac\"},{\"f\":\"modifyTime\",\"a\":\"left\",\"w\":\"100px\",\"t\":\"DATE\",\"r\":\"\",\"s\":true,\"h\":false,\"i\":\"69840571-f837-4b4c-9d8d-0be384e88cfc\"}]}', NULL, 'Y');
INSERT INTO sys_pagelist_rlt(id, pageId, objectType, fieldView, filterCondition, isValid) 
VALUES ('e23ab59f-a4ac-4bd9-a157-d85f8c04ba3b', '07698511-fa9f-47e2-9f4c-5fbbftask013', 'TSK', '{\"pageSize\":\"20\",\"orderBy\":\"modifyTime\",\"orderByType\":\"desc\",\"query\":\"\",\"view\":[{\"f\":\"id\",\"a\":\"center\",\"w\":\"60px\",\"t\":\"ID\",\"r\":\"\",\"s\":false,\"h\":false,\"i\":\"\"},{\"f\":\"lampSign\",\"a\":\"left\",\"w\":\"50px\",\"t\":\"NUMBER\",\"r\":\"\",\"s\":false,\"h\":false,\"i\":\"3900ed2a-213f-4ffa-a5dc-1f239a25fe5f\"},{\"f\":\"dueSign\",\"a\":\"left\",\"w\":\"50px\",\"t\":\"NUMBER\",\"r\":\"\",\"s\":false,\"h\":false,\"i\":\"4600df93-86f0-488d-98a6-c1755ef354b2\"},{\"f\":\"name\",\"a\":\"left\",\"w\":\"200px\",\"t\":\"TEXT\",\"r\":\"\",\"s\":false,\"h\":true,\"i\":\"4080a3a0-17f9-449d-aa76-452d8f191db3\"},{\"f\":\"projectId\",\"a\":\"left\",\"w\":\"120px\",\"t\":\"PJT\",\"r\":\"\",\"s\":false,\"h\":true,\"i\":\"78c3a069-3ca8-4907-9fad-687af19c995b\"},{\"f\":\"typeId\",\"a\":\"left\",\"w\":\"120px\",\"t\":\"SELECT\",\"r\":\"\",\"s\":false,\"h\":false,\"i\":\"d27f8c44-0591-4545-9096-4e4af032fa81\"},{\"f\":\"levelId\",\"a\":\"left\",\"w\":\"120px\",\"t\":\"SELECT\",\"r\":\"\",\"s\":false,\"h\":false,\"i\":\"07698511-fa9f-47e2-9f4c-5fbb1da72c44\"},{\"f\":\"statusId\",\"a\":\"left\",\"w\":\"120px\",\"t\":\"SELECT\",\"r\":\"\",\"s\":false,\"h\":false,\"i\":\"265c9f1e-7d3e-41d1-8ad9-aa13394e34b0\"},{\"f\":\"ownerId\",\"a\":\"left\",\"w\":\"120px\",\"t\":\"USER\",\"r\":\"\",\"s\":false,\"h\":false,\"i\":\"150c2aab-bc33-487c-9076-2bb7f0ea33dd\"},{\"f\":\"actorId\",\"a\":\"left\",\"w\":\"120px\",\"t\":\"USER\",\"r\":\"\",\"s\":false,\"h\":false,\"i\":\"998a50d1-14c5-4c63-bf76-bfb474b032e0\"},{\"f\":\"copRate\",\"a\":\"left\",\"w\":\"100px\",\"t\":\"NUMBER\",\"r\":\"\",\"s\":false,\"h\":false,\"i\":\"4a554f2b-70be-4820-9720-5ef62431ce06\"},{\"f\":\"realDuration\",\"a\":\"left\",\"w\":\"120px\",\"t\":\"NUMBER\",\"r\":\"\",\"s\":false,\"h\":false,\"i\":\"823cf7b2-8d60-45a0-8d19-f0fd8108c2e3\"},{\"f\":\"planStartDate\",\"a\":\"left\",\"w\":\"120px\",\"t\":\"DATE\",\"r\":\"\",\"s\":true,\"h\":false,\"i\":\"0f8e981e-b38f-4efb-b444-08f9598f4024\"},{\"f\":\"planEndDate\",\"a\":\"left\",\"w\":\"120px\",\"t\":\"DATE\",\"r\":\"\",\"s\":false,\"h\":false,\"i\":\"8b57e2a0-174d-40ef-b343-2c95abaac0ac\"},{\"f\":\"modifyTime\",\"a\":\"left\",\"w\":\"120px\",\"t\":\"DATE\",\"r\":\"\",\"s\":true,\"h\":false,\"i\":\"69840571-f837-4b4c-9d8d-0be384e88cfc\"}]}', NULL, 'Y');
INSERT INTO sys_pagelist_rlt(id, pageId, objectType, fieldView, filterCondition, isValid) 
VALUES ('2bc73653-a15c-4840-8d03-3c3354f002a8', '07698511-fa9f-47e2-9f4c-5fbbftask014', 'TSK', '{\"pageSize\":\"20\",\"orderBy\":\"\",\"orderByType\":\"desc\",\"query\":\"\",\"view\":[{\"f\":\"id\",\"a\":\"center\",\"w\":\"60px\",\"t\":\"ID\",\"r\":\"\",\"s\":false,\"h\":false,\"i\":\"\"},{\"f\":\"lampSign\",\"a\":\"left\",\"w\":\"50.0px\",\"t\":\"NUMBER\",\"r\":false,\"s\":false,\"h\":false,\"i\":\"3900ed2a-213f-4ffa-a5dc-1f239a25fe5f\"},{\"f\":\"dueSign\",\"a\":\"left\",\"w\":\"50.0px\",\"t\":\"NUMBER\",\"r\":false,\"s\":false,\"h\":false,\"i\":\"4600df93-86f0-488d-98a6-c1755ef354b2\"},{\"f\":\"name\",\"a\":\"left\",\"w\":\"120.0px\",\"t\":\"TEXT\",\"r\":\"true\",\"s\":false,\"h\":false,\"i\":\"4080a3a0-17f9-449d-aa76-452d8f191db3\"},{\"f\":\"projectId\",\"a\":\"left\",\"w\":\"120.0px\",\"t\":\"PJT\",\"r\":false,\"s\":false,\"h\":false,\"i\":\"78c3a069-3ca8-4907-9fad-687af19c995b\"},{\"f\":\"typeId\",\"a\":\"left\",\"w\":\"80.0px\",\"t\":\"SELECT\",\"r\":false,\"s\":false,\"h\":false,\"i\":\"d27f8c44-0591-4545-9096-4e4af032fa81\"},{\"f\":\"levelId\",\"a\":\"left\",\"w\":\"80.0px\",\"t\":\"SELECT\",\"r\":false,\"s\":false,\"h\":false,\"i\":\"07698511-fa9f-47e2-9f4c-5fbb1da72c44\"},{\"f\":\"statusId\",\"a\":\"left\",\"w\":\"80.0px\",\"t\":\"SELECT\",\"r\":false,\"s\":false,\"h\":false,\"i\":\"265c9f1e-7d3e-41d1-8ad9-aa13394e34b0\"},{\"f\":\"ownerId\",\"a\":\"left\",\"w\":\"120.0px\",\"t\":\"USER\",\"r\":false,\"s\":false,\"h\":false,\"i\":\"150c2aab-bc33-487c-9076-2bb7f0ea33dd\"},{\"f\":\"actorId\",\"a\":\"left\",\"w\":\"120.0px\",\"t\":\"USER\",\"r\":false,\"s\":false,\"h\":false,\"i\":\"998a50d1-14c5-4c63-bf76-bfb474b032e0\"},{\"f\":\"copRate\",\"a\":\"left\",\"w\":\"120.0px\",\"t\":\"NUMBER\",\"r\":false,\"s\":false,\"h\":false,\"i\":\"4a554f2b-70be-4820-9720-5ef62431ce06\"},{\"f\":\"planStartDate\",\"a\":\"left\",\"w\":\"120.0px\",\"t\":\"DATE\",\"r\":false,\"s\":false,\"h\":false,\"i\":\"0f8e981e-b38f-4efb-b444-08f9598f4024\"},{\"f\":\"planEndDate\",\"a\":\"left\",\"w\":\"120.0px\",\"t\":\"DATE\",\"r\":false,\"s\":false,\"h\":false,\"i\":\"8b57e2a0-174d-40ef-b343-2c95abaac0ac\"},{\"f\":\"modifyTime\",\"a\":\"left\",\"w\":\"120.0px\",\"t\":\"DATE\",\"r\":false,\"s\":false,\"h\":false,\"i\":\"69840571-f837-4b4c-9d8d-0be384e88cfc\"}]}', '', 'Y');

INSERT INTO com_aopmodule_rlt(id, name, val, objectType, exeCls, orderNum) VALUES ('77e16c9e-f290-4027-aeb1-8629atask001', '新建', 'create', 'TSK', '', 1);
INSERT INTO com_aopmodule_rlt(id, name, val, objectType, exeCls, orderNum) VALUES ('77e16c9e-f290-4027-aeb1-8629atask002', '发布', 'publish', 'TSK', '', 2);
INSERT INTO com_aopmodule_rlt(id, name, val, objectType, exeCls, orderNum) VALUES ('77e16c9e-f290-4027-aeb1-8629atask003', '打开', 'open', 'TSK', '', 3);
INSERT INTO com_aopmodule_rlt(id, name, val, objectType, exeCls, orderNum) VALUES ('77e16c9e-f290-4027-aeb1-8629atask004', '填写进展', 'report', 'TSK', '', 4);
INSERT INTO com_aopmodule_rlt(id, name, val, objectType, exeCls, orderNum) VALUES ('77e16c9e-f290-4027-aeb1-8629atask005', '任务提交', 'taskSubmit', 'TSK', '', 5);
INSERT INTO com_aopmodule_rlt(id, name, val, objectType, exeCls, orderNum) VALUES ('77e16c9e-f290-4027-aeb1-8629atask006', '节点提交', 'nodeSubmit', 'TSK', '', 6);
INSERT INTO com_aopmodule_rlt(id, name, val, objectType, exeCls, orderNum) VALUES ('77e16c9e-f290-4027-aeb1-8629atask007', '审核通过', 'pass', 'TSK', '', 7);
INSERT INTO com_aopmodule_rlt(id, name, val, objectType, exeCls, orderNum) VALUES ('77e16c9e-f290-4027-aeb1-8629atask008', '审核不通过', 'noPass', 'TSK', '', 8);
INSERT INTO com_aopmodule_rlt(id, name, val, objectType, exeCls, orderNum) VALUES ('77e16c9e-f290-4027-aeb1-8629atask009', '变更', 'change', 'TSK', '', 9);
INSERT INTO com_aopmodule_rlt(id, name, val, objectType, exeCls, orderNum) VALUES ('77e16c9e-f290-4027-aeb1-8629atask010', '转发', 'transmit', 'TSK', '', 10);
INSERT INTO com_aopmodule_rlt(id, name, val, objectType, exeCls, orderNum) VALUES ('77e16c9e-f290-4027-aeb1-8629atask011', '删除', 'delete', 'TSK', '', 11);

INSERT INTO com_scrumboard(id, name, objectType, rltStatus, remark, orderNum, displayWidth, isValid, creatorId, createdTime, modifyId, modifyTime) 
VALUES ('45ec3a0c-ed8b-4c4f-a25f-23a5a339a1ab', '准备做', 'TSK', '07698511-fa9f-47e2-9f4c-5fbstatus001,07698511-fa9f-47e2-9f4c-5fbstatus002', '', '1', '300', 'Y', 'b8ab9427-627b-469f-bfd0-4b1buser0001', '2022-08-08', 'b8ab9427-627b-469f-bfd0-4b1buser0001', '2022-08-08');
INSERT INTO com_scrumboard(id, name, objectType, rltStatus, remark, orderNum, displayWidth, isValid, creatorId, createdTime, modifyId, modifyTime)  
VALUES ('67741ff0-1777-4411-a97a-f29333627de6', '已完成', 'TSK', '07698511-fa9f-47e2-9f4c-5fbstatus006,07698511-fa9f-47e2-9f4c-5fbstatus007', '', '4', '300', 'Y', 'b8ab9427-627b-469f-bfd0-4b1buser0001', '2022-08-08', 'b8ab9427-627b-469f-bfd0-4b1buser0001', '2022-08-08');
INSERT INTO com_scrumboard(id, name, objectType, rltStatus, remark, orderNum, displayWidth, isValid, creatorId, createdTime, modifyId, modifyTime)  
VALUES ('e714944f-84c9-4215-a61d-e73c43dd7221', '正在做', 'TSK', '07698511-fa9f-47e2-9f4c-5fbstatus003,07698511-fa9f-47e2-9f4c-5fbstatus004,07698511-fa9f-47e2-9f4c-5fbstatus005', '', '3', '300', 'Y', 'b8ab9427-627b-469f-bfd0-4b1buser0001', '2022-08-08', 'b8ab9427-627b-469f-bfd0-4b1buser0001', '2022-08-08');

INSERT INTO sys_reportchart(id, name, simpleName, status, isCandidate, objectType, chartType, dataFieldId, categoryFieldId, scope, remark, orderNum, isValid, creatorId, createdTime, modifyId, modifyTime, parentId, pjtStatus, isUsePjt, pjtOrderNum, height, width) VALUES ('2373ab44-7695-465a-8c2c-47951cc70003', '任务', '任务', 'RN', 'Y', 'TSK', 'catalog', '', '', 'P', '', '2', 'Y', 'b8ab9427-627b-469f-bfd0-4b1buser0001', '2022-08-08', 'b8ab9427-627b-469f-bfd0-4b1buser0001', '2022-08-08', '', 'RN', 'Y', '2', '1', '1');
INSERT INTO sys_reportchart(id, name, simpleName, status, isCandidate, objectType, chartType, dataFieldId, categoryFieldId, scope, remark, orderNum, isValid, creatorId, createdTime, modifyId, modifyTime, parentId, pjtStatus, isUsePjt, pjtOrderNum, height, width) VALUES ('03868397-293e-4e16-ab24-52b8a58245d9', '任务状态分布图', '任务状态分布', 'RN', 'Y', 'TSK', 'pie-basic', '265c9f1e-7d3e-41d1-8ad9-aa13394e34b0', '', 'L,P,S', '', '1', 'Y', 'b8ab9427-627b-469f-bfd0-4b1buser0001', '2022-08-08', 'b8ab9427-627b-469f-bfd0-4b1buser0001', '2022-08-08', '2373ab44-7695-465a-8c2c-47951cc70003', 'RN', 'N', '1', '1', '1');
INSERT INTO sys_reportchart(id, name, simpleName, status, isCandidate, objectType, chartType, dataFieldId, categoryFieldId, scope, remark, orderNum, isValid, creatorId, createdTime, modifyId, modifyTime, parentId, pjtStatus, isUsePjt, pjtOrderNum, height, width) VALUES ('f888ce09-2dfc-43e0-a87f-a8acd0f68102', '任务质量分布图', '任务质量分布', 'RN', 'Y', 'TSK', 'pie-basic', '1cd78155-52bf-4016-a0b8-8f1ed9c0306d', '', 'L,P,S', '', '8', 'Y', 'b8ab9427-627b-469f-bfd0-4b1buser0001', '2022-08-08', 'b8ab9427-627b-469f-bfd0-4b1buser0001', '2022-08-08', '2373ab44-7695-465a-8c2c-47951cc70003', 'RN', 'N', '2', '1', '1');
/**任务相关初始化 end**/

INSERT INTO en_lifecycle(id, name, status, objectType, remark, isDefault, isSystem, orderNum, isValid, creatorId, createdTime, modifyId, modifyTime) 
VALUES ('5a49ceef-34bd-429b-80fa-1c210f7719ed', '标准生命周期', '1', 'TSC', '', 'N', 'N', '1', 'Y', 'b8ab9427-627b-469f-bfd0-4b1buser0001', '2022-08-08', 'b8ab9427-627b-469f-bfd0-4b1buser0001', '2022-08-08');

INSERT INTO en_phase(id, name, status, objectType, remark, orderNum, isValid, creatorId, createdTime, modifyId, modifyTime, bgColor, fColor, isEnd) VALUES ('ba332e11-d8df-4241-818b-25fe4e2d0a88', '审核', '1', 'TSC', '', '1', 'Y', 'b8ab9427-627b-469f-bfd0-4b1buser0001', '2022-08-08', 'b8ab9427-627b-469f-bfd0-4b1buser0001', '2022-08-08', '', '', NULL);
INSERT INTO en_phase(id, name, status, objectType, remark, orderNum, isValid, creatorId, createdTime, modifyId, modifyTime, bgColor, fColor, isEnd) VALUES ('1f792d88-d975-4c67-abfa-0bcd46777c8b', '使用', '1', 'TSC', '', '2', 'Y', 'b8ab9427-627b-469f-bfd0-4b1buser0001', '2022-08-08', 'b8ab9427-627b-469f-bfd0-4b1buser0001', '2022-08-08', '', '', NULL);
INSERT INTO en_phase(id, name, status, objectType, remark, orderNum, isValid, creatorId, createdTime, modifyId, modifyTime, bgColor, fColor, isEnd) VALUES ('8cf89ad8-0ccc-44e5-8fa0-50bb246aa3a9', '作废', '1', 'TSC', '', '3', 'Y', 'b8ab9427-627b-469f-bfd0-4b1buser0001', '2022-08-08', 'b8ab9427-627b-469f-bfd0-4b1buser0001', '2022-08-08', '', '', NULL);

INSERT INTO en_lifecyclephase_rlt(id, objectType, type, codeType, lifecycleId, phaseId, fixTran, exeCls, tranExeCls, toId, isHide, isValid, chgField, notSend, closeRes, orderNum) VALUES ('7eb24acd-e3ff-428c-b75c-81282f5ab20a', 'TSC', '0', NULL, '5a49ceef-34bd-429b-80fa-1c210f7719ed', NULL, ',2,6,9,10,28,13,14,18', NULL, '[{\"n\":\"2\"},{\"n\":\"6\"},{\"n\":\"9\"},{\"n\":\"10\"},{\"n\":\"28\"},{\"n\":\"13\"},{\"n\":\"14\"},{\"n\":\"18\"}]', '[{\"o\":\"1\",\"v\":\"7eb24acd-e3ff-428c-b75c-81282f5ab20a\"}]', NULL, 'Y', NULL, NULL, NULL, '1');
INSERT INTO en_lifecyclephase_rlt(id, objectType, type, codeType, lifecycleId, phaseId, fixTran, exeCls, tranExeCls, toId, isHide, isValid, chgField, notSend, closeRes, orderNum) VALUES ('5323666d-bd9e-4f84-ad6d-40b29b8d2440', 'TSC', '1', NULL, '5a49ceef-34bd-429b-80fa-1c210f7719ed', 'ba332e11-d8df-4241-818b-25fe4e2d0a88', '2,6,9,10,28,13,14,18', NULL, NULL, NULL, 'N', 'Y', NULL, NULL, 'N', '2');
INSERT INTO en_lifecyclephase_rlt(id, objectType, type, codeType, lifecycleId, phaseId, fixTran, exeCls, tranExeCls, toId, isHide, isValid, chgField, notSend, closeRes, orderNum) VALUES ('55da30b1-03ad-4146-b5dc-b920dafb84c5', 'TSC', '1', NULL, '5a49ceef-34bd-429b-80fa-1c210f7719ed', '1f792d88-d975-4c67-abfa-0bcd46777c8b', '2,6,9,10,28,13,14', NULL, NULL, NULL, 'N', 'Y', NULL, NULL, 'N', '3');
INSERT INTO en_lifecyclephase_rlt(id, objectType, type, codeType, lifecycleId, phaseId, fixTran, exeCls, tranExeCls, toId, isHide, isValid, chgField, notSend, closeRes, orderNum) VALUES ('10729985-5461-4f98-b770-61536ff5c758', 'TSC', '1', NULL, '5a49ceef-34bd-429b-80fa-1c210f7719ed', '8cf89ad8-0ccc-44e5-8fa0-50bb246aa3a9', '2,6,9,10,28,13,14,18', NULL, NULL, NULL, 'Y', 'Y', NULL, NULL, 'Y', '4');

INSERT INTO sys_field(id, colName, showName, objectType, dataType, htmlType, fieldType, displayWidth, remark, defaultValue, defaultRule, extendClass, layout, showMobile, isCommon, parentId, isValid, orderNum, creatorId, createdTime, modifyId, modifyTime, isDBField) VALUES ('750d149e-e636-4922-82db-b99630c2d7d1', 'levelId', '优先级', 'TSC', 'varchar', 'SELECT', 'S', '120', '', '', '{\"isSeached\":\"Y\",\"selectSource\":\"424c5ccc-e7a6-4089-bb3a-11e23c4d451c\",\"setCascade\":\"\",\"isRecorded\":\"N\",\"isRequired\":\"N\"}', '', 'T', NULL, 'N', NULL, 'Y', '1', 'b8ab9427-627b-469f-bfd0-4b1buser0001', '2022-08-08', 'b8ab9427-627b-469f-bfd0-4b1buser0001', '2022-08-08', 'Y');
INSERT INTO sys_field(id, colName, showName, objectType, dataType, htmlType, fieldType, displayWidth, remark, defaultValue, defaultRule, extendClass, layout, showMobile, isCommon, parentId, isValid, orderNum, creatorId, createdTime, modifyId, modifyTime, isDBField) VALUES ('1e1a2469-dedc-49da-9549-6bac79fd1aa1', 'name', '名称', 'TSC', 'varchar', 'TEXT', 'S', '300', '', '', '{\"isRecorded\":\"Y\",\"textLength\":\"128\",\"isRequired\":\"Y\"}', '', 'T', NULL, 'N', NULL, 'Y', '3', 'b8ab9427-627b-469f-bfd0-4b1buser0001', '2022-08-08', 'b8ab9427-627b-469f-bfd0-4b1buser0001', '2022-08-08', 'Y');
INSERT INTO sys_field(id, colName, showName, objectType, dataType, htmlType, fieldType, displayWidth, remark, defaultValue, defaultRule, extendClass, layout, showMobile, isCommon, parentId, isValid, orderNum, creatorId, createdTime, modifyId, modifyTime, isDBField) VALUES ('569b2061-7265-4168-99e4-3e7489c70ea9', 'code', '编码', 'TSC', 'varchar', 'TEXT', 'S', '120', '', '', '{\"isRecorded\":\"N\",\"textLength\":\"128\",\"isRequired\":\"N\"}', '', 'T', NULL, 'N', NULL, 'Y', '4', 'b8ab9427-627b-469f-bfd0-4b1buser0001', '2022-08-08', 'b8ab9427-627b-469f-bfd0-4b1buser0001', '2022-08-08', 'Y');
INSERT INTO sys_field(id, colName, showName, objectType, dataType, htmlType, fieldType, displayWidth, remark, defaultValue, defaultRule, extendClass, layout, showMobile, isCommon, parentId, isValid, orderNum, creatorId, createdTime, modifyId, modifyTime, isDBField) VALUES ('1156aaf8-244c-48c4-ad81-0fb241cf703e', 'typeId', '用例类型', 'TSC', 'varchar', 'SELECT', 'S', '120', '', '', '{\"isSeached\":\"Y\",\"selectSource\":\"\",\"setCascade\":\"\",\"isRecorded\":\"Y\",\"isRequired\":\"Y\"}', '', 'T', NULL, 'N', NULL, 'Y', '6', 'b8ab9427-627b-469f-bfd0-4b1buser0001', '2022-08-08', 'b8ab9427-627b-469f-bfd0-4b1buser0001', '2022-08-08', 'Y');
INSERT INTO sys_field(id, colName, showName, objectType, dataType, htmlType, fieldType, displayWidth, remark, defaultValue, defaultRule, extendClass, layout, showMobile, isCommon, parentId, isValid, orderNum, creatorId, createdTime, modifyId, modifyTime, isDBField) VALUES ('27f941d0-0421-40c2-97c8-899976a05ad9', 'lifecycleId', '生命周期', 'TSC', 'varchar', 'SELECT', 'S', '120', '', '', '{\"isSeached\":\"Y\",\"selectSource\":\"\",\"setCascade\":\"\",\"isRecorded\":\"Y\",\"isRequired\":\"Y\"}', '', 'T', NULL, 'N', NULL, 'Y', '7', 'b8ab9427-627b-469f-bfd0-4b1buser0001', '2022-08-08', 'b8ab9427-627b-469f-bfd0-4b1buser0001', '2022-08-08', 'Y');
INSERT INTO sys_field(id, colName, showName, objectType, dataType, htmlType, fieldType, displayWidth, remark, defaultValue, defaultRule, extendClass, layout, showMobile, isCommon, parentId, isValid, orderNum, creatorId, createdTime, modifyId, modifyTime, isDBField) VALUES ('b3085334-4de9-420d-a504-a65a775e7b67', 'phaseId', '生命阶段', 'TSC', 'varchar', 'SELECT', 'S', '120', '', '', '{\"isSeached\":\"Y\",\"selectSource\":\"\",\"setCascade\":\"\",\"isRecorded\":\"Y\",\"isRequired\":\"Y\"}', '', 'T', NULL, 'N', NULL, 'Y', '8', 'b8ab9427-627b-469f-bfd0-4b1buser0001', '2022-08-08', 'b8ab9427-627b-469f-bfd0-4b1buser0001', '2022-08-08', 'Y');
INSERT INTO sys_field(id, colName, showName, objectType, dataType, htmlType, fieldType, displayWidth, remark, defaultValue, defaultRule, extendClass, layout, showMobile, isCommon, parentId, isValid, orderNum, creatorId, createdTime, modifyId, modifyTime, isDBField) VALUES ('2e3ab689-2f7d-4bec-b531-efd883483131', 'projectId', '归属项目', 'TSC', 'varchar', 'PJT', 'S', '120', '', NULL, '{\"isRecorded\":\"Y\",\"isRequired\":\"N\"}', '', 'T', NULL, 'N', NULL, 'Y', '9', 'b8ab9427-627b-469f-bfd0-4b1buser0001', '2022-08-08', 'b8ab9427-627b-469f-bfd0-4b1buser0001', '2022-08-08', 'Y');
INSERT INTO sys_field(id, colName, showName, objectType, dataType, htmlType, fieldType, displayWidth, remark, defaultValue, defaultRule, extendClass, layout, showMobile, isCommon, parentId, isValid, orderNum, creatorId, createdTime, modifyId, modifyTime, isDBField) VALUES ('0cec264c-4a0d-4a94-86c1-6e43fdb67e43', 'departmentId', '归属部门', 'TSC', 'varchar', 'DEPT', 'S', '120', '', NULL, '{\"isRecorded\":\"Y\",\"deptDefaultRule\":\"N\",\"isRequired\":\"N\"}', '', 'T', NULL, 'N', NULL, 'Y', '10', 'b8ab9427-627b-469f-bfd0-4b1buser0001', '2022-08-08', 'b8ab9427-627b-469f-bfd0-4b1buser0001', '2022-08-08', 'Y');
INSERT INTO sys_field(id, colName, showName, objectType, dataType, htmlType, fieldType, displayWidth, remark, defaultValue, defaultRule, extendClass, layout, showMobile, isCommon, parentId, isValid, orderNum, creatorId, createdTime, modifyId, modifyTime, isDBField) VALUES ('ad4eeee2-870c-46c8-84bf-d9855eb4d90e', 'version', '版本', 'TSC', 'varchar', 'TEXT', 'S', '120', '', '', '{\"isRecorded\":\"Y\",\"textLength\":\"128\",\"isRequired\":\"N\"}', '', 'T', NULL, 'N', NULL, 'Y', '11', 'b8ab9427-627b-469f-bfd0-4b1buser0001', '2022-08-08', 'b8ab9427-627b-469f-bfd0-4b1buser0001', '2022-08-08', 'Y');
INSERT INTO sys_field(id, colName, showName, objectType, dataType, htmlType, fieldType, displayWidth, remark, defaultValue, defaultRule, extendClass, layout, showMobile, isCommon, parentId, isValid, orderNum, creatorId, createdTime, modifyId, modifyTime, isDBField) VALUES ('3215cea0-f055-4384-92b8-3ea064936a9c', 'ownerId', '责任人', 'TSC', 'varchar', 'USER', 'S', '120', '', NULL, '{\"isRecorded\":\"Y\",\"userIsMul\":\"\",\"isRequired\":\"N\",\"userDefaultRule\":\"N\"}', '', 'T', NULL, 'N', NULL, 'Y', '12', 'b8ab9427-627b-469f-bfd0-4b1buser0001', '2022-08-08', 'b8ab9427-627b-469f-bfd0-4b1buser0001', '2022-08-08', 'Y');
INSERT INTO sys_field(id, colName, showName, objectType, dataType, htmlType, fieldType, displayWidth, remark, defaultValue, defaultRule, extendClass, layout, showMobile, isCommon, parentId, isValid, orderNum, creatorId, createdTime, modifyId, modifyTime, isDBField) VALUES ('20724668-eb56-45e3-a762-9ddcf3a524f1', 'actorId', '参与人', 'TSC', 'varchar', 'USER', 'S', '120', '', NULL, '{\"isRecorded\":\"Y\",\"userIsMul\":\"Y\",\"isRequired\":\"N\",\"userDefaultRule\":\"N\"}', '', 'T', NULL, 'N', NULL, 'Y', '13', 'b8ab9427-627b-469f-bfd0-4b1buser0001', '2022-08-08', 'b8ab9427-627b-469f-bfd0-4b1buser0001', '2022-08-08', 'Y');
INSERT INTO sys_field(id, colName, showName, objectType, dataType, htmlType, fieldType, displayWidth, remark, defaultValue, defaultRule, extendClass, layout, showMobile, isCommon, parentId, isValid, orderNum, creatorId, createdTime, modifyId, modifyTime, isDBField) VALUES ('124121d5-4171-4529-8df7-24e7f872fe54', 'checkOutUserId', '检出人', 'TSC', 'varchar', 'USER', 'S', '120', '', NULL, '{\"isRecorded\":\"N\",\"userIsMul\":\"\",\"isRequired\":\"N\",\"userDefaultRule\":\"N\"}', '', 'T', NULL, 'N', NULL, 'Y', '14', 'b8ab9427-627b-469f-bfd0-4b1buser0001', '2022-08-08', 'b8ab9427-627b-469f-bfd0-4b1buser0001', '2022-08-08', 'Y');
INSERT INTO sys_field(id, colName, showName, objectType, dataType, htmlType, fieldType, displayWidth, remark, defaultValue, defaultRule, extendClass, layout, showMobile, isCommon, parentId, isValid, orderNum, creatorId, createdTime, modifyId, modifyTime, isDBField) VALUES ('fdb9b401-8a06-40b8-bc47-4fff4e419eb9', 'checkOutTime', '检出时间', 'TSC', 'datetime', 'DATE', 'S', '120', '', NULL, '{\"isRecorded\":\"N\",\"dateFormatRule\":\"YMD\",\"dateDefaultRule\":\"N\",\"isRequired\":\"N\"}', '', 'T', NULL, 'N', NULL, 'Y', '16', 'b8ab9427-627b-469f-bfd0-4b1buser0001', '2022-08-08', 'b8ab9427-627b-469f-bfd0-4b1buser0001', '2022-08-08', 'Y');
INSERT INTO sys_field(id, colName, showName, objectType, dataType, htmlType, fieldType, displayWidth, remark, defaultValue, defaultRule, extendClass, layout, showMobile, isCommon, parentId, isValid, orderNum, creatorId, createdTime, modifyId, modifyTime, isDBField) VALUES ('696af09f-0b6b-4c05-969b-9d3d010c681e', 'remark', '备注', 'TSC', 'varchar', 'AREA', 'S', '120', '', '', '{\"areaLength\":\"1024\",\"areaIsLimit\":\"Y\",\"areaRows\":\"8\",\"isRecorded\":\"N\",\"isRequired\":\"N\"}', '', 'F', NULL, 'N', NULL, 'Y', '17', 'b8ab9427-627b-469f-bfd0-4b1buser0001', '2022-08-08', 'b8ab9427-627b-469f-bfd0-4b1buser0001', '2022-08-08', 'Y');
INSERT INTO sys_field(id, colName, showName, objectType, dataType, htmlType, fieldType, displayWidth, remark, defaultValue, defaultRule, extendClass, layout, showMobile, isCommon, parentId, isValid, orderNum, creatorId, createdTime, modifyId, modifyTime, isDBField) VALUES ('382ed71c-5f36-4558-932c-1e1e6b758bfb', 'preconditions', '前置条件', 'TSC', 'varchar', 'AREA', 'S', '120', '', '', '{\"areaLength\":\"1024\",\"areaIsLimit\":\"Y\",\"areaRows\":\"8\",\"isRecorded\":\"N\",\"isRequired\":\"N\"}', '', 'F', NULL, 'N', NULL, 'Y', '19', 'b8ab9427-627b-469f-bfd0-4b1buser0001', '2022-08-08', 'b8ab9427-627b-469f-bfd0-4b1buser0001', '2022-08-08', 'Y');
INSERT INTO sys_field(id, colName, showName, objectType, dataType, htmlType, fieldType, displayWidth, remark, defaultValue, defaultRule, extendClass, layout, showMobile, isCommon, parentId, isValid, orderNum, creatorId, createdTime, modifyId, modifyTime, isDBField) VALUES ('d3ade007-bb10-40e2-b0d7-f169658640eb', 'expected', '预期结果', 'TSC', 'varchar', 'AREA', 'S', '120', '', '', '{\"areaLength\":\"1024\",\"areaIsLimit\":\"Y\",\"areaRows\":\"8\",\"isRecorded\":\"N\",\"isRequired\":\"N\"}', '', 'F', NULL, 'N', NULL, 'Y', '20', 'b8ab9427-627b-469f-bfd0-4b1buser0001', '2022-08-08', 'b8ab9427-627b-469f-bfd0-4b1buser0001', '2022-08-08', 'Y');
INSERT INTO sys_field(id, colName, showName, objectType, dataType, htmlType, fieldType, displayWidth, remark, defaultValue, defaultRule, extendClass, layout, showMobile, isCommon, parentId, isValid, orderNum, creatorId, createdTime, modifyId, modifyTime, isDBField) VALUES ('9c11d5de-612f-4cd2-8a27-affd18d33fa2', 'procedureSign', '测试步骤', 'TSC', 'varchar', 'SIGN', 'S', '120', '', NULL, '{\"isRecorded\":\"N\",\"isRequired\":\"N\",\"signDefaultRule\":\"ZDY\",\"isShowed\":\"N\"}', 'com.dream.procedureSign.ProcedureSign', 'F', NULL, 'N', NULL, 'Y', '21', 'b8ab9427-627b-469f-bfd0-4b1buser0001', '2022-08-08', 'b8ab9427-627b-469f-bfd0-4b1buser0001', '2022-08-08', 'N');
INSERT INTO sys_field(id, colName, showName, objectType, dataType, htmlType, fieldType, displayWidth, remark, defaultValue, defaultRule, extendClass, layout, showMobile, isCommon, parentId, isValid, orderNum, creatorId, createdTime, modifyId, modifyTime, isDBField) VALUES ('797e5ffa-e9a8-47cf-8fb5-e6df428be452', 'fileSign', '附件', 'TSC', 'varchar', 'SIGN', 'S', '120', '', NULL, '{\"isRecorded\":\"N\",\"isRequired\":\"N\",\"signDefaultRule\":\"ZDY\",\"isShowed\":\"N\"}', 'com.dream.fileSign.FileSign', 'F', NULL, 'N', NULL, 'Y', '24', 'b8ab9427-627b-469f-bfd0-4b1buser0001', '2022-08-08', 'b8ab9427-627b-469f-bfd0-4b1buser0001', '2022-08-08', 'N');
INSERT INTO sys_field(id, colName, showName, objectType, dataType, htmlType, fieldType, displayWidth, remark, defaultValue, defaultRule, extendClass, layout, showMobile, isCommon, parentId, isValid, orderNum, creatorId, createdTime, modifyId, modifyTime, isDBField) VALUES ('f5631e3c-5aee-4f3f-95e2-7ed99a7d1846', 'related', '关联', 'TSC', 'varchar', 'SIGN', 'S', '120', '', NULL, '{\"isRecorded\":\"N\",\"isRequired\":\"N\",\"signDefaultRule\":\"ZDY\",\"isShowed\":\"N\"}', 'com.dream.relatedSign.RelatedSign', 'F', NULL, 'N', NULL, 'Y', '25', 'b8ab9427-627b-469f-bfd0-4b1buser0001', '2022-08-08', 'b8ab9427-627b-469f-bfd0-4b1buser0001', '2022-08-08', 'N');
INSERT INTO sys_field(id, colName, showName, objectType, dataType, htmlType, fieldType, displayWidth, remark, defaultValue, defaultRule, extendClass, layout, showMobile, isCommon, parentId, isValid, orderNum, creatorId, createdTime, modifyId, modifyTime, isDBField) VALUES ('330df8b5-1cde-4b53-8792-1bb75cdf13fc', 'creatorId', '创建人', 'TSC', 'varchar', 'USER', 'S', '120', '', NULL, '{\"isRecorded\":\"N\",\"userIsMul\":\"\",\"isRequired\":\"N\",\"userDefaultRule\":\"N\"}', 'com.dream.relatedSign.RelatedSign', 'T', NULL, 'N', NULL, 'Y', '26', 'b8ab9427-627b-469f-bfd0-4b1buser0001', '2022-08-08', 'b8ab9427-627b-469f-bfd0-4b1buser0001', '2022-08-08', 'Y');
INSERT INTO sys_field(id, colName, showName, objectType, dataType, htmlType, fieldType, displayWidth, remark, defaultValue, defaultRule, extendClass, layout, showMobile, isCommon, parentId, isValid, orderNum, creatorId, createdTime, modifyId, modifyTime, isDBField) VALUES ('f0aff483-b34b-4d9a-af71-8699948f402f', 'createdTime', '创建日期', 'TSC', 'datetime', 'DATE', 'S', '120', '', NULL, '{\"isRecorded\":\"N\",\"dateFormatRule\":\"YMDHm\",\"dateDefaultRule\":\"N\",\"isRequired\":\"N\"}', 'com.dream.relatedSign.RelatedSign', 'T', NULL, 'N', NULL, 'Y', '27', 'b8ab9427-627b-469f-bfd0-4b1buser0001', '2022-08-08', 'b8ab9427-627b-469f-bfd0-4b1buser0001', '2022-08-08', 'Y');
INSERT INTO sys_field(id, colName, showName, objectType, dataType, htmlType, fieldType, displayWidth, remark, defaultValue, defaultRule, extendClass, layout, showMobile, isCommon, parentId, isValid, orderNum, creatorId, createdTime, modifyId, modifyTime, isDBField) VALUES ('6dd2e7c6-5671-4578-a887-00e6b3381393', 'modifyId', '更新人', 'TSC', 'varchar', 'USER', 'S', '120', '', NULL, '{\"isRecorded\":\"N\",\"userIsMul\":\"\",\"isRequired\":\"N\",\"userDefaultRule\":\"N\"}', 'com.dream.relatedSign.RelatedSign', 'T', NULL, 'N', NULL, 'Y', '28', 'b8ab9427-627b-469f-bfd0-4b1buser0001', '2022-08-08', 'b8ab9427-627b-469f-bfd0-4b1buser0001', '2022-08-08', 'Y');
INSERT INTO sys_field(id, colName, showName, objectType, dataType, htmlType, fieldType, displayWidth, remark, defaultValue, defaultRule, extendClass, layout, showMobile, isCommon, parentId, isValid, orderNum, creatorId, createdTime, modifyId, modifyTime, isDBField) VALUES ('fbd4d072-9b57-44a1-86c8-7d633560dcf6', 'modifyTime', '最新更新日期', 'TSC', 'datetime', 'DATE', 'S', '120', '', NULL, '{\"isRecorded\":\"N\",\"dateFormatRule\":\"YMDHm\",\"dateDefaultRule\":\"N\",\"isRequired\":\"N\"}', 'com.dream.relatedSign.RelatedSign', 'T', NULL, 'N', NULL, 'Y', '29', 'b8ab9427-627b-469f-bfd0-4b1buser0001', '2022-08-08', 'b8ab9427-627b-469f-bfd0-4b1buser0001', '2022-08-08', 'Y');

INSERT INTO sys_fieldnum(id, objectType, fieldId, orderNum) VALUES ('047ff6ce-df41-4e03-a307-22b66edee8c1', 'TSC', '1e1a2469-dedc-49da-9549-6bac79fd1aa1', '3');
INSERT INTO sys_fieldnum(id, objectType, fieldId, orderNum) VALUES ('e4e47c73-af1c-4fee-a25c-f6d12ca79acc', 'TSC', '569b2061-7265-4168-99e4-3e7489c70ea9', '4');
INSERT INTO sys_fieldnum(id, objectType, fieldId, orderNum) VALUES ('650d2753-1d7b-4138-bd0f-c2c34594e33c', 'TSC', '1156aaf8-244c-48c4-ad81-0fb241cf703e', '6');
INSERT INTO sys_fieldnum(id, objectType, fieldId, orderNum) VALUES ('36adf09d-3e9d-4cf9-8f56-a63018ae2bad', 'TSC', '27f941d0-0421-40c2-97c8-899976a05ad9', '7');
INSERT INTO sys_fieldnum(id, objectType, fieldId, orderNum) VALUES ('270dbfd1-9f4f-470e-9ab3-1bb06611a94b', 'TSC', 'b3085334-4de9-420d-a504-a65a775e7b67', '8');
INSERT INTO sys_fieldnum(id, objectType, fieldId, orderNum) VALUES ('e4675764-fcff-4481-a9d3-70f9e5ea301f', 'TSC', '750d149e-e636-4922-82db-b99630c2d7d1', '9');
INSERT INTO sys_fieldnum(id, objectType, fieldId, orderNum) VALUES ('ce9adfd6-0b65-450d-a3c9-5e652f09b131', 'TSC', '2e3ab689-2f7d-4bec-b531-efd883483131', '10');
INSERT INTO sys_fieldnum(id, objectType, fieldId, orderNum) VALUES ('18800fff-4fcf-4fbd-b595-ec841fce4812', 'TSC', '0cec264c-4a0d-4a94-86c1-6e43fdb67e43', '11');
INSERT INTO sys_fieldnum(id, objectType, fieldId, orderNum) VALUES ('31347c98-8681-4520-8d2f-6f95139f2849', 'TSC', 'ad4eeee2-870c-46c8-84bf-d9855eb4d90e', '12');
INSERT INTO sys_fieldnum(id, objectType, fieldId, orderNum) VALUES ('27fad258-703a-4fea-ad8d-5a1b62b6e3a6', 'TSC', '3215cea0-f055-4384-92b8-3ea064936a9c', '13');
INSERT INTO sys_fieldnum(id, objectType, fieldId, orderNum) VALUES ('31a5a594-dc6f-4b12-a870-a03a835075f8', 'TSC', '20724668-eb56-45e3-a762-9ddcf3a524f1', '14');
INSERT INTO sys_fieldnum(id, objectType, fieldId, orderNum) VALUES ('ca75599a-ee3d-4999-ae80-b31938bc28bb', 'TSC', '124121d5-4171-4529-8df7-24e7f872fe54', '15');
INSERT INTO sys_fieldnum(id, objectType, fieldId, orderNum) VALUES ('0cc0d889-82e7-4095-b42a-cb369fa0e1f3', 'TSC', 'fdb9b401-8a06-40b8-bc47-4fff4e419eb9', '17');
INSERT INTO sys_fieldnum(id, objectType, fieldId, orderNum) VALUES ('67f362fb-35c0-4169-83ca-b8ba3a4472a3', 'TSC', '696af09f-0b6b-4c05-969b-9d3d010c681e', '18');
INSERT INTO sys_fieldnum(id, objectType, fieldId, orderNum) VALUES ('7d87d472-509a-4379-ab90-6c5a2c92a0bb', 'TSC', '382ed71c-5f36-4558-932c-1e1e6b758bfb', '20');
INSERT INTO sys_fieldnum(id, objectType, fieldId, orderNum) VALUES ('ccce5a68-974c-42cf-9434-95b71404590e', 'TSC', 'd3ade007-bb10-40e2-b0d7-f169658640eb', '21');
INSERT INTO sys_fieldnum(id, objectType, fieldId, orderNum) VALUES ('afe846f7-c103-4aa1-abb9-4acf3617b9cf', 'TSC', '9c11d5de-612f-4cd2-8a27-affd18d33fa2', '22');
INSERT INTO sys_fieldnum(id, objectType, fieldId, orderNum) VALUES ('2071e871-0dd4-4ba2-ad81-11dec274f93f', 'TSC', '797e5ffa-e9a8-47cf-8fb5-e6df428be452', '25');
INSERT INTO sys_fieldnum(id, objectType, fieldId, orderNum) VALUES ('bf7b1f87-c9aa-401a-a2f2-b026370e107a', 'TSC', 'f5631e3c-5aee-4f3f-95e2-7ed99a7d1846', '26');
INSERT INTO sys_fieldnum(id, objectType, fieldId, orderNum) VALUES ('4d7f7a6f-f052-4ac3-b721-977952831784', 'TSC', '330df8b5-1cde-4b53-8792-1bb75cdf13fc', '27');
INSERT INTO sys_fieldnum(id, objectType, fieldId, orderNum) VALUES ('f867e3c7-a5bb-43a3-b2bd-bfca89d4448d', 'TSC', 'f0aff483-b34b-4d9a-af71-8699948f402f', '28');
INSERT INTO sys_fieldnum(id, objectType, fieldId, orderNum) VALUES ('740fac0e-c56d-45f0-9449-9daa503b9e0d', 'TSC', '6dd2e7c6-5671-4578-a887-00e6b3381393', '29');
INSERT INTO sys_fieldnum(id, objectType, fieldId, orderNum) VALUES ('3aca8b62-fc0b-441d-a1ca-83784bfc416a', 'TSC', 'fbd4d072-9b57-44a1-86c8-7d633560dcf6', '30');

INSERT INTO sys_datasource(id, objectType, name, val, isSystem, remark, isValid, orderNum, creatorId, createdTime, modifyId, modifyTime, linkFieldId) 
VALUES ('424c5ccc-e7a6-4089-bb3a-11e23c4d451c', 'TSC', '优先级', NULL, 'Y', NULL, 'Y', '72', 'b8ab9427-627b-469f-bfd0-4b1buser0001', '2022-08-08', 'b8ab9427-627b-469f-bfd0-4b1buser0001', '2022-08-08', '750d149e-e636-4922-82db-b99630c2d7d1');

INSERT INTO sys_dataoption(id, objectType, name, dataBaseId, parentId, isSystem, remark, bgColor, fColor, isValid, orderNum, creatorId, createdTime, modifyId, modifyTime) VALUES ('7f2c11d5-0cf8-4d07-a596-d9c6b1494a29', 'TSC', '高', '424c5ccc-e7a6-4089-bb3a-11e23c4d451c', '', 'Y', NULL, '', '', 'Y', '272', 'b8ab9427-627b-469f-bfd0-4b1buser0001', '2022-08-08', 'b8ab9427-627b-469f-bfd0-4b1buser0001', '2022-08-08');
INSERT INTO sys_dataoption(id, objectType, name, dataBaseId, parentId, isSystem, remark, bgColor, fColor, isValid, orderNum, creatorId, createdTime, modifyId, modifyTime) VALUES ('1f86ea1b-07b8-4a71-af3c-b9c8de45ba7a', 'TSC', '中', '424c5ccc-e7a6-4089-bb3a-11e23c4d451c', '', 'Y', NULL, '', '', 'Y', '273', 'b8ab9427-627b-469f-bfd0-4b1buser0001', '2022-08-08', 'b8ab9427-627b-469f-bfd0-4b1buser0001', '2022-08-08');
INSERT INTO sys_dataoption(id, objectType, name, dataBaseId, parentId, isSystem, remark, bgColor, fColor, isValid, orderNum, creatorId, createdTime, modifyId, modifyTime) VALUES ('3f372326-3039-4767-980c-c27285e5570a', 'TSC', '低', '424c5ccc-e7a6-4089-bb3a-11e23c4d451c', '', 'Y', NULL, '', '', 'Y', '274', 'b8ab9427-627b-469f-bfd0-4b1buser0001', '2022-08-08', 'b8ab9427-627b-469f-bfd0-4b1buser0001', '2022-08-08');

INSERT INTO sys_page(id, name, objectType, pageType, subType, parentId, workflowID, deriveWfType, deriveWfID, mapField, isStartPage, entityTypeID, extPageUrl, extPageCls, isSystem, remark, isValid, orderNum, creatorId, createdTime, modifyId, modifyTime) 
VALUES('07698511-fa9f-47e2-9f4c-5fbbfiTSC001', '系统表单', 'TSC', '', '', NULL, NULL, NULL, NULL, NULL, NULL, NULL, NULL, NULL, 'Y', NULL, 'Y', 1, NULL, NULL, NULL, NULL);
INSERT INTO sys_page(id, name, objectType, pageType, subType, parentId, workflowID, deriveWfType, deriveWfID, mapField, isStartPage, entityTypeID, extPageUrl, extPageCls, isSystem, remark, isValid, orderNum, creatorId, createdTime, modifyId, modifyTime) 
VALUES('07698511-fa9f-47e2-9f4c-5fbbfiTSC002', '新建页面', 'TSC', 'FORM', 'ADD', '07698511-fa9f-47e2-9f4c-5fbbfiTSC001', NULL, NULL, NULL, NULL, NULL, NULL, NULL, NULL, 'Y', NULL, 'Y', 2, 'b8ab9427-627b-469f-bfd0-4b1buser0001', '2022-08-08', 'b8ab9427-627b-469f-bfd0-4b1buser0001', '2022-08-08');
INSERT INTO sys_page(id, name, objectType, pageType, subType, parentId, workflowID, deriveWfType, deriveWfID, mapField, isStartPage, entityTypeID, extPageUrl, extPageCls, isSystem, remark, isValid, orderNum, creatorId, createdTime, modifyId, modifyTime) 
VALUES('07698511-fa9f-47e2-9f4c-5fbbfiTSC003', '查看页面', 'TSC', 'FORM', 'VIEW', '07698511-fa9f-47e2-9f4c-5fbbfiTSC001', NULL, NULL, NULL, NULL, NULL, NULL, NULL, NULL, 'Y', NULL, 'Y', 3, 'b8ab9427-627b-469f-bfd0-4b1buser0001', '2022-08-08', 'b8ab9427-627b-469f-bfd0-4b1buser0001', '2022-08-08');
INSERT INTO sys_page(id, name, objectType, pageType, subType, parentId, workflowID, deriveWfType, deriveWfID, mapField, isStartPage, entityTypeID, extPageUrl, extPageCls, isSystem, remark, isValid, orderNum, creatorId, createdTime, modifyId, modifyTime) 
VALUES('07698511-fa9f-47e2-9f4c-5fbbfiTSC004', '编辑页面', 'TSC', 'FORM', 'EDIT', '07698511-fa9f-47e2-9f4c-5fbbfiTSC001', NULL, NULL, NULL, NULL, NULL, NULL, NULL, NULL, 'Y', NULL, 'Y', 4, 'b8ab9427-627b-469f-bfd0-4b1buser0001', '2022-08-08', 'b8ab9427-627b-469f-bfd0-4b1buser0001', '2022-08-08');
INSERT INTO sys_page(id, name, objectType, pageType, parentId, workflowID, deriveWfType, deriveWfID, mapField, isStartPage, entityTypeID, extPageUrl, extPageCls, isSystem, remark, isValid, orderNum, creatorId, createdTime, modifyId, modifyTime, subType) 
VALUES('07698511-fa9f-47e2-9f4c-5fbbfiTSC005', '导入导出视图', 'TSC', 'IMPEXPLIST', '', NULL, NULL, NULL, NULL, NULL, NULL, NULL, NULL, 'Y', NULL, 'Y', '5', 'b8ab9427-627b-469f-bfd0-4b1buser0001', '2022-08-08', 'b8ab9427-627b-469f-bfd0-4b1buser0001', '2022-08-08', NULL);
INSERT INTO sys_page(id, name, objectType, pageType, parentId, workflowID, deriveWfType, deriveWfID, mapField, isStartPage, entityTypeID, extPageUrl, extPageCls, isSystem, remark, isValid, orderNum, creatorId, createdTime, modifyId, modifyTime, subType) 
VALUES('07698511-fa9f-47e2-9f4c-5fbbfiTSC006', '导入视图', 'TSC', 'IMPLIST', '07698511-fa9f-47e2-9f4c-5fbbfiTSC005', NULL, NULL, NULL, NULL, NULL, NULL, NULL, NULL, 'Y', NULL, 'Y', '6', 'b8ab9427-627b-469f-bfd0-4b1buser0001', '2022-08-08', 'b8ab9427-627b-469f-bfd0-4b1buser0001', '2022-08-08', NULL);
INSERT INTO sys_page(id, name, objectType, pageType, parentId, workflowID, deriveWfType, deriveWfID, mapField, isStartPage, entityTypeID, extPageUrl, extPageCls, isSystem, remark, isValid, orderNum, creatorId, createdTime, modifyId, modifyTime, subType) 
VALUES('07698511-fa9f-47e2-9f4c-5fbbfiTSC007', '导出视图', 'TSC', 'EXPLIST', '07698511-fa9f-47e2-9f4c-5fbbfiTSC005', NULL, NULL, NULL, NULL, NULL, NULL, NULL, NULL, 'Y', NULL, 'Y', '7', 'b8ab9427-627b-469f-bfd0-4b1buser0001', '2022-08-08', 'b8ab9427-627b-469f-bfd0-4b1buser0001', '2022-08-08', '');
INSERT INTO sys_page(id, name, objectType, pageType, parentId, workflowID, deriveWfType, deriveWfID, mapField, isStartPage, entityTypeID, extPageUrl, extPageCls, isSystem, remark, isValid, orderNum, creatorId, createdTime, modifyId, modifyTime) 
VALUES('07698511-fa9f-47e2-9f4c-5fbbfiTSC013', '系统视图', 'TSC', NULL, NULL, NULL, NULL, NULL, NULL, NULL, NULL, NULL, NULL, 'Y', NULL, 'Y', 8, NULL, NULL, NULL, NULL);
INSERT INTO sys_page(id, name, objectType, pageType, parentId, workflowID, deriveWfType, deriveWfID, mapField, isStartPage, entityTypeID, extPageUrl, extPageCls, isSystem, remark, isValid, orderNum, creatorId, createdTime, modifyId, modifyTime) 
VALUES('07698511-fa9f-47e2-9f4c-5fbbfiTSC014', '默认视图', 'TSC', 'LIST', '07698511-fa9f-47e2-9f4c-5fbbfiTSC013', NULL, NULL, NULL, NULL, NULL, NULL, NULL, NULL, 'Y', NULL, 'Y', 9, 'b8ab9427-627b-469f-bfd0-4b1buser0001', '2022-08-08', 'b8ab9427-627b-469f-bfd0-4b1buser0001', '2022-08-08');
INSERT INTO sys_page(id, name, objectType, pageType, parentId, workflowID, deriveWfType, deriveWfID, mapField, isStartPage, entityTypeID, extPageUrl, extPageCls, isSystem, remark, isValid, orderNum, creatorId, createdTime, modifyId, modifyTime) 
VALUES('07698511-fa9f-47e2-9f4c-5fbbfiTSC015', '个人视图', 'TSC', 'CUSLIST', '', NULL, NULL, NULL, NULL, NULL, NULL, NULL, NULL, 'Y', NULL, 'Y', 10, NULL, NULL, NULL, NULL);

INSERT INTO sys_pagefield_rlt(id, pageId, fieldId, orderNum, isRequired, isReaded, isReseted, isRecorded, isShowed, layout, isValid, module) VALUES ('ab41cee4-cea6-41c9-b00d-06a28c7d594a', '07698511-fa9f-47e2-9f4c-5fbbfiTSC002', '1e1a2469-dedc-49da-9549-6bac79fd1aa1', '1', 'Y', 'N', NULL, NULL, 'Y', 'F', 'Y', NULL);
INSERT INTO sys_pagefield_rlt(id, pageId, fieldId, orderNum, isRequired, isReaded, isReseted, isRecorded, isShowed, layout, isValid, module) VALUES ('933a1d0f-abee-46bc-bd2a-357c86877ea2', '07698511-fa9f-47e2-9f4c-5fbbfiTSC002', '2e3ab689-2f7d-4bec-b531-efd883483131', '2', 'N', 'N', NULL, NULL, 'Y', 'T', 'Y', NULL);
INSERT INTO sys_pagefield_rlt(id, pageId, fieldId, orderNum, isRequired, isReaded, isReseted, isRecorded, isShowed, layout, isValid, module) VALUES ('e039b317-65dc-4688-805e-34d71432374e', '07698511-fa9f-47e2-9f4c-5fbbfiTSC002', '1156aaf8-244c-48c4-ad81-0fb241cf703e', '3', 'Y', 'N', NULL, NULL, 'Y', 'T', 'Y', NULL);
INSERT INTO sys_pagefield_rlt(id, pageId, fieldId, orderNum, isRequired, isReaded, isReseted, isRecorded, isShowed, layout, isValid, module) VALUES ('c15bb3b1-10c6-4dbe-bdfe-338500a4614d', '07698511-fa9f-47e2-9f4c-5fbbfiTSC002', 'b3085334-4de9-420d-a504-a65a775e7b67', '4', 'Y', 'N', NULL, NULL, 'Y', 'T', 'Y', NULL);
INSERT INTO sys_pagefield_rlt(id, pageId, fieldId, orderNum, isRequired, isReaded, isReseted, isRecorded, isShowed, layout, isValid, module) VALUES ('778ccc3c-6c0d-4937-943e-e76c828f1a9a', '07698511-fa9f-47e2-9f4c-5fbbfiTSC002', '750d149e-e636-4922-82db-b99630c2d7d1', '5', 'N', 'N', NULL, NULL, 'Y', 'T', 'Y', NULL);
INSERT INTO sys_pagefield_rlt(id, pageId, fieldId, orderNum, isRequired, isReaded, isReseted, isRecorded, isShowed, layout, isValid, module) VALUES ('489932e7-05d2-41b2-96a2-336b3dc7944a', '07698511-fa9f-47e2-9f4c-5fbbfiTSC002', '382ed71c-5f36-4558-932c-1e1e6b758bfb', '6', 'N', 'N', NULL, NULL, 'Y', 'F', 'Y', NULL);
INSERT INTO sys_pagefield_rlt(id, pageId, fieldId, orderNum, isRequired, isReaded, isReseted, isRecorded, isShowed, layout, isValid, module) VALUES ('188f6d54-c4f0-48d3-a554-cd592c957dbc', '07698511-fa9f-47e2-9f4c-5fbbfiTSC002', 'd3ade007-bb10-40e2-b0d7-f169658640eb', '7', 'N', 'N', NULL, NULL, 'Y', 'F', 'Y', NULL);
INSERT INTO sys_pagefield_rlt(id, pageId, fieldId, orderNum, isRequired, isReaded, isReseted, isRecorded, isShowed, layout, isValid, module) VALUES ('33bc7a73-64b8-4557-ab60-2ec236471d91', '07698511-fa9f-47e2-9f4c-5fbbfiTSC002', '9c11d5de-612f-4cd2-8a27-affd18d33fa2', '8', 'Y', 'N', NULL, NULL, 'Y', 'F', 'Y', NULL);
INSERT INTO sys_pagefield_rlt(id, pageId, fieldId, orderNum, isRequired, isReaded, isReseted, isRecorded, isShowed, layout, isValid, module) VALUES ('17be243d-2cfd-4fac-b94a-04a6b0db60ab', '07698511-fa9f-47e2-9f4c-5fbbfiTSC002', '3215cea0-f055-4384-92b8-3ea064936a9c', '9', 'N', 'N', NULL, NULL, 'Y', 'T', 'Y', NULL);
INSERT INTO sys_pagefield_rlt(id, pageId, fieldId, orderNum, isRequired, isReaded, isReseted, isRecorded, isShowed, layout, isValid, module) VALUES ('39dfaf97-a6f7-426d-9a65-84644b61edc1', '07698511-fa9f-47e2-9f4c-5fbbfiTSC002', '20724668-eb56-45e3-a762-9ddcf3a524f1', '10', 'N', 'N', NULL, NULL, 'Y', 'T', 'Y', NULL);
INSERT INTO sys_pagefield_rlt(id, pageId, fieldId, orderNum, isRequired, isReaded, isReseted, isRecorded, isShowed, layout, isValid, module) VALUES ('6cb6edfd-5aae-4b6c-9ade-06cc475b8abe', '07698511-fa9f-47e2-9f4c-5fbbfiTSC003', '1e1a2469-dedc-49da-9549-6bac79fd1aa1', '1', 'N', 'Y', NULL, NULL, 'Y', 'F', 'Y', NULL);
INSERT INTO sys_pagefield_rlt(id, pageId, fieldId, orderNum, isRequired, isReaded, isReseted, isRecorded, isShowed, layout, isValid, module) VALUES ('3bd8f917-13c6-47a0-8f3d-1d49ad058a0e', '07698511-fa9f-47e2-9f4c-5fbbfiTSC003', '2e3ab689-2f7d-4bec-b531-efd883483131', '2', 'N', 'Y', NULL, NULL, 'Y', 'T', 'Y', NULL);
INSERT INTO sys_pagefield_rlt(id, pageId, fieldId, orderNum, isRequired, isReaded, isReseted, isRecorded, isShowed, layout, isValid, module) VALUES ('97428bd2-6a98-4f76-875f-f0a76fa9b07b', '07698511-fa9f-47e2-9f4c-5fbbfiTSC003', '1156aaf8-244c-48c4-ad81-0fb241cf703e', '3', 'N', 'Y', NULL, NULL, 'Y', 'T', 'Y', NULL);
INSERT INTO sys_pagefield_rlt(id, pageId, fieldId, orderNum, isRequired, isReaded, isReseted, isRecorded, isShowed, layout, isValid, module) VALUES ('4596152c-4634-4596-bb0f-d6baeaebf8a0', '07698511-fa9f-47e2-9f4c-5fbbfiTSC003', 'b3085334-4de9-420d-a504-a65a775e7b67', '4', 'N', 'Y', NULL, NULL, 'Y', 'T', 'Y', NULL);
INSERT INTO sys_pagefield_rlt(id, pageId, fieldId, orderNum, isRequired, isReaded, isReseted, isRecorded, isShowed, layout, isValid, module) VALUES ('a3af4b8e-6306-452a-ac29-36b982a5bac1', '07698511-fa9f-47e2-9f4c-5fbbfiTSC003', '750d149e-e636-4922-82db-b99630c2d7d1', '5', 'N', 'Y', NULL, NULL, 'Y', 'T', 'Y', NULL);
INSERT INTO sys_pagefield_rlt(id, pageId, fieldId, orderNum, isRequired, isReaded, isReseted, isRecorded, isShowed, layout, isValid, module) VALUES ('56164c88-1117-4684-abfb-bf260544c4e0', '07698511-fa9f-47e2-9f4c-5fbbfiTSC003', '382ed71c-5f36-4558-932c-1e1e6b758bfb', '6', 'N', 'Y', NULL, NULL, 'Y', 'F', 'Y', NULL);
INSERT INTO sys_pagefield_rlt(id, pageId, fieldId, orderNum, isRequired, isReaded, isReseted, isRecorded, isShowed, layout, isValid, module) VALUES ('df2123e8-8bdc-4d9f-82d6-2fde1d5c8956', '07698511-fa9f-47e2-9f4c-5fbbfiTSC003', 'd3ade007-bb10-40e2-b0d7-f169658640eb', '7', 'N', 'Y', NULL, NULL, 'Y', 'F', 'Y', NULL);
INSERT INTO sys_pagefield_rlt(id, pageId, fieldId, orderNum, isRequired, isReaded, isReseted, isRecorded, isShowed, layout, isValid, module) VALUES ('a5c9fec7-adf5-4664-8802-1cc3c5474a44', '07698511-fa9f-47e2-9f4c-5fbbfiTSC003', '9c11d5de-612f-4cd2-8a27-affd18d33fa2', '8', 'N', 'Y', NULL, NULL, 'Y', 'F', 'Y', NULL);
INSERT INTO sys_pagefield_rlt(id, pageId, fieldId, orderNum, isRequired, isReaded, isReseted, isRecorded, isShowed, layout, isValid, module) VALUES ('5282e591-ff2b-442c-ac71-a28005249318', '07698511-fa9f-47e2-9f4c-5fbbfiTSC003', '3215cea0-f055-4384-92b8-3ea064936a9c', '9', 'N', 'Y', NULL, NULL, 'Y', 'T', 'Y', NULL);
INSERT INTO sys_pagefield_rlt(id, pageId, fieldId, orderNum, isRequired, isReaded, isReseted, isRecorded, isShowed, layout, isValid, module) VALUES ('9e538fdd-eb06-4f8e-94d3-37d0b79856d5', '07698511-fa9f-47e2-9f4c-5fbbfiTSC003', '20724668-eb56-45e3-a762-9ddcf3a524f1', '10', 'N', 'Y', NULL, NULL, 'Y', 'T', 'Y', NULL);
INSERT INTO sys_pagefield_rlt(id, pageId, fieldId, orderNum, isRequired, isReaded, isReseted, isRecorded, isShowed, layout, isValid, module) VALUES ('9abf58e6-d36e-4098-ab9d-c9ca1e158ac5', '07698511-fa9f-47e2-9f4c-5fbbfiTSC004', '1e1a2469-dedc-49da-9549-6bac79fd1aa1', '1', 'Y', 'N', NULL, NULL, 'Y', 'F', 'Y', NULL);
INSERT INTO sys_pagefield_rlt(id, pageId, fieldId, orderNum, isRequired, isReaded, isReseted, isRecorded, isShowed, layout, isValid, module) VALUES ('9e088b7b-dff8-4fa3-8eb8-60ffb73b67f8', '07698511-fa9f-47e2-9f4c-5fbbfiTSC004', '2e3ab689-2f7d-4bec-b531-efd883483131', '2', 'N', 'N', NULL, NULL, 'Y', 'T', 'Y', NULL);
INSERT INTO sys_pagefield_rlt(id, pageId, fieldId, orderNum, isRequired, isReaded, isReseted, isRecorded, isShowed, layout, isValid, module) VALUES ('94af58f9-6ca3-4f37-ae80-1712e4c89155', '07698511-fa9f-47e2-9f4c-5fbbfiTSC004', '1156aaf8-244c-48c4-ad81-0fb241cf703e', '3', 'Y', 'N', NULL, NULL, 'Y', 'T', 'Y', NULL);
INSERT INTO sys_pagefield_rlt(id, pageId, fieldId, orderNum, isRequired, isReaded, isReseted, isRecorded, isShowed, layout, isValid, module) VALUES ('a93120c3-3082-4427-a8d4-421e1fb69487', '07698511-fa9f-47e2-9f4c-5fbbfiTSC004', 'b3085334-4de9-420d-a504-a65a775e7b67', '4', 'Y', 'N', NULL, NULL, 'Y', 'T', 'Y', NULL);
INSERT INTO sys_pagefield_rlt(id, pageId, fieldId, orderNum, isRequired, isReaded, isReseted, isRecorded, isShowed, layout, isValid, module) VALUES ('ebd1f70c-f6cc-4d4f-97fe-75a45a8e0956', '07698511-fa9f-47e2-9f4c-5fbbfiTSC004', '750d149e-e636-4922-82db-b99630c2d7d1', '5', 'N', 'N', NULL, NULL, 'Y', 'T', 'Y', NULL);
INSERT INTO sys_pagefield_rlt(id, pageId, fieldId, orderNum, isRequired, isReaded, isReseted, isRecorded, isShowed, layout, isValid, module) VALUES ('1f9a404b-e9bf-4912-b035-621841eeedbb', '07698511-fa9f-47e2-9f4c-5fbbfiTSC004', '382ed71c-5f36-4558-932c-1e1e6b758bfb', '6', 'N', 'N', NULL, NULL, 'Y', 'F', 'Y', NULL);
INSERT INTO sys_pagefield_rlt(id, pageId, fieldId, orderNum, isRequired, isReaded, isReseted, isRecorded, isShowed, layout, isValid, module) VALUES ('e6e9b8ba-b5a9-47b1-b711-52fc87f3e953', '07698511-fa9f-47e2-9f4c-5fbbfiTSC004', 'd3ade007-bb10-40e2-b0d7-f169658640eb', '7', 'N', 'N', NULL, NULL, 'Y', 'F', 'Y', NULL);
INSERT INTO sys_pagefield_rlt(id, pageId, fieldId, orderNum, isRequired, isReaded, isReseted, isRecorded, isShowed, layout, isValid, module) VALUES ('fb7ca132-c14e-4e16-b75c-a6107cd1950a', '07698511-fa9f-47e2-9f4c-5fbbfiTSC004', '9c11d5de-612f-4cd2-8a27-affd18d33fa2', '8', 'N', 'N', NULL, NULL, 'Y', 'F', 'Y', NULL);
INSERT INTO sys_pagefield_rlt(id, pageId, fieldId, orderNum, isRequired, isReaded, isReseted, isRecorded, isShowed, layout, isValid, module) VALUES ('a4596ce4-89e9-44e1-8352-c6b567b97f33', '07698511-fa9f-47e2-9f4c-5fbbfiTSC004', '3215cea0-f055-4384-92b8-3ea064936a9c', '9', 'N', 'N', NULL, NULL, 'Y', 'T', 'Y', NULL);
INSERT INTO sys_pagefield_rlt(id, pageId, fieldId, orderNum, isRequired, isReaded, isReseted, isRecorded, isShowed, layout, isValid, module) VALUES ('81201db7-4144-4a07-be15-dd27e3b7cb04', '07698511-fa9f-47e2-9f4c-5fbbfiTSC004', '20724668-eb56-45e3-a762-9ddcf3a524f1', '10', 'N', 'N', NULL, NULL, 'Y', 'T', 'Y', NULL);

INSERT INTO sys_pagelist_rlt(id, pageId, objectType, fieldView, filterCondition, isValid) VALUES ('e3796b2d-10fb-4211-a489-0040a27035fe', '07698511-fa9f-47e2-9f4c-5fbbfiTSC014', 'TSC', '{\"pageSize\":\"20\",\"orderBy\":\"\",\"orderByType\":\"desc\",\"query\":\"\",\"view\":[{\"f\":\"id\",\"a\":\"center\",\"w\":\"60px\",\"t\":\"ID\",\"r\":\"\",\"s\":false,\"h\":false,\"i\":\"\"},{\"f\":\"name\",\"a\":\"left\",\"w\":\"300px\",\"t\":\"TEXT\",\"r\":\"true\",\"s\":false,\"h\":\"true\",\"i\":\"1e1a2469-dedc-49da-9549-6bac79fd1aa1\"},{\"f\":\"code\",\"a\":\"left\",\"w\":\"120px\",\"t\":\"TEXT\",\"r\":false,\"s\":false,\"h\":false,\"i\":\"569b2061-7265-4168-99e4-3e7489c70ea9\"},{\"f\":\"typeId\",\"a\":\"left\",\"w\":\"120px\",\"t\":\"SELECT\",\"r\":\"true\",\"s\":\"true\",\"h\":\"true\",\"i\":\"1156aaf8-244c-48c4-ad81-0fb241cf703e\"},{\"f\":\"phaseId\",\"a\":\"left\",\"w\":\"120px\",\"t\":\"SELECT\",\"r\":\"true\",\"s\":\"true\",\"h\":\"true\",\"i\":\"b3085334-4de9-420d-a504-a65a775e7b67\"},{\"f\":\"levelId\",\"a\":\"left\",\"w\":\"120px\",\"t\":\"SELECT\",\"r\":false,\"s\":\"true\",\"h\":\"true\",\"i\":\"750d149e-e636-4922-82db-b99630c2d7d1\"},{\"f\":\"ownerId\",\"a\":\"left\",\"w\":\"120px\",\"t\":\"USER\",\"r\":false,\"s\":false,\"h\":false,\"i\":\"3215cea0-f055-4384-92b8-3ea064936a9c\"},{\"f\":\"creatorId\",\"a\":\"left\",\"w\":\"120px\",\"t\":\"USER\",\"r\":false,\"s\":\"true\",\"h\":false,\"i\":\"330df8b5-1cde-4b53-8792-1bb75cdf13fc\"},{\"f\":\"modifyTime\",\"a\":\"left\",\"w\":\"120px\",\"t\":\"DATE\",\"r\":false,\"s\":\"true\",\"h\":false,\"i\":\"fbd4d072-9b57-44a1-86c8-7d633560dcf6\"}]}', '', 'Y');

INSERT INTO en_type(id, name, objectType, code, codeRule, editionRule, lifecycleId, parentId, remark, bgColor, fColor, isSystem, orderNum, isValid, creatorId, createdTime, modifyId, modifyTime, workflowGroupId, planTemplateId) VALUES ('4d1627da-46c7-4b5d-9dcf-adad9d82095f', '功能测试', 'TSC', NULL, '{\"codeSign\":\"TSC\",\"codeSuffix\":\"SN\"}', NULL, '5a49ceef-34bd-429b-80fa-1c210f7719ed', '', '', NULL, NULL, NULL, '1', 'Y', 'b8ab9427-627b-469f-bfd0-4b1buser0001', '2022-08-08', 'b8ab9427-627b-469f-bfd0-4b1buser0001', '2022-08-08', NULL, NULL);
INSERT INTO en_type(id, name, objectType, code, codeRule, editionRule, lifecycleId, parentId, remark, bgColor, fColor, isSystem, orderNum, isValid, creatorId, createdTime, modifyId, modifyTime, workflowGroupId, planTemplateId) VALUES ('33db36e0-50ba-4288-a6ee-18aa633fe8e9', '性能测试', 'TSC', NULL, '{\"codeSign\":\"TSC\",\"codeSuffix\":\"SN\"}', NULL, '5a49ceef-34bd-429b-80fa-1c210f7719ed', '', '', NULL, NULL, NULL, '2', 'Y', 'b8ab9427-627b-469f-bfd0-4b1buser0001', '2022-08-08', 'b8ab9427-627b-469f-bfd0-4b1buser0001', '2022-08-08', NULL, NULL);
INSERT INTO en_type(id, name, objectType, code, codeRule, editionRule, lifecycleId, parentId, remark, bgColor, fColor, isSystem, orderNum, isValid, creatorId, createdTime, modifyId, modifyTime, workflowGroupId, planTemplateId) VALUES ('73c1c140-4590-4ef6-9982-2d968450bbec', '配置相关', 'TSC', NULL, '{\"codeSign\":\"TSC\",\"codeSuffix\":\"SN\"}', NULL, '5a49ceef-34bd-429b-80fa-1c210f7719ed', '', '', NULL, NULL, NULL, '3', 'Y', 'b8ab9427-627b-469f-bfd0-4b1buser0001', '2022-08-08', 'b8ab9427-627b-469f-bfd0-4b1buser0001', '2022-08-08', NULL, NULL);
INSERT INTO en_type(id, name, objectType, code, codeRule, editionRule, lifecycleId, parentId, remark, bgColor, fColor, isSystem, orderNum, isValid, creatorId, createdTime, modifyId, modifyTime, workflowGroupId, planTemplateId) VALUES ('59152311-6949-4c7a-8546-6d6b69e4e5aa', '安装部署', 'TSC', NULL, '{\"codeSign\":\"TSC\",\"codeSuffix\":\"SN\"}', NULL, '5a49ceef-34bd-429b-80fa-1c210f7719ed', '', '', NULL, NULL, NULL, '4', 'Y', 'b8ab9427-627b-469f-bfd0-4b1buser0001', '2022-08-08', 'b8ab9427-627b-469f-bfd0-4b1buser0001', '2022-08-08', NULL, NULL);
INSERT INTO en_type(id, name, objectType, code, codeRule, editionRule, lifecycleId, parentId, remark, bgColor, fColor, isSystem, orderNum, isValid, creatorId, createdTime, modifyId, modifyTime, workflowGroupId, planTemplateId) VALUES ('9973f608-5675-48c2-ad04-d58fd950669c', '安全相关', 'TSC', NULL, '{\"codeSign\":\"TSC\",\"codeSuffix\":\"SN\"}', NULL, '5a49ceef-34bd-429b-80fa-1c210f7719ed', '', '', NULL, NULL, NULL, '5', 'Y', 'b8ab9427-627b-469f-bfd0-4b1buser0001', '2022-08-08', 'b8ab9427-627b-469f-bfd0-4b1buser0001', '2022-08-08', NULL, NULL);
INSERT INTO en_type(id, name, objectType, code, codeRule, editionRule, lifecycleId, parentId, remark, bgColor, fColor, isSystem, orderNum, isValid, creatorId, createdTime, modifyId, modifyTime, workflowGroupId, planTemplateId) VALUES ('4e035657-80a4-4b0f-ba6f-ad81df2da94f', '接口测试', 'TSC', NULL, '{\"codeSign\":\"TSC\",\"codeSuffix\":\"SN\"}', NULL, '5a49ceef-34bd-429b-80fa-1c210f7719ed', '', '', NULL, NULL, NULL, '6', 'Y', 'b8ab9427-627b-469f-bfd0-4b1buser0001', '2022-08-08', 'b8ab9427-627b-469f-bfd0-4b1buser0001', '2022-08-08', NULL, NULL);
INSERT INTO en_type(id, name, objectType, code, codeRule, editionRule, lifecycleId, parentId, remark, bgColor, fColor, isSystem, orderNum, isValid, creatorId, createdTime, modifyId, modifyTime, workflowGroupId, planTemplateId) VALUES ('ead6a569-7d08-4faa-82b2-4f56e272d143', '其他', 'TSC', NULL, '{\"codeSign\":\"TSC\",\"codeSuffix\":\"SN\"}', NULL, '5a49ceef-34bd-429b-80fa-1c210f7719ed', '', '', NULL, NULL, NULL, '7', 'Y', 'b8ab9427-627b-469f-bfd0-4b1buser0001', '2022-08-08', 'b8ab9427-627b-469f-bfd0-4b1buser0001', '2022-08-08', NULL, NULL);

INSERT INTO sys_reportchart(id, name, simpleName, status, isCandidate, objectType, chartType, dataFieldId, categoryFieldId, scope, remark, orderNum, isValid, creatorId, createdTime, modifyId, modifyTime, parentId, pjtStatus, isUsePjt, pjtOrderNum, height, width) 
VALUES ('tsc3ab44-7695-465a-8c2c-47951tsc0001', '测试用例', '测试用例', 'RN', 'Y', 'TSC', 'catalog', '', '', 'P', '', '1', 'Y', 'b8ab9427-627b-469f-bfd0-4b1buser0001', '2022-08-08', 'b8ab9427-627b-469f-bfd0-4b1buser0001', '2022-08-08', NULL, 'RN', 'Y', '6', '1', '1');
INSERT INTO sys_reportchart(id, name, simpleName, status, isCandidate, objectType, chartType, dataFieldId, categoryFieldId, scope, remark, orderNum, isValid, creatorId, createdTime, modifyId, modifyTime, parentId, pjtStatus, isUsePjt, pjtOrderNum, height, width) 
VALUES ('614facb6-d4b9-487f-85c3-c07639a684bc', '测试用例类型分布图', '测试用例类型分布', 'RN', 'Y', 'TSC', 'pie-basic', '1156aaf8-244c-48c4-ad81-0fb241cf703e', '', 'L,P,S', '', '2', 'Y', 'b8ab9427-627b-469f-bfd0-4b1buser0001', '2022-08-08', 'b8ab9427-627b-469f-bfd0-4b1buser0001', '2022-08-08', 'tsc3ab44-7695-465a-8c2c-47951tsc0001', 'RN', 'N', '1', '1', '1');
INSERT INTO sys_reportchart(id, name, simpleName, status, isCandidate, objectType, chartType, dataFieldId, categoryFieldId, scope, remark, orderNum, isValid, creatorId, createdTime, modifyId, modifyTime, parentId, pjtStatus, isUsePjt, pjtOrderNum, height, width) 
VALUES ('9f2c2e3c-ad04-41a1-887c-3c6109b65658', '测试用例优先级分布图', '测试用例优先级分布', 'RN', 'Y', 'TSC', 'pie-basic', '750d149e-e636-4922-82db-b99630c2d7d1', '', 'L,P,S', '', '3', 'Y', 'b8ab9427-627b-469f-bfd0-4b1buser0001', '2022-08-08', 'b8ab9427-627b-469f-bfd0-4b1buser0001', '2022-08-08', 'tsc3ab44-7695-465a-8c2c-47951tsc0001', 'RN', 'N', '2', '1', '1');
INSERT INTO sys_reportchart(id, name, simpleName, status, isCandidate, objectType, chartType, dataFieldId, categoryFieldId, scope, remark, orderNum, isValid, creatorId, createdTime, modifyId, modifyTime, parentId, pjtStatus, isUsePjt, pjtOrderNum, height, width) 
VALUES ('75241836-7777-4bd3-ba29-af3c6a5d15af', '测试用例状态分布图', '测试用例状态分布', 'RN', 'Y', 'TSC', 'pie-basic', 'phaseId', '', 'L,P,S', '', '4', 'Y', 'b8ab9427-627b-469f-bfd0-4b1buser0001', '2022-08-08', 'b8ab9427-627b-469f-bfd0-4b1buser0001', '2022-08-08', 'tsc3ab44-7695-465a-8c2c-47951tsc0001', 'RN', 'N', '3', '1', '1');

INSERT INTO com_aopmodule_rlt(id, name, val, objectType, exeCls, orderNum) VALUES ('77e16c9e-f290-4027-aeb1-8629atTSC001', '新建', 'create', 'TSC', '', '1');
INSERT INTO com_aopmodule_rlt(id, name, val, objectType, exeCls, orderNum) VALUES ('77e16c9e-f290-4027-aeb1-8629atTSC002', '打开', 'open', 'TSC', '', '2');
INSERT INTO com_aopmodule_rlt(id, name, val, objectType, exeCls, orderNum) VALUES ('77e16c9e-f290-4027-aeb1-8629atTSC003', '检入/检出', 'check', 'TSC', '', '3');
INSERT INTO com_aopmodule_rlt(id, name, val, objectType, exeCls, orderNum) VALUES ('77e16c9e-f290-4027-aeb1-8629atTSC004', '重命名', 'rename', 'TSC', '', '4');
INSERT INTO com_aopmodule_rlt(id, name, val, objectType, exeCls, orderNum) VALUES ('77e16c9e-f290-4027-aeb1-8629atTSC005', '编辑', 'edit', 'TSC', '', '5');
INSERT INTO com_aopmodule_rlt(id, name, val, objectType, exeCls, orderNum) VALUES ('77e16c9e-f290-4027-aeb1-8629atTSC006', '设置生命阶段', 'setPhase', 'TSC', '', '6');
INSERT INTO com_aopmodule_rlt(id, name, val, objectType, exeCls, orderNum) VALUES ('77e16c9e-f290-4027-aeb1-8629atTSC007', '指派', 'assign', 'TSC', '', '7');
INSERT INTO com_aopmodule_rlt(id, name, val, objectType, exeCls, orderNum) VALUES ('77e16c9e-f290-4027-aeb1-8629atTSC011', '删除', 'delete', 'TSC', '', '11');

INSERT INTO en_lifecycle(id, name, status, objectType, remark, isDefault, isSystem, orderNum, isValid, creatorId, createdTime, modifyId, modifyTime) 
VALUES ('083aa29a-1d86-47dc-bfd6-ea9b924dd5bd', '标准生命周期', '1', 'TSP', '', 'N', 'N', '1', 'Y', 'b8ab9427-627b-469f-bfd0-4b1buser0001', '2022-08-08', 'b8ab9427-627b-469f-bfd0-4b1buser0001', '2022-08-08');

INSERT INTO en_phase(id, name, status, objectType, remark, orderNum, isValid, creatorId, createdTime, modifyId, modifyTime, bgColor, fColor, isEnd) VALUES ('742a0b2f-f2c3-48ca-b509-e0bd9f6e56e0', '策划', '1', 'TSP', '', '1', 'Y', 'b8ab9427-627b-469f-bfd0-4b1buser0001', '2022-08-08', 'b8ab9427-627b-469f-bfd0-4b1buser0001', '2022-08-08', '', '', NULL);
INSERT INTO en_phase(id, name, status, objectType, remark, orderNum, isValid, creatorId, createdTime, modifyId, modifyTime, bgColor, fColor, isEnd) VALUES ('a6567e70-cd74-47c9-912c-9fc28eecdb02', '完成', '1', 'TSP', '', '3', 'Y', 'b8ab9427-627b-469f-bfd0-4b1buser0001', '2022-08-08', 'b8ab9427-627b-469f-bfd0-4b1buser0001', '2022-08-08', '', '', NULL);
INSERT INTO en_phase(id, name, status, objectType, remark, orderNum, isValid, creatorId, createdTime, modifyId, modifyTime, bgColor, fColor, isEnd) VALUES ('b6f8ec09-681f-4924-b83e-f9df06818498', '进行中', '1', 'TSP', '', '2', 'Y', 'b8ab9427-627b-469f-bfd0-4b1buser0001', '2022-08-08', 'b8ab9427-627b-469f-bfd0-4b1buser0001', '2022-08-08', '', '', NULL);
INSERT INTO en_phase(id, name, status, objectType, remark, orderNum, isValid, creatorId, createdTime, modifyId, modifyTime, bgColor, fColor, isEnd) VALUES ('ca7a68cf-ff06-4471-b136-01523a1c0106', '阻塞', '1', 'TSP', '', '4', 'Y', 'b8ab9427-627b-469f-bfd0-4b1buser0001', '2022-08-08', 'b8ab9427-627b-469f-bfd0-4b1buser0001', '2022-08-08', '', '', NULL);

INSERT INTO en_lifecyclephase_rlt(id, objectType, type, codeType, lifecycleId, phaseId, fixTran, exeCls, tranExeCls, toId, isHide, isValid, chgField, notSend, closeRes, orderNum) VALUES ('9d0e06c4-73d2-4211-898f-743fa782e45f', 'TSP', '1', NULL, '083aa29a-1d86-47dc-bfd6-ea9b924dd5bd', NULL, '9,10,28,13,61,18', NULL, NULL, NULL, 'N', 'Y', NULL, NULL, 'N', '1');
INSERT INTO en_lifecyclephase_rlt(id, objectType, type, codeType, lifecycleId, phaseId, fixTran, exeCls, tranExeCls, toId, isHide, isValid, chgField, notSend, closeRes, orderNum) VALUES ('7eb91998-f875-4af0-b7d1-d76dbcaccc4d', 'TSP', '1', NULL, '083aa29a-1d86-47dc-bfd6-ea9b924dd5bd', '742a0b2f-f2c3-48ca-b509-e0bd9f6e56e0', '2,5,9,10,28,13,14,18', NULL, NULL, NULL, 'N', 'Y', NULL, NULL, 'N', '4');
INSERT INTO en_lifecyclephase_rlt(id, objectType, type, codeType, lifecycleId, phaseId, fixTran, exeCls, tranExeCls, toId, isHide, isValid, chgField, notSend, closeRes, orderNum) VALUES ('7bb39844-13c6-4433-9093-1b0ae5aa5e00', 'TSP', '1', NULL, '083aa29a-1d86-47dc-bfd6-ea9b924dd5bd', 'b6f8ec09-681f-4924-b83e-f9df06818498', '2,5,9,10,28,13,14', NULL, NULL, NULL, 'N', 'Y', NULL, NULL, 'N', '5');
INSERT INTO en_lifecyclephase_rlt(id, objectType, type, codeType, lifecycleId, phaseId, fixTran, exeCls, tranExeCls, toId, isHide, isValid, chgField, notSend, closeRes, orderNum) VALUES ('477c9047-8c14-493d-ac47-367c91e7130f', 'TSP', '1', NULL, '083aa29a-1d86-47dc-bfd6-ea9b924dd5bd', 'a6567e70-cd74-47c9-912c-9fc28eecdb02', '2,5,9,10,28,13,14,18', NULL, NULL, NULL, 'Y', 'Y', NULL, NULL, 'Y', '6');
INSERT INTO en_lifecyclephase_rlt(id, objectType, type, codeType, lifecycleId, phaseId, fixTran, exeCls, tranExeCls, toId, isHide, isValid, chgField, notSend, closeRes, orderNum) VALUES ('13fd2f09-2966-4a70-9178-f41828fa8118', 'TSP', '1', NULL, '083aa29a-1d86-47dc-bfd6-ea9b924dd5bd', 'ca7a68cf-ff06-4471-b136-01523a1c0106', '2,5,9,10,28,13,18', NULL, NULL, NULL, 'N', 'Y', NULL, NULL, 'N', '7');

INSERT INTO sys_field(id, colName, showName, objectType, dataType, htmlType, fieldType, displayWidth, remark, defaultValue, defaultRule, extendClass, layout, showMobile, isCommon, parentId, isValid, orderNum, creatorId, createdTime, modifyId, modifyTime, isDBField) VALUES ('75bf60e6-c47f-4e62-a0c2-54c1f50d3e3b', 'name', '名称', 'TSP', 'varchar', 'TEXT', 'S', '300', '', '', '{\"isRecorded\":\"N\",\"textLength\":\"128\",\"isRequired\":\"N\"}', '', 'T', NULL, 'N', NULL, 'Y', '1', 'b8ab9427-627b-469f-bfd0-4b1buser0001', '2022-08-08', 'b8ab9427-627b-469f-bfd0-4b1buser0001', '2022-08-08', 'Y');
INSERT INTO sys_field(id, colName, showName, objectType, dataType, htmlType, fieldType, displayWidth, remark, defaultValue, defaultRule, extendClass, layout, showMobile, isCommon, parentId, isValid, orderNum, creatorId, createdTime, modifyId, modifyTime, isDBField) VALUES ('81bbd168-a4b4-476d-a9cb-0a924a46edfe', 'code', '编码', 'TSP', 'varchar', 'TEXT', 'S', '120', '', '', '{\"isRecorded\":\"N\",\"textLength\":\"128\",\"isRequired\":\"N\"}', '', 'T', NULL, 'N', NULL, 'Y', '2', 'b8ab9427-627b-469f-bfd0-4b1buser0001', '2022-08-08', 'b8ab9427-627b-469f-bfd0-4b1buser0001', '2022-08-08', 'Y');
INSERT INTO sys_field(id, colName, showName, objectType, dataType, htmlType, fieldType, displayWidth, remark, defaultValue, defaultRule, extendClass, layout, showMobile, isCommon, parentId, isValid, orderNum, creatorId, createdTime, modifyId, modifyTime, isDBField) VALUES ('52069b27-e12b-491b-a4b7-d1d6694bc4e1', 'typeId', '计划类型', 'TSP', 'varchar', 'SELECT', 'S', '120', '', '', '{\"isSeached\":\"Y\",\"selectSource\":\"\",\"setCascade\":\"\",\"isRecorded\":\"N\",\"isRequired\":\"N\"}', '', 'T', NULL, 'N', NULL, 'Y', '3', 'b8ab9427-627b-469f-bfd0-4b1buser0001', '2022-08-08', 'b8ab9427-627b-469f-bfd0-4b1buser0001', '2022-08-08', 'Y');
INSERT INTO sys_field(id, colName, showName, objectType, dataType, htmlType, fieldType, displayWidth, remark, defaultValue, defaultRule, extendClass, layout, showMobile, isCommon, parentId, isValid, orderNum, creatorId, createdTime, modifyId, modifyTime, isDBField) VALUES ('204c75c2-f0a5-442c-85bc-ec3eb0eae4a5', 'lifecycleId', '生命周期', 'TSP', 'varchar', 'SELECT', 'S', '120', '', '', '{\"isSeached\":\"Y\",\"selectSource\":\"\",\"setCascade\":\"\",\"isRecorded\":\"N\",\"isRequired\":\"N\"}', '', 'T', NULL, 'N', NULL, 'Y', '4', 'b8ab9427-627b-469f-bfd0-4b1buser0001', '2022-08-08', 'b8ab9427-627b-469f-bfd0-4b1buser0001', '2022-08-08', 'Y');
INSERT INTO sys_field(id, colName, showName, objectType, dataType, htmlType, fieldType, displayWidth, remark, defaultValue, defaultRule, extendClass, layout, showMobile, isCommon, parentId, isValid, orderNum, creatorId, createdTime, modifyId, modifyTime, isDBField) VALUES ('6aebd27b-ebe9-419e-ae08-7db534750c63', 'phaseId', '生命阶段', 'TSP', 'varchar', 'SELECT', 'S', '120', '', '', '{\"isSeached\":\"Y\",\"selectSource\":\"\",\"setCascade\":\"\",\"isRecorded\":\"N\",\"isRequired\":\"N\"}', '', 'T', NULL, 'N', NULL, 'Y', '5', 'b8ab9427-627b-469f-bfd0-4b1buser0001', '2022-08-08', 'b8ab9427-627b-469f-bfd0-4b1buser0001', '2022-08-08', 'Y');
INSERT INTO sys_field(id, colName, showName, objectType, dataType, htmlType, fieldType, displayWidth, remark, defaultValue, defaultRule, extendClass, layout, showMobile, isCommon, parentId, isValid, orderNum, creatorId, createdTime, modifyId, modifyTime, isDBField) VALUES ('dd8c3fea-bace-4071-a995-65c059ee9d8f', 'projectId', '归属项目', 'TSP', 'varchar', 'PJT', 'S', '120', '', NULL, '{\"isRecorded\":\"N\",\"isRequired\":\"N\"}', '', 'T', NULL, 'N', NULL, 'Y', '6', 'b8ab9427-627b-469f-bfd0-4b1buser0001', '2022-08-08', 'b8ab9427-627b-469f-bfd0-4b1buser0001', '2022-08-08', 'Y');
INSERT INTO sys_field(id, colName, showName, objectType, dataType, htmlType, fieldType, displayWidth, remark, defaultValue, defaultRule, extendClass, layout, showMobile, isCommon, parentId, isValid, orderNum, creatorId, createdTime, modifyId, modifyTime, isDBField) VALUES ('b267b4c5-f2fa-4089-880d-903d14e08e63', 'ownerId', '责任人', 'TSP', 'varchar', 'USER', 'S', '120', '', NULL, '{\"isRecorded\":\"N\",\"userIsMul\":\"\",\"isRequired\":\"N\",\"userDefaultRule\":\"N\"}', '', 'T', NULL, 'N', NULL, 'Y', '7', 'b8ab9427-627b-469f-bfd0-4b1buser0001', '2022-08-08', 'b8ab9427-627b-469f-bfd0-4b1buser0001', '2022-08-08', 'Y');
INSERT INTO sys_field(id, colName, showName, objectType, dataType, htmlType, fieldType, displayWidth, remark, defaultValue, defaultRule, extendClass, layout, showMobile, isCommon, parentId, isValid, orderNum, creatorId, createdTime, modifyId, modifyTime, isDBField) VALUES ('f2d4dd1a-4522-4acc-82d0-f38926a3614a', 'actorId', '参与人', 'TSP', 'varchar', 'USER', 'S', '120', '', NULL, '{\"isRecorded\":\"N\",\"userIsMul\":\"\",\"isRequired\":\"N\",\"userDefaultRule\":\"N\"}', '', 'T', NULL, 'N', NULL, 'Y', '8', 'b8ab9427-627b-469f-bfd0-4b1buser0001', '2022-08-08', 'b8ab9427-627b-469f-bfd0-4b1buser0001', '2022-08-08', 'Y');
INSERT INTO sys_field(id, colName, showName, objectType, dataType, htmlType, fieldType, displayWidth, remark, defaultValue, defaultRule, extendClass, layout, showMobile, isCommon, parentId, isValid, orderNum, creatorId, createdTime, modifyId, modifyTime, isDBField) VALUES ('d8252528-4826-4150-8621-d045ce15e2a3', 'remark', '备注', 'TSP', 'varchar', 'AREA', 'S', '120', '', '', '{\"areaLength\":\"1024\",\"areaIsLimit\":\"Y\",\"areaRows\":\"8\",\"isRecorded\":\"N\",\"isRequired\":\"N\"}', '', 'F', NULL, 'N', NULL, 'Y', '9', 'b8ab9427-627b-469f-bfd0-4b1buser0001', '2022-08-08', 'b8ab9427-627b-469f-bfd0-4b1buser0001', '2022-08-08', 'Y');
INSERT INTO sys_field(id, colName, showName, objectType, dataType, htmlType, fieldType, displayWidth, remark, defaultValue, defaultRule, extendClass, layout, showMobile, isCommon, parentId, isValid, orderNum, creatorId, createdTime, modifyId, modifyTime, isDBField) VALUES ('fbdfc49a-a58f-4e81-8783-f9a9d5ce3d01', 'fileSign', '附件', 'TSP', 'varchar', 'SIGN', 'S', '120', '', NULL, '{\"isRecorded\":\"N\",\"isRequired\":\"N\",\"signDefaultRule\":\"ZDY\",\"isShowed\":\"N\"}', 'com.dream.fileSign.FileSign', 'F', NULL, 'N', NULL, 'Y', '10', 'b8ab9427-627b-469f-bfd0-4b1buser0001', '2022-08-08', 'b8ab9427-627b-469f-bfd0-4b1buser0001', '2022-08-08', 'N');
INSERT INTO sys_field(id, colName, showName, objectType, dataType, htmlType, fieldType, displayWidth, remark, defaultValue, defaultRule, extendClass, layout, showMobile, isCommon, parentId, isValid, orderNum, creatorId, createdTime, modifyId, modifyTime, isDBField) VALUES ('097609db-ad56-4c28-a536-eb304a82c50e', 'related', '关联', 'TSP', 'varchar', 'SIGN', 'S', '120', '', NULL, '{\"isRecorded\":\"N\",\"isRequired\":\"N\",\"signDefaultRule\":\"ZDY\",\"isShowed\":\"N\"}', 'com.dream.relatedSign.RelatedSign', 'F', NULL, 'N', NULL, 'Y', '11', 'b8ab9427-627b-469f-bfd0-4b1buser0001', '2022-08-08', 'b8ab9427-627b-469f-bfd0-4b1buser0001', '2022-08-08', 'N');
INSERT INTO sys_field(id, colName, showName, objectType, dataType, htmlType, fieldType, displayWidth, remark, defaultValue, defaultRule, extendClass, layout, showMobile, isCommon, parentId, isValid, orderNum, creatorId, createdTime, modifyId, modifyTime, isDBField) VALUES ('0503bc86-e3b8-4fc2-8e5b-b1915459b1d4', 'creatorId', '创建人', 'TSP', 'varchar', 'USER', 'S', '120', '', NULL, '{\"isRecorded\":\"N\",\"userIsMul\":\"\",\"isRequired\":\"N\",\"userDefaultRule\":\"N\"}', 'com.dream.relatedSign.RelatedSign', 'T', NULL, 'N', NULL, 'Y', '12', 'b8ab9427-627b-469f-bfd0-4b1buser0001', '2022-08-08', 'b8ab9427-627b-469f-bfd0-4b1buser0001', '2022-08-08', 'Y');
INSERT INTO sys_field(id, colName, showName, objectType, dataType, htmlType, fieldType, displayWidth, remark, defaultValue, defaultRule, extendClass, layout, showMobile, isCommon, parentId, isValid, orderNum, creatorId, createdTime, modifyId, modifyTime, isDBField) VALUES ('fadddece-3448-4c53-9824-87758a054aa8', 'createdTime', '创建日期', 'TSP', 'datetime', 'DATE', 'S', '120', '', NULL, '{\"isRecorded\":\"N\",\"dateFormatRule\":\"YMDHm\",\"dateDefaultRule\":\"N\",\"isRequired\":\"N\"}', 'com.dream.relatedSign.RelatedSign', 'T', NULL, 'N', NULL, 'Y', '13', 'b8ab9427-627b-469f-bfd0-4b1buser0001', '2022-08-08', 'b8ab9427-627b-469f-bfd0-4b1buser0001', '2022-08-08', 'Y');
INSERT INTO sys_field(id, colName, showName, objectType, dataType, htmlType, fieldType, displayWidth, remark, defaultValue, defaultRule, extendClass, layout, showMobile, isCommon, parentId, isValid, orderNum, creatorId, createdTime, modifyId, modifyTime, isDBField) VALUES ('4f97d9fb-a8db-484d-84bd-2ee35eea3120', 'modifyId', '更新人', 'TSP', 'varchar', 'USER', 'S', '120', '', NULL, '{\"isRecorded\":\"N\",\"userIsMul\":\"\",\"isRequired\":\"N\",\"userDefaultRule\":\"N\"}', 'com.dream.relatedSign.RelatedSign', 'T', NULL, 'N', NULL, 'Y', '14', 'b8ab9427-627b-469f-bfd0-4b1buser0001', '2022-08-08', 'b8ab9427-627b-469f-bfd0-4b1buser0001', '2022-08-08', 'Y');
INSERT INTO sys_field(id, colName, showName, objectType, dataType, htmlType, fieldType, displayWidth, remark, defaultValue, defaultRule, extendClass, layout, showMobile, isCommon, parentId, isValid, orderNum, creatorId, createdTime, modifyId, modifyTime, isDBField) VALUES ('1de18695-1266-4607-b217-5a78b34e36ee', 'modifyTime', '最新更新日期', 'TSP', 'datetime', 'DATE', 'S', '120', '', NULL, '{\"isRecorded\":\"N\",\"dateFormatRule\":\"YMDHm\",\"dateDefaultRule\":\"N\",\"isRequired\":\"N\"}', 'com.dream.relatedSign.RelatedSign', 'T', NULL, 'N', NULL, 'Y', '15', 'b8ab9427-627b-469f-bfd0-4b1buser0001', '2022-08-08', 'b8ab9427-627b-469f-bfd0-4b1buser0001', '2022-08-08', 'Y');

INSERT INTO sys_fieldnum(id, objectType, fieldId, orderNum) VALUES ('01e65c51-3fff-4a0c-8f24-efb22782d01d', 'TSP', '75bf60e6-c47f-4e62-a0c2-54c1f50d3e3b', '1');
INSERT INTO sys_fieldnum(id, objectType, fieldId, orderNum) VALUES ('43594a57-3328-4828-b3d5-dcd33d11e53b', 'TSP', '81bbd168-a4b4-476d-a9cb-0a924a46edfe', '2');
INSERT INTO sys_fieldnum(id, objectType, fieldId, orderNum) VALUES ('2981df06-8552-4ab2-a308-88bddc92a048', 'TSP', '52069b27-e12b-491b-a4b7-d1d6694bc4e1', '3');
INSERT INTO sys_fieldnum(id, objectType, fieldId, orderNum) VALUES ('25f8eb63-a0d3-4d63-a704-15bf3fa223e5', 'TSP', '204c75c2-f0a5-442c-85bc-ec3eb0eae4a5', '4');
INSERT INTO sys_fieldnum(id, objectType, fieldId, orderNum) VALUES ('7fe78b22-5576-4f24-8724-b83bf96de708', 'TSP', '6aebd27b-ebe9-419e-ae08-7db534750c63', '5');
INSERT INTO sys_fieldnum(id, objectType, fieldId, orderNum) VALUES ('a758129a-3f4e-46fb-8fb1-5b25970cfb21', 'TSP', 'dd8c3fea-bace-4071-a995-65c059ee9d8f', '6');
INSERT INTO sys_fieldnum(id, objectType, fieldId, orderNum) VALUES ('b8d9f9c1-57dd-4eaf-8d34-e80a1c7f030e', 'TSP', 'b267b4c5-f2fa-4089-880d-903d14e08e63', '7');
INSERT INTO sys_fieldnum(id, objectType, fieldId, orderNum) VALUES ('94e35bfd-bf0a-4526-8e9b-67ec17950f24', 'TSP', 'f2d4dd1a-4522-4acc-82d0-f38926a3614a', '8');
INSERT INTO sys_fieldnum(id, objectType, fieldId, orderNum) VALUES ('bcb79559-f67c-48a2-a99e-de20a6f7e8e4', 'TSP', 'd8252528-4826-4150-8621-d045ce15e2a3', '9');
INSERT INTO sys_fieldnum(id, objectType, fieldId, orderNum) VALUES ('14928b42-6249-48ca-a35c-a7194dbd8eb5', 'TSP', 'fbdfc49a-a58f-4e81-8783-f9a9d5ce3d01', '10');
INSERT INTO sys_fieldnum(id, objectType, fieldId, orderNum) VALUES ('4db2586d-4d28-44ec-9952-06cff1b27e86', 'TSP', '097609db-ad56-4c28-a536-eb304a82c50e', '11');
INSERT INTO sys_fieldnum(id, objectType, fieldId, orderNum) VALUES ('409aba84-ec02-4950-91e1-52247687c0d7', 'TSP', '0503bc86-e3b8-4fc2-8e5b-b1915459b1d4', '12');
INSERT INTO sys_fieldnum(id, objectType, fieldId, orderNum) VALUES ('4761aa1c-744a-4838-8674-87b0ef349396', 'TSP', 'fadddece-3448-4c53-9824-87758a054aa8', '13');
INSERT INTO sys_fieldnum(id, objectType, fieldId, orderNum) VALUES ('af542ef9-49b7-4241-8b57-0dd4e6d37c6d', 'TSP', '4f97d9fb-a8db-484d-84bd-2ee35eea3120', '14');
INSERT INTO sys_fieldnum(id, objectType, fieldId, orderNum) VALUES ('daae2d91-1af0-40bf-ba80-c78223f472ce', 'TSP', '1de18695-1266-4607-b217-5a78b34e36ee', '15');

INSERT INTO sys_page(id, name, objectType, pageType, subType, parentId, workflowID, deriveWfType, deriveWfID, mapField, isStartPage, entityTypeID, extPageUrl, extPageCls, isSystem, remark, isValid, orderNum, creatorId, createdTime, modifyId, modifyTime) 
VALUES('07698511-fa9f-47e2-9f4c-5fbbfiTSP001', '系统表单', 'TSP', '', '', NULL, NULL, NULL, NULL, NULL, NULL, NULL, NULL, NULL, 'Y', NULL, 'Y', 1, NULL, NULL, NULL, NULL);
INSERT INTO sys_page(id, name, objectType, pageType, subType, parentId, workflowID, deriveWfType, deriveWfID, mapField, isStartPage, entityTypeID, extPageUrl, extPageCls, isSystem, remark, isValid, orderNum, creatorId, createdTime, modifyId, modifyTime) 
VALUES('07698511-fa9f-47e2-9f4c-5fbbfiTSP002', '新建页面', 'TSP', 'FORM', 'ADD', '07698511-fa9f-47e2-9f4c-5fbbfiTSP001', NULL, NULL, NULL, NULL, NULL, NULL, NULL, NULL, 'Y', NULL, 'Y', 2, 'b8ab9427-627b-469f-bfd0-4b1buser0001', '2022-08-08', 'b8ab9427-627b-469f-bfd0-4b1buser0001', '2022-08-08');
INSERT INTO sys_page(id, name, objectType, pageType, subType, parentId, workflowID, deriveWfType, deriveWfID, mapField, isStartPage, entityTypeID, extPageUrl, extPageCls, isSystem, remark, isValid, orderNum, creatorId, createdTime, modifyId, modifyTime) 
VALUES('07698511-fa9f-47e2-9f4c-5fbbfiTSP003', '查看页面', 'TSP', 'FORM', 'VIEW', '07698511-fa9f-47e2-9f4c-5fbbfiTSP001', NULL, NULL, NULL, NULL, NULL, NULL, NULL, NULL, 'Y', NULL, 'Y', 3, 'b8ab9427-627b-469f-bfd0-4b1buser0001', '2022-08-08', 'b8ab9427-627b-469f-bfd0-4b1buser0001', '2022-08-08');
INSERT INTO sys_page(id, name, objectType, pageType, subType, parentId, workflowID, deriveWfType, deriveWfID, mapField, isStartPage, entityTypeID, extPageUrl, extPageCls, isSystem, remark, isValid, orderNum, creatorId, createdTime, modifyId, modifyTime) 
VALUES('07698511-fa9f-47e2-9f4c-5fbbfiTSP004', '编辑页面', 'TSP', 'FORM', 'EDIT', '07698511-fa9f-47e2-9f4c-5fbbfiTSP001', NULL, NULL, NULL, NULL, NULL, NULL, NULL, NULL, 'Y', NULL, 'Y', 4, 'b8ab9427-627b-469f-bfd0-4b1buser0001', '2022-08-08', 'b8ab9427-627b-469f-bfd0-4b1buser0001', '2022-08-08');
INSERT INTO sys_page(id, name, objectType, pageType, parentId, workflowID, deriveWfType, deriveWfID, mapField, isStartPage, entityTypeID, extPageUrl, extPageCls, isSystem, remark, isValid, orderNum, creatorId, createdTime, modifyId, modifyTime, subType) 
VALUES('07698511-fa9f-47e2-9f4c-5fbbfiTSP005', '导入导出视图', 'TSP', 'IMPEXPLIST', '', NULL, NULL, NULL, NULL, NULL, NULL, NULL, NULL, 'Y', NULL, 'Y', 5, 'b8ab9427-627b-469f-bfd0-4b1buser0001', '2022-08-08', 'b8ab9427-627b-469f-bfd0-4b1buser0001', '2022-08-08', NULL);
INSERT INTO sys_page(id, name, objectType, pageType, parentId, workflowID, deriveWfType, deriveWfID, mapField, isStartPage, entityTypeID, extPageUrl, extPageCls, isSystem, remark, isValid, orderNum, creatorId, createdTime, modifyId, modifyTime, subType) 
VALUES('07698511-fa9f-47e2-9f4c-5fbbfiTSP006', '导入视图', 'TSP', 'IMPLIST', '07698511-fa9f-47e2-9f4c-5fbbfiTSP005', NULL, NULL, NULL, NULL, NULL, NULL, NULL, NULL, 'Y', NULL, 'Y', 6, 'b8ab9427-627b-469f-bfd0-4b1buser0001', '2022-08-08', 'b8ab9427-627b-469f-bfd0-4b1buser0001', '2022-08-08', NULL);
INSERT INTO sys_page(id, name, objectType, pageType, parentId, workflowID, deriveWfType, deriveWfID, mapField, isStartPage, entityTypeID, extPageUrl, extPageCls, isSystem, remark, isValid, orderNum, creatorId, createdTime, modifyId, modifyTime, subType) 
VALUES('07698511-fa9f-47e2-9f4c-5fbbfiTSP007', '导出视图', 'TSP', 'EXPLIST', '07698511-fa9f-47e2-9f4c-5fbbfiTSP005', NULL, NULL, NULL, NULL, NULL, NULL, NULL, NULL, 'Y', NULL, 'Y', 7, 'b8ab9427-627b-469f-bfd0-4b1buser0001', '2022-08-08', 'b8ab9427-627b-469f-bfd0-4b1buser0001', '2022-08-08', '');
INSERT INTO sys_page(id, name, objectType, pageType, parentId, workflowID, deriveWfType, deriveWfID, mapField, isStartPage, entityTypeID, extPageUrl, extPageCls, isSystem, remark, isValid, orderNum, creatorId, createdTime, modifyId, modifyTime) 
VALUES('07698511-fa9f-47e2-9f4c-5fbbfiTSP013', '系统视图', 'TSP', NULL, NULL, NULL, NULL, NULL, NULL, NULL, NULL, NULL, NULL, 'Y', NULL, 'Y', 8, NULL, NULL, NULL, NULL);
INSERT INTO sys_page(id, name, objectType, pageType, parentId, workflowID, deriveWfType, deriveWfID, mapField, isStartPage, entityTypeID, extPageUrl, extPageCls, isSystem, remark, isValid, orderNum, creatorId, createdTime, modifyId, modifyTime) 
VALUES('07698511-fa9f-47e2-9f4c-5fbbfiTSP014', '默认视图', 'TSP', 'LIST', '07698511-fa9f-47e2-9f4c-5fbbfiTSP013', NULL, NULL, NULL, NULL, NULL, NULL, NULL, NULL, 'Y', NULL, 'Y', 9, 'b8ab9427-627b-469f-bfd0-4b1buser0001', '2022-08-08', 'b8ab9427-627b-469f-bfd0-4b1buser0001', '2022-08-08');
INSERT INTO sys_page(id, name, objectType, pageType, parentId, workflowID, deriveWfType, deriveWfID, mapField, isStartPage, entityTypeID, extPageUrl, extPageCls, isSystem, remark, isValid, orderNum, creatorId, createdTime, modifyId, modifyTime) 
VALUES('07698511-fa9f-47e2-9f4c-5fbbfiTSP015', '个人视图', 'TSP', 'CUSLIST', '', NULL, NULL, NULL, NULL, NULL, NULL, NULL, NULL, 'Y', NULL, 'Y', 10, NULL, NULL, NULL, NULL);

INSERT INTO sys_pagefield_rlt(id, pageId, fieldId, orderNum, isRequired, isReaded, isReseted, isRecorded, isShowed, layout, isValid, module) VALUES ('8555ee54-4852-4e3a-91e1-31f7a033e972', '07698511-fa9f-47e2-9f4c-5fbbfiTSP002', '75bf60e6-c47f-4e62-a0c2-54c1f50d3e3b', '1', 'Y', 'N', NULL, NULL, 'Y', 'F', 'Y', NULL);
INSERT INTO sys_pagefield_rlt(id, pageId, fieldId, orderNum, isRequired, isReaded, isReseted, isRecorded, isShowed, layout, isValid, module) VALUES ('2c44cb33-98e1-45d2-bdcb-16ebaf075280', '07698511-fa9f-47e2-9f4c-5fbbfiTSP002', 'dd8c3fea-bace-4071-a995-65c059ee9d8f', '2', 'Y', 'N', NULL, NULL, 'Y', 'T', 'Y', NULL);
INSERT INTO sys_pagefield_rlt(id, pageId, fieldId, orderNum, isRequired, isReaded, isReseted, isRecorded, isShowed, layout, isValid, module) VALUES ('349162ae-1471-4e3a-b81a-812bf05a04ce', '07698511-fa9f-47e2-9f4c-5fbbfiTSP002', '52069b27-e12b-491b-a4b7-d1d6694bc4e1', '3', 'Y', 'N', NULL, NULL, 'Y', 'T', 'Y', NULL);
INSERT INTO sys_pagefield_rlt(id, pageId, fieldId, orderNum, isRequired, isReaded, isReseted, isRecorded, isShowed, layout, isValid, module) VALUES ('0e7db856-3854-4815-94e5-2725cc18c06a', '07698511-fa9f-47e2-9f4c-5fbbfiTSP002', '204c75c2-f0a5-442c-85bc-ec3eb0eae4a5', '4', 'Y', 'N', NULL, NULL, 'Y', 'T', 'Y', NULL);
INSERT INTO sys_pagefield_rlt(id, pageId, fieldId, orderNum, isRequired, isReaded, isReseted, isRecorded, isShowed, layout, isValid, module) VALUES ('f51d816a-4ee4-459d-8530-ea3142df048a', '07698511-fa9f-47e2-9f4c-5fbbfiTSP002', '6aebd27b-ebe9-419e-ae08-7db534750c63', '5', 'Y', 'N', NULL, NULL, 'Y', 'T', 'Y', NULL);
INSERT INTO sys_pagefield_rlt(id, pageId, fieldId, orderNum, isRequired, isReaded, isReseted, isRecorded, isShowed, layout, isValid, module) VALUES ('983b0690-57d4-48a6-9d64-a418ebd691aa', '07698511-fa9f-47e2-9f4c-5fbbfiTSP002', 'd8252528-4826-4150-8621-d045ce15e2a3', '6', 'N', 'N', NULL, NULL, 'Y', 'F', 'Y', NULL);
INSERT INTO sys_pagefield_rlt(id, pageId, fieldId, orderNum, isRequired, isReaded, isReseted, isRecorded, isShowed, layout, isValid, module) VALUES ('86990dc3-8fa0-455a-a052-37f0482ae371', '07698511-fa9f-47e2-9f4c-5fbbfiTSP002', 'b267b4c5-f2fa-4089-880d-903d14e08e63', '7', 'N', 'N', NULL, NULL, 'Y', 'T', 'Y', NULL);
INSERT INTO sys_pagefield_rlt(id, pageId, fieldId, orderNum, isRequired, isReaded, isReseted, isRecorded, isShowed, layout, isValid, module) VALUES ('e6a2a923-25be-40f7-88b8-8a7077c3c214', '07698511-fa9f-47e2-9f4c-5fbbfiTSP002', 'f2d4dd1a-4522-4acc-82d0-f38926a3614a', '8', 'N', 'N', NULL, NULL, 'Y', 'T', 'Y', NULL);
INSERT INTO sys_pagefield_rlt(id, pageId, fieldId, orderNum, isRequired, isReaded, isReseted, isRecorded, isShowed, layout, isValid, module) VALUES ('0b39c170-8ddd-4814-9ea2-2f0ca4474067', '07698511-fa9f-47e2-9f4c-5fbbfiTSP003', '75bf60e6-c47f-4e62-a0c2-54c1f50d3e3b', '1', 'Y', 'Y', NULL, NULL, 'Y', 'F', 'Y', NULL);
INSERT INTO sys_pagefield_rlt(id, pageId, fieldId, orderNum, isRequired, isReaded, isReseted, isRecorded, isShowed, layout, isValid, module) VALUES ('6c58c95e-ed68-4ec9-a93b-0cff900fea45', '07698511-fa9f-47e2-9f4c-5fbbfiTSP003', 'dd8c3fea-bace-4071-a995-65c059ee9d8f', '2', 'Y', 'Y', NULL, NULL, 'Y', 'T', 'Y', NULL);
INSERT INTO sys_pagefield_rlt(id, pageId, fieldId, orderNum, isRequired, isReaded, isReseted, isRecorded, isShowed, layout, isValid, module) VALUES ('7ee195b9-2bf2-46df-b05b-b9a874c1ed07', '07698511-fa9f-47e2-9f4c-5fbbfiTSP003', '52069b27-e12b-491b-a4b7-d1d6694bc4e1', '3', 'Y', 'Y', NULL, NULL, 'Y', 'T', 'Y', NULL);
INSERT INTO sys_pagefield_rlt(id, pageId, fieldId, orderNum, isRequired, isReaded, isReseted, isRecorded, isShowed, layout, isValid, module) VALUES ('d3712436-8912-4484-ad59-00821778bc90', '07698511-fa9f-47e2-9f4c-5fbbfiTSP003', '204c75c2-f0a5-442c-85bc-ec3eb0eae4a5', '4', 'Y', 'Y', NULL, NULL, 'Y', 'T', 'Y', NULL);
INSERT INTO sys_pagefield_rlt(id, pageId, fieldId, orderNum, isRequired, isReaded, isReseted, isRecorded, isShowed, layout, isValid, module) VALUES ('cb4d9eea-bf6b-4bd4-8f93-e1fe1c4aedbb', '07698511-fa9f-47e2-9f4c-5fbbfiTSP003', '6aebd27b-ebe9-419e-ae08-7db534750c63', '5', 'Y', 'Y', NULL, NULL, 'Y', 'T', 'Y', NULL);
INSERT INTO sys_pagefield_rlt(id, pageId, fieldId, orderNum, isRequired, isReaded, isReseted, isRecorded, isShowed, layout, isValid, module) VALUES ('73b43b62-e080-48ac-8748-aa4c7c798511', '07698511-fa9f-47e2-9f4c-5fbbfiTSP003', 'd8252528-4826-4150-8621-d045ce15e2a3', '6', 'N', 'Y', NULL, NULL, 'Y', 'F', 'Y', NULL);
INSERT INTO sys_pagefield_rlt(id, pageId, fieldId, orderNum, isRequired, isReaded, isReseted, isRecorded, isShowed, layout, isValid, module) VALUES ('8fa08230-42e9-4ee0-8895-9d400a3a0b94', '07698511-fa9f-47e2-9f4c-5fbbfiTSP003', 'b267b4c5-f2fa-4089-880d-903d14e08e63', '7', 'N', 'Y', NULL, NULL, 'Y', 'T', 'Y', NULL);
INSERT INTO sys_pagefield_rlt(id, pageId, fieldId, orderNum, isRequired, isReaded, isReseted, isRecorded, isShowed, layout, isValid, module) VALUES ('332f02d8-6629-4f7c-aea0-496a914ab6d5', '07698511-fa9f-47e2-9f4c-5fbbfiTSP003', 'f2d4dd1a-4522-4acc-82d0-f38926a3614a', '8', 'N', 'Y', NULL, NULL, 'Y', 'T', 'Y', NULL);
INSERT INTO sys_pagefield_rlt(id, pageId, fieldId, orderNum, isRequired, isReaded, isReseted, isRecorded, isShowed, layout, isValid, module) VALUES ('5f1e3c31-eb33-4df1-8a81-00a12c08822f', '07698511-fa9f-47e2-9f4c-5fbbfiTSP004', '75bf60e6-c47f-4e62-a0c2-54c1f50d3e3b', '1', 'Y', 'N', NULL, NULL, 'Y', 'F', 'Y', NULL);
INSERT INTO sys_pagefield_rlt(id, pageId, fieldId, orderNum, isRequired, isReaded, isReseted, isRecorded, isShowed, layout, isValid, module) VALUES ('361a0034-65af-4c1c-ba9b-daf3820db09d', '07698511-fa9f-47e2-9f4c-5fbbfiTSP004', 'dd8c3fea-bace-4071-a995-65c059ee9d8f', '2', 'Y', 'N', NULL, NULL, 'Y', 'T', 'Y', NULL);
INSERT INTO sys_pagefield_rlt(id, pageId, fieldId, orderNum, isRequired, isReaded, isReseted, isRecorded, isShowed, layout, isValid, module) VALUES ('38e294d6-8cae-4fec-81e0-861756e28a89', '07698511-fa9f-47e2-9f4c-5fbbfiTSP004', '52069b27-e12b-491b-a4b7-d1d6694bc4e1', '3', 'Y', 'N', NULL, NULL, 'Y', 'T', 'Y', NULL);
INSERT INTO sys_pagefield_rlt(id, pageId, fieldId, orderNum, isRequired, isReaded, isReseted, isRecorded, isShowed, layout, isValid, module) VALUES ('9055ecd2-3a7e-4ef7-a545-b6849a586162', '07698511-fa9f-47e2-9f4c-5fbbfiTSP004', '204c75c2-f0a5-442c-85bc-ec3eb0eae4a5', '4', 'Y', 'N', NULL, NULL, 'Y', 'T', 'Y', NULL);
INSERT INTO sys_pagefield_rlt(id, pageId, fieldId, orderNum, isRequired, isReaded, isReseted, isRecorded, isShowed, layout, isValid, module) VALUES ('b0622ec9-96eb-46ec-9f71-c6ce954b16a0', '07698511-fa9f-47e2-9f4c-5fbbfiTSP004', '6aebd27b-ebe9-419e-ae08-7db534750c63', '5', 'Y', 'N', NULL, NULL, 'Y', 'T', 'Y', NULL);
INSERT INTO sys_pagefield_rlt(id, pageId, fieldId, orderNum, isRequired, isReaded, isReseted, isRecorded, isShowed, layout, isValid, module) VALUES ('319581e4-623e-4c04-84cf-02cda840f462', '07698511-fa9f-47e2-9f4c-5fbbfiTSP004', 'd8252528-4826-4150-8621-d045ce15e2a3', '6', 'N', 'N', NULL, NULL, 'Y', 'F', 'Y', NULL);
INSERT INTO sys_pagefield_rlt(id, pageId, fieldId, orderNum, isRequired, isReaded, isReseted, isRecorded, isShowed, layout, isValid, module) VALUES ('45aa6fc7-5a7d-46a9-8fd4-5785c7032895', '07698511-fa9f-47e2-9f4c-5fbbfiTSP004', 'b267b4c5-f2fa-4089-880d-903d14e08e63', '7', 'N', 'N', NULL, NULL, 'Y', 'T', 'Y', NULL);
INSERT INTO sys_pagefield_rlt(id, pageId, fieldId, orderNum, isRequired, isReaded, isReseted, isRecorded, isShowed, layout, isValid, module) VALUES ('419b0c91-8ec6-4b2f-abeb-75aa41c12860', '07698511-fa9f-47e2-9f4c-5fbbfiTSP004', 'f2d4dd1a-4522-4acc-82d0-f38926a3614a', '8', 'N', 'N', NULL, NULL, 'Y', 'T', 'Y', NULL);

INSERT INTO sys_pagelist_rlt(id, pageId, objectType, fieldView, filterCondition, isValid) VALUES ('340943c1-bb7c-468c-b09b-5b96f06c107f', '07698511-fa9f-47e2-9f4c-5fbbfiTSP014', 'TSP', '{\"pageSize\":\"20\",\"orderBy\":\"\",\"orderByType\":\"desc\",\"query\":\"\",\"view\":[{\"f\":\"id\",\"a\":\"center\",\"w\":\"60px\",\"t\":\"ID\",\"r\":\"\",\"s\":false,\"h\":false,\"i\":\"\"},{\"f\":\"name\",\"a\":\"left\",\"w\":\"300.0px\",\"t\":\"TEXT\",\"r\":false,\"s\":false,\"h\":false,\"i\":\"75bf60e6-c47f-4e62-a0c2-54c1f50d3e3b\"},{\"f\":\"code\",\"a\":\"left\",\"w\":\"120.0px\",\"t\":\"TEXT\",\"r\":false,\"s\":false,\"h\":false,\"i\":\"81bbd168-a4b4-476d-a9cb-0a924a46edfe\"},{\"f\":\"typeId\",\"a\":\"left\",\"w\":\"120.0px\",\"t\":\"SELECT\",\"r\":false,\"s\":false,\"h\":false,\"i\":\"52069b27-e12b-491b-a4b7-d1d6694bc4e1\"},{\"f\":\"phaseId\",\"a\":\"left\",\"w\":\"120.0px\",\"t\":\"SELECT\",\"r\":false,\"s\":false,\"h\":false,\"i\":\"6aebd27b-ebe9-419e-ae08-7db534750c63\"},{\"f\":\"ownerId\",\"a\":\"left\",\"w\":\"120.0px\",\"t\":\"USER\",\"r\":false,\"s\":false,\"h\":false,\"i\":\"b267b4c5-f2fa-4089-880d-903d14e08e63\"},{\"f\":\"creatorId\",\"a\":\"left\",\"w\":\"120.0px\",\"t\":\"USER\",\"r\":false,\"s\":false,\"h\":false,\"i\":\"0503bc86-e3b8-4fc2-8e5b-b1915459b1d4\"},{\"f\":\"modifyTime\",\"a\":\"left\",\"w\":\"120.0px\",\"t\":\"DATE\",\"r\":false,\"s\":false,\"h\":false,\"i\":\"1de18695-1266-4607-b217-5a78b34e36ee\"}]}', '', 'Y');

INSERT INTO en_type(id, name, objectType, code, codeRule, editionRule, lifecycleId, parentId, remark, bgColor, fColor, isSystem, orderNum, isValid, creatorId, createdTime, modifyId, modifyTime, workflowGroupId, planTemplateId) VALUES ('ef9940da-483a-4de9-a10a-6370c21e1f61', '单元测试', 'TSP', NULL, '{\"codeSign\":\"TSP\",\"codeSuffix\":\"SN\"}', NULL, '083aa29a-1d86-47dc-bfd6-ea9b924dd5bd', '', '', NULL, NULL, NULL, '1', 'Y', 'b8ab9427-627b-469f-bfd0-4b1buser0001', '2022-08-08', 'b8ab9427-627b-469f-bfd0-4b1buser0001', '2022-08-08', NULL, NULL);
INSERT INTO en_type(id, name, objectType, code, codeRule, editionRule, lifecycleId, parentId, remark, bgColor, fColor, isSystem, orderNum, isValid, creatorId, createdTime, modifyId, modifyTime, workflowGroupId, planTemplateId) VALUES ('718d71be-8c49-40fd-9a49-b58596f725ee', '集成测试', 'TSP', NULL, '{\"codeSign\":\"TSP\",\"codeSuffix\":\"SN\"}', NULL, '083aa29a-1d86-47dc-bfd6-ea9b924dd5bd', '', '', NULL, NULL, NULL, '2', 'Y', 'b8ab9427-627b-469f-bfd0-4b1buser0001', '2022-08-08', 'b8ab9427-627b-469f-bfd0-4b1buser0001', '2022-08-08', NULL, NULL);
INSERT INTO en_type(id, name, objectType, code, codeRule, editionRule, lifecycleId, parentId, remark, bgColor, fColor, isSystem, orderNum, isValid, creatorId, createdTime, modifyId, modifyTime, workflowGroupId, planTemplateId) VALUES ('82420344-0ac7-4c63-b297-715f1366cbbb', '系统测试', 'TSP', NULL, '{\"codeSign\":\"TSP\",\"codeSuffix\":\"SN\"}', NULL, '083aa29a-1d86-47dc-bfd6-ea9b924dd5bd', '', '', NULL, NULL, NULL, '3', 'Y', 'b8ab9427-627b-469f-bfd0-4b1buser0001', '2022-08-08', 'b8ab9427-627b-469f-bfd0-4b1buser0001', '2022-08-08', NULL, NULL);
INSERT INTO en_type(id, name, objectType, code, codeRule, editionRule, lifecycleId, parentId, remark, bgColor, fColor, isSystem, orderNum, isValid, creatorId, createdTime, modifyId, modifyTime, workflowGroupId, planTemplateId) VALUES ('72f3fafb-e10a-4a60-9f69-52ab0043f645', '验收测试', 'TSP', NULL, '{\"codeSign\":\"TSP\",\"codeSuffix\":\"SN\"}', NULL, '083aa29a-1d86-47dc-bfd6-ea9b924dd5bd', '', '', NULL, NULL, NULL, '4', 'Y', 'b8ab9427-627b-469f-bfd0-4b1buser0001', '2022-08-08', 'b8ab9427-627b-469f-bfd0-4b1buser0001', '2022-08-08', NULL, NULL);
INSERT INTO en_type(id, name, objectType, code, codeRule, editionRule, lifecycleId, parentId, remark, bgColor, fColor, isSystem, orderNum, isValid, creatorId, createdTime, modifyId, modifyTime, workflowGroupId, planTemplateId) VALUES ('aa4e4319-d803-4515-9cd9-dda51917962b', '标杆测试', 'TSP', NULL, '{\"codeSign\":\"TSP\",\"codeSuffix\":\"SN\"}', NULL, '083aa29a-1d86-47dc-bfd6-ea9b924dd5bd', '', '', NULL, NULL, NULL, '5', 'Y', 'b8ab9427-627b-469f-bfd0-4b1buser0001', '2022-08-08', 'b8ab9427-627b-469f-bfd0-4b1buser0001', '2022-08-08', NULL, NULL);

INSERT INTO com_aopmodule_rlt(id, name, val, objectType, exeCls, orderNum) VALUES ('77e16c9e-f290-4027-aeb1-8629atTSP001', '新建', 'create', 'TSP', '', '1');
INSERT INTO com_aopmodule_rlt(id, name, val, objectType, exeCls, orderNum) VALUES ('77e16c9e-f290-4027-aeb1-8629atTSP002', '打开', 'open', 'TSP', '', '2');
INSERT INTO com_aopmodule_rlt(id, name, val, objectType, exeCls, orderNum) VALUES ('77e16c9e-f290-4027-aeb1-8629atTSP004', '重命名', 'rename', 'TSP', '', '4');
INSERT INTO com_aopmodule_rlt(id, name, val, objectType, exeCls, orderNum) VALUES ('77e16c9e-f290-4027-aeb1-8629atTSP005', '编辑', 'edit', 'TSP', '', '5');
INSERT INTO com_aopmodule_rlt(id, name, val, objectType, exeCls, orderNum) VALUES ('77e16c9e-f290-4027-aeb1-8629atTSP006', '设置生命阶段', 'setPhase', 'TSP', '', '6');
INSERT INTO com_aopmodule_rlt(id, name, val, objectType, exeCls, orderNum) VALUES ('77e16c9e-f290-4027-aeb1-8629atTSP007', '指派', 'assign', 'TSP', '', '7');
INSERT INTO com_aopmodule_rlt(id, name, val, objectType, exeCls, orderNum) VALUES ('77e16c9e-f290-4027-aeb1-8629atTSP011', '删除', 'delete', 'TSP', '', '11');
