INSERT INTO  act_ge_property  VALUES ('next.dbid', '7501', '4');
INSERT INTO  act_ge_property  VALUES ('schema.history', 'create(5.22.0.0) upgrade(5.22.0.0->6.0.0.4)', '2');
INSERT INTO  act_ge_property  VALUES ('schema.version', '6.0.0.4', '2');

/**流程相关初始化 START **/
INSERT INTO sys_workflow(id, name, objectType, remark, scope, nameRul, orderNum, isSystem, isValid, isClose, creatorId, createdTime, modifyId, modifyTime, simpleName, codeRule) 
VALUES ('07698511-fa9f-47e2-9f4c-5workflow001', '市场需求管理', 'MRQ', '', 'PJT,DEPT', '', '1', 'Y', 'Y', 'N', 'b8ab9427-627b-469f-bfd0-4b1buser0001', '2022-08-08', 'b8ab9427-627b-469f-bfd0-4b1buser0001', '2022-08-08', '市场需求', '{"codeSign":"MRQ","codeSuffix":"SN"}');
INSERT INTO sys_workflow(id, name, objectType, remark, scope, nameRul, orderNum, isSystem, isValid, isClose, creatorId, createdTime, modifyId, modifyTime, simpleName, codeRule) 
VALUES ('07698511-fa9f-47e2-9f4c-5workflow002', '立项管理', 'PMI', '', 'PJT,DEPT', '', '2', 'Y', 'Y', 'N', 'b8ab9427-627b-469f-bfd0-4b1buser0001', '2022-08-08', 'b8ab9427-627b-469f-bfd0-4b1buser0001', '2022-08-08', '立项', '{"codeSign":"PMI","codeSuffix":"SN"}');
INSERT INTO sys_workflow(id, name, objectType, remark, scope, nameRul, orderNum, isSystem, isValid, isClose, creatorId, createdTime, modifyId, modifyTime, simpleName, codeRule) 
VALUES ('07698511-fa9f-47e2-9f4c-5workflow004', '风险管理', 'RSK', '', 'PJT,DEPT', '', '4', 'Y', 'Y', 'N', 'b8ab9427-627b-469f-bfd0-4b1buser0001', '2022-08-08', 'b8ab9427-627b-469f-bfd0-4b1buser0001', '2022-08-08', '风险', '{"codeSign":"RSK","codeSuffix":"SN"}');
INSERT INTO sys_workflow(id, name, objectType, remark, scope, nameRul, orderNum, isSystem, isValid, isClose, creatorId, createdTime, modifyId, modifyTime, simpleName, codeRule) 
VALUES ('07698511-fa9f-47e2-9f4c-5workflow005', '缺陷管理', 'BUG', '', 'PJT,DEPT', '', '9', 'Y', 'Y', 'N', 'b8ab9427-627b-469f-bfd0-4b1buser0001', '2022-08-08', 'b8ab9427-627b-469f-bfd0-4b1buser0001', '2022-08-08', '缺陷', '{"codeSign":"BUG","codeSuffix":"SN"}');
INSERT INTO sys_workflow(id, name, objectType, remark, scope, nameRul, orderNum, isSystem, isValid, isClose, creatorId, createdTime, modifyId, modifyTime, simpleName, codeRule) 
VALUES ('07698511-fa9f-47e2-9f4c-5workflow006', '问题管理', 'ISU', '', 'PJT,DEPT', '', '10', 'Y', 'Y', 'N', 'b8ab9427-627b-469f-bfd0-4b1buser0001', '2022-08-08', 'b8ab9427-627b-469f-bfd0-4b1buser0001', '2022-08-08', '问题', '{"codeSign":"ISU","codeSuffix":"SN"}');
INSERT INTO sys_workflow(id, name, objectType, remark, scope, nameRul, orderNum, isSystem, isValid, isClose, creatorId, createdTime, modifyId, modifyTime, simpleName, codeRule) 
VALUES ('07698511-fa9f-47e2-9f4c-5workflow007', '评审管理', 'REW', '', 'PJT,DEPT', '', '11', 'Y', 'Y', 'N', 'b8ab9427-627b-469f-bfd0-4b1buser0001', '2022-08-08', 'b8ab9427-627b-469f-bfd0-4b1buser0001', '2022-08-08', '评审', '{"codeSign":"REW","codeSuffix":"SN"}');
INSERT INTO sys_workflow(id, name, objectType, remark, scope, nameRul, orderNum, isSystem, isValid, isClose, creatorId, createdTime, modifyId, modifyTime, simpleName, codeRule) 
VALUES ('07698511-fa9f-47e2-9f4c-5workflow008', '变更管理', 'CHG', '', 'PJT,DEPT', '', '12', 'Y', 'Y', 'N', 'b8ab9427-627b-469f-bfd0-4b1buser0001', '2022-08-08', 'b8ab9427-627b-469f-bfd0-4b1buser0001', '2022-08-08', '变更', '{"codeSign":"CHG","codeSuffix":"SN"}');
INSERT INTO sys_workflow(id, name, objectType, remark, scope, nameRul, orderNum, isSystem, isValid, isClose, creatorId, createdTime, modifyId, modifyTime, simpleName, codeRule) 
VALUES ('07698511-fa9f-47e2-9f4c-5workflow016', '结项管理', 'PMC', '', 'PJT,DEPT', '', '20', 'Y', 'Y', 'N', 'b8ab9427-627b-469f-bfd0-4b1buser0001', '2022-08-08', 'b8ab9427-627b-469f-bfd0-4b1buser0001', '2022-08-08', '结项', '{"codeSign":"PMC","codeSuffix":"SN"}');

/**站位流程，后期使用**/
INSERT INTO sys_workflow(id, name, objectType, remark, scope, nameRul, orderNum, isSystem, isValid, isClose, creatorId, createdTime, modifyId, modifyTime, simpleName, codeRule) 
VALUES ('07698511-fa9f-47e2-9f4c-5workflow003', '会议管理', 'CMP', '', 'PJT,DEPT', '', '3', 'Y', 'Y', 'N', 'b8ab9427-627b-469f-bfd0-4b1buser0001', '2022-08-08', 'b8ab9427-627b-469f-bfd0-4b1buser0001', '2022-08-08', '会议', '{"codeSign":"CMP","codeSuffix":"SN"}');
INSERT INTO sys_workflow(id, name, objectType, remark, scope, nameRul, orderNum, isSystem, isValid, isClose, creatorId, createdTime, modifyId, modifyTime, simpleName, codeRule) 
VALUES ('07698511-fa9f-47e2-9f4c-5workflow009', '设备使用管理', 'EQU', '', 'PJT,DEPT', '', '13', 'Y', 'Y', 'N', 'b8ab9427-627b-469f-bfd0-4b1buser0001', '2022-08-08', 'b8ab9427-627b-469f-bfd0-4b1buser0001', '2022-08-08', '设备使用', '{"codeSign":"EQU","codeSuffix":"SN"}');
INSERT INTO sys_workflow(id, name, objectType, remark, scope, nameRul, orderNum, isSystem, isValid, isClose, creatorId, createdTime, modifyId, modifyTime, simpleName, codeRule) 
VALUES ('07698511-fa9f-47e2-9f4c-5workflow010', '设备维护管理', 'EQM', '', 'PJT,DEPT', '', '14', 'Y', 'Y', 'N', 'b8ab9427-627b-469f-bfd0-4b1buser0001', '2022-08-08', 'b8ab9427-627b-469f-bfd0-4b1buser0001', '2022-08-08', '设备维护', '{"codeSign":"EQM","codeSuffix":"SN"}');
INSERT INTO sys_workflow(id, name, objectType, remark, scope, nameRul, orderNum, isSystem, isValid, isClose, creatorId, createdTime, modifyId, modifyTime, simpleName, codeRule) 
VALUES ('07698511-fa9f-47e2-9f4c-5workflow011', '合同审核管理', 'CRM', '', 'PJT,DEPT', '', '15', 'Y', 'Y', 'N', 'b8ab9427-627b-469f-bfd0-4b1buser0001', '2022-08-08', 'b8ab9427-627b-469f-bfd0-4b1buser0001', '2022-08-08', '合同审核', '{"codeSign":"CRM","codeSuffix":"SN"}');
INSERT INTO sys_workflow(id, name, objectType, remark, scope, nameRul, orderNum, isSystem, isValid, isClose, creatorId, createdTime, modifyId, modifyTime, simpleName, codeRule) 
VALUES ('07698511-fa9f-47e2-9f4c-5workflow012', '预算管理', 'BUD', '', 'PJT,DEPT', '', '16', 'Y', 'Y', 'N', 'b8ab9427-627b-469f-bfd0-4b1buser0001', '2022-08-08', 'b8ab9427-627b-469f-bfd0-4b1buser0001', '2022-08-08', '预算', '{"codeSign":"BUD","codeSuffix":"SN"}');
INSERT INTO sys_workflow(id, name, objectType, remark, scope, nameRul, orderNum, isSystem, isValid, isClose, creatorId, createdTime, modifyId, modifyTime, simpleName, codeRule) 
VALUES ('07698511-fa9f-47e2-9f4c-5workflow013', '收入管理', 'REV', '', 'PJT,DEPT', '', '17', 'Y', 'Y', 'N', 'b8ab9427-627b-469f-bfd0-4b1buser0001', '2022-08-08', 'b8ab9427-627b-469f-bfd0-4b1buser0001', '2022-08-08', '收入', '{"codeSign":"REV","codeSuffix":"SN"}');
INSERT INTO sys_workflow(id, name, objectType, remark, scope, nameRul, orderNum, isSystem, isValid, isClose, creatorId, createdTime, modifyId, modifyTime, simpleName, codeRule) 
VALUES ('07698511-fa9f-47e2-9f4c-5workflow014', '支出管理', 'EXP', '', 'PJT,DEPT', '', '18', 'Y', 'Y', 'N', 'b8ab9427-627b-469f-bfd0-4b1buser0001', '2022-08-08', 'b8ab9427-627b-469f-bfd0-4b1buser0001', '2022-08-08', '支出', '{"codeSign":"EXP","codeSuffix":"SN"}');
INSERT INTO sys_workflow(id, name, objectType, remark, scope, nameRul, orderNum, isSystem, isValid, isClose, creatorId, createdTime, modifyId, modifyTime, simpleName, codeRule) 
VALUES ('07698511-fa9f-47e2-9f4c-5workflow015', '绩效管理', 'PBC', '', 'PJT,DEPT', '', '19', 'Y', 'Y', 'N', 'b8ab9427-627b-469f-bfd0-4b1buser0001', '2022-08-08', 'b8ab9427-627b-469f-bfd0-4b1buser0001', '2022-08-08', '绩效', '{"codeSign":"PBC","codeSuffix":"SN"}');
update sys_workflow set isValid = 'N', isClose = 'Y' where objectType in('CMP', 'EQU', 'EQM', 'CRM', 'BUD', 'REV', 'EXP', 'PBC');

INSERT INTO wf_instance(id, name, objectType, remark, modelId, status, orderNum, isSystem, isValid, isDefault, graphView, tranExeCls, creatorId, createdTime, modifyId, modifyTime, step, title, deploymentId, tempStatus)
VALUES ('ACT1dcff-eabe-4e77-97e5-0a10fa34bf8e', '会议管理模型_1.0', 'CMP', '', '2533', 'IN', 1, 'Y', 'Y', 'Y', CONVERT(varbinary(max), '<svg xmlns="http://www.w3.org/2000/svg" xmlns:oryx="http://oryx-editor.org" id="sid-3EF731F0-9E96-4549-BF5A-7DF373F84BF9" width="646.5" height="220" xmlns:xlink="http://www.w3.org/1999/xlink" xmlns:svg="http://www.w3.org/2000/svg"><defs><marker id="sid-6D795B4B-CB04-444D-BB7F-EA37C07E1ABBstart" refX="1" refY="5" markerUnits="userSpaceOnUse" markerWidth="17" markerHeight="11" orient="auto">	  		undefined			<path id="sid-6D795B4B-CB04-444D-BB7F-EA37C07E1ABBdefault" d="M 5 0 L 11 10" fill="white" stroke="#b7b5b5" stroke-width="1" display="none"/>	  	</marker><marker id="sid-6D795B4B-CB04-444D-BB7F-EA37C07E1ABBend" refX="9" refY="5" markerUnits="userSpaceOnUse" markerWidth="11" markerHeight="10" orient="auto">	  		<path id="sid-6D795B4B-CB04-444D-BB7F-EA37C07E1ABBarrowhead" d="M 0 1 L 10 5 L 1 9z" fill="#cfcccc" stroke="#cfcccc" stroke-linejoin="round" stroke-width="1"/>	  	</marker><marker id="sid-E4382E71-A587-4143-929D-496CB1917F9Bstart" refX="1" refY="5" markerUnits="userSpaceOnUse" markerWidth="17" markerHeight="11" orient="auto">	  		undefined			<path id="sid-E4382E71-A587-4143-929D-496CB1917F9Bdefault" d="M 5 0 L 11 10" fill="white" stroke="#b7b5b5" stroke-width="1" display="none"/>	  	</marker><marker id="sid-E4382E71-A587-4143-929D-496CB1917F9Bend" refX="9" refY="5" markerUnits="userSpaceOnUse" markerWidth="11" markerHeight="10" orient="auto">	  		<path id="sid-E4382E71-A587-4143-929D-496CB1917F9Barrowhead" d="M 0 1 L 10 5 L 1 9z" fill="#cfcccc" stroke="#cfcccc" stroke-linejoin="round" stroke-width="1"/>	  	</marker><marker id="sid-C426C3A3-5B03-4AFE-9C1F-F79FBFEB42E7start" refX="1" refY="5" markerUnits="userSpaceOnUse" markerWidth="17" markerHeight="11" orient="auto">	  		undefined			<path id="sid-C426C3A3-5B03-4AFE-9C1F-F79FBFEB42E7default" d="M 5 0 L 11 10" fill="white" stroke="#b7b5b5" stroke-width="1" display="none"/>	  	</marker><marker id="sid-C426C3A3-5B03-4AFE-9C1F-F79FBFEB42E7end" refX="9" refY="5" markerUnits="userSpaceOnUse" markerWidth="11" markerHeight="10" orient="auto">	  		<path id="sid-C426C3A3-5B03-4AFE-9C1F-F79FBFEB42E7arrowhead" d="M 0 1 L 10 5 L 1 9z" fill="#cfcccc" stroke="#cfcccc" stroke-linejoin="round" stroke-width="1"/>	  	</marker></defs><svg id="underlay-container"/><g stroke="none" font-family="Verdana, sans-serif" font-size-adjust="none" font-style="normal" font-variant="normal" font-weight="normal" line-heigth="normal" font-size="12"><g class="stencils"><g class="me"/><g class="children"><g id="svg-sid-C90D0B7D-27CE-429E-8A0F-9DAB22C611F8"><g class="stencils" transform="translate(108.5, 138)"><g class="me"><g pointer-events="fill" id="sid-B8C5260A-16EC-46F2-AA3F-6C836E0DD874" title="开始">    <circle id="sid-B8C5260A-16EC-46F2-AA3F-6C836E0DD874bg_frame" cx="16" cy="16" r="16" stroke="none" fill="url(#sid-B8C5260A-16EC-46F2-AA3F-6C836E0DD874image1)" stroke-width="0"/><defs id="sid-B8C5260A-16EC-46F2-AA3F-6C836E0DD874_sid-B8C5260A-16EC-46F2-AA3F-6C836E0DD874_5"><pattern width="32" height="32" patternUnits="userSpaceOnUse" y="0" x="0" id="sid-B8C5260A-16EC-46F2-AA3F-6C836E0DD874image1"><image href="editor-app/images/start.png" height="32" width="32" y="0" x="0" id="sid-B8C5260A-16EC-46F2-AA3F-6C836E0DD874_sid-B8C5260A-16EC-46F2-AA3F-6C836E0DD874_6"/></pattern></defs> 	<text font-size="11" id="sid-B8C5260A-16EC-46F2-AA3F-6C836E0DD874text_name" x="16" y="38" oryx:align="top center" stroke="#373e48" stroke-width="0pt" letter-spacing="-0.01px" transform="rotate(0 16 38)" oryx:fontSize="11" text-anchor="middle"><tspan dy="11" x="16" y="38">开始</tspan></text>  </g></g><g class="children" style="overflow:hidden"/><g class="edge"/></g><g class="controls"><g class="dockers"/><g class="magnets" transform="translate(108.5, 138)"><g pointer-events="all" display="none" transform="translate(8, 8)"><circle cx="8" cy="8" r="4" stroke="none" fill="red" fill-opacity="0.3"/></g></g></g></g><g id="svg-sid-63E2F1C1-C45E-4FDA-BCC7-2B0105C41655"><g class="stencils" transform="translate(260.5, 138)"><g class="me"><g pointer-events="fill" id="sid-3E957B75-BEAC-4DF4-8516-938E45A6AFFE" title="步骤">    <circle id="sid-3E957B75-BEAC-4DF4-8516-938E45A6AFFEbg_frame" cx="16" cy="16" r="16" stroke="none" fill="url(#sid-3E957B75-BEAC-4DF4-8516-938E45A6AFFEimage2)" stroke-width="0"/><defs id="sid-3E957B75-BEAC-4DF4-8516-938E45A6AFFE_sid-3E957B75-BEAC-4DF4-8516-938E45A6AFFE_5"><pattern width="32" height="32" patternUnits="userSpaceOnUse" y="0" x="0" id="sid-3E957B75-BEAC-4DF4-8516-938E45A6AFFEimage2"><image href="editor-app/images/status.png" height="32" width="32" y="0" x="0" id="sid-3E957B75-BEAC-4DF4-8516-938E45A6AFFE_sid-3E957B75-BEAC-4DF4-8516-938E45A6AFFE_6"/></pattern></defs>	<text font-size="11" id="sid-3E957B75-BEAC-4DF4-8516-938E45A6AFFEtext_name" x="16" y="38" oryx:align="top center" stroke="#373e48" stroke-width="0pt" letter-spacing="-0.01px" transform="rotate(0 16 38)" oryx:fontSize="11" text-anchor="middle"><tspan dy="11" x="16" y="38">步骤</tspan></text>  </g></g><g class="children" style="overflow:hidden"/><g class="edge"/></g><g class="controls"><g class="dockers"/><g class="magnets" transform="translate(260.5, 138)"><g pointer-events="all" display="none" transform="translate(8, 8)"><circle cx="8" cy="8" r="4" stroke="none" fill="red" fill-opacity="0.3"/></g></g></g></g><g id="svg-sid-BE3090DF-2A84-49FB-8D17-E35007B66D0E"><g class="stencils" transform="translate(412.5, 138)"><g class="me"><g pointer-events="fill" id="sid-0D1300B3-FA2E-4EA1-AE1E-5E41E09887EA" title="步骤">    <circle id="sid-0D1300B3-FA2E-4EA1-AE1E-5E41E09887EAbg_frame" cx="16" cy="16" r="16" stroke="none" fill="url(#sid-0D1300B3-FA2E-4EA1-AE1E-5E41E09887EAimage2)" stroke-width="0"/><defs id="sid-0D1300B3-FA2E-4EA1-AE1E-5E41E09887EA_sid-0D1300B3-FA2E-4EA1-AE1E-5E41E09887EA_5"><pattern width="32" height="32" patternUnits="userSpaceOnUse" y="0" x="0" id="sid-0D1300B3-FA2E-4EA1-AE1E-5E41E09887EAimage2"><image href="editor-app/images/status.png" height="32" width="32" y="0" x="0" id="sid-0D1300B3-FA2E-4EA1-AE1E-5E41E09887EA_sid-0D1300B3-FA2E-4EA1-AE1E-5E41E09887EA_6"/></pattern></defs>	<text font-size="11" id="sid-0D1300B3-FA2E-4EA1-AE1E-5E41E09887EAtext_name" x="16" y="38" oryx:align="top center" stroke="#373e48" stroke-width="0pt" letter-spacing="-0.01px" transform="rotate(0 16 38)" oryx:fontSize="11" text-anchor="middle"><tspan dy="11" x="16" y="38">步骤</tspan></text>  </g></g><g class="children" style="overflow:hidden"/><g class="edge"/></g><g class="controls"><g class="dockers"/><g class="magnets" transform="translate(412.5, 138)"><g pointer-events="all" display="none" transform="translate(8, 8)"><circle cx="8" cy="8" r="4" stroke="none" fill="red" fill-opacity="0.3"/></g></g></g></g><g id="svg-sid-C643F087-9B1F-4C76-9DA2-6135AD157448"><g class="stencils" transform="translate(564.5, 138)"><g class="me"><g pointer-events="fill" id="sid-DA5E3E46-B324-45B0-A6EB-F156D382D5B1" title="步骤">    <circle id="sid-DA5E3E46-B324-45B0-A6EB-F156D382D5B1bg_frame" cx="16" cy="16" r="16" stroke="none" fill="url(#sid-DA5E3E46-B324-45B0-A6EB-F156D382D5B1image2)" stroke-width="0"/><defs id="sid-DA5E3E46-B324-45B0-A6EB-F156D382D5B1_sid-DA5E3E46-B324-45B0-A6EB-F156D382D5B1_5"><pattern width="32" height="32" patternUnits="userSpaceOnUse" y="0" x="0" id="sid-DA5E3E46-B324-45B0-A6EB-F156D382D5B1image2"><image href="editor-app/images/status.png" height="32" width="32" y="0" x="0" id="sid-DA5E3E46-B324-45B0-A6EB-F156D382D5B1_sid-DA5E3E46-B324-45B0-A6EB-F156D382D5B1_6"/></pattern></defs>	<text font-size="11" id="sid-DA5E3E46-B324-45B0-A6EB-F156D382D5B1text_name" x="16" y="38" oryx:align="top center" stroke="#373e48" stroke-width="0pt" letter-spacing="-0.01px" transform="rotate(0 16 38)" oryx:fontSize="11" text-anchor="middle"><tspan dy="11" x="16" y="38">步骤</tspan></text>  </g></g><g class="children" style="overflow:hidden"/><g class="edge"/></g><g class="controls"><g class="dockers"/><g class="magnets" transform="translate(564.5, 138)"><g pointer-events="all" display="none" transform="translate(8, 8)"><circle cx="8" cy="8" r="4" stroke="none" fill="red" fill-opacity="0.3"/></g></g></g></g></g><g class="edge"><g id="svg-sid-BAD6E97C-A764-4CE3-BD66-2C30F4B397F9"><g class="stencils"><g class="me"><g pointer-events="painted"><path id="sid-6D795B4B-CB04-444D-BB7F-EA37C07E1ABB_1" d="M140.9375 154L260.0625 154 " stroke="#b7b5b5" fill="none" stroke-width="1" stroke-linecap="round" stroke-linejoin="round" marker-start="url(#sid-6D795B4B-CB04-444D-BB7F-EA37C07E1ABBstart)" marker-end="url(#sid-6D795B4B-CB04-444D-BB7F-EA37C07E1ABBend)"/></g><text id="sid-6D795B4B-CB04-444D-BB7F-EA37C07E1ABBtext_name" x="200" y="157" oryx:edgePosition="midbottom" stroke-width="0pt" letter-spacing="-0.01px" transform="rotate(0 200 157)" oryx:fontSize="12" text-anchor="middle"><tspan dy="0" x="200" y="157">操作</tspan></text></g><g class="children" style="overflow:hidden"/><g class="edge"/></g><g class="controls"><g class="dockers"/><g class="magnets"/></g></g><g id="svg-sid-CFF235C4-643B-48D4-864E-F945F761EFA2"><g class="stencils"><g class="me"><g pointer-events="painted"><path id="sid-E4382E71-A587-4143-929D-496CB1917F9B_1" d="M292.9375 154L412.0625 154 " stroke="#b7b5b5" fill="none" stroke-width="1" stroke-linecap="round" stroke-linejoin="round" marker-start="url(#sid-E4382E71-A587-4143-929D-496CB1917F9Bstart)" marker-end="url(#sid-E4382E71-A587-4143-929D-496CB1917F9Bend)"/></g><text id="sid-E4382E71-A587-4143-929D-496CB1917F9Btext_name" x="352" y="157" oryx:edgePosition="midbottom" stroke-width="0pt" letter-spacing="-0.01px" transform="rotate(0 352 157)" oryx:fontSize="12" text-anchor="middle"><tspan dy="0" x="352" y="157">操作</tspan></text></g><g class="children" style="overflow:hidden"/><g class="edge"/></g><g class="controls"><g class="dockers"/><g class="magnets"/></g></g><g id="svg-sid-4AA24F66-F9FF-40F0-8DEA-2173F3CD227B"><g class="stencils"><g class="me"><g pointer-events="painted"><path id="sid-C426C3A3-5B03-4AFE-9C1F-F79FBFEB42E7_1" d="M444.9375 154L564.0625 154 " stroke="#b7b5b5" fill="none" stroke-width="1" stroke-linecap="round" stroke-linejoin="round" marker-start="url(#sid-C426C3A3-5B03-4AFE-9C1F-F79FBFEB42E7start)" marker-end="url(#sid-C426C3A3-5B03-4AFE-9C1F-F79FBFEB42E7end)"/></g><text id="sid-C426C3A3-5B03-4AFE-9C1F-F79FBFEB42E7text_name" x="504" y="157" oryx:edgePosition="midbottom" stroke-width="0pt" letter-spacing="-0.01px" transform="rotate(0 504 157)" oryx:fontSize="12" text-anchor="middle"><tspan dy="0" x="504" y="157">操作</tspan></text></g><g class="children" style="overflow:hidden"/><g class="edge"/></g><g class="controls"><g class="dockers"/><g class="magnets"/></g></g></g></g><g class="svgcontainer"><g display="none" transform="translate(560.5, 134)"><rect x="0" y="0" stroke-width="1" stroke="#777777" fill="none" stroke-dasharray="2,2" pointer-events="none" width="40" height="40"/></g><g display="none"><path stroke-width="1" stroke="silver" fill="none" stroke-dasharray="5,5" pointer-events="none"/></g><g display="none"><path stroke-width="1" stroke="silver" fill="none" stroke-dasharray="5,5" pointer-events="none"/></g><g/></g></g></svg>'), NULL, 'b8ab9427-627b-469f-bfd0-4b1buser0001', '2022-08-08', 'b8ab9427-627b-469f-bfd0-4b1buser0001', '2022-08-08', '4', '', NULL, NULL);
INSERT INTO wf_node(id, name, workflowId, type, property, linkedStatusId, workflowPageId, emailRole, notifyRole, isEmailFile, tranType, phaseRule, lagMode, autoToId, exeCls, entityOpRul, isSynEntity, canWrite, canUpdateFile, canUpdateRelate, rejectRole, remark, orderNum, isSystem, isValid, creatorId, createdTime, modifyId, modifyTime, canRollback)
VALUES ('C90D0B7D-27CE-429E-8A0F-9DAB22C611F8', '开始', 'ACT1dcff-eabe-4e77-97e5-0a10fa34bf8e', 'start-state', NULL, NULL, NULL, NULL, NULL, NULL, NULL, NULL, NULL, NULL, NULL, NULL, NULL, NULL, 'N', 'N', NULL, NULL, 1, 'Y', 'Y', 'b8ab9427-627b-469f-bfd0-4b1buser0001', '2022-08-08', 'b8ab9427-627b-469f-bfd0-4b1buser0001', '2022-08-08', 'Y');
INSERT INTO wf_node(id, name, workflowId, type, property, linkedStatusId, workflowPageId, emailRole, notifyRole, isEmailFile, tranType, phaseRule, lagMode, autoToId, exeCls, entityOpRul, isSynEntity, canWrite, canUpdateFile, canUpdateRelate, rejectRole, remark, orderNum, isSystem, isValid, creatorId, createdTime, modifyId, modifyTime, canRollback)
VALUES ('63E2F1C1-C45E-4FDA-BCC7-2B0105C41655', '步骤', 'ACT1dcff-eabe-4e77-97e5-0a10fa34bf8e', 'state', NULL, '1e706558-f63c-443e-a766-df5dbd7d6fbe', NULL, '', '', NULL, NULL, NULL, NULL, NULL, NULL, NULL, NULL, NULL, 'N', 'N', '', NULL, 2, 'Y', 'Y', 'b8ab9427-627b-469f-bfd0-4b1buser0001', '2022-08-08', 'b8ab9427-627b-469f-bfd0-4b1buser0001', '2022-08-08', 'Y');
INSERT INTO wf_node(id, name, workflowId, type, property, linkedStatusId, workflowPageId, emailRole, notifyRole, isEmailFile, tranType, phaseRule, lagMode, autoToId, exeCls, entityOpRul, isSynEntity, canWrite, canUpdateFile, canUpdateRelate, rejectRole, remark, orderNum, isSystem, isValid, creatorId, createdTime, modifyId, modifyTime, canRollback)
VALUES ('BE3090DF-2A84-49FB-8D17-E35007B66D0E', '步骤', 'ACT1dcff-eabe-4e77-97e5-0a10fa34bf8e', 'state', NULL, '5dc1fbf7-f630-4278-a691-44f0db3eb58d', NULL, '', '', NULL, NULL, NULL, NULL, NULL, NULL, NULL, NULL, NULL, 'N', 'N', '', NULL, 3, 'Y', 'Y', 'b8ab9427-627b-469f-bfd0-4b1buser0001', '2022-08-08', 'b8ab9427-627b-469f-bfd0-4b1buser0001', '2022-08-08', 'Y');
INSERT INTO wf_node(id, name, workflowId, type, property, linkedStatusId, workflowPageId, emailRole, notifyRole, isEmailFile, tranType, phaseRule, lagMode, autoToId, exeCls, entityOpRul, isSynEntity, canWrite, canUpdateFile, canUpdateRelate, rejectRole, remark, orderNum, isSystem, isValid, creatorId, createdTime, modifyId, modifyTime, canRollback)
VALUES ('C643F087-9B1F-4C76-9DA2-6135AD157448', '步骤', 'ACT1dcff-eabe-4e77-97e5-0a10fa34bf8e', 'state', NULL, 'a8cf5160-2fe2-488b-86c7-64aecb09d34f', NULL, '', '', NULL, NULL, NULL, NULL, NULL, NULL, NULL, NULL, NULL, 'N', 'N', '', NULL, 4, 'Y', 'Y', 'b8ab9427-627b-469f-bfd0-4b1buser0001', '2022-08-08', 'b8ab9427-627b-469f-bfd0-4b1buser0001', '2022-08-08', 'Y');
INSERT INTO wf_transition(id, name, nodeId, toNodeId, workflowPageId, deriveWorkflowType, toDeriveNodeId, conditions, type, isOnlyOnce, isSaveNodeUser, SynCondition, exeCls, workflowId, deriveWorkflowId, isDelPageUser, hasSave, pageTo, isMulTask, functionRight, mapField, deriveMode, emailRemindAgain, remark, orderNum, isSystem, isValid, creatorId, createdTime, modifyId, modifyTime, isForking, isDefaultForking)
VALUES ('BAD6E97C-A764-4CE3-BD66-2C30F4B397F9', '操作', 'C90D0B7D-27CE-429E-8A0F-9DAB22C611F8', '63E2F1C1-C45E-4FDA-BCC7-2B0105C41655', NULL, NULL, NULL, NULL, 'COMMON', 'N', 'N', '1', NULL, 'ACT1dcff-eabe-4e77-97e5-0a10fa34bf8e', NULL, NULL, 'N', '1', NULL, NULL, NULL, NULL, NULL, NULL, 0, 'Y', 'Y', 'b8ab9427-627b-469f-bfd0-4b1buser0001', '2022-08-08', 'b8ab9427-627b-469f-bfd0-4b1buser0001', '2022-08-08', 'N', 'N');
INSERT INTO wf_transition(id, name, nodeId, toNodeId, workflowPageId, deriveWorkflowType, toDeriveNodeId, conditions, type, isOnlyOnce, isSaveNodeUser, SynCondition, exeCls, workflowId, deriveWorkflowId, isDelPageUser, hasSave, pageTo, isMulTask, functionRight, mapField, deriveMode, emailRemindAgain, remark, orderNum, isSystem, isValid, creatorId, createdTime, modifyId, modifyTime, isForking, isDefaultForking)
VALUES ('CFF235C4-643B-48D4-864E-F945F761EFA2', '操作', '63E2F1C1-C45E-4FDA-BCC7-2B0105C41655', 'BE3090DF-2A84-49FB-8D17-E35007B66D0E', NULL, NULL, NULL, NULL, 'COMMON', 'N', 'N', '1', NULL, 'ACT1dcff-eabe-4e77-97e5-0a10fa34bf8e', NULL, NULL, 'N', '1', NULL, NULL, NULL, NULL, NULL, NULL, 1, 'Y', 'Y', 'b8ab9427-627b-469f-bfd0-4b1buser0001', '2022-08-08', 'b8ab9427-627b-469f-bfd0-4b1buser0001', '2022-08-08', 'N', 'N');
INSERT INTO wf_transition(id, name, nodeId, toNodeId, workflowPageId, deriveWorkflowType, toDeriveNodeId, conditions, type, isOnlyOnce, isSaveNodeUser, SynCondition, exeCls, workflowId, deriveWorkflowId, isDelPageUser, hasSave, pageTo, isMulTask, functionRight, mapField, deriveMode, emailRemindAgain, remark, orderNum, isSystem, isValid, creatorId, createdTime, modifyId, modifyTime, isForking, isDefaultForking)
VALUES ('4AA24F66-F9FF-40F0-8DEA-2173F3CD227B', '操作', 'BE3090DF-2A84-49FB-8D17-E35007B66D0E', 'C643F087-9B1F-4C76-9DA2-6135AD157448', NULL, NULL, NULL, NULL, 'COMMON', 'N', 'N', '1', NULL, 'ACT1dcff-eabe-4e77-97e5-0a10fa34bf8e', NULL, NULL, 'N', '1', NULL, NULL, NULL, NULL, NULL, NULL, 3, 'Y', 'Y', 'b8ab9427-627b-469f-bfd0-4b1buser0001', '2022-08-08', 'b8ab9427-627b-469f-bfd0-4b1buser0001', '2022-08-08', 'N', 'N');
INSERT INTO sys_status(id, objectType, Name, Remark, bgColor, fColor, isCalcLag, isEnd, isValid, orderNum, creatorId, createdTime, modifyId, modifyTime, workflowId)
VALUES ('1e706558-f63c-443e-a766-df5dbd7d6fbe', 'CMP', '步骤', NULL, NULL, NULL, 'Y', 'N', 'Y', 1, 'b8ab9427-627b-469f-bfd0-4b1buser0001', '2022-08-08', 'b8ab9427-627b-469f-bfd0-4b1buser0001', '2022-08-08', 'ACT1dcff-eabe-4e77-97e5-0a10fa34bf8e');
INSERT INTO sys_status(id, objectType, Name, Remark, bgColor, fColor, isCalcLag, isEnd, isValid, orderNum, creatorId, createdTime, modifyId, modifyTime, workflowId)
VALUES ('5dc1fbf7-f630-4278-a691-44f0db3eb58d', 'CMP', '步骤', NULL, NULL, NULL, 'Y', 'N', 'Y', 3, 'b8ab9427-627b-469f-bfd0-4b1buser0001', '2022-08-08', 'b8ab9427-627b-469f-bfd0-4b1buser0001', '2022-08-08', 'ACT1dcff-eabe-4e77-97e5-0a10fa34bf8e');
INSERT INTO sys_status(id, objectType, Name, Remark, bgColor, fColor, isCalcLag, isEnd, isValid, orderNum, creatorId, createdTime, modifyId, modifyTime, workflowId)
VALUES ('a8cf5160-2fe2-488b-86c7-64aecb09d34f', 'CMP', '步骤', NULL, NULL, NULL, 'Y', 'N', 'Y', 5, 'b8ab9427-627b-469f-bfd0-4b1buser0001', '2022-08-08', 'b8ab9427-627b-469f-bfd0-4b1buser0001', '2022-08-08', 'ACT1dcff-eabe-4e77-97e5-0a10fa34bf8e');

INSERT INTO wf_instance(id, name, objectType, remark, modelId, status, orderNum, isSystem, isValid, isDefault, graphView, tranExeCls, creatorId, createdTime, modifyId, modifyTime, step, title, deploymentId, tempStatus)
VALUES ('ACTfda54-e6c9-462d-85ad-12e33d11f9e7', '设备使用管理模型', 'EQU', '', '2539', 'IN', 1, 'Y', 'Y', 'Y', CONVERT(varbinary(max), '<svg xmlns="http://www.w3.org/2000/svg" xmlns:oryx="http://oryx-editor.org" id="sid-F9C911BE-7252-47B0-9E72-AAB854277ECC" width="609.5" height="223" xmlns:xlink="http://www.w3.org/1999/xlink" xmlns:svg="http://www.w3.org/2000/svg"><defs><marker id="sid-36400D56-6FB4-4E9A-AE4E-9F104020C3B8start" refX="1" refY="5" markerUnits="userSpaceOnUse" markerWidth="17" markerHeight="11" orient="auto">	  		undefined			<path id="sid-36400D56-6FB4-4E9A-AE4E-9F104020C3B8default" d="M 5 0 L 11 10" fill="white" stroke="#b7b5b5" stroke-width="1" display="none"/>	  	</marker><marker id="sid-36400D56-6FB4-4E9A-AE4E-9F104020C3B8end" refX="9" refY="5" markerUnits="userSpaceOnUse" markerWidth="11" markerHeight="10" orient="auto">	  		<path id="sid-36400D56-6FB4-4E9A-AE4E-9F104020C3B8arrowhead" d="M 0 1 L 10 5 L 1 9z" fill="#cfcccc" stroke="#cfcccc" stroke-linejoin="round" stroke-width="1"/>	  	</marker><marker id="sid-80D0AC30-D881-4741-9A23-A5A86F2202BAstart" refX="1" refY="5" markerUnits="userSpaceOnUse" markerWidth="17" markerHeight="11" orient="auto">	  		undefined			<path id="sid-80D0AC30-D881-4741-9A23-A5A86F2202BAdefault" d="M 5 0 L 11 10" fill="white" stroke="#b7b5b5" stroke-width="1" display="none"/>	  	</marker><marker id="sid-80D0AC30-D881-4741-9A23-A5A86F2202BAend" refX="9" refY="5" markerUnits="userSpaceOnUse" markerWidth="11" markerHeight="10" orient="auto">	  		<path id="sid-80D0AC30-D881-4741-9A23-A5A86F2202BAarrowhead" d="M 0 1 L 10 5 L 1 9z" fill="#cfcccc" stroke="#cfcccc" stroke-linejoin="round" stroke-width="1"/>	  	</marker></defs><svg id="underlay-container"/><g stroke="none" font-family="Verdana, sans-serif" font-size-adjust="none" font-style="normal" font-variant="normal" font-weight="normal" line-heigth="normal" font-size="12"><g class="stencils"><g class="me"/><g class="children"><g id="svg-sid-E36C7B57-2219-44C5-8427-1A19641BD451"><g class="stencils" transform="translate(223.5, 141)"><g class="me"><g pointer-events="fill" id="sid-116F387C-E807-47BD-9371-5AA67EDAA6CA" title="开始">    <circle id="sid-116F387C-E807-47BD-9371-5AA67EDAA6CAbg_frame" cx="16" cy="16" r="16" stroke="none" fill="url(#sid-116F387C-E807-47BD-9371-5AA67EDAA6CAimage1)" stroke-width="0"/><defs id="sid-116F387C-E807-47BD-9371-5AA67EDAA6CA_sid-116F387C-E807-47BD-9371-5AA67EDAA6CA_5"><pattern width="32" height="32" patternUnits="userSpaceOnUse" y="0" x="0" id="sid-116F387C-E807-47BD-9371-5AA67EDAA6CAimage1"><image href="editor-app/images/start.png" height="32" width="32" y="0" x="0" id="sid-116F387C-E807-47BD-9371-5AA67EDAA6CA_sid-116F387C-E807-47BD-9371-5AA67EDAA6CA_6"/></pattern></defs> 	<text font-size="11" id="sid-116F387C-E807-47BD-9371-5AA67EDAA6CAtext_name" x="16" y="38" oryx:align="top center" stroke="#373e48" stroke-width="0pt" letter-spacing="-0.01px" transform="rotate(0 16 38)" oryx:fontSize="11" text-anchor="middle"><tspan dy="11" x="16" y="38">开始</tspan></text>  </g></g><g class="children" style="overflow:hidden"/><g class="edge"/></g><g class="controls"><g class="dockers"/><g class="magnets" transform="translate(223.5, 141)"><g pointer-events="all" display="none" transform="translate(8, 8)"><circle cx="8" cy="8" r="4" stroke="none" fill="red" fill-opacity="0.3"/></g></g></g></g><g id="svg-sid-E912BECA-100C-4E64-801F-E95CF2B94850"><g class="stencils" transform="translate(375.5, 141)"><g class="me"><g pointer-events="fill" id="sid-F43E55B5-70C5-4377-A081-A02D1337AC0A" title="步骤">    <circle id="sid-F43E55B5-70C5-4377-A081-A02D1337AC0Abg_frame" cx="16" cy="16" r="16" stroke="none" fill="url(#sid-F43E55B5-70C5-4377-A081-A02D1337AC0Aimage2)" stroke-width="0"/><defs id="sid-F43E55B5-70C5-4377-A081-A02D1337AC0A_sid-F43E55B5-70C5-4377-A081-A02D1337AC0A_5"><pattern width="32" height="32" patternUnits="userSpaceOnUse" y="0" x="0" id="sid-F43E55B5-70C5-4377-A081-A02D1337AC0Aimage2"><image href="editor-app/images/status.png" height="32" width="32" y="0" x="0" id="sid-F43E55B5-70C5-4377-A081-A02D1337AC0A_sid-F43E55B5-70C5-4377-A081-A02D1337AC0A_6"/></pattern></defs>	<text font-size="11" id="sid-F43E55B5-70C5-4377-A081-A02D1337AC0Atext_name" x="16" y="38" oryx:align="top center" stroke="#373e48" stroke-width="0pt" letter-spacing="-0.01px" transform="rotate(0 16 38)" oryx:fontSize="11" text-anchor="middle"><tspan dy="11" x="16" y="38">步骤</tspan></text>  </g></g><g class="children" style="overflow:hidden"/><g class="edge"/></g><g class="controls"><g class="dockers"/><g class="magnets" transform="translate(375.5, 141)"><g pointer-events="all" display="none" transform="translate(8, 8)"><circle cx="8" cy="8" r="4" stroke="none" fill="red" fill-opacity="0.3"/></g></g></g></g><g id="svg-sid-84182CBB-789C-4004-BEFA-044AED8040F1"><g class="stencils" transform="translate(527.5, 141)"><g class="me"><g pointer-events="fill" id="sid-3A8A199C-BC62-40C1-B6F4-4E4B6DF5E9E3" title="步骤">    <circle id="sid-3A8A199C-BC62-40C1-B6F4-4E4B6DF5E9E3bg_frame" cx="16" cy="16" r="16" stroke="none" fill="url(#sid-3A8A199C-BC62-40C1-B6F4-4E4B6DF5E9E3image2)" stroke-width="0"/><defs id="sid-3A8A199C-BC62-40C1-B6F4-4E4B6DF5E9E3_sid-3A8A199C-BC62-40C1-B6F4-4E4B6DF5E9E3_5"><pattern width="32" height="32" patternUnits="userSpaceOnUse" y="0" x="0" id="sid-3A8A199C-BC62-40C1-B6F4-4E4B6DF5E9E3image2"><image href="editor-app/images/status.png" height="32" width="32" y="0" x="0" id="sid-3A8A199C-BC62-40C1-B6F4-4E4B6DF5E9E3_sid-3A8A199C-BC62-40C1-B6F4-4E4B6DF5E9E3_6"/></pattern></defs>	<text font-size="11" id="sid-3A8A199C-BC62-40C1-B6F4-4E4B6DF5E9E3text_name" x="16" y="38" oryx:align="top center" stroke="#373e48" stroke-width="0pt" letter-spacing="-0.01px" transform="rotate(0 16 38)" oryx:fontSize="11" text-anchor="middle"><tspan dy="11" x="16" y="38">步骤</tspan></text>  </g></g><g class="children" style="overflow:hidden"/><g class="edge"/></g><g class="controls"><g class="dockers"/><g class="magnets" transform="translate(527.5, 141)"><g pointer-events="all" display="none" transform="translate(8, 8)"><circle cx="8" cy="8" r="4" stroke="none" fill="red" fill-opacity="0.3"/></g></g></g></g></g><g class="edge"><g id="svg-sid-BBA18A29-364E-4F77-9DDF-CCA4E95E4C98"><g class="stencils"><g class="me"><g pointer-events="painted"><path id="sid-36400D56-6FB4-4E9A-AE4E-9F104020C3B8_1" d="M255.9375 157L375.0625 157 " stroke="#b7b5b5" fill="none" stroke-width="1" stroke-linecap="round" stroke-linejoin="round" marker-start="url(#sid-36400D56-6FB4-4E9A-AE4E-9F104020C3B8start)" marker-end="url(#sid-36400D56-6FB4-4E9A-AE4E-9F104020C3B8end)"/></g><text id="sid-36400D56-6FB4-4E9A-AE4E-9F104020C3B8text_name" x="315" y="160" oryx:edgePosition="midbottom" stroke-width="0pt" letter-spacing="-0.01px" transform="rotate(0 315 160)" oryx:fontSize="12" text-anchor="middle"><tspan dy="0" x="315" y="160">操作</tspan></text></g><g class="children" style="overflow:hidden"/><g class="edge"/></g><g class="controls"><g class="dockers"/><g class="magnets"/></g></g><g id="svg-sid-4B76F1A5-3E3B-4227-9224-D60974EF429A"><g class="stencils"><g class="me"><g pointer-events="painted"><path id="sid-80D0AC30-D881-4741-9A23-A5A86F2202BA_1" d="M407.9375 157L527.0625 157 " stroke="#b7b5b5" fill="none" stroke-width="1" stroke-linecap="round" stroke-linejoin="round" marker-start="url(#sid-80D0AC30-D881-4741-9A23-A5A86F2202BAstart)" marker-end="url(#sid-80D0AC30-D881-4741-9A23-A5A86F2202BAend)"/></g><text id="sid-80D0AC30-D881-4741-9A23-A5A86F2202BAtext_name" x="467" y="160" oryx:edgePosition="midbottom" stroke-width="0pt" letter-spacing="-0.01px" transform="rotate(0 467 160)" oryx:fontSize="12" text-anchor="middle"><tspan dy="0" x="467" y="160">操作</tspan></text></g><g class="children" style="overflow:hidden"/><g class="edge"/></g><g class="controls"><g class="dockers"/><g class="magnets"/></g></g></g></g><g class="svgcontainer"><g display="none" transform="translate(523.5, 137)"><rect x="0" y="0" stroke-width="1" stroke="#777777" fill="none" stroke-dasharray="2,2" pointer-events="none" width="40" height="40"/></g><g display="none"><path stroke-width="1" stroke="silver" fill="none" stroke-dasharray="5,5" pointer-events="none"/></g><g display="none"><path stroke-width="1" stroke="silver" fill="none" stroke-dasharray="5,5" pointer-events="none"/></g><g/></g></g></svg>'), NULL, 'b8ab9427-627b-469f-bfd0-4b1buser0001', '2022-08-08', 'b8ab9427-627b-469f-bfd0-4b1buser0001', '2022-08-08', '4', '', NULL, NULL);
INSERT INTO wf_node(id, name, workflowId, type, property, linkedStatusId, workflowPageId, emailRole, notifyRole, isEmailFile, tranType, phaseRule, lagMode, autoToId, exeCls, entityOpRul, isSynEntity, canWrite, canUpdateFile, canUpdateRelate, rejectRole, remark, orderNum, isSystem, isValid, creatorId, createdTime, modifyId, modifyTime, canRollback)
VALUES ('E36C7B57-2219-44C5-8427-1A19641BD451', '开始', 'ACTfda54-e6c9-462d-85ad-12e33d11f9e7', 'start-state', NULL, NULL, NULL, NULL, NULL, NULL, NULL, NULL, NULL, NULL, NULL, NULL, NULL, NULL, 'N', 'N', NULL, NULL, 1, 'Y', 'Y', 'b8ab9427-627b-469f-bfd0-4b1buser0001', '2022-08-08', 'b8ab9427-627b-469f-bfd0-4b1buser0001', '2022-08-08', 'Y');
INSERT INTO wf_node(id, name, workflowId, type, property, linkedStatusId, workflowPageId, emailRole, notifyRole, isEmailFile, tranType, phaseRule, lagMode, autoToId, exeCls, entityOpRul, isSynEntity, canWrite, canUpdateFile, canUpdateRelate, rejectRole, remark, orderNum, isSystem, isValid, creatorId, createdTime, modifyId, modifyTime, canRollback)
VALUES ('E912BECA-100C-4E64-801F-E95CF2B94850', '步骤', 'ACTfda54-e6c9-462d-85ad-12e33d11f9e7', 'state', NULL, '9ada8fc8-014b-44d2-8553-7ada09eb48bd', NULL, '', '', NULL, NULL, NULL, NULL, NULL, NULL, NULL, NULL, NULL, 'N', 'N', '', NULL, 2, 'Y', 'Y', 'b8ab9427-627b-469f-bfd0-4b1buser0001', '2022-08-08', 'b8ab9427-627b-469f-bfd0-4b1buser0001', '2022-08-08', 'Y');
INSERT INTO wf_node(id, name, workflowId, type, property, linkedStatusId, workflowPageId, emailRole, notifyRole, isEmailFile, tranType, phaseRule, lagMode, autoToId, exeCls, entityOpRul, isSynEntity, canWrite, canUpdateFile, canUpdateRelate, rejectRole, remark, orderNum, isSystem, isValid, creatorId, createdTime, modifyId, modifyTime, canRollback)
VALUES ('84182CBB-789C-4004-BEFA-044AED8040F1', '步骤', 'ACTfda54-e6c9-462d-85ad-12e33d11f9e7', 'state', NULL, '876ec215-e49c-4faf-a39a-8c47f7dc0677', NULL, '', '', NULL, NULL, NULL, NULL, NULL, NULL, NULL, NULL, NULL, 'N', 'N', '', NULL, 3, 'Y', 'Y', 'b8ab9427-627b-469f-bfd0-4b1buser0001', '2022-08-08', 'b8ab9427-627b-469f-bfd0-4b1buser0001', '2022-08-08', 'Y');
INSERT INTO wf_transition(id, name, nodeId, toNodeId, workflowPageId, deriveWorkflowType, toDeriveNodeId, conditions, type, isOnlyOnce, isSaveNodeUser, SynCondition, exeCls, workflowId, deriveWorkflowId, isDelPageUser, hasSave, pageTo, isMulTask, functionRight, mapField, deriveMode, emailRemindAgain, remark, orderNum, isSystem, isValid, creatorId, createdTime, modifyId, modifyTime, isForking, isDefaultForking)
VALUES ('BBA18A29-364E-4F77-9DDF-CCA4E95E4C98', '操作', 'E36C7B57-2219-44C5-8427-1A19641BD451', 'E912BECA-100C-4E64-801F-E95CF2B94850', NULL, NULL, NULL, NULL, 'COMMON', 'N', 'N', '1', NULL, 'ACTfda54-e6c9-462d-85ad-12e33d11f9e7', NULL, NULL, 'N', '1', NULL, NULL, NULL, NULL, NULL, NULL, 0, 'Y', 'Y', 'b8ab9427-627b-469f-bfd0-4b1buser0001', '2022-08-08', 'b8ab9427-627b-469f-bfd0-4b1buser0001', '2022-08-08', 'N', 'N');
INSERT INTO wf_transition(id, name, nodeId, toNodeId, workflowPageId, deriveWorkflowType, toDeriveNodeId, conditions, type, isOnlyOnce, isSaveNodeUser, SynCondition, exeCls, workflowId, deriveWorkflowId, isDelPageUser, hasSave, pageTo, isMulTask, functionRight, mapField, deriveMode, emailRemindAgain, remark, orderNum, isSystem, isValid, creatorId, createdTime, modifyId, modifyTime, isForking, isDefaultForking)
VALUES ('4B76F1A5-3E3B-4227-9224-D60974EF429A', '操作', 'E912BECA-100C-4E64-801F-E95CF2B94850', '84182CBB-789C-4004-BEFA-044AED8040F1', NULL, NULL, NULL, NULL, 'COMMON', 'N', 'N', '1', NULL, 'ACTfda54-e6c9-462d-85ad-12e33d11f9e7', NULL, NULL, 'N', '1', NULL, NULL, NULL, NULL, NULL, NULL, 1, 'Y', 'Y', 'b8ab9427-627b-469f-bfd0-4b1buser0001', '2022-08-08', 'b8ab9427-627b-469f-bfd0-4b1buser0001', '2022-08-08', 'N', 'N');
INSERT INTO sys_status(id, objectType, Name, Remark, bgColor, fColor, isCalcLag, isEnd, isValid, orderNum, creatorId, createdTime, modifyId, modifyTime, workflowId)
VALUES ('9ada8fc8-014b-44d2-8553-7ada09eb48bd', 'EQU', '步骤', NULL, NULL, NULL, 'Y', 'N', 'Y', 1, 'b8ab9427-627b-469f-bfd0-4b1buser0001', '2022-08-08', 'b8ab9427-627b-469f-bfd0-4b1buser0001', '2022-08-08', 'ACTfda54-e6c9-462d-85ad-12e33d11f9e7');
INSERT INTO sys_status(id, objectType, Name, Remark, bgColor, fColor, isCalcLag, isEnd, isValid, orderNum, creatorId, createdTime, modifyId, modifyTime, workflowId)
VALUES ('876ec215-e49c-4faf-a39a-8c47f7dc0677', 'EQU', '步骤', NULL, NULL, NULL, 'Y', 'N', 'Y', 3, 'b8ab9427-627b-469f-bfd0-4b1buser0001', '2022-08-08', 'b8ab9427-627b-469f-bfd0-4b1buser0001', '2022-08-08', 'ACTfda54-e6c9-462d-85ad-12e33d11f9e7');

INSERT INTO wf_instance(id, name, objectType, remark, modelId, status, orderNum, isSystem, isValid, isDefault, graphView, tranExeCls, creatorId, createdTime, modifyId, modifyTime, step, title, deploymentId, tempStatus)
VALUES ('ACT4721f-aef7-4a0b-8d67-72d43abed08a', '设备维护管理模型_1.0', 'EQM', '', '2545', 'IN', 1, 'Y', 'Y', 'Y', CONVERT(varbinary(max), '<svg xmlns="http://www.w3.org/2000/svg" xmlns:oryx="http://oryx-editor.org" id="sid-FCCA9170-292B-4636-AB56-C035DD33FE23" width="469.5" height="244" xmlns:xlink="http://www.w3.org/1999/xlink" xmlns:svg="http://www.w3.org/2000/svg"><defs><marker id="sid-23A55355-2B5F-46D6-9AEB-D050BAFD23BEstart" refX="1" refY="5" markerUnits="userSpaceOnUse" markerWidth="17" markerHeight="11" orient="auto">	  		undefined			<path id="sid-23A55355-2B5F-46D6-9AEB-D050BAFD23BEdefault" d="M 5 0 L 11 10" fill="white" stroke="#b7b5b5" stroke-width="1" display="none"/>	  	</marker><marker id="sid-23A55355-2B5F-46D6-9AEB-D050BAFD23BEend" refX="9" refY="5" markerUnits="userSpaceOnUse" markerWidth="11" markerHeight="10" orient="auto">	  		<path id="sid-23A55355-2B5F-46D6-9AEB-D050BAFD23BEarrowhead" d="M 0 1 L 10 5 L 1 9z" fill="#cfcccc" stroke="#cfcccc" stroke-linejoin="round" stroke-width="1"/>	  	</marker></defs><svg id="underlay-container"/><g stroke="none" font-family="Verdana, sans-serif" font-size-adjust="none" font-style="normal" font-variant="normal" font-weight="normal" line-heigth="normal" font-size="12"><g class="stencils"><g class="me"/><g class="children"><g id="svg-sid-76CCAF3B-1C62-4E82-B60B-BB91CE2C2198"><g class="stencils" transform="translate(235.5, 162)"><g class="me"><g pointer-events="fill" id="sid-54CB4503-E0C1-41FF-8713-0AFAC43AAC0D" title="开始">    <circle id="sid-54CB4503-E0C1-41FF-8713-0AFAC43AAC0Dbg_frame" cx="16" cy="16" r="16" stroke="none" fill="url(#sid-54CB4503-E0C1-41FF-8713-0AFAC43AAC0Dimage1)" stroke-width="0"/><defs id="sid-54CB4503-E0C1-41FF-8713-0AFAC43AAC0D_sid-54CB4503-E0C1-41FF-8713-0AFAC43AAC0D_5"><pattern width="32" height="32" patternUnits="userSpaceOnUse" y="0" x="0" id="sid-54CB4503-E0C1-41FF-8713-0AFAC43AAC0Dimage1"><image href="editor-app/images/start.png" height="32" width="32" y="0" x="0" id="sid-54CB4503-E0C1-41FF-8713-0AFAC43AAC0D_sid-54CB4503-E0C1-41FF-8713-0AFAC43AAC0D_6"/></pattern></defs> 	<text font-size="11" id="sid-54CB4503-E0C1-41FF-8713-0AFAC43AAC0Dtext_name" x="16" y="38" oryx:align="top center" stroke="#373e48" stroke-width="0pt" letter-spacing="-0.01px" transform="rotate(0 16 38)" oryx:fontSize="11" text-anchor="middle"><tspan dy="11" x="16" y="38">开始</tspan></text>  </g></g><g class="children" style="overflow:hidden"/><g class="edge"/></g><g class="controls"><g class="dockers"/><g class="magnets" transform="translate(235.5, 162)"><g pointer-events="all" display="none" transform="translate(8, 8)"><circle cx="8" cy="8" r="4" stroke="none" fill="red" fill-opacity="0.3"/></g></g></g></g><g id="svg-sid-022983C2-9CED-4BF7-9BD6-4FF626D39C3F"><g class="stencils" transform="translate(387.5, 162)"><g class="me"><g pointer-events="fill" id="sid-9F1C408A-A138-4B81-BEE4-9EEFA3B8D7FC" title="步骤">    <circle id="sid-9F1C408A-A138-4B81-BEE4-9EEFA3B8D7FCbg_frame" cx="16" cy="16" r="16" stroke="none" fill="url(#sid-9F1C408A-A138-4B81-BEE4-9EEFA3B8D7FCimage2)" stroke-width="0"/><defs id="sid-9F1C408A-A138-4B81-BEE4-9EEFA3B8D7FC_sid-9F1C408A-A138-4B81-BEE4-9EEFA3B8D7FC_5"><pattern width="32" height="32" patternUnits="userSpaceOnUse" y="0" x="0" id="sid-9F1C408A-A138-4B81-BEE4-9EEFA3B8D7FCimage2"><image href="editor-app/images/status.png" height="32" width="32" y="0" x="0" id="sid-9F1C408A-A138-4B81-BEE4-9EEFA3B8D7FC_sid-9F1C408A-A138-4B81-BEE4-9EEFA3B8D7FC_6"/></pattern></defs>	<text font-size="11" id="sid-9F1C408A-A138-4B81-BEE4-9EEFA3B8D7FCtext_name" x="16" y="38" oryx:align="top center" stroke="#373e48" stroke-width="0pt" letter-spacing="-0.01px" transform="rotate(0 16 38)" oryx:fontSize="11" text-anchor="middle"><tspan dy="11" x="16" y="38">步骤</tspan></text>  </g></g><g class="children" style="overflow:hidden"/><g class="edge"/></g><g class="controls"><g class="dockers"/><g class="magnets" transform="translate(387.5, 162)"><g pointer-events="all" display="none" transform="translate(8, 8)"><circle cx="8" cy="8" r="4" stroke="none" fill="red" fill-opacity="0.3"/></g></g></g></g></g><g class="edge"><g id="svg-sid-F6B10B18-00E6-42DB-A1E1-8E0E0BE0B3AF"><g class="stencils"><g class="me"><g pointer-events="painted"><path id="sid-23A55355-2B5F-46D6-9AEB-D050BAFD23BE_1" d="M267.9375 178L387.0625 178 " stroke="#b7b5b5" fill="none" stroke-width="1" stroke-linecap="round" stroke-linejoin="round" marker-start="url(#sid-23A55355-2B5F-46D6-9AEB-D050BAFD23BEstart)" marker-end="url(#sid-23A55355-2B5F-46D6-9AEB-D050BAFD23BEend)"/></g><text id="sid-23A55355-2B5F-46D6-9AEB-D050BAFD23BEtext_name" x="327" y="181" oryx:edgePosition="midbottom" stroke-width="0pt" letter-spacing="-0.01px" transform="rotate(0 327 181)" oryx:fontSize="12" text-anchor="middle"><tspan dy="0" x="327" y="181">操作</tspan></text></g><g class="children" style="overflow:hidden"/><g class="edge"/></g><g class="controls"><g class="dockers"/><g class="magnets"/></g></g></g></g><g class="svgcontainer"><g display="none" transform="translate(383.5, 158)"><rect x="0" y="0" stroke-width="1" stroke="#777777" fill="none" stroke-dasharray="2,2" pointer-events="none" width="40" height="40"/></g><g display="none"><path stroke-width="1" stroke="silver" fill="none" stroke-dasharray="5,5" pointer-events="none"/></g><g display="none"><path stroke-width="1" stroke="silver" fill="none" stroke-dasharray="5,5" pointer-events="none"/></g><g/></g></g></svg>'), NULL, 'b8ab9427-627b-469f-bfd0-4b1buser0001', '2022-08-08', 'b8ab9427-627b-469f-bfd0-4b1buser0001', '2022-08-08', '4', '', NULL, NULL);
INSERT INTO wf_node(id, name, workflowId, type, property, linkedStatusId, workflowPageId, emailRole, notifyRole, isEmailFile, tranType, phaseRule, lagMode, autoToId, exeCls, entityOpRul, isSynEntity, canWrite, canUpdateFile, canUpdateRelate, rejectRole, remark, orderNum, isSystem, isValid, creatorId, createdTime, modifyId, modifyTime, canRollback)
VALUES ('76CCAF3B-1C62-4E82-B60B-BB91CE2C2198', '开始', 'ACT4721f-aef7-4a0b-8d67-72d43abed08a', 'start-state', NULL, NULL, NULL, NULL, NULL, NULL, NULL, NULL, NULL, NULL, NULL, NULL, NULL, NULL, 'N', 'N', NULL, NULL, 1, 'Y', 'Y', 'b8ab9427-627b-469f-bfd0-4b1buser0001', '2022-08-08', 'b8ab9427-627b-469f-bfd0-4b1buser0001', '2022-08-08', 'Y');
INSERT INTO wf_node(id, name, workflowId, type, property, linkedStatusId, workflowPageId, emailRole, notifyRole, isEmailFile, tranType, phaseRule, lagMode, autoToId, exeCls, entityOpRul, isSynEntity, canWrite, canUpdateFile, canUpdateRelate, rejectRole, remark, orderNum, isSystem, isValid, creatorId, createdTime, modifyId, modifyTime, canRollback)
VALUES ('022983C2-9CED-4BF7-9BD6-4FF626D39C3F', '步骤', 'ACT4721f-aef7-4a0b-8d67-72d43abed08a', 'state', NULL, '335077b3-0980-4b9c-b0da-62afefb84f29', NULL, '', '', NULL, NULL, NULL, NULL, NULL, NULL, NULL, NULL, NULL, 'N', 'N', '', NULL, 2, 'Y', 'Y', 'b8ab9427-627b-469f-bfd0-4b1buser0001', '2022-08-08', 'b8ab9427-627b-469f-bfd0-4b1buser0001', '2022-08-08', 'Y');
INSERT INTO wf_transition(id, name, nodeId, toNodeId, workflowPageId, deriveWorkflowType, toDeriveNodeId, conditions, type, isOnlyOnce, isSaveNodeUser, SynCondition, exeCls, workflowId, deriveWorkflowId, isDelPageUser, hasSave, pageTo, isMulTask, functionRight, mapField, deriveMode, emailRemindAgain, remark, orderNum, isSystem, isValid, creatorId, createdTime, modifyId, modifyTime, isForking, isDefaultForking)
VALUES ('F6B10B18-00E6-42DB-A1E1-8E0E0BE0B3AF', '操作', '76CCAF3B-1C62-4E82-B60B-BB91CE2C2198', '022983C2-9CED-4BF7-9BD6-4FF626D39C3F', NULL, NULL, NULL, NULL, 'COMMON', 'N', 'N', '1', NULL, 'ACT4721f-aef7-4a0b-8d67-72d43abed08a', NULL, NULL, 'N', '1', NULL, NULL, NULL, NULL, NULL, NULL, 0, 'Y', 'Y', 'b8ab9427-627b-469f-bfd0-4b1buser0001', '2022-08-08', 'b8ab9427-627b-469f-bfd0-4b1buser0001', '2022-08-08', 'N', 'N');
INSERT INTO sys_status(id, objectType, Name, Remark, bgColor, fColor, isCalcLag, isEnd, isValid, orderNum, creatorId, createdTime, modifyId, modifyTime, workflowId)
VALUES ('335077b3-0980-4b9c-b0da-62afefb84f29', 'EQM', '步骤', NULL, NULL, NULL, 'Y', 'N', 'Y', 1, 'b8ab9427-627b-469f-bfd0-4b1buser0001', '2022-08-08', 'b8ab9427-627b-469f-bfd0-4b1buser0001', '2022-08-08', 'ACT4721f-aef7-4a0b-8d67-72d43abed08a');

INSERT INTO wf_instance(id, name, objectType, remark, modelId, status, orderNum, isSystem, isValid, isDefault, graphView, tranExeCls, creatorId, createdTime, modifyId, modifyTime, step, title, deploymentId, tempStatus)
VALUES ('ACT7d0a2-3900-4d72-84c5-7fa4d1f3b32f', '合同审核管理模型_1.0', 'CRM', '', '2551', 'IN', 1, 'Y', 'Y', 'Y', CONVERT(varbinary(max), '<svg xmlns="http://www.w3.org/2000/svg" xmlns:oryx="http://oryx-editor.org" id="sid-75E59192-FF95-460E-9488-74B5B1235966" width="430.5" height="235" xmlns:xlink="http://www.w3.org/1999/xlink" xmlns:svg="http://www.w3.org/2000/svg"><defs><marker id="sid-382CF23F-3AF1-4940-90F7-7F73243B9353start" refX="1" refY="5" markerUnits="userSpaceOnUse" markerWidth="17" markerHeight="11" orient="auto">	  		undefined			<path id="sid-382CF23F-3AF1-4940-90F7-7F73243B9353default" d="M 5 0 L 11 10" fill="white" stroke="#b7b5b5" stroke-width="1" display="none"/>	  	</marker><marker id="sid-382CF23F-3AF1-4940-90F7-7F73243B9353end" refX="9" refY="5" markerUnits="userSpaceOnUse" markerWidth="11" markerHeight="10" orient="auto">	  		<path id="sid-382CF23F-3AF1-4940-90F7-7F73243B9353arrowhead" d="M 0 1 L 10 5 L 1 9z" fill="#cfcccc" stroke="#cfcccc" stroke-linejoin="round" stroke-width="1"/>	  	</marker></defs><svg id="underlay-container"/><g stroke="none" font-family="Verdana, sans-serif" font-size-adjust="none" font-style="normal" font-variant="normal" font-weight="normal" line-heigth="normal" font-size="12"><g class="stencils"><g class="me"/><g class="children"><g id="svg-sid-9012F9F6-B733-4A82-8033-7015125C50A9"><g class="stencils" transform="translate(196.5, 153)"><g class="me"><g pointer-events="fill" id="sid-5E5320EF-A9C7-4A15-B17E-1792E8B5D4DA" title="开始">    <circle id="sid-5E5320EF-A9C7-4A15-B17E-1792E8B5D4DAbg_frame" cx="16" cy="16" r="16" stroke="none" fill="url(#sid-5E5320EF-A9C7-4A15-B17E-1792E8B5D4DAimage1)" stroke-width="0"/><defs id="sid-5E5320EF-A9C7-4A15-B17E-1792E8B5D4DA_sid-5E5320EF-A9C7-4A15-B17E-1792E8B5D4DA_5"><pattern width="32" height="32" patternUnits="userSpaceOnUse" y="0" x="0" id="sid-5E5320EF-A9C7-4A15-B17E-1792E8B5D4DAimage1"><image href="editor-app/images/start.png" height="32" width="32" y="0" x="0" id="sid-5E5320EF-A9C7-4A15-B17E-1792E8B5D4DA_sid-5E5320EF-A9C7-4A15-B17E-1792E8B5D4DA_6"/></pattern></defs> 	<text font-size="11" id="sid-5E5320EF-A9C7-4A15-B17E-1792E8B5D4DAtext_name" x="16" y="38" oryx:align="top center" stroke="#373e48" stroke-width="0pt" letter-spacing="-0.01px" transform="rotate(0 16 38)" oryx:fontSize="11" text-anchor="middle"><tspan dy="11" x="16" y="38">开始</tspan></text>  </g></g><g class="children" style="overflow:hidden"/><g class="edge"/></g><g class="controls"><g class="dockers"/><g class="magnets" transform="translate(196.5, 153)"><g pointer-events="all" display="none" transform="translate(8, 8)"><circle cx="8" cy="8" r="4" stroke="none" fill="red" fill-opacity="0.3"/></g></g></g></g><g id="svg-sid-9E4FE4DF-0CA9-41B5-9525-F10AF8D1B9C1"><g class="stencils" transform="translate(348.5, 153)"><g class="me"><g pointer-events="fill" id="sid-17BE4FED-24C7-4A5C-B85E-5BFCFD4E08E5" title="步骤">    <circle id="sid-17BE4FED-24C7-4A5C-B85E-5BFCFD4E08E5bg_frame" cx="16" cy="16" r="16" stroke="none" fill="url(#sid-17BE4FED-24C7-4A5C-B85E-5BFCFD4E08E5image2)" stroke-width="0"/><defs id="sid-17BE4FED-24C7-4A5C-B85E-5BFCFD4E08E5_sid-17BE4FED-24C7-4A5C-B85E-5BFCFD4E08E5_5"><pattern width="32" height="32" patternUnits="userSpaceOnUse" y="0" x="0" id="sid-17BE4FED-24C7-4A5C-B85E-5BFCFD4E08E5image2"><image href="editor-app/images/status.png" height="32" width="32" y="0" x="0" id="sid-17BE4FED-24C7-4A5C-B85E-5BFCFD4E08E5_sid-17BE4FED-24C7-4A5C-B85E-5BFCFD4E08E5_6"/></pattern></defs>	<text font-size="11" id="sid-17BE4FED-24C7-4A5C-B85E-5BFCFD4E08E5text_name" x="16" y="38" oryx:align="top center" stroke="#373e48" stroke-width="0pt" letter-spacing="-0.01px" transform="rotate(0 16 38)" oryx:fontSize="11" text-anchor="middle"><tspan dy="11" x="16" y="38">步骤</tspan></text>  </g></g><g class="children" style="overflow:hidden"/><g class="edge"/></g><g class="controls"><g class="dockers"/><g class="magnets" transform="translate(348.5, 153)"><g pointer-events="all" display="none" transform="translate(8, 8)"><circle cx="8" cy="8" r="4" stroke="none" fill="red" fill-opacity="0.3"/></g></g></g></g></g><g class="edge"><g id="svg-sid-4C83B294-5EA9-4ACC-9D11-1AE79E0D6D11"><g class="stencils"><g class="me"><g pointer-events="painted"><path id="sid-382CF23F-3AF1-4940-90F7-7F73243B9353_1" d="M228.9375 169L348.0625 169 " stroke="#b7b5b5" fill="none" stroke-width="1" stroke-linecap="round" stroke-linejoin="round" marker-start="url(#sid-382CF23F-3AF1-4940-90F7-7F73243B9353start)" marker-end="url(#sid-382CF23F-3AF1-4940-90F7-7F73243B9353end)"/></g><text id="sid-382CF23F-3AF1-4940-90F7-7F73243B9353text_name" x="288" y="172" oryx:edgePosition="midbottom" stroke-width="0pt" letter-spacing="-0.01px" transform="rotate(0 288 172)" oryx:fontSize="12" text-anchor="middle"><tspan dy="0" x="288" y="172">操作</tspan></text></g><g class="children" style="overflow:hidden"/><g class="edge"/></g><g class="controls"><g class="dockers"/><g class="magnets"/></g></g></g></g><g class="svgcontainer"><g display="none" transform="translate(344.5, 149)"><rect x="0" y="0" stroke-width="1" stroke="#777777" fill="none" stroke-dasharray="2,2" pointer-events="none" width="40" height="40"/></g><g display="none"><path stroke-width="1" stroke="silver" fill="none" stroke-dasharray="5,5" pointer-events="none"/></g><g display="none"><path stroke-width="1" stroke="silver" fill="none" stroke-dasharray="5,5" pointer-events="none"/></g><g/></g></g></svg>'), NULL, 'b8ab9427-627b-469f-bfd0-4b1buser0001', '2022-08-08', 'b8ab9427-627b-469f-bfd0-4b1buser0001', '2022-08-08', '4', '', NULL, NULL);
INSERT INTO wf_node(id, name, workflowId, type, property, linkedStatusId, workflowPageId, emailRole, notifyRole, isEmailFile, tranType, phaseRule, lagMode, autoToId, exeCls, entityOpRul, isSynEntity, canWrite, canUpdateFile, canUpdateRelate, rejectRole, remark, orderNum, isSystem, isValid, creatorId, createdTime, modifyId, modifyTime, canRollback)
VALUES ('9012F9F6-B733-4A82-8033-7015125C50A9', '开始', 'ACT7d0a2-3900-4d72-84c5-7fa4d1f3b32f', 'start-state', NULL, NULL, NULL, NULL, NULL, NULL, NULL, NULL, NULL, NULL, NULL, NULL, NULL, NULL, 'N', 'N', NULL, NULL, 1, 'Y', 'Y', 'b8ab9427-627b-469f-bfd0-4b1buser0001', '2022-08-08', 'b8ab9427-627b-469f-bfd0-4b1buser0001', '2022-08-08', 'Y');
INSERT INTO wf_node(id, name, workflowId, type, property, linkedStatusId, workflowPageId, emailRole, notifyRole, isEmailFile, tranType, phaseRule, lagMode, autoToId, exeCls, entityOpRul, isSynEntity, canWrite, canUpdateFile, canUpdateRelate, rejectRole, remark, orderNum, isSystem, isValid, creatorId, createdTime, modifyId, modifyTime, canRollback)
VALUES ('9E4FE4DF-0CA9-41B5-9525-F10AF8D1B9C1', '步骤', 'ACT7d0a2-3900-4d72-84c5-7fa4d1f3b32f', 'state', NULL, 'd8d89083-0a58-42bd-86a4-c8c025abde9a', NULL, '', '', NULL, NULL, NULL, NULL, NULL, NULL, NULL, NULL, NULL, 'N', 'N', '', NULL, 2, 'Y', 'Y', 'b8ab9427-627b-469f-bfd0-4b1buser0001', '2022-08-08', 'b8ab9427-627b-469f-bfd0-4b1buser0001', '2022-08-08', 'Y');
INSERT INTO wf_transition(id, name, nodeId, toNodeId, workflowPageId, deriveWorkflowType, toDeriveNodeId, conditions, type, isOnlyOnce, isSaveNodeUser, SynCondition, exeCls, workflowId, deriveWorkflowId, isDelPageUser, hasSave, pageTo, isMulTask, functionRight, mapField, deriveMode, emailRemindAgain, remark, orderNum, isSystem, isValid, creatorId, createdTime, modifyId, modifyTime, isForking, isDefaultForking)
VALUES ('4C83B294-5EA9-4ACC-9D11-1AE79E0D6D11', '操作', '9012F9F6-B733-4A82-8033-7015125C50A9', '9E4FE4DF-0CA9-41B5-9525-F10AF8D1B9C1', NULL, NULL, NULL, NULL, 'COMMON', 'N', 'N', '1', NULL, 'ACT7d0a2-3900-4d72-84c5-7fa4d1f3b32f', NULL, NULL, 'N', '1', NULL, NULL, NULL, NULL, NULL, NULL, 0, 'Y', 'Y', 'b8ab9427-627b-469f-bfd0-4b1buser0001', '2022-08-08', 'b8ab9427-627b-469f-bfd0-4b1buser0001', '2022-08-08', 'N', 'N');
INSERT INTO sys_status(id, objectType, Name, Remark, bgColor, fColor, isCalcLag, isEnd, isValid, orderNum, creatorId, createdTime, modifyId, modifyTime, workflowId)
VALUES ('d8d89083-0a58-42bd-86a4-c8c025abde9a', 'CRM', '步骤', NULL, NULL, NULL, 'Y', 'N', 'Y', 1, 'b8ab9427-627b-469f-bfd0-4b1buser0001', '2022-08-08', 'b8ab9427-627b-469f-bfd0-4b1buser0001', '2022-08-08', 'ACT7d0a2-3900-4d72-84c5-7fa4d1f3b32f');

INSERT INTO wf_instance(id, name, objectType, remark, modelId, status, orderNum, isSystem, isValid, isDefault, graphView, tranExeCls, creatorId, createdTime, modifyId, modifyTime, step, title, deploymentId, tempStatus)
VALUES ('ACTa5811-2e9d-42bf-bb37-aa00bb40ac90', '预算管理模型_1.0', 'BUD', '', '2557', 'IN', 1, 'Y', 'Y', 'Y', CONVERT(varbinary(max), '<svg xmlns="http://www.w3.org/2000/svg" xmlns:oryx="http://oryx-editor.org" id="sid-FF835F83-370D-4AE9-A0B7-B63272003FF0" width="550.5" height="241" xmlns:xlink="http://www.w3.org/1999/xlink" xmlns:svg="http://www.w3.org/2000/svg"><defs><marker id="sid-1CDCE251-62FC-4A34-8002-A1B9DD9CA50Bstart" refX="1" refY="5" markerUnits="userSpaceOnUse" markerWidth="17" markerHeight="11" orient="auto">	  		undefined			<path id="sid-1CDCE251-62FC-4A34-8002-A1B9DD9CA50Bdefault" d="M 5 0 L 11 10" fill="white" stroke="#b7b5b5" stroke-width="1" display="none"/>	  	</marker><marker id="sid-1CDCE251-62FC-4A34-8002-A1B9DD9CA50Bend" refX="9" refY="5" markerUnits="userSpaceOnUse" markerWidth="11" markerHeight="10" orient="auto">	  		<path id="sid-1CDCE251-62FC-4A34-8002-A1B9DD9CA50Barrowhead" d="M 0 1 L 10 5 L 1 9z" fill="#cfcccc" stroke="#cfcccc" stroke-linejoin="round" stroke-width="1"/>	  	</marker></defs><svg id="underlay-container"/><g stroke="none" font-family="Verdana, sans-serif" font-size-adjust="none" font-style="normal" font-variant="normal" font-weight="normal" line-heigth="normal" font-size="12"><g class="stencils"><g class="me"/><g class="children"><g id="svg-sid-F8031860-1FCB-4BDB-9D69-2148BA28B816"><g class="stencils" transform="translate(316.5, 159)"><g class="me"><g pointer-events="fill" id="sid-4BF96B8B-6257-4774-BBD4-AD41DED745AE" title="开始">    <circle id="sid-4BF96B8B-6257-4774-BBD4-AD41DED745AEbg_frame" cx="16" cy="16" r="16" stroke="none" fill="url(#sid-4BF96B8B-6257-4774-BBD4-AD41DED745AEimage1)" stroke-width="0"/><defs id="sid-4BF96B8B-6257-4774-BBD4-AD41DED745AE_sid-4BF96B8B-6257-4774-BBD4-AD41DED745AE_5"><pattern width="32" height="32" patternUnits="userSpaceOnUse" y="0" x="0" id="sid-4BF96B8B-6257-4774-BBD4-AD41DED745AEimage1"><image href="editor-app/images/start.png" height="32" width="32" y="0" x="0" id="sid-4BF96B8B-6257-4774-BBD4-AD41DED745AE_sid-4BF96B8B-6257-4774-BBD4-AD41DED745AE_6"/></pattern></defs> 	<text font-size="11" id="sid-4BF96B8B-6257-4774-BBD4-AD41DED745AEtext_name" x="16" y="38" oryx:align="top center" stroke="#373e48" stroke-width="0pt" letter-spacing="-0.01px" transform="rotate(0 16 38)" oryx:fontSize="11" text-anchor="middle"><tspan dy="11" x="16" y="38">开始</tspan></text>  </g></g><g class="children" style="overflow:hidden"/><g class="edge"/></g><g class="controls"><g class="dockers"/><g class="magnets" transform="translate(316.5, 159)"><g pointer-events="all" display="none" transform="translate(8, 8)"><circle cx="8" cy="8" r="4" stroke="none" fill="red" fill-opacity="0.3"/></g></g></g></g><g id="svg-sid-DBC0900D-6AA3-43D7-BC68-0571EBCC9401"><g class="stencils" transform="translate(468.5, 159)"><g class="me"><g pointer-events="fill" id="sid-03491965-E276-4380-81CF-A56B7A5F26F0" title="步骤">    <circle id="sid-03491965-E276-4380-81CF-A56B7A5F26F0bg_frame" cx="16" cy="16" r="16" stroke="none" fill="url(#sid-03491965-E276-4380-81CF-A56B7A5F26F0image2)" stroke-width="0"/><defs id="sid-03491965-E276-4380-81CF-A56B7A5F26F0_sid-03491965-E276-4380-81CF-A56B7A5F26F0_5"><pattern width="32" height="32" patternUnits="userSpaceOnUse" y="0" x="0" id="sid-03491965-E276-4380-81CF-A56B7A5F26F0image2"><image href="editor-app/images/status.png" height="32" width="32" y="0" x="0" id="sid-03491965-E276-4380-81CF-A56B7A5F26F0_sid-03491965-E276-4380-81CF-A56B7A5F26F0_6"/></pattern></defs>	<text font-size="11" id="sid-03491965-E276-4380-81CF-A56B7A5F26F0text_name" x="16" y="38" oryx:align="top center" stroke="#373e48" stroke-width="0pt" letter-spacing="-0.01px" transform="rotate(0 16 38)" oryx:fontSize="11" text-anchor="middle"><tspan dy="11" x="16" y="38">步骤</tspan></text>  </g></g><g class="children" style="overflow:hidden"/><g class="edge"/></g><g class="controls"><g class="dockers"/><g class="magnets" transform="translate(468.5, 159)"><g pointer-events="all" display="none" transform="translate(8, 8)"><circle cx="8" cy="8" r="4" stroke="none" fill="red" fill-opacity="0.3"/></g></g></g></g></g><g class="edge"><g id="svg-sid-A4DC2BA1-C5FD-4E09-91ED-60F8BAA106D2"><g class="stencils"><g class="me"><g pointer-events="painted"><path id="sid-1CDCE251-62FC-4A34-8002-A1B9DD9CA50B_1" d="M348.9375 175L468.0625 175 " stroke="#b7b5b5" fill="none" stroke-width="1" stroke-linecap="round" stroke-linejoin="round" marker-start="url(#sid-1CDCE251-62FC-4A34-8002-A1B9DD9CA50Bstart)" marker-end="url(#sid-1CDCE251-62FC-4A34-8002-A1B9DD9CA50Bend)"/></g><text id="sid-1CDCE251-62FC-4A34-8002-A1B9DD9CA50Btext_name" x="408" y="178" oryx:edgePosition="midbottom" stroke-width="0pt" letter-spacing="-0.01px" transform="rotate(0 408 178)" oryx:fontSize="12" text-anchor="middle"><tspan dy="0" x="408" y="178">操作</tspan></text></g><g class="children" style="overflow:hidden"/><g class="edge"/></g><g class="controls"><g class="dockers"/><g class="magnets"/></g></g></g></g><g class="svgcontainer"><g display="none" transform="translate(464.5, 155)"><rect x="0" y="0" stroke-width="1" stroke="#777777" fill="none" stroke-dasharray="2,2" pointer-events="none" width="40" height="40"/></g><g display="none"><path stroke-width="1" stroke="silver" fill="none" stroke-dasharray="5,5" pointer-events="none"/></g><g display="none"><path stroke-width="1" stroke="silver" fill="none" stroke-dasharray="5,5" pointer-events="none"/></g><g/></g></g></svg>'), NULL, 'b8ab9427-627b-469f-bfd0-4b1buser0001', '2022-08-08', 'b8ab9427-627b-469f-bfd0-4b1buser0001', '2022-08-08', '4', '', NULL, NULL);
INSERT INTO wf_node(id, name, workflowId, type, property, linkedStatusId, workflowPageId, emailRole, notifyRole, isEmailFile, tranType, phaseRule, lagMode, autoToId, exeCls, entityOpRul, isSynEntity, canWrite, canUpdateFile, canUpdateRelate, rejectRole, remark, orderNum, isSystem, isValid, creatorId, createdTime, modifyId, modifyTime, canRollback)
VALUES ('F8031860-1FCB-4BDB-9D69-2148BA28B816', '开始', 'ACTa5811-2e9d-42bf-bb37-aa00bb40ac90', 'start-state', NULL, NULL, NULL, NULL, NULL, NULL, NULL, NULL, NULL, NULL, NULL, NULL, NULL, NULL, 'N', 'N', NULL, NULL, 1, 'Y', 'Y', 'b8ab9427-627b-469f-bfd0-4b1buser0001', '2022-08-08', 'b8ab9427-627b-469f-bfd0-4b1buser0001', '2022-08-08', 'Y');
INSERT INTO wf_node(id, name, workflowId, type, property, linkedStatusId, workflowPageId, emailRole, notifyRole, isEmailFile, tranType, phaseRule, lagMode, autoToId, exeCls, entityOpRul, isSynEntity, canWrite, canUpdateFile, canUpdateRelate, rejectRole, remark, orderNum, isSystem, isValid, creatorId, createdTime, modifyId, modifyTime, canRollback)
VALUES ('DBC0900D-6AA3-43D7-BC68-0571EBCC9401', '步骤', 'ACTa5811-2e9d-42bf-bb37-aa00bb40ac90', 'state', NULL, '24e99a3b-de9c-4323-a092-c7d96c0ff7e2', NULL, '', '', NULL, NULL, NULL, NULL, NULL, NULL, NULL, NULL, NULL, 'N', 'N', '', NULL, 2, 'Y', 'Y', 'b8ab9427-627b-469f-bfd0-4b1buser0001', '2022-08-08', 'b8ab9427-627b-469f-bfd0-4b1buser0001', '2022-08-08', 'Y');
INSERT INTO wf_transition(id, name, nodeId, toNodeId, workflowPageId, deriveWorkflowType, toDeriveNodeId, conditions, type, isOnlyOnce, isSaveNodeUser, SynCondition, exeCls, workflowId, deriveWorkflowId, isDelPageUser, hasSave, pageTo, isMulTask, functionRight, mapField, deriveMode, emailRemindAgain, remark, orderNum, isSystem, isValid, creatorId, createdTime, modifyId, modifyTime, isForking, isDefaultForking)
VALUES ('A4DC2BA1-C5FD-4E09-91ED-60F8BAA106D2', '操作', 'F8031860-1FCB-4BDB-9D69-2148BA28B816', 'DBC0900D-6AA3-43D7-BC68-0571EBCC9401', NULL, NULL, NULL, NULL, 'COMMON', 'N', 'N', '1', NULL, 'ACTa5811-2e9d-42bf-bb37-aa00bb40ac90', NULL, NULL, 'N', '1', NULL, NULL, NULL, NULL, NULL, NULL, 0, 'Y', 'Y', 'b8ab9427-627b-469f-bfd0-4b1buser0001', '2022-08-08', 'b8ab9427-627b-469f-bfd0-4b1buser0001', '2022-08-08', 'N', 'N');
INSERT INTO sys_status(id, objectType, Name, Remark, bgColor, fColor, isCalcLag, isEnd, isValid, orderNum, creatorId, createdTime, modifyId, modifyTime, workflowId)
VALUES ('24e99a3b-de9c-4323-a092-c7d96c0ff7e2', 'BUD', '步骤', NULL, NULL, NULL, 'Y', 'N', 'Y', 1, 'b8ab9427-627b-469f-bfd0-4b1buser0001', '2022-08-08', 'b8ab9427-627b-469f-bfd0-4b1buser0001', '2022-08-08', 'ACTa5811-2e9d-42bf-bb37-aa00bb40ac90');

INSERT INTO wf_instance(id, name, objectType, remark, modelId, status, orderNum, isSystem, isValid, isDefault, graphView, tranExeCls, creatorId, createdTime, modifyId, modifyTime, step, title, deploymentId, tempStatus)
VALUES ('ACTf7c13-19d5-4a61-81f5-21b5a0d8bf00', '收入管理模型_1.0', 'REV', '', '2563', 'IN', 1, 'Y', 'Y', 'Y', CONVERT(varbinary(max), '<svg xmlns="http://www.w3.org/2000/svg" xmlns:oryx="http://oryx-editor.org" id="sid-EFB71B75-8028-481A-A112-FE846990BBCF" width="508.5" height="231" xmlns:xlink="http://www.w3.org/1999/xlink" xmlns:svg="http://www.w3.org/2000/svg"><defs><marker id="sid-089A5041-F89C-43A0-A280-B22A449916C2start" refX="1" refY="5" markerUnits="userSpaceOnUse" markerWidth="17" markerHeight="11" orient="auto">	  		undefined			<path id="sid-089A5041-F89C-43A0-A280-B22A449916C2default" d="M 5 0 L 11 10" fill="white" stroke="#b7b5b5" stroke-width="1" display="none"/>	  	</marker><marker id="sid-089A5041-F89C-43A0-A280-B22A449916C2end" refX="9" refY="5" markerUnits="userSpaceOnUse" markerWidth="11" markerHeight="10" orient="auto">	  		<path id="sid-089A5041-F89C-43A0-A280-B22A449916C2arrowhead" d="M 0 1 L 10 5 L 1 9z" fill="#cfcccc" stroke="#cfcccc" stroke-linejoin="round" stroke-width="1"/>	  	</marker></defs><svg id="underlay-container"/><g stroke="none" font-family="Verdana, sans-serif" font-size-adjust="none" font-style="normal" font-variant="normal" font-weight="normal" line-heigth="normal" font-size="12"><g class="stencils"><g class="me"/><g class="children"><g id="svg-sid-C4E4C6E1-FE3B-41F5-B715-181D314ADF59"><g class="stencils" transform="translate(274.5, 149)"><g class="me"><g pointer-events="fill" id="sid-DBBD6CE0-3022-4353-9132-25F4A9DAF26A" title="开始">    <circle id="sid-DBBD6CE0-3022-4353-9132-25F4A9DAF26Abg_frame" cx="16" cy="16" r="16" stroke="none" fill="url(#sid-DBBD6CE0-3022-4353-9132-25F4A9DAF26Aimage1)" stroke-width="0"/><defs id="sid-DBBD6CE0-3022-4353-9132-25F4A9DAF26A_sid-DBBD6CE0-3022-4353-9132-25F4A9DAF26A_5"><pattern width="32" height="32" patternUnits="userSpaceOnUse" y="0" x="0" id="sid-DBBD6CE0-3022-4353-9132-25F4A9DAF26Aimage1"><image href="editor-app/images/start.png" height="32" width="32" y="0" x="0" id="sid-DBBD6CE0-3022-4353-9132-25F4A9DAF26A_sid-DBBD6CE0-3022-4353-9132-25F4A9DAF26A_6"/></pattern></defs> 	<text font-size="11" id="sid-DBBD6CE0-3022-4353-9132-25F4A9DAF26Atext_name" x="16" y="38" oryx:align="top center" stroke="#373e48" stroke-width="0pt" letter-spacing="-0.01px" transform="rotate(0 16 38)" oryx:fontSize="11" text-anchor="middle"><tspan dy="11" x="16" y="38">开始</tspan></text>  </g></g><g class="children" style="overflow:hidden"/><g class="edge"/></g><g class="controls"><g class="dockers"/><g class="magnets" transform="translate(274.5, 149)"><g pointer-events="all" display="none" transform="translate(8, 8)"><circle cx="8" cy="8" r="4" stroke="none" fill="red" fill-opacity="0.3"/></g></g></g></g><g id="svg-sid-9CD528C8-AE4D-4B8F-806F-304ADAEE7F10"><g class="stencils" transform="translate(426.5, 149)"><g class="me"><g pointer-events="fill" id="sid-7F443AEC-A9ED-417A-BCAB-CD0234103BBA" title="步骤">    <circle id="sid-7F443AEC-A9ED-417A-BCAB-CD0234103BBAbg_frame" cx="16" cy="16" r="16" stroke="none" fill="url(#sid-7F443AEC-A9ED-417A-BCAB-CD0234103BBAimage2)" stroke-width="0"/><defs id="sid-7F443AEC-A9ED-417A-BCAB-CD0234103BBA_sid-7F443AEC-A9ED-417A-BCAB-CD0234103BBA_5"><pattern width="32" height="32" patternUnits="userSpaceOnUse" y="0" x="0" id="sid-7F443AEC-A9ED-417A-BCAB-CD0234103BBAimage2"><image href="editor-app/images/status.png" height="32" width="32" y="0" x="0" id="sid-7F443AEC-A9ED-417A-BCAB-CD0234103BBA_sid-7F443AEC-A9ED-417A-BCAB-CD0234103BBA_6"/></pattern></defs>	<text font-size="11" id="sid-7F443AEC-A9ED-417A-BCAB-CD0234103BBAtext_name" x="16" y="38" oryx:align="top center" stroke="#373e48" stroke-width="0pt" letter-spacing="-0.01px" transform="rotate(0 16 38)" oryx:fontSize="11" text-anchor="middle"><tspan dy="11" x="16" y="38">步骤</tspan></text>  </g></g><g class="children" style="overflow:hidden"/><g class="edge"/></g><g class="controls"><g class="dockers"/><g class="magnets" transform="translate(426.5, 149)"><g pointer-events="all" display="none" transform="translate(8, 8)"><circle cx="8" cy="8" r="4" stroke="none" fill="red" fill-opacity="0.3"/></g></g></g></g></g><g class="edge"><g id="svg-sid-77AB0DE3-81C6-4C3D-8FE1-FC44BCFADF8F"><g class="stencils"><g class="me"><g pointer-events="painted"><path id="sid-089A5041-F89C-43A0-A280-B22A449916C2_1" d="M306.9375 165L426.0625 165 " stroke="#b7b5b5" fill="none" stroke-width="1" stroke-linecap="round" stroke-linejoin="round" marker-start="url(#sid-089A5041-F89C-43A0-A280-B22A449916C2start)" marker-end="url(#sid-089A5041-F89C-43A0-A280-B22A449916C2end)"/></g><text id="sid-089A5041-F89C-43A0-A280-B22A449916C2text_name" x="366" y="168" oryx:edgePosition="midbottom" stroke-width="0pt" letter-spacing="-0.01px" transform="rotate(0 366 168)" oryx:fontSize="12" text-anchor="middle"><tspan dy="0" x="366" y="168">操作</tspan></text></g><g class="children" style="overflow:hidden"/><g class="edge"/></g><g class="controls"><g class="dockers"/><g class="magnets"/></g></g></g></g><g class="svgcontainer"><g display="none" transform="translate(422.5, 145)"><rect x="0" y="0" stroke-width="1" stroke="#777777" fill="none" stroke-dasharray="2,2" pointer-events="none" width="40" height="40"/></g><g display="none"><path stroke-width="1" stroke="silver" fill="none" stroke-dasharray="5,5" pointer-events="none"/></g><g display="none"><path stroke-width="1" stroke="silver" fill="none" stroke-dasharray="5,5" pointer-events="none"/></g><g/></g></g></svg>'), NULL, 'b8ab9427-627b-469f-bfd0-4b1buser0001', '2022-08-08', 'b8ab9427-627b-469f-bfd0-4b1buser0001', '2022-08-08', '4', '', NULL, NULL);
INSERT INTO wf_node(id, name, workflowId, type, property, linkedStatusId, workflowPageId, emailRole, notifyRole, isEmailFile, tranType, phaseRule, lagMode, autoToId, exeCls, entityOpRul, isSynEntity, canWrite, canUpdateFile, canUpdateRelate, rejectRole, remark, orderNum, isSystem, isValid, creatorId, createdTime, modifyId, modifyTime, canRollback)
VALUES ('C4E4C6E1-FE3B-41F5-B715-181D314ADF59', '开始', 'ACTf7c13-19d5-4a61-81f5-21b5a0d8bf00', 'start-state', NULL, NULL, NULL, NULL, NULL, NULL, NULL, NULL, NULL, NULL, NULL, NULL, NULL, NULL, 'N', 'N', NULL, NULL, 1, 'Y', 'Y', 'b8ab9427-627b-469f-bfd0-4b1buser0001', '2022-08-08', 'b8ab9427-627b-469f-bfd0-4b1buser0001', '2022-08-08', 'Y');
INSERT INTO wf_node(id, name, workflowId, type, property, linkedStatusId, workflowPageId, emailRole, notifyRole, isEmailFile, tranType, phaseRule, lagMode, autoToId, exeCls, entityOpRul, isSynEntity, canWrite, canUpdateFile, canUpdateRelate, rejectRole, remark, orderNum, isSystem, isValid, creatorId, createdTime, modifyId, modifyTime, canRollback)
VALUES ('9CD528C8-AE4D-4B8F-806F-304ADAEE7F10', '步骤', 'ACTf7c13-19d5-4a61-81f5-21b5a0d8bf00', 'state', NULL, 'bbf86bc3-7ef7-4915-94de-379cb5b7b6ce', NULL, '', '', NULL, NULL, NULL, NULL, NULL, NULL, NULL, NULL, NULL, 'N', 'N', '', NULL, 2, 'Y', 'Y', 'b8ab9427-627b-469f-bfd0-4b1buser0001', '2022-08-08', 'b8ab9427-627b-469f-bfd0-4b1buser0001', '2022-08-08', 'Y');
INSERT INTO wf_transition(id, name, nodeId, toNodeId, workflowPageId, deriveWorkflowType, toDeriveNodeId, conditions, type, isOnlyOnce, isSaveNodeUser, SynCondition, exeCls, workflowId, deriveWorkflowId, isDelPageUser, hasSave, pageTo, isMulTask, functionRight, mapField, deriveMode, emailRemindAgain, remark, orderNum, isSystem, isValid, creatorId, createdTime, modifyId, modifyTime, isForking, isDefaultForking)
VALUES ('77AB0DE3-81C6-4C3D-8FE1-FC44BCFADF8F', '操作', 'C4E4C6E1-FE3B-41F5-B715-181D314ADF59', '9CD528C8-AE4D-4B8F-806F-304ADAEE7F10', NULL, NULL, NULL, NULL, 'COMMON', 'N', 'N', '1', NULL, 'ACTf7c13-19d5-4a61-81f5-21b5a0d8bf00', NULL, NULL, 'N', '1', NULL, NULL, NULL, NULL, NULL, NULL, 0, 'Y', 'Y', 'b8ab9427-627b-469f-bfd0-4b1buser0001', '2022-08-08', 'b8ab9427-627b-469f-bfd0-4b1buser0001', '2022-08-08', 'N', 'N');
INSERT INTO sys_status(id, objectType, Name, Remark, bgColor, fColor, isCalcLag, isEnd, isValid, orderNum, creatorId, createdTime, modifyId, modifyTime, workflowId)
VALUES ('bbf86bc3-7ef7-4915-94de-379cb5b7b6ce', 'REV', '步骤', NULL, NULL, NULL, 'Y', 'N', 'Y', 1, 'b8ab9427-627b-469f-bfd0-4b1buser0001', '2022-08-08', 'b8ab9427-627b-469f-bfd0-4b1buser0001', '2022-08-08', 'ACTf7c13-19d5-4a61-81f5-21b5a0d8bf00');

INSERT INTO wf_instance(id, name, objectType, remark, modelId, status, orderNum, isSystem, isValid, isDefault, graphView, tranExeCls, creatorId, createdTime, modifyId, modifyTime, step, title, deploymentId, tempStatus)
VALUES ('ACT2e4d8-e140-46da-8751-5d7fa292def6', '绩效管理模型_1.0', 'PBC', '', '2575', 'IN', 1, 'Y', 'Y', 'Y', CONVERT(varbinary(max), '<svg xmlns="http://www.w3.org/2000/svg" xmlns:oryx="http://oryx-editor.org" id="sid-C0440B93-7099-4442-93BE-01A2179A87E5" width="608.5" height="212" xmlns:xlink="http://www.w3.org/1999/xlink" xmlns:svg="http://www.w3.org/2000/svg"><defs><marker id="sid-1B07E634-0EA9-4132-8609-93CB43E3D45Dstart" refX="1" refY="5" markerUnits="userSpaceOnUse" markerWidth="17" markerHeight="11" orient="auto">	  		undefined			<path id="sid-1B07E634-0EA9-4132-8609-93CB43E3D45Ddefault" d="M 5 0 L 11 10" fill="white" stroke="#b7b5b5" stroke-width="1" display="none"/>	  	</marker><marker id="sid-1B07E634-0EA9-4132-8609-93CB43E3D45Dend" refX="9" refY="5" markerUnits="userSpaceOnUse" markerWidth="11" markerHeight="10" orient="auto">	  		<path id="sid-1B07E634-0EA9-4132-8609-93CB43E3D45Darrowhead" d="M 0 1 L 10 5 L 1 9z" fill="#cfcccc" stroke="#cfcccc" stroke-linejoin="round" stroke-width="1"/>	  	</marker><marker id="sid-E327CD3D-5A39-4B58-9F10-686F927BE5A6start" refX="1" refY="5" markerUnits="userSpaceOnUse" markerWidth="17" markerHeight="11" orient="auto">	  		undefined			<path id="sid-E327CD3D-5A39-4B58-9F10-686F927BE5A6default" d="M 5 0 L 11 10" fill="white" stroke="#b7b5b5" stroke-width="1" display="none"/>	  	</marker><marker id="sid-E327CD3D-5A39-4B58-9F10-686F927BE5A6end" refX="9" refY="5" markerUnits="userSpaceOnUse" markerWidth="11" markerHeight="10" orient="auto">	  		<path id="sid-E327CD3D-5A39-4B58-9F10-686F927BE5A6arrowhead" d="M 0 1 L 10 5 L 1 9z" fill="#cfcccc" stroke="#cfcccc" stroke-linejoin="round" stroke-width="1"/>	  	</marker></defs><svg id="underlay-container"/><g stroke="none" font-family="Verdana, sans-serif" font-size-adjust="none" font-style="normal" font-variant="normal" font-weight="normal" line-heigth="normal" font-size="12"><g class="stencils"><g class="me"/><g class="children"><g id="svg-sid-C7E0164D-A834-446B-A46A-ECF3ECB45F8E"><g class="stencils" transform="translate(222.5, 130)"><g class="me"><g pointer-events="fill" id="sid-AFF0CB3F-8923-4624-BACE-40BE1FE551B1" title="开始">    <circle id="sid-AFF0CB3F-8923-4624-BACE-40BE1FE551B1bg_frame" cx="16" cy="16" r="16" stroke="none" fill="url(#sid-AFF0CB3F-8923-4624-BACE-40BE1FE551B1image1)" stroke-width="0"/><defs id="sid-AFF0CB3F-8923-4624-BACE-40BE1FE551B1_sid-AFF0CB3F-8923-4624-BACE-40BE1FE551B1_5"><pattern width="32" height="32" patternUnits="userSpaceOnUse" y="0" x="0" id="sid-AFF0CB3F-8923-4624-BACE-40BE1FE551B1image1"><image href="editor-app/images/start.png" height="32" width="32" y="0" x="0" id="sid-AFF0CB3F-8923-4624-BACE-40BE1FE551B1_sid-AFF0CB3F-8923-4624-BACE-40BE1FE551B1_6"/></pattern></defs> 	<text font-size="11" id="sid-AFF0CB3F-8923-4624-BACE-40BE1FE551B1text_name" x="16" y="38" oryx:align="top center" stroke="#373e48" stroke-width="0pt" letter-spacing="-0.01px" transform="rotate(0 16 38)" oryx:fontSize="11" text-anchor="middle"><tspan dy="11" x="16" y="38">开始</tspan></text>  </g></g><g class="children" style="overflow:hidden"/><g class="edge"/></g><g class="controls"><g class="dockers"/><g class="magnets" transform="translate(222.5, 130)"><g pointer-events="all" display="none" transform="translate(8, 8)"><circle cx="8" cy="8" r="4" stroke="none" fill="red" fill-opacity="0.3"/></g></g></g></g><g id="svg-sid-4F0442CC-2B68-4C8B-B911-99FBCB367BBE"><g class="stencils" transform="translate(374.5, 130)"><g class="me"><g pointer-events="fill" id="sid-F920A9B7-E092-4593-9FE9-25B7AA617E00" title="步骤">    <circle id="sid-F920A9B7-E092-4593-9FE9-25B7AA617E00bg_frame" cx="16" cy="16" r="16" stroke="none" fill="url(#sid-F920A9B7-E092-4593-9FE9-25B7AA617E00image2)" stroke-width="0"/><defs id="sid-F920A9B7-E092-4593-9FE9-25B7AA617E00_sid-F920A9B7-E092-4593-9FE9-25B7AA617E00_5"><pattern width="32" height="32" patternUnits="userSpaceOnUse" y="0" x="0" id="sid-F920A9B7-E092-4593-9FE9-25B7AA617E00image2"><image href="editor-app/images/status.png" height="32" width="32" y="0" x="0" id="sid-F920A9B7-E092-4593-9FE9-25B7AA617E00_sid-F920A9B7-E092-4593-9FE9-25B7AA617E00_6"/></pattern></defs>	<text font-size="11" id="sid-F920A9B7-E092-4593-9FE9-25B7AA617E00text_name" x="16" y="38" oryx:align="top center" stroke="#373e48" stroke-width="0pt" letter-spacing="-0.01px" transform="rotate(0 16 38)" oryx:fontSize="11" text-anchor="middle"><tspan dy="11" x="16" y="38">步骤</tspan></text>  </g></g><g class="children" style="overflow:hidden"/><g class="edge"/></g><g class="controls"><g class="dockers"/><g class="magnets" transform="translate(374.5, 130)"><g pointer-events="all" display="none" transform="translate(8, 8)"><circle cx="8" cy="8" r="4" stroke="none" fill="red" fill-opacity="0.3"/></g></g></g></g><g id="svg-sid-0B3A2856-DA01-4CA6-9DBD-BA884319313B"><g class="stencils" transform="translate(526.5, 130)"><g class="me"><g pointer-events="fill" id="sid-7E65B198-8DAB-43EE-ADBE-76FD1FFDF321" title="步骤">    <circle id="sid-7E65B198-8DAB-43EE-ADBE-76FD1FFDF321bg_frame" cx="16" cy="16" r="16" stroke="none" fill="url(#sid-7E65B198-8DAB-43EE-ADBE-76FD1FFDF321image2)" stroke-width="0"/><defs id="sid-7E65B198-8DAB-43EE-ADBE-76FD1FFDF321_sid-7E65B198-8DAB-43EE-ADBE-76FD1FFDF321_5"><pattern width="32" height="32" patternUnits="userSpaceOnUse" y="0" x="0" id="sid-7E65B198-8DAB-43EE-ADBE-76FD1FFDF321image2"><image href="editor-app/images/status.png" height="32" width="32" y="0" x="0" id="sid-7E65B198-8DAB-43EE-ADBE-76FD1FFDF321_sid-7E65B198-8DAB-43EE-ADBE-76FD1FFDF321_6"/></pattern></defs>	<text font-size="11" id="sid-7E65B198-8DAB-43EE-ADBE-76FD1FFDF321text_name" x="16" y="38" oryx:align="top center" stroke="#373e48" stroke-width="0pt" letter-spacing="-0.01px" transform="rotate(0 16 38)" oryx:fontSize="11" text-anchor="middle"><tspan dy="11" x="16" y="38">步骤</tspan></text>  </g></g><g class="children" style="overflow:hidden"/><g class="edge"/></g><g class="controls"><g class="dockers"/><g class="magnets" transform="translate(526.5, 130)"><g pointer-events="all" display="none" transform="translate(8, 8)"><circle cx="8" cy="8" r="4" stroke="none" fill="red" fill-opacity="0.3"/></g></g></g></g></g><g class="edge"><g id="svg-sid-1FAC81C5-D5AD-4D90-9D4E-2B72FC0AEB62"><g class="stencils"><g class="me"><g pointer-events="painted"><path id="sid-1B07E634-0EA9-4132-8609-93CB43E3D45D_1" d="M254.9375 146L374.0625 146 " stroke="#b7b5b5" fill="none" stroke-width="1" stroke-linecap="round" stroke-linejoin="round" marker-start="url(#sid-1B07E634-0EA9-4132-8609-93CB43E3D45Dstart)" marker-end="url(#sid-1B07E634-0EA9-4132-8609-93CB43E3D45Dend)"/></g><text id="sid-1B07E634-0EA9-4132-8609-93CB43E3D45Dtext_name" x="314" y="149" oryx:edgePosition="midbottom" stroke-width="0pt" letter-spacing="-0.01px" transform="rotate(0 314 149)" oryx:fontSize="12" text-anchor="middle"><tspan dy="0" x="314" y="149">操作</tspan></text></g><g class="children" style="overflow:hidden"/><g class="edge"/></g><g class="controls"><g class="dockers"/><g class="magnets"/></g></g><g id="svg-sid-27941E14-2A07-48DA-95D3-F595E4F7154E"><g class="stencils"><g class="me"><g pointer-events="painted"><path id="sid-E327CD3D-5A39-4B58-9F10-686F927BE5A6_1" d="M406.9375 146L526.0625 146 " stroke="#b7b5b5" fill="none" stroke-width="1" stroke-linecap="round" stroke-linejoin="round" marker-start="url(#sid-E327CD3D-5A39-4B58-9F10-686F927BE5A6start)" marker-end="url(#sid-E327CD3D-5A39-4B58-9F10-686F927BE5A6end)"/></g><text id="sid-E327CD3D-5A39-4B58-9F10-686F927BE5A6text_name" x="466" y="149" oryx:edgePosition="midbottom" stroke-width="0pt" letter-spacing="-0.01px" transform="rotate(0 466 149)" oryx:fontSize="12" text-anchor="middle"><tspan dy="0" x="466" y="149">操作</tspan></text></g><g class="children" style="overflow:hidden"/><g class="edge"/></g><g class="controls"><g class="dockers"/><g class="magnets"/></g></g></g></g><g class="svgcontainer"><g display="none" transform="translate(522.5, 126)"><rect x="0" y="0" stroke-width="1" stroke="#777777" fill="none" stroke-dasharray="2,2" pointer-events="none" width="40" height="40"/></g><g display="none"><path stroke-width="1" stroke="silver" fill="none" stroke-dasharray="5,5" pointer-events="none"/></g><g display="none"><path stroke-width="1" stroke="silver" fill="none" stroke-dasharray="5,5" pointer-events="none"/></g><g/></g></g></svg>'), NULL, 'b8ab9427-627b-469f-bfd0-4b1buser0001', '2022-08-08', 'b8ab9427-627b-469f-bfd0-4b1buser0001', '2022-08-08', '4', '', NULL, NULL);
INSERT INTO wf_node(id, name, workflowId, type, property, linkedStatusId, workflowPageId, emailRole, notifyRole, isEmailFile, tranType, phaseRule, lagMode, autoToId, exeCls, entityOpRul, isSynEntity, canWrite, canUpdateFile, canUpdateRelate, rejectRole, remark, orderNum, isSystem, isValid, creatorId, createdTime, modifyId, modifyTime, canRollback)
VALUES ('C7E0164D-A834-446B-A46A-ECF3ECB45F8E', '开始', 'ACT2e4d8-e140-46da-8751-5d7fa292def6', 'start-state', NULL, NULL, NULL, NULL, NULL, NULL, NULL, NULL, NULL, NULL, NULL, NULL, NULL, NULL, 'N', 'N', NULL, NULL, 1, 'Y', 'Y', 'b8ab9427-627b-469f-bfd0-4b1buser0001', '2022-08-08', 'b8ab9427-627b-469f-bfd0-4b1buser0001', '2022-08-08', 'Y');
INSERT INTO wf_node(id, name, workflowId, type, property, linkedStatusId, workflowPageId, emailRole, notifyRole, isEmailFile, tranType, phaseRule, lagMode, autoToId, exeCls, entityOpRul, isSynEntity, canWrite, canUpdateFile, canUpdateRelate, rejectRole, remark, orderNum, isSystem, isValid, creatorId, createdTime, modifyId, modifyTime, canRollback)
VALUES ('4F0442CC-2B68-4C8B-B911-99FBCB367BBE', '步骤', 'ACT2e4d8-e140-46da-8751-5d7fa292def6', 'state', NULL, 'f4f44a40-821d-4194-b0cf-59ea40cdaadd', NULL, '', '', NULL, NULL, NULL, NULL, NULL, NULL, NULL, NULL, NULL, 'N', 'N', '', NULL, 2, 'Y', 'Y', 'b8ab9427-627b-469f-bfd0-4b1buser0001', '2022-08-08', 'b8ab9427-627b-469f-bfd0-4b1buser0001', '2022-08-08', 'Y');
INSERT INTO wf_node(id, name, workflowId, type, property, linkedStatusId, workflowPageId, emailRole, notifyRole, isEmailFile, tranType, phaseRule, lagMode, autoToId, exeCls, entityOpRul, isSynEntity, canWrite, canUpdateFile, canUpdateRelate, rejectRole, remark, orderNum, isSystem, isValid, creatorId, createdTime, modifyId, modifyTime, canRollback)
VALUES ('0B3A2856-DA01-4CA6-9DBD-BA884319313B', '步骤', 'ACT2e4d8-e140-46da-8751-5d7fa292def6', 'state', NULL, '225a0dd5-6a63-4507-974f-b87daf1ca559', NULL, '', '', NULL, NULL, NULL, NULL, NULL, NULL, NULL, NULL, NULL, 'N', 'N', '', NULL, 3, 'Y', 'Y', 'b8ab9427-627b-469f-bfd0-4b1buser0001', '2022-08-08', 'b8ab9427-627b-469f-bfd0-4b1buser0001', '2022-08-08', 'Y');
INSERT INTO wf_transition(id, name, nodeId, toNodeId, workflowPageId, deriveWorkflowType, toDeriveNodeId, conditions, type, isOnlyOnce, isSaveNodeUser, SynCondition, exeCls, workflowId, deriveWorkflowId, isDelPageUser, hasSave, pageTo, isMulTask, functionRight, mapField, deriveMode, emailRemindAgain, remark, orderNum, isSystem, isValid, creatorId, createdTime, modifyId, modifyTime, isForking, isDefaultForking)
VALUES ('1FAC81C5-D5AD-4D90-9D4E-2B72FC0AEB62', '操作', 'C7E0164D-A834-446B-A46A-ECF3ECB45F8E', '4F0442CC-2B68-4C8B-B911-99FBCB367BBE', NULL, NULL, NULL, NULL, 'COMMON', 'N', 'N', '1', NULL, 'ACT2e4d8-e140-46da-8751-5d7fa292def6', NULL, NULL, 'N', '1', NULL, NULL, NULL, NULL, NULL, NULL, 0, 'Y', 'Y', 'b8ab9427-627b-469f-bfd0-4b1buser0001', '2022-08-08', 'b8ab9427-627b-469f-bfd0-4b1buser0001', '2022-08-08', 'N', 'N');
INSERT INTO wf_transition(id, name, nodeId, toNodeId, workflowPageId, deriveWorkflowType, toDeriveNodeId, conditions, type, isOnlyOnce, isSaveNodeUser, SynCondition, exeCls, workflowId, deriveWorkflowId, isDelPageUser, hasSave, pageTo, isMulTask, functionRight, mapField, deriveMode, emailRemindAgain, remark, orderNum, isSystem, isValid, creatorId, createdTime, modifyId, modifyTime, isForking, isDefaultForking)
VALUES ('27941E14-2A07-48DA-95D3-F595E4F7154E', '操作', '4F0442CC-2B68-4C8B-B911-99FBCB367BBE', '0B3A2856-DA01-4CA6-9DBD-BA884319313B', NULL, NULL, NULL, NULL, 'COMMON', 'N', 'N', '1', NULL, 'ACT2e4d8-e140-46da-8751-5d7fa292def6', NULL, NULL, 'N', '1', NULL, NULL, NULL, NULL, NULL, NULL, 1, 'Y', 'Y', 'b8ab9427-627b-469f-bfd0-4b1buser0001', '2022-08-08', 'b8ab9427-627b-469f-bfd0-4b1buser0001', '2022-08-08', 'N', 'N');
INSERT INTO sys_status(id, objectType, Name, Remark, bgColor, fColor, isCalcLag, isEnd, isValid, orderNum, creatorId, createdTime, modifyId, modifyTime, workflowId)
VALUES ('f4f44a40-821d-4194-b0cf-59ea40cdaadd', 'PBC', '步骤', NULL, NULL, NULL, 'Y', 'N', 'Y', 1, 'b8ab9427-627b-469f-bfd0-4b1buser0001', '2022-08-08', 'b8ab9427-627b-469f-bfd0-4b1buser0001', '2022-08-08', 'ACT2e4d8-e140-46da-8751-5d7fa292def6');
INSERT INTO sys_status(id, objectType, Name, Remark, bgColor, fColor, isCalcLag, isEnd, isValid, orderNum, creatorId, createdTime, modifyId, modifyTime, workflowId)
VALUES ('225a0dd5-6a63-4507-974f-b87daf1ca559', 'PBC', '步骤', NULL, NULL, NULL, 'Y', 'N', 'Y', 3, 'b8ab9427-627b-469f-bfd0-4b1buser0001', '2022-08-08', 'b8ab9427-627b-469f-bfd0-4b1buser0001', '2022-08-08', 'ACT2e4d8-e140-46da-8751-5d7fa292def6');

INSERT INTO wf_instance(id, name, objectType, remark, modelId, status, orderNum, isSystem, isValid, isDefault, graphView, tranExeCls, creatorId, createdTime, modifyId, modifyTime, step, title, deploymentId, tempStatus)
VALUES ('ACTfdd16-f7a2-485d-ad24-7eb6ec1a619d', '支出管理模型_1.0', 'EXP', '', '2569', 'IN', 4, 'Y', 'Y', 'Y', CONVERT(varbinary(max), '<svg xmlns="http://www.w3.org/2000/svg" xmlns:oryx="http://oryx-editor.org" id="sid-293716F1-4607-4897-A88B-7E3933C27E02" width="440.5" height="202" xmlns:xlink="http://www.w3.org/1999/xlink" xmlns:svg="http://www.w3.org/2000/svg"><defs><marker id="sid-D36CE0DC-26FD-4518-B555-FA1BB33D25CCstart" refX="1" refY="5" markerUnits="userSpaceOnUse" markerWidth="17" markerHeight="11" orient="auto">	  		undefined			<path id="sid-D36CE0DC-26FD-4518-B555-FA1BB33D25CCdefault" d="M 5 0 L 11 10" fill="white" stroke="#b7b5b5" stroke-width="1" display="none"/>	  	</marker><marker id="sid-D36CE0DC-26FD-4518-B555-FA1BB33D25CCend" refX="9" refY="5" markerUnits="userSpaceOnUse" markerWidth="11" markerHeight="10" orient="auto">	  		<path id="sid-D36CE0DC-26FD-4518-B555-FA1BB33D25CCarrowhead" d="M 0 1 L 10 5 L 1 9z" fill="#cfcccc" stroke="#cfcccc" stroke-linejoin="round" stroke-width="1"/>	  	</marker></defs><svg id="underlay-container"/><g stroke="none" font-family="Verdana, sans-serif" font-size-adjust="none" font-style="normal" font-variant="normal" font-weight="normal" line-heigth="normal" font-size="12"><g class="stencils"><g class="me"/><g class="children"><g id="svg-sid-366F4334-64AA-4A76-8FF8-532AED1F7E6C"><g class="stencils" transform="translate(206.5, 120)"><g class="me"><g pointer-events="fill" id="sid-0230CCF2-FAB9-4E81-8D88-5DDFC5ADD36B" title="开始">    <circle id="sid-0230CCF2-FAB9-4E81-8D88-5DDFC5ADD36Bbg_frame" cx="16" cy="16" r="16" stroke="none" fill="url(#sid-0230CCF2-FAB9-4E81-8D88-5DDFC5ADD36Bimage1)" stroke-width="0"/><defs id="sid-0230CCF2-FAB9-4E81-8D88-5DDFC5ADD36B_sid-0230CCF2-FAB9-4E81-8D88-5DDFC5ADD36B_5"><pattern width="32" height="32" patternUnits="userSpaceOnUse" y="0" x="0" id="sid-0230CCF2-FAB9-4E81-8D88-5DDFC5ADD36Bimage1"><image href="editor-app/images/start.png" height="32" width="32" y="0" x="0" id="sid-0230CCF2-FAB9-4E81-8D88-5DDFC5ADD36B_sid-0230CCF2-FAB9-4E81-8D88-5DDFC5ADD36B_6"/></pattern></defs> 	<text font-size="11" id="sid-0230CCF2-FAB9-4E81-8D88-5DDFC5ADD36Btext_name" x="16" y="38" oryx:align="top center" stroke="#373e48" stroke-width="0pt" letter-spacing="-0.01px" transform="rotate(0 16 38)" oryx:fontSize="11" text-anchor="middle"><tspan dy="11" x="16" y="38">开始</tspan></text>  </g></g><g class="children" style="overflow:hidden"/><g class="edge"/></g><g class="controls"><g class="dockers"/><g class="magnets" transform="translate(206.5, 120)"><g pointer-events="all" display="none" transform="translate(8, 8)"><circle cx="8" cy="8" r="4" stroke="none" fill="red" fill-opacity="0.3"/></g></g></g></g><g id="svg-sid-0E49C848-6E95-49C0-87C6-D702EBD9FE9E"><g class="stencils" transform="translate(358.5, 120)"><g class="me"><g pointer-events="fill" id="sid-FE4BA8E2-4221-420F-BFEF-DDCE21247EDA" title="步骤">    <circle id="sid-FE4BA8E2-4221-420F-BFEF-DDCE21247EDAbg_frame" cx="16" cy="16" r="16" stroke="none" fill="url(#sid-FE4BA8E2-4221-420F-BFEF-DDCE21247EDAimage2)" stroke-width="0"/><defs id="sid-FE4BA8E2-4221-420F-BFEF-DDCE21247EDA_sid-FE4BA8E2-4221-420F-BFEF-DDCE21247EDA_5"><pattern width="32" height="32" patternUnits="userSpaceOnUse" y="0" x="0" id="sid-FE4BA8E2-4221-420F-BFEF-DDCE21247EDAimage2"><image href="editor-app/images/status.png" height="32" width="32" y="0" x="0" id="sid-FE4BA8E2-4221-420F-BFEF-DDCE21247EDA_sid-FE4BA8E2-4221-420F-BFEF-DDCE21247EDA_6"/></pattern></defs>	<text font-size="11" id="sid-FE4BA8E2-4221-420F-BFEF-DDCE21247EDAtext_name" x="16" y="38" oryx:align="top center" stroke="#373e48" stroke-width="0pt" letter-spacing="-0.01px" transform="rotate(0 16 38)" oryx:fontSize="11" text-anchor="middle"><tspan dy="11" x="16" y="38">步骤</tspan></text>  </g></g><g class="children" style="overflow:hidden"/><g class="edge"/></g><g class="controls"><g class="dockers"/><g class="magnets" transform="translate(358.5, 120)"><g pointer-events="all" display="none" transform="translate(8, 8)"><circle cx="8" cy="8" r="4" stroke="none" fill="red" fill-opacity="0.3"/></g></g></g></g></g><g class="edge"><g id="svg-sid-510920B6-C5A0-4119-92EC-A364D1EB5824"><g class="stencils"><g class="me"><g pointer-events="painted"><path id="sid-D36CE0DC-26FD-4518-B555-FA1BB33D25CC_1" d="M238.9375 136L358.0625 136 " stroke="#b7b5b5" fill="none" stroke-width="1" stroke-linecap="round" stroke-linejoin="round" marker-start="url(#sid-D36CE0DC-26FD-4518-B555-FA1BB33D25CCstart)" marker-end="url(#sid-D36CE0DC-26FD-4518-B555-FA1BB33D25CCend)"/></g><text id="sid-D36CE0DC-26FD-4518-B555-FA1BB33D25CCtext_name" x="298" y="139" oryx:edgePosition="midbottom" stroke-width="0pt" letter-spacing="-0.01px" transform="rotate(0 298 139)" oryx:fontSize="12" text-anchor="middle"><tspan dy="0" x="298" y="139">操作</tspan></text></g><g class="children" style="overflow:hidden"/><g class="edge"/></g><g class="controls"><g class="dockers"/><g class="magnets"/></g></g></g></g><g class="svgcontainer"><g display="none" transform="translate(354.5, 116)"><rect x="0" y="0" stroke-width="1" stroke="#777777" fill="none" stroke-dasharray="2,2" pointer-events="none" width="40" height="40"/></g><g display="none"><path stroke-width="1" stroke="silver" fill="none" stroke-dasharray="5,5" pointer-events="none"/></g><g display="none"><path stroke-width="1" stroke="silver" fill="none" stroke-dasharray="5,5" pointer-events="none"/></g><g/></g></g></svg>'), NULL, 'b8ab9427-627b-469f-bfd0-4b1buser0001', '2022-08-08', 'b8ab9427-627b-469f-bfd0-4b1buser0001', '2022-08-08', '4', '', NULL, NULL);
INSERT INTO wf_node(id, name, workflowId, type, property, linkedStatusId, workflowPageId, emailRole, notifyRole, isEmailFile, tranType, phaseRule, lagMode, autoToId, exeCls, entityOpRul, isSynEntity, canWrite, canUpdateFile, canUpdateRelate, rejectRole, remark, orderNum, isSystem, isValid, creatorId, createdTime, modifyId, modifyTime, canRollback)
VALUES ('366F4334-64AA-4A76-8FF8-532AED1F7E6C', '开始', 'ACTfdd16-f7a2-485d-ad24-7eb6ec1a619d', 'start-state', NULL, NULL, NULL, NULL, NULL, NULL, NULL, NULL, NULL, NULL, NULL, NULL, NULL, NULL, 'N', 'N', NULL, NULL, 1, 'Y', 'Y', 'b8ab9427-627b-469f-bfd0-4b1buser0001', '2022-08-08', 'b8ab9427-627b-469f-bfd0-4b1buser0001', '2022-08-08', 'Y');
INSERT INTO wf_node(id, name, workflowId, type, property, linkedStatusId, workflowPageId, emailRole, notifyRole, isEmailFile, tranType, phaseRule, lagMode, autoToId, exeCls, entityOpRul, isSynEntity, canWrite, canUpdateFile, canUpdateRelate, rejectRole, remark, orderNum, isSystem, isValid, creatorId, createdTime, modifyId, modifyTime, canRollback)
VALUES ('0E49C848-6E95-49C0-87C6-D702EBD9FE9E', '步骤', 'ACTfdd16-f7a2-485d-ad24-7eb6ec1a619d', 'state', NULL, 'bd9da4d1-3c92-4886-9836-9fe3b2809493', NULL, '', '', NULL, NULL, NULL, NULL, NULL, NULL, NULL, NULL, NULL, 'N', 'N', '', NULL, 2, 'Y', 'Y', 'b8ab9427-627b-469f-bfd0-4b1buser0001', '2022-08-08', 'b8ab9427-627b-469f-bfd0-4b1buser0001', '2022-08-08', 'Y');
INSERT INTO wf_transition(id, name, nodeId, toNodeId, workflowPageId, deriveWorkflowType, toDeriveNodeId, conditions, type, isOnlyOnce, isSaveNodeUser, SynCondition, exeCls, workflowId, deriveWorkflowId, isDelPageUser, hasSave, pageTo, isMulTask, functionRight, mapField, deriveMode, emailRemindAgain, remark, orderNum, isSystem, isValid, creatorId, createdTime, modifyId, modifyTime, isForking, isDefaultForking)
VALUES ('510920B6-C5A0-4119-92EC-A364D1EB5824', '操作', '366F4334-64AA-4A76-8FF8-532AED1F7E6C', '0E49C848-6E95-49C0-87C6-D702EBD9FE9E', NULL, NULL, NULL, NULL, 'COMMON', 'N', 'N', '1', NULL, 'ACTfdd16-f7a2-485d-ad24-7eb6ec1a619d', NULL, NULL, 'N', '1', NULL, NULL, NULL, NULL, NULL, NULL, 0, 'Y', 'Y', 'b8ab9427-627b-469f-bfd0-4b1buser0001', '2022-08-08', 'b8ab9427-627b-469f-bfd0-4b1buser0001', '2022-08-08', 'N', 'N');
INSERT INTO sys_status(id, objectType, Name, Remark, bgColor, fColor, isCalcLag, isEnd, isValid, orderNum, creatorId, createdTime, modifyId, modifyTime, workflowId)
VALUES ('bd9da4d1-3c92-4886-9836-9fe3b2809493', 'EXP', '步骤', NULL, NULL, NULL, 'Y', 'N', 'Y', 1, 'b8ab9427-627b-469f-bfd0-4b1buser0001', '2022-08-08', 'b8ab9427-627b-469f-bfd0-4b1buser0001', '2022-08-08', 'ACTfdd16-f7a2-485d-ad24-7eb6ec1a619d');

/**缺陷流程页面**/
INSERT INTO sys_page(id, name, objectType, pageType, parentId, workflowID, deriveWfType, deriveWfID, mapField, isStartPage, entityTypeID, extPageUrl, extPageCls, isSystem, remark, isValid, orderNum, creatorId, createdTime, modifyId, modifyTime) 
VALUES('07698511-fa9f-47e2-9f4c-kflowpage001', '系统视图', 'BUG', NULL, NULL, NULL, NULL, NULL, NULL, NULL, NULL, NULL, NULL, 'Y', NULL, 'Y', 1, NULL, NULL, NULL, NULL);
INSERT INTO sys_page(id, name, objectType, pageType, parentId, workflowID, deriveWfType, deriveWfID, mapField, isStartPage, entityTypeID, extPageUrl, extPageCls, isSystem, remark, isValid, orderNum, creatorId, createdTime, modifyId, modifyTime) 
VALUES('07698511-fa9f-47e2-9f4c-kflowpage002', '默认视图', 'BUG', 'LIST', '07698511-fa9f-47e2-9f4c-kflowpage001', NULL, NULL, NULL, NULL, NULL, NULL, NULL, NULL, 'Y', NULL, 'Y', 2, 'b8ab9427-627b-469f-bfd0-4b1buser0001', '2022-08-08', 'b8ab9427-627b-469f-bfd0-4b1buser0001', '2022-08-08');
INSERT INTO sys_page(id, name, objectType, pageType, parentId, workflowID, deriveWfType, deriveWfID, mapField, isStartPage, entityTypeID, extPageUrl, extPageCls, isSystem, remark, isValid, orderNum, creatorId, createdTime, modifyId, modifyTime) 
VALUES('07698511-fa9f-47e2-9f4c-kflowpage004', '导入导出视图', 'BUG', 'IMPEXPLIST', '', NULL, NULL, NULL, NULL, NULL, NULL, NULL, NULL, 'Y', NULL, 'Y', 5, NULL, NULL, NULL, NULL);
INSERT INTO sys_page(id, name, objectType, pageType, parentId, workflowID, deriveWfType, deriveWfID, mapField, isStartPage, entityTypeID, extPageUrl, extPageCls, isSystem, remark, isValid, orderNum, creatorId, createdTime, modifyId, modifyTime) 
VALUES('07698511-fa9f-47e2-9f4c-kflowpage005', '导入视图', 'BUG', 'IMPLIST', '07698511-fa9f-47e2-9f4c-kflowpage004', NULL, NULL, NULL, NULL, NULL, NULL, NULL, NULL, 'Y', NULL, 'Y', 6, 'b8ab9427-627b-469f-bfd0-4b1buser0001', '2022-08-08', 'b8ab9427-627b-469f-bfd0-4b1buser0001', '2022-08-08');
INSERT INTO sys_page(id, name, objectType, pageType, parentId, workflowID, deriveWfType, deriveWfID, mapField, isStartPage, entityTypeID, extPageUrl, extPageCls, isSystem, remark, isValid, orderNum, creatorId, createdTime, modifyId, modifyTime) 
VALUES('07698511-fa9f-47e2-9f4c-kflowpage006', '导出视图', 'BUG', 'EXPLIST', '07698511-fa9f-47e2-9f4c-kflowpage004', NULL, NULL, NULL, NULL, NULL, NULL, NULL, NULL, 'Y', NULL, 'Y', 7, 'b8ab9427-627b-469f-bfd0-4b1buser0001', '2022-08-08', 'b8ab9427-627b-469f-bfd0-4b1buser0001', '2022-08-08');
INSERT INTO sys_page(id, name, objectType, pageType, parentId, workflowID, deriveWfType, deriveWfID, mapField, isStartPage, entityTypeID, extPageUrl, extPageCls, isSystem, remark, isValid, orderNum, creatorId, createdTime, modifyId, modifyTime) 
VALUES('07698511-fa9f-47e2-9f4c-kflowpage003', '个人视图', 'BUG', 'CUSLIST', '', NULL, NULL, NULL, NULL, NULL, NULL, NULL, NULL, 'Y', NULL, 'Y', 8, NULL, NULL, NULL, NULL);

/**缺陷角色**/
INSERT INTO wf_role(id, workflowType, name, val, orderNum, isSystem, isValid, creatorId, createdTime, modifyId, modifyTime) 
VALUES ('960fb540-3cef-49e8-89b6-1bawfrole001', 'BUG', '责任人', 'OR', 1, 'Y', 'Y', 'b8ab9427-627b-469f-bfd0-4b1buser0001', '2022-08-08', 'b8ab9427-627b-469f-bfd0-4b1buser0001', '2022-08-08');
INSERT INTO wf_role(id, workflowType, name, val, orderNum, isSystem, isValid, creatorId, createdTime, modifyId, modifyTime) 
VALUES ('960fb540-3cef-49e8-89b6-1bawfrole002', 'BUG', '参与人', 'AC', 2, 'Y', 'Y', 'b8ab9427-627b-469f-bfd0-4b1buser0001', '2022-08-08', 'b8ab9427-627b-469f-bfd0-4b1buser0001', '2022-08-08');
INSERT INTO wf_role(id, workflowType, name, val, orderNum, isSystem, isValid, creatorId, createdTime, modifyId, modifyTime) 
VALUES ('960fb540-3cef-49e8-89b6-1bawfrole003', 'BUG', '创建人', 'CR', 3, 'Y', 'Y', 'b8ab9427-627b-469f-bfd0-4b1buser0001', '2022-08-08', 'b8ab9427-627b-469f-bfd0-4b1buser0001', '2022-08-08');
INSERT INTO wf_role(id, workflowType, name, val, orderNum, isSystem, isValid, creatorId, createdTime, modifyId, modifyTime) 
VALUES ('960fb540-3cef-49e8-89b6-1bawfrole004', 'BUG', '读者', 'RR', 4, 'Y', 'Y', 'b8ab9427-627b-469f-bfd0-4b1buser0001', '2022-08-08', 'b8ab9427-627b-469f-bfd0-4b1buser0001', '2022-08-08');

INSERT INTO sys_field(id, colName, showName, objectType, dataType, htmlType, fieldType, displayWidth, remark, defaultValue, defaultRule, extendClass, layout, showMobile, isCommon, parentId, isValid, orderNum, creatorId, createdTime, modifyId, modifyTime, isDBField) VALUES ('01170613-855f-4b25-88b1-4d4fbcadcaf6', 'typeId', '类型', 'BUG', 'varchar', 'SELECT', 'S', '120', '', '', '{"isSeached":"","selectSource":"9ba5460b-0717-4773-abda-addd82cc7327","setCascade":"","isRecorded":"N","isRequired":"N"}', '', 'T', NULL, 'N', NULL, 'Y', '82', 'b8ab9427-627b-469f-bfd0-4b1buser0001', '2022-08-08', 'b8ab9427-627b-469f-bfd0-4b1buser0001', '2022-08-08', 'Y');
INSERT INTO sys_field(id, colName, showName, objectType, dataType, htmlType, fieldType, displayWidth, remark, defaultValue, defaultRule, extendClass, layout, showMobile, isCommon, parentId, isValid, orderNum, creatorId, createdTime, modifyId, modifyTime, isDBField) VALUES ('0771c4d3-e0b9-4cdf-be5c-1b276ab7459f', 'modifyId', '更新人', 'BUG', 'varchar', 'USER', 'S', '120', '', NULL, '{"isRecorded":"N","userIsMul":"Y","isRequired":"N","userDefaultRule":"CS"}', '', 'T', NULL, 'N', '', 'Y', '184', 'b8ab9427-627b-469f-bfd0-4b1buser0001', '2022-08-08', 'b8ab9427-627b-469f-bfd0-4b1buser0001', '2022-08-08', 'Y');
INSERT INTO sys_field(id, colName, showName, objectType, dataType, htmlType, fieldType, displayWidth, remark, defaultValue, defaultRule, extendClass, layout, showMobile, isCommon, parentId, isValid, orderNum, creatorId, createdTime, modifyId, modifyTime, isDBField) VALUES ('090e0251-8b60-4829-9630-9957140b3317', 'lampSign', '指示灯', 'BUG', 'float', 'NUMBER', 'S', '120', '', '', '{"numberFormat":"I","isRecorded":"N","isRequired":"N","redLight":"","greenLight":""}', '', 'T', NULL, 'N', '', 'Y', '170', 'b8ab9427-627b-469f-bfd0-4b1buser0001', '2022-08-08', 'b8ab9427-627b-469f-bfd0-4b1buser0001', '2022-08-08', 'Y');
INSERT INTO sys_field(id, colName, showName, objectType, dataType, htmlType, fieldType, displayWidth, remark, defaultValue, defaultRule, extendClass, layout, showMobile, isCommon, parentId, isValid, orderNum, creatorId, createdTime, modifyId, modifyTime, isDBField) VALUES ('1913968f-87d6-43c7-97c7-1be6e7efa002', 'presentDate', '提出日期', 'BUG', 'datetime', 'DATE', 'S', '120', '', NULL, '{"isRecorded":"N","dateFormatRule":"YMD","dateDefaultRule":"CD","isRequired":"N"}', '', 'T', NULL, 'N', NULL, 'Y', '123', 'b8ab9427-627b-469f-bfd0-4b1buser0001', '2022-08-08', 'b8ab9427-627b-469f-bfd0-4b1buser0001', '2022-08-08', 'Y');
INSERT INTO sys_field(id, colName, showName, objectType, dataType, htmlType, fieldType, displayWidth, remark, defaultValue, defaultRule, extendClass, layout, showMobile, isCommon, parentId, isValid, orderNum, creatorId, createdTime, modifyId, modifyTime, isDBField) VALUES ('19c80298-03b2-49f8-aefb-2dd94f5ccb8d', 'locatDate', '定位日期', 'BUG', 'datetime', 'DATE', 'S', '120', '', NULL, '{"isRecorded":"N","dateDefaultRule":"N","isRequired":"N"}', '', 'T', NULL, 'N', '', 'Y', '131', 'b8ab9427-627b-469f-bfd0-4b1buser0001', '2022-08-08', 'b8ab9427-627b-469f-bfd0-4b1buser0001', '2022-08-08', 'Y');
INSERT INTO sys_field(id, colName, showName, objectType, dataType, htmlType, fieldType, displayWidth, remark, defaultValue, defaultRule, extendClass, layout, showMobile, isCommon, parentId, isValid, orderNum, creatorId, createdTime, modifyId, modifyTime, isDBField) VALUES ('28f145b6-c251-4911-9f62-60b92c1b8c64', 'reOpenTimes', '重复打开次数', 'BUG', 'float', 'NUMBER', 'S', '120', '', '', '{"numberMax":"","numberFormat":"D","isRecorded":"N","numberMin":"0","numberPrecision":"","isRequired":"N","unitId":""}', '', 'T', NULL, 'N', '', 'N', '157', 'b8ab9427-627b-469f-bfd0-4b1buser0001', '2022-08-08', 'b8ab9427-627b-469f-bfd0-4b1buser0001', '2022-08-08', 'Y');
INSERT INTO sys_field(id, colName, showName, objectType, dataType, htmlType, fieldType, displayWidth, remark, defaultValue, defaultRule, extendClass, layout, showMobile, isCommon, parentId, isValid, orderNum, creatorId, createdTime, modifyId, modifyTime, isDBField) VALUES ('5337ad8b-18f5-4dd9-88fc-6296d48bb55c', 'projectId', '归属项目', 'BUG', 'varchar', 'PJT', 'S', '120', '', NULL, '{"isRecorded":"N","isRequired":"N"}', '', 'T', NULL, 'N', '', 'Y', '76', 'b8ab9427-627b-469f-bfd0-4b1buser0001', '2022-08-08', 'b8ab9427-627b-469f-bfd0-4b1buser0001', '2022-08-08', 'Y');
INSERT INTO sys_field(id, colName, showName, objectType, dataType, htmlType, fieldType, displayWidth, remark, defaultValue, defaultRule, extendClass, layout, showMobile, isCommon, parentId, isValid, orderNum, creatorId, createdTime, modifyId, modifyTime, isDBField) VALUES ('5507e37f-2c6f-4bc9-8ea3-a44bd32b8dbf', 'statusId', '状态', 'BUG', 'varchar', 'SELECT', 'S', '120', '', '', '{"selectSource":"","setCascade":"N","isRecorded":"N","isRequired":"N"}', '', 'T', NULL, 'N', '', 'Y', '101', 'b8ab9427-627b-469f-bfd0-4b1buser0001', '2022-08-08', 'b8ab9427-627b-469f-bfd0-4b1buser0001', '2022-08-08', 'Y');
INSERT INTO sys_field(id, colName, showName, objectType, dataType, htmlType, fieldType, displayWidth, remark, defaultValue, defaultRule, extendClass, layout, showMobile, isCommon, parentId, isValid, orderNum, creatorId, createdTime, modifyId, modifyTime, isDBField) VALUES ('5d0015d7-d70a-411f-9b63-233fd1facc06', 'auditDate', '审核日期', 'BUG', 'datetime', 'DATE', 'S', '120', '', NULL, '{"isRecorded":"N","dateFormatRule":"YMD","dateDefaultRule":"CD","isRequired":"N"}', '', 'T', NULL, 'N', NULL, 'Y', '165', 'b8ab9427-627b-469f-bfd0-4b1buser0001', '2022-08-08', 'b8ab9427-627b-469f-bfd0-4b1buser0001', '2022-08-08', 'Y');
INSERT INTO sys_field(id, colName, showName, objectType, dataType, htmlType, fieldType, displayWidth, remark, defaultValue, defaultRule, extendClass, layout, showMobile, isCommon, parentId, isValid, orderNum, creatorId, createdTime, modifyId, modifyTime, isDBField) VALUES ('5d79ee44-bc5e-417f-baf7-70717ce7c2ff', 'hopeFinishDate', '期望解决日期', 'BUG', 'datetime', 'DATE', 'S', '120', '', NULL, '{"isRecorded":"N","dateFormatRule":"YMD","dateDefaultRule":"N","isRequired":"N"}', '', 'T', NULL, 'N', '', 'Y', '105', 'b8ab9427-627b-469f-bfd0-4b1buser0001', '2022-08-08', 'b8ab9427-627b-469f-bfd0-4b1buser0001', '2022-08-08', 'Y');
INSERT INTO sys_field(id, colName, showName, objectType, dataType, htmlType, fieldType, displayWidth, remark, defaultValue, defaultRule, extendClass, layout, showMobile, isCommon, parentId, isValid, orderNum, creatorId, createdTime, modifyId, modifyTime, isDBField) VALUES ('5fe1806c-6b6f-4579-9726-be66d546a350', 'auditorId', '审核人', 'BUG', 'varchar', 'USER', 'S', '120', '', NULL, '{"isRecorded":"N","userIsMul":"","isRequired":"N","userDefaultRule":"N"}', '', 'T', NULL, 'N', '', 'Y', '163', 'b8ab9427-627b-469f-bfd0-4b1buser0001', '2022-08-08', 'b8ab9427-627b-469f-bfd0-4b1buser0001', '2022-08-08', 'Y');
INSERT INTO sys_field(id, colName, showName, objectType, dataType, htmlType, fieldType, displayWidth, remark, defaultValue, defaultRule, extendClass, layout, showMobile, isCommon, parentId, isValid, orderNum, creatorId, createdTime, modifyId, modifyTime, isDBField) VALUES ('72c968ea-14f1-4cec-9418-32f234d30dfe', 'code', '编号', 'BUG', 'varchar', 'TEXT', 'S', '120', '', '', '{"isRecorded":"N","textLength":"128","isRequired":"N"}', '', 'T', NULL, 'N', NULL, 'Y', '69', 'b8ab9427-627b-469f-bfd0-4b1buser0001', '2022-08-08', 'b8ab9427-627b-469f-bfd0-4b1buser0001', '2022-08-08', 'Y');
INSERT INTO sys_field(id, colName, showName, objectType, dataType, htmlType, fieldType, displayWidth, remark, defaultValue, defaultRule, extendClass, layout, showMobile, isCommon, parentId, isValid, orderNum, creatorId, createdTime, modifyId, modifyTime, isDBField) VALUES ('7a5f622d-7168-4974-905e-b2f4fbadd58c', 'planFinishDate', '计划解决日期', 'BUG', 'datetime', 'DATE', 'S', '120', '', NULL, '{"isRecorded":"N","dateFormatRule":"YMD","dateDefaultRule":"N","isRequired":"N"}', '', 'T', NULL, 'N', '', 'Y', '108', 'b8ab9427-627b-469f-bfd0-4b1buser0001', '2022-08-08', 'b8ab9427-627b-469f-bfd0-4b1buser0001', '2022-08-08', 'Y');
INSERT INTO sys_field(id, colName, showName, objectType, dataType, htmlType, fieldType, displayWidth, remark, defaultValue, defaultRule, extendClass, layout, showMobile, isCommon, parentId, isValid, orderNum, creatorId, createdTime, modifyId, modifyTime, isDBField) VALUES ('7d2ccc13-0e5b-47b4-9d73-584ba9aedffe', 'presenterId', '提出人', 'BUG', 'varchar', 'USER', 'S', '120', '', NULL, '{"isRecorded":"Y","userIsMul":"","isRequired":"N","userDefaultRule":"N"}', '', 'T', NULL, 'N', '', 'Y', '122', 'b8ab9427-627b-469f-bfd0-4b1buser0001', '2022-08-08', 'b8ab9427-627b-469f-bfd0-4b1buser0001', '2022-08-08', 'Y');
INSERT INTO sys_field(id, colName, showName, objectType, dataType, htmlType, fieldType, displayWidth, remark, defaultValue, defaultRule, extendClass, layout, showMobile, isCommon, parentId, isValid, orderNum, creatorId, createdTime, modifyId, modifyTime, isDBField) VALUES ('7d964168-aad1-44ba-8a8b-d1a6bbd42cdd', 'productId', '归属产品', 'BUG', 'varchar', 'PRD', 'S', '120', '', NULL, '{"isRecorded":"N","isRequired":"N"}', '', 'T', NULL, 'N', '', 'N', '79', 'b8ab9427-627b-469f-bfd0-4b1buser0001', '2022-08-08', 'b8ab9427-627b-469f-bfd0-4b1buser0001', '2022-08-08', 'Y');
INSERT INTO sys_field(id, colName, showName, objectType, dataType, htmlType, fieldType, displayWidth, remark, defaultValue, defaultRule, extendClass, layout, showMobile, isCommon, parentId, isValid, orderNum, creatorId, createdTime, modifyId, modifyTime, isDBField) VALUES ('82ba0252-837b-44cc-87fa-c1f3facf013a', 'signOpinionId', '会签意见', 'BUG', 'varchar', 'SELECT', 'S', '120', '', '', '{"isSeached":"Y","selectSource":"00a2014f-1f87-46ab-98ec-4837713e92cb","setCascade":"","isRecorded":"Y","isRequired":"N"}', '', 'T', NULL, 'N', NULL, 'Y', '153', 'b8ab9427-627b-469f-bfd0-4b1buser0001', '2022-08-08', 'b8ab9427-627b-469f-bfd0-4b1buser0001', '2022-08-08', 'Y');
INSERT INTO sys_field(id, colName, showName, objectType, dataType, htmlType, fieldType, displayWidth, remark, defaultValue, defaultRule, extendClass, layout, showMobile, isCommon, parentId, isValid, orderNum, creatorId, createdTime, modifyId, modifyTime, isDBField) VALUES ('884f8af5-700d-4eb0-ac51-d485b7b94dc9', 'developAuditorId', '开发审核人', 'BUG', 'varchar', 'USER', 'S', '120', '', NULL, '{"isRecorded":"N","userIsMul":"","isRequired":"N","userDefaultRule":"N"}', '', 'T', NULL, 'N', '', 'Y', '161', 'b8ab9427-627b-469f-bfd0-4b1buser0001', '2022-08-08', 'b8ab9427-627b-469f-bfd0-4b1buser0001', '2022-08-08', 'Y');
INSERT INTO sys_field(id, colName, showName, objectType, dataType, htmlType, fieldType, displayWidth, remark, defaultValue, defaultRule, extendClass, layout, showMobile, isCommon, parentId, isValid, orderNum, creatorId, createdTime, modifyId, modifyTime, isDBField) VALUES ('8c9b020c-e14e-4b23-b9b5-959cb4e83e7b', 'modifyTime', '最新更新时间', 'BUG', 'datetime', 'DATE', 'S', '120', '', NULL, '{"isRecorded":"N","dateFormatRule":"YMDHm","dateDefaultRule":"CD","isRequired":"N"}', '', 'T', NULL, 'N', '', 'Y', '185', 'b8ab9427-627b-469f-bfd0-4b1buser0001', '2022-08-08', 'b8ab9427-627b-469f-bfd0-4b1buser0001', '2022-08-08', 'Y');
INSERT INTO sys_field(id, colName, showName, objectType, dataType, htmlType, fieldType, displayWidth, remark, defaultValue, defaultRule, extendClass, layout, showMobile, isCommon, parentId, isValid, orderNum, creatorId, createdTime, modifyId, modifyTime, isDBField) VALUES ('8efe7acd-ba5d-40fa-a34e-3094a7e88cd1', 'name', '名称', 'BUG', 'varchar', 'TEXT', 'S', '300', '', '', '{"isRecorded":"Y","textLength":"128","isRequired":"Y"}', '', 'F', NULL, 'N', '', 'Y', '66', 'b8ab9427-627b-469f-bfd0-4b1buser0001', '2022-08-08', 'b8ab9427-627b-469f-bfd0-4b1buser0001', '2022-08-08', 'Y');
INSERT INTO sys_field(id, colName, showName, objectType, dataType, htmlType, fieldType, displayWidth, remark, defaultValue, defaultRule, extendClass, layout, showMobile, isCommon, parentId, isValid, orderNum, creatorId, createdTime, modifyId, modifyTime, isDBField) VALUES ('9166012f-b99c-46a7-a45f-fe6983a7fab5', 'solverId', '解决人', 'BUG', 'varchar', 'USER', 'S', '120', '', NULL, '{"isRecorded":"N","userIsMul":"","isRequired":"N","userDefaultRule":"N"}', '', 'T', NULL, 'N', '', 'Y', '133', 'b8ab9427-627b-469f-bfd0-4b1buser0001', '2022-08-08', 'b8ab9427-627b-469f-bfd0-4b1buser0001', '2022-08-08', 'Y');
INSERT INTO sys_field(id, colName, showName, objectType, dataType, htmlType, fieldType, displayWidth, remark, defaultValue, defaultRule, extendClass, layout, showMobile, isCommon, parentId, isValid, orderNum, creatorId, createdTime, modifyId, modifyTime, isDBField) VALUES ('9224b445-5c14-46eb-80f9-f1bbe6f8c26a', 'fileSign', '附件', 'BUG', 'varchar', 'SIGN', 'S', '120', '', NULL, '{"isRecorded":"N","isRequired":"N","signDefaultRule":"ZDY","isShowed":"N"}', 'com.dream.fileSign.FileSign', 'F', NULL, 'N', NULL, 'Y', '171', 'b8ab9427-627b-469f-bfd0-4b1buser0001', '2022-08-08', 'b8ab9427-627b-469f-bfd0-4b1buser0001', '2022-08-08', 'N');
INSERT INTO sys_field(id, colName, showName, objectType, dataType, htmlType, fieldType, displayWidth, remark, defaultValue, defaultRule, extendClass, layout, showMobile, isCommon, parentId, isValid, orderNum, creatorId, createdTime, modifyId, modifyTime, isDBField) VALUES ('9a3acc36-6a6a-475c-ba26-84cc3ef22bf0', 'createdTime', '创建时间', 'BUG', 'datetime', 'DATE', 'S', '120', '', NULL, '{"isRecorded":"N","dateFormatRule":"YMDHm","dateDefaultRule":"CD","isRequired":"N"}', '', 'T', NULL, 'N', '', 'Y', '181', 'b8ab9427-627b-469f-bfd0-4b1buser0001', '2022-08-08', 'b8ab9427-627b-469f-bfd0-4b1buser0001', '2022-08-08', 'Y');
INSERT INTO sys_field(id, colName, showName, objectType, dataType, htmlType, fieldType, displayWidth, remark, defaultValue, defaultRule, extendClass, layout, showMobile, isCommon, parentId, isValid, orderNum, creatorId, createdTime, modifyId, modifyTime, isDBField) VALUES ('9c3fb515-8c2b-4345-9fe7-a928e26a7ca6', 'testAuditorId', '测试审核人', 'BUG', 'varchar', 'USER', 'S', '120', '', NULL, '{"isRecorded":"N","userIsMul":"","isRequired":"N","userDefaultRule":"N"}', '', 'T', NULL, 'N', '', 'Y', '159', 'b8ab9427-627b-469f-bfd0-4b1buser0001', '2022-08-08', 'b8ab9427-627b-469f-bfd0-4b1buser0001', '2022-08-08', 'Y');
INSERT INTO sys_field(id, colName, showName, objectType, dataType, htmlType, fieldType, displayWidth, remark, defaultValue, defaultRule, extendClass, layout, showMobile, isCommon, parentId, isValid, orderNum, creatorId, createdTime, modifyId, modifyTime, isDBField) VALUES ('9cdb4a64-b4a6-4d7d-90bb-f40f81edf158', 'auditRemark', '审批意见', 'BUG', 'varchar', 'AREA', 'S', '120', '', '', '{"areaLength":"1024","areaIsLimit":"Y","areaRows":"8","isRecorded":"Y","isRequired":"Y"}', '', 'F', NULL, 'N', '', 'Y', '167', 'b8ab9427-627b-469f-bfd0-4b1buser0001', '2022-08-08', 'b8ab9427-627b-469f-bfd0-4b1buser0001', '2022-08-08', 'Y');
INSERT INTO sys_field(id, colName, showName, objectType, dataType, htmlType, fieldType, displayWidth, remark, defaultValue, defaultRule, extendClass, layout, showMobile, isCommon, parentId, isValid, orderNum, creatorId, createdTime, modifyId, modifyTime, isDBField) VALUES ('9e63d6e0-a9d1-4134-a4b6-b1ec4cd1d272', 'departmentId', '归属部门', 'BUG', 'varchar', 'DEPT', 'S', '120', '', NULL, '{"isRecorded":"N","deptDefaultRule":"N","isRequired":"N"}', '', 'T', NULL, 'N', '', 'Y', '81', 'b8ab9427-627b-469f-bfd0-4b1buser0001', '2022-08-08', 'b8ab9427-627b-469f-bfd0-4b1buser0001', '2022-08-08', 'Y');
INSERT INTO sys_field(id, colName, showName, objectType, dataType, htmlType, fieldType, displayWidth, remark, defaultValue, defaultRule, extendClass, layout, showMobile, isCommon, parentId, isValid, orderNum, creatorId, createdTime, modifyId, modifyTime, isDBField) VALUES ('a63ef633-d664-4f21-b654-90290c889f10', 'closeDate', '关闭日期', 'BUG', 'datetime', 'DATE', 'S', '120', '', NULL, '{"isRecorded":"N","dateFormatRule":"YMD","dateDefaultRule":"CD","isRequired":"N"}', '', 'T', NULL, 'N', NULL, 'Y', '140', 'b8ab9427-627b-469f-bfd0-4b1buser0001', '2022-08-08', 'b8ab9427-627b-469f-bfd0-4b1buser0001', '2022-08-08', 'Y');
INSERT INTO sys_field(id, colName, showName, objectType, dataType, htmlType, fieldType, displayWidth, remark, defaultValue, defaultRule, extendClass, layout, showMobile, isCommon, parentId, isValid, orderNum, creatorId, createdTime, modifyId, modifyTime, isDBField) VALUES ('a7c8f97b-e9a0-41dd-92ff-215fa18e142c', 'causeAnalysis', '原因分析', 'BUG', 'varchar', 'AREA', 'S', '120', '', '', '{"areaLength":"2048","areaIsLimit":"Y","areaRows":"8","isRecorded":"N","isRequired":"N"}', '', 'F', NULL, 'N', '', 'Y', '151', 'b8ab9427-627b-469f-bfd0-4b1buser0001', '2022-08-08', 'b8ab9427-627b-469f-bfd0-4b1buser0001', '2022-08-08', 'Y');
INSERT INTO sys_field(id, colName, showName, objectType, dataType, htmlType, fieldType, displayWidth, remark, defaultValue, defaultRule, extendClass, layout, showMobile, isCommon, parentId, isValid, orderNum, creatorId, createdTime, modifyId, modifyTime, isDBField) VALUES ('bd202e86-8dba-4882-a1cc-d6238221f5f1', 'levelId', '优先级', 'BUG', 'varchar', 'SELECT', 'S', '120', '', '', '{"isSeached":"Y","selectSource":"cd127b0a-a988-45b7-9ab7-6c1234f68c3c","setCascade":"","isRecorded":"N","isRequired":"N"}', '', 'T', NULL, 'N', NULL, 'Y', '83', 'b8ab9427-627b-469f-bfd0-4b1buser0001', '2022-08-08', 'b8ab9427-627b-469f-bfd0-4b1buser0001', '2022-08-08', 'Y');
INSERT INTO sys_field(id, colName, showName, objectType, dataType, htmlType, fieldType, displayWidth, remark, defaultValue, defaultRule, extendClass, layout, showMobile, isCommon, parentId, isValid, orderNum, creatorId, createdTime, modifyId, modifyTime, isDBField) VALUES ('c8e56560-e1eb-4124-af9e-3d7ca33323f8', 'age', '缺陷龄期', 'BUG', 'float', 'NUMBER', 'S', '120', '', '', '{"numberMax":"","numberFormat":"D","isRecorded":"N","numberMin":"","numberPrecision":"","isRequired":"N","unitId":""}', '', 'T', NULL, 'N', '', 'Y', '146', 'b8ab9427-627b-469f-bfd0-4b1buser0001', '2022-08-08', 'b8ab9427-627b-469f-bfd0-4b1buser0001', '2022-08-08', 'Y');
INSERT INTO sys_field(id, colName, showName, objectType, dataType, htmlType, fieldType, displayWidth, remark, defaultValue, defaultRule, extendClass, layout, showMobile, isCommon, parentId, isValid, orderNum, creatorId, createdTime, modifyId, modifyTime, isDBField) VALUES ('cd0197b8-6a68-41fa-9e55-38878b772f84', 'creatorId', '创建人', 'BUG', 'varchar', 'USER', 'S', '120', '', NULL, '{"isRecorded":"N","userIsMul":"","isRequired":"N","userDefaultRule":"CS"}', '', 'T', NULL, 'N', '', 'Y', '179', 'b8ab9427-627b-469f-bfd0-4b1buser0001', '2022-08-08', 'b8ab9427-627b-469f-bfd0-4b1buser0001', '2022-08-08', 'Y');
INSERT INTO sys_field(id, colName, showName, objectType, dataType, htmlType, fieldType, displayWidth, remark, defaultValue, defaultRule, extendClass, layout, showMobile, isCommon, parentId, isValid, orderNum, creatorId, createdTime, modifyId, modifyTime, isDBField) VALUES ('da8d25ee-1816-4b11-8393-b48de27b9695', 'locatorId', '定位人', 'BUG', 'varchar', 'USER', 'S', '120', '', NULL, '{"isRecorded":"N","userIsMul":"","isRequired":"N","userDefaultRule":"N"}', '', 'T', NULL, 'N', '', 'Y', '130', 'b8ab9427-627b-469f-bfd0-4b1buser0001', '2022-08-08', 'b8ab9427-627b-469f-bfd0-4b1buser0001', '2022-08-08', 'Y');
INSERT INTO sys_field(id, colName, showName, objectType, dataType, htmlType, fieldType, displayWidth, remark, defaultValue, defaultRule, extendClass, layout, showMobile, isCommon, parentId, isValid, orderNum, creatorId, createdTime, modifyId, modifyTime, isDBField) VALUES ('dbf2828b-3f67-4d03-a447-ab69a30a6d76', 'regressionRemark', '回归测试建议', 'BUG', 'varchar', 'AREA', 'S', '120', '', '', '{"areaLength":"2048","areaIsLimit":"Y","areaRows":"8","isRecorded":"N","isRequired":"N"}', '', 'F', NULL, 'N', '', 'Y', '152', 'b8ab9427-627b-469f-bfd0-4b1buser0001', '2022-08-08', 'b8ab9427-627b-469f-bfd0-4b1buser0001', '2022-08-08', 'Y');
INSERT INTO sys_field(id, colName, showName, objectType, dataType, htmlType, fieldType, displayWidth, remark, defaultValue, defaultRule, extendClass, layout, showMobile, isCommon, parentId, isValid, orderNum, creatorId, createdTime, modifyId, modifyTime, isDBField) VALUES ('dee073b1-9f03-4231-ae2c-679dc31131dc', 'solveDate', '解决日期', 'BUG', 'datetime', 'DATE', 'S', '120', '', NULL, '{"isRecorded":"N","dateFormatRule":"YMD","dateDefaultRule":"CD","isRequired":"N"}', '', 'T', NULL, 'N', NULL, 'Y', '134', 'b8ab9427-627b-469f-bfd0-4b1buser0001', '2022-08-08', 'b8ab9427-627b-469f-bfd0-4b1buser0001', '2022-08-08', 'Y');
INSERT INTO sys_field(id, colName, showName, objectType, dataType, htmlType, fieldType, displayWidth, remark, defaultValue, defaultRule, extendClass, layout, showMobile, isCommon, parentId, isValid, orderNum, creatorId, createdTime, modifyId, modifyTime, isDBField) VALUES ('df25b50a-b71b-452f-9a13-a93037b3c10b', 'severityId', '严重级别', 'BUG', 'varchar', 'SELECT', 'S', '120', '', '', '{"isSeached":"Y","selectSource":"cc36e5a5-ca75-4291-b900-3713c00d8bbb","setCascade":"","isRecorded":"N","isRequired":"N"}', '', 'T', NULL, 'N', NULL, 'Y', '85', 'b8ab9427-627b-469f-bfd0-4b1buser0001', '2022-08-08', 'b8ab9427-627b-469f-bfd0-4b1buser0001', '2022-08-08', 'Y');
INSERT INTO sys_field(id, colName, showName, objectType, dataType, htmlType, fieldType, displayWidth, remark, defaultValue, defaultRule, extendClass, layout, showMobile, isCommon, parentId, isValid, orderNum, creatorId, createdTime, modifyId, modifyTime, isDBField) VALUES ('df455788-9167-4edb-aacd-d2fdf4e77659', 'verifierId', '验证人', 'BUG', 'varchar', 'USER', 'S', '120', '', NULL, '{"isRecorded":"N","userIsMul":"","isRequired":"N","userDefaultRule":"N"}', '', 'T', NULL, 'N', '', 'Y', '137', 'b8ab9427-627b-469f-bfd0-4b1buser0001', '2022-08-08', 'b8ab9427-627b-469f-bfd0-4b1buser0001', '2022-08-08', 'Y');
INSERT INTO sys_field(id, colName, showName, objectType, dataType, htmlType, fieldType, displayWidth, remark, defaultValue, defaultRule, extendClass, layout, showMobile, isCommon, parentId, isValid, orderNum, creatorId, createdTime, modifyId, modifyTime, isDBField) VALUES ('e04ed17e-8b86-40a3-a497-d750ea19d30a', 'isDemo', '典型缺陷', 'BUG', 'varchar', 'RADIO', 'S', '120', '', '', '{"isRecorded":"N","isRequired":"N","radioSource":"e72d30a2-ed66-42ff-90ff-b5b01e832693"}', '', 'T', NULL, 'N', NULL, 'Y', '86', 'b8ab9427-627b-469f-bfd0-4b1buser0001', '2022-08-08', 'b8ab9427-627b-469f-bfd0-4b1buser0001', '2022-08-08', 'Y');
INSERT INTO sys_field(id, colName, showName, objectType, dataType, htmlType, fieldType, displayWidth, remark, defaultValue, defaultRule, extendClass, layout, showMobile, isCommon, parentId, isValid, orderNum, creatorId, createdTime, modifyId, modifyTime, isDBField) VALUES ('e2d06427-2701-4f87-8fae-f2bfc556eb27', 'entityStatusId', '实体状态', 'BUG', 'varchar', 'SELECT', 'S', '120', '', '', '{"isSeached":"Y","selectSource":"a78a2512-176c-46a5-8ce6-74601afb3fc9","setCascade":"","isRecorded":"N","isRequired":"N"}', '', 'T', NULL, 'N', NULL, 'Y', '102', 'b8ab9427-627b-469f-bfd0-4b1buser0001', '2022-08-08', 'b8ab9427-627b-469f-bfd0-4b1buser0001', '2022-08-08', 'Y');
INSERT INTO sys_field(id, colName, showName, objectType, dataType, htmlType, fieldType, displayWidth, remark, defaultValue, defaultRule, extendClass, layout, showMobile, isCommon, parentId, isValid, orderNum, creatorId, createdTime, modifyId, modifyTime, isDBField) VALUES ('e32a1c74-66ed-4ef3-b2c6-ac1b199bb593', 'related', '关联', 'BUG', 'varchar', 'SIGN', 'S', '120', '', NULL, '{"isRecorded":"N","isRequired":"N","signDefaultRule":"ZDY","isShowed":"N"}', 'com.dream.relatedSign.RelatedSign', 'F', NULL, 'N', NULL, 'Y', '172', 'b8ab9427-627b-469f-bfd0-4b1buser0001', '2022-08-08', 'b8ab9427-627b-469f-bfd0-4b1buser0001', '2022-08-08', 'N');
INSERT INTO sys_field(id, colName, showName, objectType, dataType, htmlType, fieldType, displayWidth, remark, defaultValue, defaultRule, extendClass, layout, showMobile, isCommon, parentId, isValid, orderNum, creatorId, createdTime, modifyId, modifyTime, isDBField) VALUES ('ed054ae1-f263-4f5b-8c74-00701862e159', 'realFinishDate', '实际解决日期', 'BUG', 'datetime', 'DATE', 'S', '120', '', NULL, '{"isRecorded":"N","dateDefaultRule":"N","isRequired":"N"}', '', 'T', NULL, 'N', '', 'Y', '121', 'b8ab9427-627b-469f-bfd0-4b1buser0001', '2022-08-08', 'b8ab9427-627b-469f-bfd0-4b1buser0001', '2022-08-08', 'Y');
INSERT INTO sys_field(id, colName, showName, objectType, dataType, htmlType, fieldType, displayWidth, remark, defaultValue, defaultRule, extendClass, layout, showMobile, isCommon, parentId, isValid, orderNum, creatorId, createdTime, modifyId, modifyTime, isDBField) VALUES ('edab1bc3-7dca-488e-aba4-975c68b9b59c', 'probabilityId', '发生概率', 'BUG', 'varchar', 'SELECT', 'S', '120', '', '', '{"isSeached":"Y","selectSource":"ede45bd5-0262-4e91-92b9-c425310aff23","setCascade":"","isRecorded":"N","isRequired":"N"}', '', 'T', NULL, 'N', NULL, 'Y', '84', 'b8ab9427-627b-469f-bfd0-4b1buser0001', '2022-08-08', 'b8ab9427-627b-469f-bfd0-4b1buser0001', '2022-08-08', 'Y');
INSERT INTO sys_field(id, colName, showName, objectType, dataType, htmlType, fieldType, displayWidth, remark, defaultValue, defaultRule, extendClass, layout, showMobile, isCommon, parentId, isValid, orderNum, creatorId, createdTime, modifyId, modifyTime, isDBField) VALUES ('f3749a8a-5883-4d11-94ca-bb1cbf728778', 'verifyDate', '验证日期', 'BUG', 'datetime', 'DATE', 'S', '120', '', NULL, '{"isRecorded":"N","dateFormatRule":"YMD","dateDefaultRule":"CD","isRequired":"N"}', '', 'T', NULL, 'N', NULL, 'Y', '139', 'b8ab9427-627b-469f-bfd0-4b1buser0001', '2022-08-08', 'b8ab9427-627b-469f-bfd0-4b1buser0001', '2022-08-08', 'Y');
INSERT INTO sys_field(id, colName, showName, objectType, dataType, htmlType, fieldType, displayWidth, remark, defaultValue, defaultRule, extendClass, layout, showMobile, isCommon, parentId, isValid, orderNum, creatorId, createdTime, modifyId, modifyTime, isDBField) VALUES ('f5ac3011-b3ba-4976-b58e-12380e35c1df', 'signRemark', '会签描述', 'BUG', 'varchar', 'AREA', 'S', '120', '', '', '{"areaLength":"2048","areaIsLimit":"Y","areaRows":"8","isRecorded":"Y","isRequired":"N"}', '', 'F', NULL, 'N', '', 'Y', '154', 'b8ab9427-627b-469f-bfd0-4b1buser0001', '2022-08-08', 'b8ab9427-627b-469f-bfd0-4b1buser0001', '2022-08-08', 'Y');
INSERT INTO sys_field(id, colName, showName, objectType, dataType, htmlType, fieldType, displayWidth, remark, defaultValue, defaultRule, extendClass, layout, showMobile, isCommon, parentId, isValid, orderNum, creatorId, createdTime, modifyId, modifyTime, isDBField) VALUES ('fba45d89-ef08-4b79-813c-9f703d4f869a', 'remark', '描述', 'BUG', 'varchar', 'AREA', 'S', '120', '', '', '{"areaLength":"2048","areaIsLimit":"Y","areaRows":"8","isRecorded":"N","isRequired":"N"}', '', 'F', NULL, 'N', NULL, 'Y', '104', 'b8ab9427-627b-469f-bfd0-4b1buser0001', '2022-08-08', 'b8ab9427-627b-469f-bfd0-4b1buser0001', '2022-08-08', 'Y');
INSERT INTO sys_field(id, colName, showName, objectType, dataType, htmlType, fieldType, displayWidth, remark, defaultValue, defaultRule, extendClass, layout, showMobile, isCommon, parentId, isValid, orderNum, creatorId, createdTime, modifyId, modifyTime, isDBField) VALUES ('fbd98d79-223b-4dbb-9bb9-f61fc2f6d421', 'moduleId', '所属模块', 'BUG', 'varchar', 'SELECT', 'S', '120', '', '', '{"selectSource":"","setCascade":"","isRecorded":"N","isRequired":"N"}', '', 'T', NULL, 'N', '', 'N', '149', 'b8ab9427-627b-469f-bfd0-4b1buser0001', '2022-08-08', 'b8ab9427-627b-469f-bfd0-4b1buser0001', '2022-08-08', 'Y');

INSERT INTO sys_fieldnum(id, objectType, fieldId, orderNum) VALUES ('90f32c53-ddd0-4f0b-be82-46db2f41b600', 'BUG', '8efe7acd-ba5d-40fa-a34e-3094a7e88cd1', '66');
INSERT INTO sys_fieldnum(id, objectType, fieldId, orderNum) VALUES ('57c39207-cbb2-41c6-86c7-51c377d502e0', 'BUG', '72c968ea-14f1-4cec-9418-32f234d30dfe', '69');
INSERT INTO sys_fieldnum(id, objectType, fieldId, orderNum) VALUES ('020f046a-a082-42bf-8d30-8cf36e10a0c4', 'BUG', '5337ad8b-18f5-4dd9-88fc-6296d48bb55c', '76');
INSERT INTO sys_fieldnum(id, objectType, fieldId, orderNum) VALUES ('7446f353-0c4e-404b-a08f-caaa3297f0d5', 'BUG', '7d964168-aad1-44ba-8a8b-d1a6bbd42cdd', '79');
INSERT INTO sys_fieldnum(id, objectType, fieldId, orderNum) VALUES ('f3cc94d9-992d-4b2d-ad86-d7675fcbfc4e', 'BUG', '9e63d6e0-a9d1-4134-a4b6-b1ec4cd1d272', '81');
INSERT INTO sys_fieldnum(id, objectType, fieldId, orderNum) VALUES ('c150cd5f-0533-408c-8d27-4a22cd22fd52', 'BUG', '01170613-855f-4b25-88b1-4d4fbcadcaf6', '82');
INSERT INTO sys_fieldnum(id, objectType, fieldId, orderNum) VALUES ('b897f38a-1671-46fb-b05d-ddd6bd32a252', 'BUG', 'bd202e86-8dba-4882-a1cc-d6238221f5f1', '83');
INSERT INTO sys_fieldnum(id, objectType, fieldId, orderNum) VALUES ('90c8fc86-5315-4f73-b099-e6a8cd9bf54f', 'BUG', 'edab1bc3-7dca-488e-aba4-975c68b9b59c', '84');
INSERT INTO sys_fieldnum(id, objectType, fieldId, orderNum) VALUES ('50fc0905-af5b-4fa4-bad2-46387cc66542', 'BUG', 'df25b50a-b71b-452f-9a13-a93037b3c10b', '85');
INSERT INTO sys_fieldnum(id, objectType, fieldId, orderNum) VALUES ('ed7345e1-701f-401a-a4a9-4f627d8fe184', 'BUG', 'e04ed17e-8b86-40a3-a497-d750ea19d30a', '86');
INSERT INTO sys_fieldnum(id, objectType, fieldId, orderNum) VALUES ('e961b662-6a06-4b5d-a567-ccb5aa22f0c5', 'BUG', '5507e37f-2c6f-4bc9-8ea3-a44bd32b8dbf', '101');
INSERT INTO sys_fieldnum(id, objectType, fieldId, orderNum) VALUES ('eea8dd39-bb85-42b5-9530-b90adb01d318', 'BUG', 'e2d06427-2701-4f87-8fae-f2bfc556eb27', '102');
INSERT INTO sys_fieldnum(id, objectType, fieldId, orderNum) VALUES ('f4280dbc-ac80-4b7b-9d51-08eea53885ac', 'BUG', 'fba45d89-ef08-4b79-813c-9f703d4f869a', '104');
INSERT INTO sys_fieldnum(id, objectType, fieldId, orderNum) VALUES ('e0edcb25-1739-4d5e-94bc-af6d25c34881', 'BUG', '5d79ee44-bc5e-417f-baf7-70717ce7c2ff', '105');
INSERT INTO sys_fieldnum(id, objectType, fieldId, orderNum) VALUES ('dabf7959-7b5a-4e23-9963-60527470c997', 'BUG', '7a5f622d-7168-4974-905e-b2f4fbadd58c', '108');
INSERT INTO sys_fieldnum(id, objectType, fieldId, orderNum) VALUES ('b14cf9c4-a69a-449c-9a99-4aae7f019cec', 'BUG', 'ed054ae1-f263-4f5b-8c74-00701862e159', '121');
INSERT INTO sys_fieldnum(id, objectType, fieldId, orderNum) VALUES ('7608d956-fa57-45a7-b8f3-54c0baa919ae', 'BUG', '7d2ccc13-0e5b-47b4-9d73-584ba9aedffe', '122');
INSERT INTO sys_fieldnum(id, objectType, fieldId, orderNum) VALUES ('753a56bf-08ed-49c4-9e23-1c8835fe0790', 'BUG', '1913968f-87d6-43c7-97c7-1be6e7efa002', '123');
INSERT INTO sys_fieldnum(id, objectType, fieldId, orderNum) VALUES ('eba13e9b-5234-4cad-a462-e9163fdaef5c', 'BUG', 'da8d25ee-1816-4b11-8393-b48de27b9695', '130');
INSERT INTO sys_fieldnum(id, objectType, fieldId, orderNum) VALUES ('a0e3c346-a990-4e98-b5a4-0b41a2654cac', 'BUG', '19c80298-03b2-49f8-aefb-2dd94f5ccb8d', '131');
INSERT INTO sys_fieldnum(id, objectType, fieldId, orderNum) VALUES ('39129fae-a7a0-4ae9-b3f1-23e7c6d0531c', 'BUG', '9166012f-b99c-46a7-a45f-fe6983a7fab5', '133');
INSERT INTO sys_fieldnum(id, objectType, fieldId, orderNum) VALUES ('e1459937-3bb5-429e-89e6-92858dc41ffe', 'BUG', 'dee073b1-9f03-4231-ae2c-679dc31131dc', '134');
INSERT INTO sys_fieldnum(id, objectType, fieldId, orderNum) VALUES ('16e91461-7c0a-4e06-bc52-726d3de33bae', 'BUG', 'df455788-9167-4edb-aacd-d2fdf4e77659', '137');
INSERT INTO sys_fieldnum(id, objectType, fieldId, orderNum) VALUES ('25577d5e-4bcf-4848-a347-5406c055c03c', 'BUG', 'f3749a8a-5883-4d11-94ca-bb1cbf728778', '139');
INSERT INTO sys_fieldnum(id, objectType, fieldId, orderNum) VALUES ('395d83ee-4276-4010-a4fb-fc8965bf58fe', 'BUG', 'a63ef633-d664-4f21-b654-90290c889f10', '140');
INSERT INTO sys_fieldnum(id, objectType, fieldId, orderNum) VALUES ('911cc6a2-7087-49d7-936b-9615712f2319', 'BUG', 'c8e56560-e1eb-4124-af9e-3d7ca33323f8', '146');
INSERT INTO sys_fieldnum(id, objectType, fieldId, orderNum) VALUES ('3b6c9c07-b649-473f-8742-8d9013852c83', 'BUG', 'fbd98d79-223b-4dbb-9bb9-f61fc2f6d421', '149');
INSERT INTO sys_fieldnum(id, objectType, fieldId, orderNum) VALUES ('ddcf443d-a85b-4432-ab73-0b692be4312a', 'BUG', 'a7c8f97b-e9a0-41dd-92ff-215fa18e142c', '151');
INSERT INTO sys_fieldnum(id, objectType, fieldId, orderNum) VALUES ('cca73040-72ee-48ec-8ccc-4b1ddb633f66', 'BUG', 'dbf2828b-3f67-4d03-a447-ab69a30a6d76', '152');
INSERT INTO sys_fieldnum(id, objectType, fieldId, orderNum) VALUES ('df23b3b0-e46e-423d-b58b-b4f8176c9a2b', 'BUG', '82ba0252-837b-44cc-87fa-c1f3facf013a', '153');
INSERT INTO sys_fieldnum(id, objectType, fieldId, orderNum) VALUES ('824b54b5-d8fc-4767-8f9d-602fc8a8bf8b', 'BUG', 'f5ac3011-b3ba-4976-b58e-12380e35c1df', '154');
INSERT INTO sys_fieldnum(id, objectType, fieldId, orderNum) VALUES ('edffab4f-bd1e-4546-9d92-28902b360f97', 'BUG', '28f145b6-c251-4911-9f62-60b92c1b8c64', '157');
INSERT INTO sys_fieldnum(id, objectType, fieldId, orderNum) VALUES ('0f23ce9c-7e9a-45b5-87e0-6de0ffd94fd2', 'BUG', '9c3fb515-8c2b-4345-9fe7-a928e26a7ca6', '159');
INSERT INTO sys_fieldnum(id, objectType, fieldId, orderNum) VALUES ('e5cdbb35-d3d4-4b88-8943-37d1d0e20a9b', 'BUG', '884f8af5-700d-4eb0-ac51-d485b7b94dc9', '161');
INSERT INTO sys_fieldnum(id, objectType, fieldId, orderNum) VALUES ('ac5ae5e2-1099-4b40-90ab-df16ed39e846', 'BUG', '5fe1806c-6b6f-4579-9726-be66d546a350', '163');
INSERT INTO sys_fieldnum(id, objectType, fieldId, orderNum) VALUES ('9544c30f-c16f-41b2-90fa-9f412df117b7', 'BUG', '5d0015d7-d70a-411f-9b63-233fd1facc06', '165');
INSERT INTO sys_fieldnum(id, objectType, fieldId, orderNum) VALUES ('0261aaad-95d0-4139-87cd-ad649dc0f821', 'BUG', '9cdb4a64-b4a6-4d7d-90bb-f40f81edf158', '167');
INSERT INTO sys_fieldnum(id, objectType, fieldId, orderNum) VALUES ('b63e33fd-5f13-4de4-9938-a52e832e1f55', 'BUG', '090e0251-8b60-4829-9630-9957140b3317', '170');
INSERT INTO sys_fieldnum(id, objectType, fieldId, orderNum) VALUES ('a617d6a6-b9c3-432d-9c82-840139e4ff77', 'BUG', '9224b445-5c14-46eb-80f9-f1bbe6f8c26a', '171');
INSERT INTO sys_fieldnum(id, objectType, fieldId, orderNum) VALUES ('74d84264-69ce-4cf5-91c0-a2ea3ffed606', 'BUG', 'e32a1c74-66ed-4ef3-b2c6-ac1b199bb593', '172');
INSERT INTO sys_fieldnum(id, objectType, fieldId, orderNum) VALUES ('08bbc5db-aeb4-4f74-afd6-a07e3d9210e1', 'BUG', 'cd0197b8-6a68-41fa-9e55-38878b772f84', '179');
INSERT INTO sys_fieldnum(id, objectType, fieldId, orderNum) VALUES ('cd1da233-3c0c-4af7-85e1-e9cdcd926350', 'BUG', '9a3acc36-6a6a-475c-ba26-84cc3ef22bf0', '181');
INSERT INTO sys_fieldnum(id, objectType, fieldId, orderNum) VALUES ('44d09e04-8f25-481f-a020-d4ce48837415', 'BUG', '0771c4d3-e0b9-4cdf-be5c-1b276ab7459f', '184');
INSERT INTO sys_fieldnum(id, objectType, fieldId, orderNum) VALUES ('5e23c074-4991-4bdd-a54f-7c3cff88355c', 'BUG', '8c9b020c-e14e-4b23-b9b5-959cb4e83e7b', '185');

INSERT INTO sys_datasource(id, objectType, name, val, isSystem, remark, isValid, orderNum, creatorId, createdTime, modifyId, modifyTime, linkFieldId) VALUES ('9ba5460b-0717-4773-abda-addd82cc7327', 'BUG', '类型', NULL, 'Y', NULL, 'Y', '47', 'b8ab9427-627b-469f-bfd0-4b1buser0012', '2022-11-18 13:54:32', 'd6739e78-30db-42fb-92d7-36f683f66e9c', '2023-03-02 10:23:41', '01170613-855f-4b25-88b1-4d4fbcadcaf6');
INSERT INTO sys_datasource(id, objectType, name, val, isSystem, remark, isValid, orderNum, creatorId, createdTime, modifyId, modifyTime, linkFieldId) VALUES ('cc36e5a5-ca75-4291-b900-3713c00d8bbb', 'BUG', '严重级别', NULL, 'Y', NULL, 'Y', '48', 'b8ab9427-627b-469f-bfd0-4b1buser0012', '2022-11-18 14:02:16', 'd6739e78-30db-42fb-92d7-36f683f66e9c', '2023-03-02 10:31:54', 'df25b50a-b71b-452f-9a13-a93037b3c10b');
INSERT INTO sys_datasource(id, objectType, name, val, isSystem, remark, isValid, orderNum, creatorId, createdTime, modifyId, modifyTime, linkFieldId) VALUES ('ede45bd5-0262-4e91-92b9-c425310aff23', 'BUG', '发生概率', NULL, 'Y', NULL, 'Y', '49', 'd6739e78-30db-42fb-92d7-36f683f66e9c', '2023-03-02 10:39:20', 'd6739e78-30db-42fb-92d7-36f683f66e9c', '2023-03-02 10:39:20', 'edab1bc3-7dca-488e-aba4-975c68b9b59c');
INSERT INTO sys_datasource(id, objectType, name, val, isSystem, remark, isValid, orderNum, creatorId, createdTime, modifyId, modifyTime, linkFieldId) VALUES ('cd127b0a-a988-45b7-9ab7-6c1234f68c3c', 'BUG', '优先级', NULL, 'Y', NULL, 'Y', '50', 'd6739e78-30db-42fb-92d7-36f683f66e9c', '2023-03-02 10:41:06', 'd6739e78-30db-42fb-92d7-36f683f66e9c', '2023-03-02 10:41:06', 'bd202e86-8dba-4882-a1cc-d6238221f5f1');
INSERT INTO sys_datasource(id, objectType, name, val, isSystem, remark, isValid, orderNum, creatorId, createdTime, modifyId, modifyTime, linkFieldId) VALUES ('e72d30a2-ed66-42ff-90ff-b5b01e832693', 'BUG', '典型缺陷', NULL, 'Y', NULL, 'Y', '51', 'd6739e78-30db-42fb-92d7-36f683f66e9c', '2023-03-02 10:42:01', 'd6739e78-30db-42fb-92d7-36f683f66e9c', '2023-03-02 10:42:01', 'e04ed17e-8b86-40a3-a497-d750ea19d30a');
INSERT INTO sys_datasource(id, objectType, name, val, isSystem, remark, isValid, orderNum, creatorId, createdTime, modifyId, modifyTime, linkFieldId) VALUES ('a78a2512-176c-46a5-8ce6-74601afb3fc9', 'BUG', '实体状态', NULL, 'Y', NULL, 'Y', '52', 'd6739e78-30db-42fb-92d7-36f683f66e9c', '2023-03-02 10:42:34', 'd6739e78-30db-42fb-92d7-36f683f66e9c', '2023-03-02 10:42:34', 'e2d06427-2701-4f87-8fae-f2bfc556eb27');
INSERT INTO sys_datasource(id, objectType, name, val, isSystem, remark, isValid, orderNum, creatorId, createdTime, modifyId, modifyTime, linkFieldId) VALUES ('00a2014f-1f87-46ab-98ec-4837713e92cb', 'BUG', '会签意见', NULL, 'Y', NULL, 'Y', '57', 'b8ab9427-627b-469f-bfd0-4b1buser0003', '2022-12-21 13:45:21', 'd6739e78-30db-42fb-92d7-36f683f66e9c', '2023-03-02 10:23:01', '82ba0252-837b-44cc-87fa-c1f3facf013a');

INSERT INTO sys_dataoption(id, objectType, name, dataBaseId, parentId, isSystem, remark, bgColor, fColor, isValid, orderNum, creatorId, createdTime, modifyId, modifyTime) VALUES ('93979b20-f7bf-4621-af5f-67b8c009afb9', 'BUG', '同意', '00a2014f-1f87-46ab-98ec-4837713e92cb', '', 'Y', NULL, '', '', 'Y', '196', 'b8ab9427-627b-469f-bfd0-4b1buser0003', '2022-12-21 13:45:31', 'b8ab9427-627b-469f-bfd0-4b1buser0003', '2022-12-21 13:45:31');
INSERT INTO sys_dataoption(id, objectType, name, dataBaseId, parentId, isSystem, remark, bgColor, fColor, isValid, orderNum, creatorId, createdTime, modifyId, modifyTime) VALUES ('3bc8667d-2d81-4a37-adcc-83d80356ac6d', 'BUG', '拒绝', '00a2014f-1f87-46ab-98ec-4837713e92cb', '', 'Y', NULL, '', '', 'Y', '197', 'b8ab9427-627b-469f-bfd0-4b1buser0003', '2022-12-21 13:45:38', 'b8ab9427-627b-469f-bfd0-4b1buser0003', '2022-12-21 13:45:38');
INSERT INTO sys_dataoption(id, objectType, name, dataBaseId, parentId, isSystem, remark, bgColor, fColor, isValid, orderNum, creatorId, createdTime, modifyId, modifyTime) VALUES ('72a236bb-9bba-4a77-a04b-e238e9822f5e', 'BUG', '保留意见', '00a2014f-1f87-46ab-98ec-4837713e92cb', '', 'Y', NULL, '', '', 'Y', '198', 'b8ab9427-627b-469f-bfd0-4b1buser0003', '2022-12-21 13:45:44', 'b8ab9427-627b-469f-bfd0-4b1buser0003', '2022-12-21 13:45:44');
INSERT INTO sys_dataoption(id, objectType, name, dataBaseId, parentId, isSystem, remark, bgColor, fColor, isValid, orderNum, creatorId, createdTime, modifyId, modifyTime) VALUES ('b00eca0f-c3b1-4f49-b0ee-3c679815ee08', 'BUG', '功能类', '9ba5460b-0717-4773-abda-addd82cc7327', '', 'Y', NULL, '', '', 'Y', '170', 'b8ab9427-627b-469f-bfd0-4b1buser0012', '2022-11-18 14:01:42', 'b8ab9427-627b-469f-bfd0-4b1buser0012', '2022-11-18 14:01:42');
INSERT INTO sys_dataoption(id, objectType, name, dataBaseId, parentId, isSystem, remark, bgColor, fColor, isValid, orderNum, creatorId, createdTime, modifyId, modifyTime) VALUES ('7eb7f968-f9aa-443c-aa41-50f46994f3d9', 'BUG', '接口类', '9ba5460b-0717-4773-abda-addd82cc7327', '', 'Y', NULL, '', '', 'Y', '171', 'b8ab9427-627b-469f-bfd0-4b1buser0012', '2022-11-18 14:01:47', 'b8ab9427-627b-469f-bfd0-4b1buser0012', '2022-11-18 14:01:47');
INSERT INTO sys_dataoption(id, objectType, name, dataBaseId, parentId, isSystem, remark, bgColor, fColor, isValid, orderNum, creatorId, createdTime, modifyId, modifyTime) VALUES ('1b9ecb0d-72eb-4a92-9fe5-0cca07fb0829', 'BUG', '逻辑类', '9ba5460b-0717-4773-abda-addd82cc7327', '', 'Y', NULL, '', '', 'Y', '172', 'b8ab9427-627b-469f-bfd0-4b1buser0012', '2022-11-18 14:01:57', 'b8ab9427-627b-469f-bfd0-4b1buser0012', '2022-11-18 14:01:57');
INSERT INTO sys_dataoption(id, objectType, name, dataBaseId, parentId, isSystem, remark, bgColor, fColor, isValid, orderNum, creatorId, createdTime, modifyId, modifyTime) VALUES ('239aff94-09ce-4515-99ad-44e785682f39', 'BUG', '数据类', '9ba5460b-0717-4773-abda-addd82cc7327', '', 'Y', NULL, '', '', 'Y', '173', 'b8ab9427-627b-469f-bfd0-4b1buser0012', '2022-11-18 14:02:03', 'b8ab9427-627b-469f-bfd0-4b1buser0012', '2022-11-18 14:02:03');
INSERT INTO sys_dataoption(id, objectType, name, dataBaseId, parentId, isSystem, remark, bgColor, fColor, isValid, orderNum, creatorId, createdTime, modifyId, modifyTime) VALUES ('c91bf06d-8f4f-4274-b340-273711e3d197', 'BUG', '新建', 'a78a2512-176c-46a5-8ce6-74601afb3fc9', '', 'Y', NULL, '', '', 'Y', '207', 'd6739e78-30db-42fb-92d7-36f683f66e9c', '2023-03-02 10:44:05', 'd6739e78-30db-42fb-92d7-36f683f66e9c', '2023-03-02 10:44:05');
INSERT INTO sys_dataoption(id, objectType, name, dataBaseId, parentId, isSystem, remark, bgColor, fColor, isValid, orderNum, creatorId, createdTime, modifyId, modifyTime) VALUES ('49af4e42-16bc-4d94-89f4-026cbaec1d8f', 'BUG', '开启', 'a78a2512-176c-46a5-8ce6-74601afb3fc9', '', 'Y', NULL, '', '', 'Y', '208', 'd6739e78-30db-42fb-92d7-36f683f66e9c', '2023-03-02 10:44:17', 'd6739e78-30db-42fb-92d7-36f683f66e9c', '2023-03-02 10:44:17');
INSERT INTO sys_dataoption(id, objectType, name, dataBaseId, parentId, isSystem, remark, bgColor, fColor, isValid, orderNum, creatorId, createdTime, modifyId, modifyTime) VALUES ('3e2f7d97-fa05-4647-98a6-2b38f9bb9965', 'BUG', '定位中', 'a78a2512-176c-46a5-8ce6-74601afb3fc9', '', 'Y', NULL, '', '', 'Y', '209', 'd6739e78-30db-42fb-92d7-36f683f66e9c', '2023-03-02 10:44:30', 'd6739e78-30db-42fb-92d7-36f683f66e9c', '2023-03-02 10:44:30');
INSERT INTO sys_dataoption(id, objectType, name, dataBaseId, parentId, isSystem, remark, bgColor, fColor, isValid, orderNum, creatorId, createdTime, modifyId, modifyTime) VALUES ('c13e0e9f-b19e-47d1-bde4-ebc02c561358', 'BUG', '已解决', 'a78a2512-176c-46a5-8ce6-74601afb3fc9', '', 'Y', NULL, '', '', 'Y', '210', 'd6739e78-30db-42fb-92d7-36f683f66e9c', '2023-03-02 10:44:35', 'd6739e78-30db-42fb-92d7-36f683f66e9c', '2023-03-02 10:44:35');
INSERT INTO sys_dataoption(id, objectType, name, dataBaseId, parentId, isSystem, remark, bgColor, fColor, isValid, orderNum, creatorId, createdTime, modifyId, modifyTime) VALUES ('0ee5f581-9617-435f-a4b7-559dba4b00b8', 'BUG', '待验证', 'a78a2512-176c-46a5-8ce6-74601afb3fc9', '', 'Y', NULL, '', '', 'Y', '211', 'd6739e78-30db-42fb-92d7-36f683f66e9c', '2023-03-02 10:44:44', 'd6739e78-30db-42fb-92d7-36f683f66e9c', '2023-03-02 10:44:44');
INSERT INTO sys_dataoption(id, objectType, name, dataBaseId, parentId, isSystem, remark, bgColor, fColor, isValid, orderNum, creatorId, createdTime, modifyId, modifyTime) VALUES ('faf0e364-f3a6-4c9f-be07-946b1c483780', 'BUG', '关闭', 'a78a2512-176c-46a5-8ce6-74601afb3fc9', '', 'Y', NULL, '', '', 'Y', '212', 'd6739e78-30db-42fb-92d7-36f683f66e9c', '2023-03-02 10:44:48', 'd6739e78-30db-42fb-92d7-36f683f66e9c', '2023-03-02 10:44:48');
INSERT INTO sys_dataoption(id, objectType, name, dataBaseId, parentId, isSystem, remark, bgColor, fColor, isValid, orderNum, creatorId, createdTime, modifyId, modifyTime) VALUES ('9072c5ea-76bc-4daa-9707-4f0c38ecb74c', 'BUG', '拒绝', 'a78a2512-176c-46a5-8ce6-74601afb3fc9', '', 'Y', NULL, '', '', 'Y', '213', 'd6739e78-30db-42fb-92d7-36f683f66e9c', '2023-03-02 10:44:55', 'd6739e78-30db-42fb-92d7-36f683f66e9c', '2023-03-02 10:44:55');
INSERT INTO sys_dataoption(id, objectType, name, dataBaseId, parentId, isSystem, remark, bgColor, fColor, isValid, orderNum, creatorId, createdTime, modifyId, modifyTime) VALUES ('e7d609cd-9cb1-4bf8-b994-99c6df4f5202', 'BUG', '暂停', 'a78a2512-176c-46a5-8ce6-74601afb3fc9', '', 'Y', NULL, '', '', 'Y', '214', 'd6739e78-30db-42fb-92d7-36f683f66e9c', '2023-03-02 10:45:02', 'd6739e78-30db-42fb-92d7-36f683f66e9c', '2023-03-02 10:45:02');
INSERT INTO sys_dataoption(id, objectType, name, dataBaseId, parentId, isSystem, remark, bgColor, fColor, isValid, orderNum, creatorId, createdTime, modifyId, modifyTime) VALUES ('de9594a5-9e61-4f0b-b80b-2f948e43d11e', 'BUG', '致命', 'cc36e5a5-ca75-4291-b900-3713c00d8bbb', '', 'Y', NULL, '', '', 'Y', '174', 'b8ab9427-627b-469f-bfd0-4b1buser0012', '2022-11-18 14:02:40', 'b8ab9427-627b-469f-bfd0-4b1buser0003', '2023-01-03 17:46:37');
INSERT INTO sys_dataoption(id, objectType, name, dataBaseId, parentId, isSystem, remark, bgColor, fColor, isValid, orderNum, creatorId, createdTime, modifyId, modifyTime) VALUES ('152486c8-85a9-47b1-b49d-9ee209725e70', 'BUG', '严重', 'cc36e5a5-ca75-4291-b900-3713c00d8bbb', '', 'Y', NULL, '', '', 'Y', '175', 'b8ab9427-627b-469f-bfd0-4b1buser0012', '2022-11-18 14:02:45', 'b8ab9427-627b-469f-bfd0-4b1buser0012', '2022-11-18 14:02:45');
INSERT INTO sys_dataoption(id, objectType, name, dataBaseId, parentId, isSystem, remark, bgColor, fColor, isValid, orderNum, creatorId, createdTime, modifyId, modifyTime) VALUES ('347d9813-2836-4f96-bfaf-3798d609802d', 'BUG', '一般', 'cc36e5a5-ca75-4291-b900-3713c00d8bbb', '', 'Y', NULL, '', '', 'Y', '176', 'b8ab9427-627b-469f-bfd0-4b1buser0012', '2022-11-18 14:02:51', 'b8ab9427-627b-469f-bfd0-4b1buser0012', '2022-11-18 14:02:51');
INSERT INTO sys_dataoption(id, objectType, name, dataBaseId, parentId, isSystem, remark, bgColor, fColor, isValid, orderNum, creatorId, createdTime, modifyId, modifyTime) VALUES ('99414eca-a0d2-46d7-9813-584c3fcf4574', 'BUG', '提示', 'cc36e5a5-ca75-4291-b900-3713c00d8bbb', '', 'Y', NULL, '', '', 'Y', '177', 'b8ab9427-627b-469f-bfd0-4b1buser0012', '2022-11-18 14:02:55', 'b8ab9427-627b-469f-bfd0-4b1buser0012', '2022-11-18 14:02:55');
INSERT INTO sys_dataoption(id, objectType, name, dataBaseId, parentId, isSystem, remark, bgColor, fColor, isValid, orderNum, creatorId, createdTime, modifyId, modifyTime) VALUES ('9e134b0a-4eab-4be6-8931-da7bb2fae8b9', 'BUG', '高', 'cd127b0a-a988-45b7-9ab7-6c1234f68c3c', '', 'Y', NULL, '', '', 'Y', '202', 'd6739e78-30db-42fb-92d7-36f683f66e9c', '2023-03-02 10:41:12', 'd6739e78-30db-42fb-92d7-36f683f66e9c', '2023-03-02 10:41:12');
INSERT INTO sys_dataoption(id, objectType, name, dataBaseId, parentId, isSystem, remark, bgColor, fColor, isValid, orderNum, creatorId, createdTime, modifyId, modifyTime) VALUES ('23016c7e-c6f3-46de-9804-11b8be3a292d', 'BUG', '中', 'cd127b0a-a988-45b7-9ab7-6c1234f68c3c', '', 'Y', NULL, '', '', 'Y', '203', 'd6739e78-30db-42fb-92d7-36f683f66e9c', '2023-03-02 10:41:16', 'd6739e78-30db-42fb-92d7-36f683f66e9c', '2023-03-02 10:41:16');
INSERT INTO sys_dataoption(id, objectType, name, dataBaseId, parentId, isSystem, remark, bgColor, fColor, isValid, orderNum, creatorId, createdTime, modifyId, modifyTime) VALUES ('4e312428-8cc8-49c5-b482-d7d1454c8ca1', 'BUG', '低', 'cd127b0a-a988-45b7-9ab7-6c1234f68c3c', '', 'Y', NULL, '', '', 'Y', '204', 'd6739e78-30db-42fb-92d7-36f683f66e9c', '2023-03-02 10:41:20', 'd6739e78-30db-42fb-92d7-36f683f66e9c', '2023-03-02 10:41:20');
INSERT INTO sys_dataoption(id, objectType, name, dataBaseId, parentId, isSystem, remark, bgColor, fColor, isValid, orderNum, creatorId, createdTime, modifyId, modifyTime) VALUES ('3fbebd65-b588-4115-832d-aaaf96d3596a', 'BUG', '是', 'e72d30a2-ed66-42ff-90ff-b5b01e832693', '', 'Y', NULL, '', '', 'Y', '205', 'd6739e78-30db-42fb-92d7-36f683f66e9c', '2023-03-02 10:42:08', 'd6739e78-30db-42fb-92d7-36f683f66e9c', '2023-03-02 10:42:08');
INSERT INTO sys_dataoption(id, objectType, name, dataBaseId, parentId, isSystem, remark, bgColor, fColor, isValid, orderNum, creatorId, createdTime, modifyId, modifyTime) VALUES ('1738a864-e748-49af-83b9-33884bf6b0ea', 'BUG', '否', 'e72d30a2-ed66-42ff-90ff-b5b01e832693', '', 'Y', NULL, '', '', 'Y', '206', 'd6739e78-30db-42fb-92d7-36f683f66e9c', '2023-03-02 10:42:12', 'd6739e78-30db-42fb-92d7-36f683f66e9c', '2023-03-02 10:42:12');
INSERT INTO sys_dataoption(id, objectType, name, dataBaseId, parentId, isSystem, remark, bgColor, fColor, isValid, orderNum, creatorId, createdTime, modifyId, modifyTime) VALUES ('28c54f52-e9e8-4f9b-92c9-39d80a9b9da4', 'BUG', '高', 'ede45bd5-0262-4e91-92b9-c425310aff23', '', 'Y', NULL, '', '', 'Y', '199', 'd6739e78-30db-42fb-92d7-36f683f66e9c', '2023-03-02 10:39:50', 'd6739e78-30db-42fb-92d7-36f683f66e9c', '2023-03-02 10:39:50');
INSERT INTO sys_dataoption(id, objectType, name, dataBaseId, parentId, isSystem, remark, bgColor, fColor, isValid, orderNum, creatorId, createdTime, modifyId, modifyTime) VALUES ('0621c000-f5a3-422f-b684-c545f2209c1f', 'BUG', '中', 'ede45bd5-0262-4e91-92b9-c425310aff23', '', 'Y', NULL, '', '', 'Y', '200', 'd6739e78-30db-42fb-92d7-36f683f66e9c', '2023-03-02 10:39:55', 'd6739e78-30db-42fb-92d7-36f683f66e9c', '2023-03-02 10:39:55');
INSERT INTO sys_dataoption(id, objectType, name, dataBaseId, parentId, isSystem, remark, bgColor, fColor, isValid, orderNum, creatorId, createdTime, modifyId, modifyTime) VALUES ('93d039b4-d33c-4652-b744-bd195441879a', 'BUG', '低', 'ede45bd5-0262-4e91-92b9-c425310aff23', '', 'Y', NULL, '', '', 'Y', '201', 'd6739e78-30db-42fb-92d7-36f683f66e9c', '2023-03-02 10:40:00', 'd6739e78-30db-42fb-92d7-36f683f66e9c', '2023-03-02 10:40:00');

INSERT INTO sys_pagelist_rlt(id, pageId, objectType, fieldView, filterCondition, isValid) VALUES ('0101272d-16fb-48b1-a12f-d6d6ab49bb11', '07698511-fa9f-47e2-9f4c-kflowpage006', 'BUG', '{"pageSize":"20","orderBy":"","orderByType":"desc","query":"","view":[{"f":"id","a":"center","w":"60px","t":"ID","r":"","s":false,"h":false,"i":""}]}', '', 'Y');
INSERT INTO sys_pagelist_rlt(id, pageId, objectType, fieldView, filterCondition, isValid) VALUES ('44382da5-70fc-4afe-a46b-9392ca2832b3', '266f8c98-e9f7-420e-bb23-dcbd419e857d', 'BUG', '{"pageSize":"20","orderBy":"","orderByType":"desc","query":"","view":[{"f":"id","a":"center","w":"60px","t":"ID","r":"","s":false,"h":false,"i":""},{"f":"name","a":"left","w":"300px","t":"TEXT","r":"","s":false,"h":false,"i":"8efe7acd-ba5d-40fa-a34e-3094a7e88cd1"},{"f":"code","a":"left","w":"120px","t":"TEXT","r":"","s":false,"h":false,"i":"72c968ea-14f1-4cec-9418-32f234d30dfe"},{"f":"presenterId","a":"left","w":"120px","t":"USER","r":"","s":false,"h":false,"i":"7d2ccc13-0e5b-47b4-9d73-584ba9aedffe"},{"f":"locatorId","a":"left","w":"120px","t":"USER","r":"","s":false,"h":false,"i":"da8d25ee-1816-4b11-8393-b48de27b9695"},{"f":"solverId","a":"left","w":"120px","t":"USER","r":"","s":false,"h":false,"i":"9166012f-b99c-46a7-a45f-fe6983a7fab5"},{"f":"ownerIds","a":"left","w":"120.0px","t":"USER","r":"","s":false,"h":false,"i":"ownerIds"}]}', '', 'Y');
INSERT INTO sys_pagelist_rlt(id, pageId, objectType, fieldView, filterCondition, isValid) VALUES ('73b4db51-6891-43ba-97de-6e8df0b1efe8', '07698511-fa9f-47e2-9f4c-kflowpage002', 'BUG', '{"pageSize":"20","orderBy":"","orderByType":"desc","query":"","view":[{"f":"id","a":"center","w":"60px","t":"ID","r":"","s":false,"h":false,"i":""},{"f":"name","a":"left","w":"300px","t":"TEXT","r":"true","s":"true","h":"true","i":"8efe7acd-ba5d-40fa-a34e-3094a7e88cd1"},{"f":"code","a":"left","w":"120px","t":"TEXT","r":false,"s":false,"h":false,"i":"72c968ea-14f1-4cec-9418-32f234d30dfe"},{"f":"ownerIds","a":"left","w":"120px","t":"USER","r":false,"s":"true","h":"true","i":"ownerIds"},{"f":"statusId","a":"left","w":"120px","t":"SELECT","r":false,"s":false,"h":false,"i":"5507e37f-2c6f-4bc9-8ea3-a44bd32b8dbf"},{"f":"typeId","a":"left","w":"120px","t":"SELECT","r":false,"s":false,"h":false,"i":"01170613-855f-4b25-88b1-4d4fbcadcaf6"},{"f":"severityId","a":"left","w":"120px","t":"SELECT","r":false,"s":false,"h":false,"i":"df25b50a-b71b-452f-9a13-a93037b3c10b"},{"f":"modifyId","a":"left","w":"120px","t":"USER","r":false,"s":false,"h":false,"i":"0771c4d3-e0b9-4cdf-be5c-1b276ab7459f"},{"f":"modifyTime","a":"left","w":"120px","t":"DATE","r":false,"s":false,"h":false,"i":"8c9b020c-e14e-4b23-b9b5-959cb4e83e7b"}]}', '', 'Y');
INSERT INTO sys_pagelist_rlt(id, pageId, objectType, fieldView, filterCondition, isValid) VALUES ('9430bce0-f228-4359-9d66-222be2c86aa6', '8fe9fc77-b0af-4e79-9ce3-3891bf717807', 'BUG', '{"pageSize":"20","orderBy":"","orderByType":"desc","query":"","view":[{"f":"id","a":"center","w":"60px","t":"ID","r":"","s":false,"h":false,"i":""},{"f":"name","a":"left","w":"300px","t":"TEXT","r":"true","s":"true","h":"true","i":"8efe7acd-ba5d-40fa-a34e-3094a7e88cd1"},{"f":"code","a":"left","w":"120px","t":"TEXT","r":false,"s":false,"h":false,"i":"72c968ea-14f1-4cec-9418-32f234d30dfe"},{"f":"ownerIds","a":"left","w":"120px","t":"USER","r":false,"s":"true","h":"true","i":"ownerIds"},{"f":"statusId","a":"left","w":"120px","t":"SELECT","r":false,"s":false,"h":false,"i":"5507e37f-2c6f-4bc9-8ea3-a44bd32b8dbf"},{"f":"typeId","a":"left","w":"120px","t":"SELECT","r":false,"s":false,"h":false,"i":"01170613-855f-4b25-88b1-4d4fbcadcaf6"},{"f":"severityId","a":"left","w":"120px","t":"SELECT","r":false,"s":false,"h":false,"i":"df25b50a-b71b-452f-9a13-a93037b3c10b"},{"f":"cus_d_00005","a":"left","w":"120px","t":"DATE","r":false,"s":false,"h":false,"i":"a851d7fa-af63-453b-b844-2884d38edd46"},{"f":"levelId","a":"left","w":"120px","t":"SELECT","r":false,"s":false,"h":false,"i":"bd202e86-8dba-4882-a1cc-d6238221f5f1"},{"f":"modifyId","a":"left","w":"120px","t":"USER","r":false,"s":false,"h":false,"i":"0771c4d3-e0b9-4cdf-be5c-1b276ab7459f"},{"f":"modifyTime","a":"left","w":"120px","t":"DATE","r":false,"s":false,"h":false,"i":"8c9b020c-e14e-4b23-b9b5-959cb4e83e7b"},{"f":"createdTime","a":"left","w":"120px","t":"DATE","r":false,"s":false,"h":false,"i":"9a3acc36-6a6a-475c-ba26-84cc3ef22bf0"}]}', '', 'Y');
INSERT INTO sys_pagelist_rlt(id, pageId, objectType, fieldView, filterCondition, isValid) VALUES ('a5c61a9e-fc33-41dd-9c13-83419eb16b5c', '774ee11f-20e8-4b29-af65-d21db387a5fd', 'BUG', '{"pageSize":"20","orderBy":"","orderByType":"desc","query":"","view":[{"f":"id","a":"center","w":"60px","t":"ID","r":"","s":false,"h":false,"i":""},{"f":"name","a":"left","w":"300px","t":"TEXT","r":"true","s":"true","h":"true","i":"8efe7acd-ba5d-40fa-a34e-3094a7e88cd1"},{"f":"code","a":"left","w":"120px","t":"TEXT","r":false,"s":false,"h":false,"i":"72c968ea-14f1-4cec-9418-32f234d30dfe"},{"f":"ownerIds","a":"left","w":"120px","t":"USER","r":false,"s":"true","h":"true","i":"ownerIds"},{"f":"statusId","a":"left","w":"120px","t":"SELECT","r":false,"s":false,"h":false,"i":"5507e37f-2c6f-4bc9-8ea3-a44bd32b8dbf"},{"f":"typeId","a":"left","w":"120px","t":"SELECT","r":false,"s":false,"h":false,"i":"01170613-855f-4b25-88b1-4d4fbcadcaf6"},{"f":"severityId","a":"left","w":"120px","t":"SELECT","r":false,"s":false,"h":false,"i":"df25b50a-b71b-452f-9a13-a93037b3c10b"},{"f":"modifyId","a":"left","w":"120px","t":"USER","r":false,"s":false,"h":false,"i":"0771c4d3-e0b9-4cdf-be5c-1b276ab7459f"},{"f":"modifyTime","a":"left","w":"120px","t":"DATE","r":false,"s":false,"h":false,"i":"8c9b020c-e14e-4b23-b9b5-959cb4e83e7b"},{"f":"solverId","a":"left","w":"120.0px","t":"USER","r":false,"s":false,"h":false,"i":"9166012f-b99c-46a7-a45f-fe6983a7fab5"},{"f":"verifierId","a":"left","w":"120.0px","t":"USER","r":false,"s":false,"h":false,"i":"df455788-9167-4edb-aacd-d2fdf4e77659"},{"f":"creatorId","a":"left","w":"120.0px","t":"USER","r":false,"s":false,"h":false,"i":"cd0197b8-6a68-41fa-9e55-38878b772f84"},{"f":"auditorId","a":"left","w":"120.0px","t":"USER","r":false,"s":false,"h":false,"i":"5fe1806c-6b6f-4579-9726-be66d546a350"},{"f":"developAuditorId","a":"left","w":"120.0px","t":"USER","r":false,"s":false,"h":false,"i":"884f8af5-700d-4eb0-ac51-d485b7b94dc9"},{"f":"testAuditorId","a":"left","w":"120.0px","t":"USER","r":false,"s":false,"h":false,"i":"9c3fb515-8c2b-4345-9fe7-a928e26a7ca6"}]}', '', 'Y');
INSERT INTO sys_pagelist_rlt(id, pageId, objectType, fieldView, filterCondition, isValid) VALUES ('c19430b6-db9b-4a4b-a601-fdd8cfd2e4ca', '07698511-fa9f-47e2-9f4c-kflowpage005', 'BUG', '{"pageSize":"20","orderBy":"","orderByType":"desc","query":"","view":[{"f":"id","a":"center","w":"60px","t":"ID","r":"","s":false,"h":false,"i":""},{"f":"name","a":"left","w":"300px","t":"TEXT","r":"true","s":false,"h":false,"i":"8efe7acd-ba5d-40fa-a34e-3094a7e88cd1"},{"f":"code","a":"left","w":"120px","t":"TEXT","r":false,"s":false,"h":false,"i":"72c968ea-14f1-4cec-9418-32f234d30dfe"},{"f":"statusId","a":"left","w":"120px","t":"SELECT","r":"true","s":false,"h":false,"i":"5507e37f-2c6f-4bc9-8ea3-a44bd32b8dbf"},{"f":"ownerIds","a":"left","w":"120px","t":"USER","r":"true","s":false,"h":false,"i":"ownerIds"},{"f":"presenterId","a":"left","w":"120px","t":"USER","r":false,"s":false,"h":false,"i":"7d2ccc13-0e5b-47b4-9d73-584ba9aedffe"},{"f":"typeId","a":"left","w":"120px","t":"SELECT","r":false,"s":false,"h":false,"i":"01170613-855f-4b25-88b1-4d4fbcadcaf6"},{"f":"cus_d_00005","a":"left","w":"120.0px","t":"DATE","r":false,"s":false,"h":false,"i":"a851d7fa-af63-453b-b844-2884d38edd46"},{"f":"cus_n_00001","a":"left","w":"120.0px","t":"NUMBER","r":false,"s":false,"h":false,"i":"edad28b9-d0a1-4422-ace8-7b54e29cd007"}]}', '', 'Y');

INSERT INTO sys_reportchart(id, name, simpleName, status, isCandidate, objectType, chartType, dataFieldId, categoryFieldId, scope, remark, orderNum, isValid, creatorId, createdTime, modifyId, modifyTime, parentId, pjtStatus, isUsePjt, pjtOrderNum, height, width) VALUES ('2373ab44-7695-465a-8c2c-47951cc70001', '缺陷', '缺陷', 'RN', 'Y', 'BUG', 'catalog', '', '', 'P', '', '2', 'Y', 'b8ab9427-627b-469f-bfd0-4b1buser0001', '2022-08-08', 'b8ab9427-627b-469f-bfd0-4b1buser0001', '2022-08-08', '', 'RN', 'Y', '7', '1', '1');
INSERT INTO sys_reportchart(id, name, simpleName, status, isCandidate, objectType, chartType, dataFieldId, categoryFieldId, scope, remark, orderNum, isValid, creatorId, createdTime, modifyId, modifyTime, parentId, pjtStatus, isUsePjt, pjtOrderNum, height, width) VALUES ('31857995-c41d-4ded-96d0-894a2b96c600', '缺陷解决人分布图', '缺陷解决人分布', 'RN', 'Y', 'BUG', 'pie-basic', '9166012f-b99c-46a7-a45f-fe6983a7fab5', '', 'L,P,S', '', '1', 'Y', 'b8ab9427-627b-469f-bfd0-4b1buser0001', '2022-08-08', 'b8ab9427-627b-469f-bfd0-4b1buser0001', '2022-08-08', '2373ab44-7695-465a-8c2c-47951cc70001', 'RN', 'N', '1', NULL, NULL);
INSERT INTO sys_reportchart(id, name, simpleName, status, isCandidate, objectType, chartType, dataFieldId, categoryFieldId, scope, remark, orderNum, isValid, creatorId, createdTime, modifyId, modifyTime, parentId, pjtStatus, isUsePjt, pjtOrderNum, height, width) VALUES ('2373ab44-7695-465a-8c2c-47951cc76c25', '缺陷严重级别分布图', '缺陷严重级别分布', 'RN', 'Y', 'BUG', 'pie-basic', 'df25b50a-b71b-452f-9a13-a93037b3c10b', '', 'L,P,S', '', '4', 'Y', 'b8ab9427-627b-469f-bfd0-4b1buser0001', '2022-08-08', 'b8ab9427-627b-469f-bfd0-4b1buser0001', '2022-08-08', '2373ab44-7695-465a-8c2c-47951cc70001', 'RN', 'N', '2', NULL, NULL);
INSERT INTO sys_reportchart(id, name, simpleName, status, isCandidate, objectType, chartType, dataFieldId, categoryFieldId, scope, remark, orderNum, isValid, creatorId, createdTime, modifyId, modifyTime, parentId, pjtStatus, isUsePjt, pjtOrderNum, height, width) VALUES ('48e833c3-29e7-4cb0-b96b-33af98915d75', '缺陷严重级别-状态对比图', '缺陷严重级别-状态对比', 'RN', 'Y', 'BUG', 'bar-group', 'df25b50a-b71b-452f-9a13-a93037b3c10b', '5507e37f-2c6f-4bc9-8ea3-a44bd32b8dbf', 'L,P,S', '', '6', 'Y', 'b8ab9427-627b-469f-bfd0-4b1buser0001', '2022-08-08', 'b8ab9427-627b-469f-bfd0-4b1buser0001', '2022-08-08', '2373ab44-7695-465a-8c2c-47951cc70001', 'RN', 'N', '3', NULL, NULL);
INSERT INTO sys_reportchart(id, name, simpleName, status, isCandidate, objectType, chartType, dataFieldId, categoryFieldId, scope, remark, orderNum, isValid, creatorId, createdTime, modifyId, modifyTime, parentId, pjtStatus, isUsePjt, pjtOrderNum, height, width) VALUES ('88fbabe9-4a38-4bf4-94c7-0ec0b6309886', '缺陷提出人-严重级别对比图', '缺陷提出人-严重级别对比', 'RN', 'Y', 'BUG', 'bar-stack', '7d2ccc13-0e5b-47b4-9d73-584ba9aedffe', 'df25b50a-b71b-452f-9a13-a93037b3c10b', 'L,P,S', '', '7', 'Y', 'b8ab9427-627b-469f-bfd0-4b1buser0001', '2022-08-08', 'b8ab9427-627b-469f-bfd0-4b1buser0001', '2022-08-08', '2373ab44-7695-465a-8c2c-47951cc70001', 'RN', 'N', '4', NULL, NULL);
INSERT INTO sys_reportchart(id, name, simpleName, status, isCandidate, objectType, chartType, dataFieldId, categoryFieldId, scope, remark, orderNum, isValid, creatorId, createdTime, modifyId, modifyTime, parentId, pjtStatus, isUsePjt, pjtOrderNum, height, width) VALUES ('f9ac061d-0134-47c3-be23-5d2c6089d75a', '缺陷龄期趋势图', '缺陷龄期趋势', 'RN', 'Y', 'BUG', 'line-basic', 'c8e56560-e1eb-4124-af9e-3d7ca33323f8', '', 'L,P,S', '', '9', 'Y', 'b8ab9427-627b-469f-bfd0-4b1buser0001', '2022-08-08', 'b8ab9427-627b-469f-bfd0-4b1buser0001', '2022-08-08', '2373ab44-7695-465a-8c2c-47951cc70001', 'RN', 'N', '5', NULL, NULL);
INSERT INTO sys_reportchart(id, name, simpleName, status, isCandidate, objectType, chartType, dataFieldId, categoryFieldId, scope, remark, orderNum, isValid, creatorId, createdTime, modifyId, modifyTime, parentId, pjtStatus, isUsePjt, pjtOrderNum, height, width) VALUES ('c5514f39-9f39-453a-8183-54a9e1ab68af', '缺陷重复打开次数趋势图', '缺陷重复打开次数趋势', 'RN', 'Y', 'BUG', 'line-basic', '28f145b6-c251-4911-9f62-60b92c1b8c64', '', 'L,P,S', '', '10', 'Y', 'b8ab9427-627b-469f-bfd0-4b1buser0001', '2022-08-08', 'b8ab9427-627b-469f-bfd0-4b1buser0001', '2022-08-08', '2373ab44-7695-465a-8c2c-47951cc70001', 'RN', 'N', '6', NULL, NULL);
INSERT INTO sys_reportchart(id, name, simpleName, status, isCandidate, objectType, chartType, dataFieldId, categoryFieldId, scope, remark, orderNum, isValid, creatorId, createdTime, modifyId, modifyTime, parentId, pjtStatus, isUsePjt, pjtOrderNum, height, width) VALUES ('47946cbf-e2f1-458b-97ad-eedb2014feb2', '缺陷发现趋势图', '缺陷发现趋势', 'RN', 'Y', 'BUG', 'line-stack', '9a3acc36-6a6a-475c-ba26-84cc3ef22bf0', 'cd0197b8-6a68-41fa-9e55-38878b772f84', 'L,P,S', '', '11', 'Y', 'b8ab9427-627b-469f-bfd0-4b1buser0001', '2022-08-08', 'b8ab9427-627b-469f-bfd0-4b1buser0001', '2022-08-08', '2373ab44-7695-465a-8c2c-47951cc70001', 'RN', 'N', '7', NULL, NULL);
INSERT INTO sys_reportchart(id, name, simpleName, status, isCandidate, objectType, chartType, dataFieldId, categoryFieldId, scope, remark, orderNum, isValid, creatorId, createdTime, modifyId, modifyTime, parentId, pjtStatus, isUsePjt, pjtOrderNum, height, width) VALUES ('71794112-5284-43cf-9fdc-e26b616b6ac9', '缺陷关闭趋势图', '缺陷关闭趋势', 'RN', 'Y', 'BUG', 'line-basic', 'a63ef633-d664-4f21-b654-90290c889f10', '', 'L,P,S', '', '13', 'Y', 'b8ab9427-627b-469f-bfd0-4b1buser0001', '2022-08-08', 'b8ab9427-627b-469f-bfd0-4b1buser0001', '2022-08-08', '2373ab44-7695-465a-8c2c-47951cc70001', 'RN', 'N', '8', NULL, NULL);
/**缺陷相关初始化 END **/

INSERT INTO wf_instance(id, name, objectType, remark, modelId, status, orderNum, isSystem, isValid, isDefault, graphView, tranExeCls, creatorId, createdTime, modifyId, modifyTime, step, title, deploymentId, tempStatus) 
VALUES ('ACT041b9-0c1e-47de-88d3-bb195e084561', '缺陷流程模型_1.0', 'BUG', '', '1', 'IN', '1', 'Y', 'Y', 'Y', CONVERT(varbinary(max), '<svg xmlns="http://www.w3.org/2000/svg" xmlns:oryx="http://oryx-editor.org" id="sid-1E164D4E-4CC5-49EA-911C-5591ECA62E4B" width="937" height="506" xmlns:xlink="http://www.w3.org/1999/xlink" xmlns:svg="http://www.w3.org/2000/svg"><defs><marker id="sid-B4B0DA4B-8D52-4771-863A-1B577213BAFEstart" refX="1" refY="5" markerUnits="userSpaceOnUse" markerWidth="17" markerHeight="11" orient="auto">\n	  		undefined\n			<path id="sid-B4B0DA4B-8D52-4771-863A-1B577213BAFEdefault" d="M 5 0 L 11 10" fill="white" stroke="#b7b5b5" stroke-width="1" display="none"/>\n	  	</marker><marker id="sid-B4B0DA4B-8D52-4771-863A-1B577213BAFEend" refX="9" refY="5" markerUnits="userSpaceOnUse" markerWidth="11" markerHeight="10" orient="auto">\n	  		<path id="sid-B4B0DA4B-8D52-4771-863A-1B577213BAFEarrowhead" d="M 0 1 L 10 5 L 1 9z" fill="#cfcccc" stroke="#cfcccc" stroke-linejoin="round" stroke-width="1"/>\n	  	</marker><marker id="sid-2FB53395-212D-4FAC-B274-B365A9F3E3B8start" refX="1" refY="5" markerUnits="userSpaceOnUse" markerWidth="17" markerHeight="11" orient="auto">\n	  		undefined\n			<path id="sid-2FB53395-212D-4FAC-B274-B365A9F3E3B8default" d="M 5 0 L 11 10" fill="white" stroke="#b7b5b5" stroke-width="1" display="none"/>\n	  	</marker><marker id="sid-2FB53395-212D-4FAC-B274-B365A9F3E3B8end" refX="9" refY="5" markerUnits="userSpaceOnUse" markerWidth="11" markerHeight="10" orient="auto">\n	  		<path id="sid-2FB53395-212D-4FAC-B274-B365A9F3E3B8arrowhead" d="M 0 1 L 10 5 L 1 9z" fill="#cfcccc" stroke="#cfcccc" stroke-linejoin="round" stroke-width="1"/>\n	  	</marker><marker id="sid-A69D473A-ABCB-42B8-9E58-49273E05B107start" refX="1" refY="5" markerUnits="userSpaceOnUse" markerWidth="17" markerHeight="11" orient="auto">\n	  		undefined\n			<path id="sid-A69D473A-ABCB-42B8-9E58-49273E05B107default" d="M 5 0 L 11 10" fill="white" stroke="#b7b5b5" stroke-width="1" display="none"/>\n	  	</marker><marker id="sid-A69D473A-ABCB-42B8-9E58-49273E05B107end" refX="9" refY="5" markerUnits="userSpaceOnUse" markerWidth="11" markerHeight="10" orient="auto">\n	  		<path id="sid-A69D473A-ABCB-42B8-9E58-49273E05B107arrowhead" d="M 0 1 L 10 5 L 1 9z" fill="#cfcccc" stroke="#cfcccc" stroke-linejoin="round" stroke-width="1"/>\n	  	</marker><marker id="sid-2C33DF9A-0FBC-4219-B96E-74233365C8AAstart" refX="1" refY="5" markerUnits="userSpaceOnUse" markerWidth="17" markerHeight="11" orient="auto">\n	  		undefined\n			<path id="sid-2C33DF9A-0FBC-4219-B96E-74233365C8AAdefault" d="M 5 0 L 11 10" fill="white" stroke="#b7b5b5" stroke-width="1" display="none"/>\n	  	</marker><marker id="sid-2C33DF9A-0FBC-4219-B96E-74233365C8AAend" refX="9" refY="5" markerUnits="userSpaceOnUse" markerWidth="11" markerHeight="10" orient="auto">\n	  		<path id="sid-2C33DF9A-0FBC-4219-B96E-74233365C8AAarrowhead" d="M 0 1 L 10 5 L 1 9z" fill="#cfcccc" stroke="#cfcccc" stroke-linejoin="round" stroke-width="1"/>\n	  	</marker><marker id="sid-9EF8BAC8-6153-4E77-BC28-777831EAEFD6start" refX="1" refY="5" markerUnits="userSpaceOnUse" markerWidth="17" markerHeight="11" orient="auto">\n	  		undefined\n			<path id="sid-9EF8BAC8-6153-4E77-BC28-777831EAEFD6default" d="M 5 0 L 11 10" fill="white" stroke="#b7b5b5" stroke-width="1" display="none"/>\n	  	</marker><marker id="sid-9EF8BAC8-6153-4E77-BC28-777831EAEFD6end" refX="9" refY="5" markerUnits="userSpaceOnUse" markerWidth="11" markerHeight="10" orient="auto">\n	  		<path id="sid-9EF8BAC8-6153-4E77-BC28-777831EAEFD6arrowhead" d="M 0 1 L 10 5 L 1 9z" fill="#cfcccc" stroke="#cfcccc" stroke-linejoin="round" stroke-width="1"/>\n	  	</marker><marker id="sid-462F969B-882E-46D6-980C-4050893BE97Bstart" refX="1" refY="5" markerUnits="userSpaceOnUse" markerWidth="17" markerHeight="11" orient="auto">\n	  		undefined\n			<path id="sid-462F969B-882E-46D6-980C-4050893BE97Bdefault" d="M 5 0 L 11 10" fill="white" stroke="#b7b5b5" stroke-width="1" display="none"/>\n	  	</marker><marker id="sid-462F969B-882E-46D6-980C-4050893BE97Bend" refX="9" refY="5" markerUnits="userSpaceOnUse" markerWidth="11" markerHeight="10" orient="auto">\n	  		<path id="sid-462F969B-882E-46D6-980C-4050893BE97Barrowhead" d="M 0 1 L 10 5 L 1 9z" fill="#cfcccc" stroke="#cfcccc" stroke-linejoin="round" stroke-width="1"/>\n	  	</marker><marker id="sid-1B91127D-AF89-4833-8486-929CDEDD7930start" refX="1" refY="5" markerUnits="userSpaceOnUse" markerWidth="17" markerHeight="11" orient="auto">\n	  		undefined\n			<path id="sid-1B91127D-AF89-4833-8486-929CDEDD7930default" d="M 5 0 L 11 10" fill="white" stroke="#b7b5b5" stroke-width="1" display="none"/>\n	  	</marker><marker id="sid-1B91127D-AF89-4833-8486-929CDEDD7930end" refX="9" refY="5" markerUnits="userSpaceOnUse" markerWidth="11" markerHeight="10" orient="auto">\n	  		<path id="sid-1B91127D-AF89-4833-8486-929CDEDD7930arrowhead" d="M 0 1 L 10 5 L 1 9z" fill="#cfcccc" stroke="#cfcccc" stroke-linejoin="round" stroke-width="1"/>\n	  	</marker><marker id="sid-0F17BC13-4A7C-4AA0-A6CD-5DC42A3DFB67start" refX="1" refY="5" markerUnits="userSpaceOnUse" markerWidth="17" markerHeight="11" orient="auto">\n	  		undefined\n			<path id="sid-0F17BC13-4A7C-4AA0-A6CD-5DC42A3DFB67default" d="M 5 0 L 11 10" fill="white" stroke="#b7b5b5" stroke-width="1" display="none"/>\n	  	</marker><marker id="sid-0F17BC13-4A7C-4AA0-A6CD-5DC42A3DFB67end" refX="9" refY="5" markerUnits="userSpaceOnUse" markerWidth="11" markerHeight="10" orient="auto">\n	  		<path id="sid-0F17BC13-4A7C-4AA0-A6CD-5DC42A3DFB67arrowhead" d="M 0 1 L 10 5 L 1 9z" fill="#cfcccc" stroke="#cfcccc" stroke-linejoin="round" stroke-width="1"/>\n	  	</marker><marker id="sid-C1DE7C2E-E1A9-427B-B53C-5F353546E3C7start" refX="1" refY="5" markerUnits="userSpaceOnUse" markerWidth="17" markerHeight="11" orient="auto">\n	  		undefined\n			<path id="sid-C1DE7C2E-E1A9-427B-B53C-5F353546E3C7default" d="M 5 0 L 11 10" fill="white" stroke="#b7b5b5" stroke-width="1" display="none"/>\n	  	</marker><marker id="sid-C1DE7C2E-E1A9-427B-B53C-5F353546E3C7end" refX="9" refY="5" markerUnits="userSpaceOnUse" markerWidth="11" markerHeight="10" orient="auto">\n	  		<path id="sid-C1DE7C2E-E1A9-427B-B53C-5F353546E3C7arrowhead" d="M 0 1 L 10 5 L 1 9z" fill="#cfcccc" stroke="#cfcccc" stroke-linejoin="round" stroke-width="1"/>\n	  	</marker></defs><svg id="underlay-container"/><g stroke="none" font-family="Verdana, sans-serif" font-size-adjust="none" font-style="normal" font-variant="normal" font-weight="normal" line-heigth="normal" font-size="12"><g class="stencils"><g class="me"/><g class="children"><g id="svg-sid-23F94851-76F5-4539-B0AE-2B5D4FB97DAB"><g class="stencils" transform="translate(239.5, 306)"><g class="me"><g pointer-events="fill" id="sid-6D97902A-421A-46E5-8DB6-8E5C03AE3862" title="开始">\n    <circle id="sid-6D97902A-421A-46E5-8DB6-8E5C03AE3862bg_frame" cx="16" cy="16" r="16" stroke="none" fill="url(#sid-6D97902A-421A-46E5-8DB6-8E5C03AE3862image1)" stroke-width="0"/><defs id="sid-6D97902A-421A-46E5-8DB6-8E5C03AE3862_sid-6D97902A-421A-46E5-8DB6-8E5C03AE3862_5"><pattern width="32" height="32" patternUnits="userSpaceOnUse" y="0" x="0" id="sid-6D97902A-421A-46E5-8DB6-8E5C03AE3862image1"><image href="editor-app/images/start.png" height="32" width="32" y="0" x="0" id="sid-6D97902A-421A-46E5-8DB6-8E5C03AE3862_sid-6D97902A-421A-46E5-8DB6-8E5C03AE3862_6"/></pattern></defs> \n	<text font-size="11" id="sid-6D97902A-421A-46E5-8DB6-8E5C03AE3862text_name" x="16" y="38" oryx:align="top center" stroke="#373e48" stroke-width="0pt" letter-spacing="-0.01px" transform="rotate(0 16 38)" oryx:fontSize="11" text-anchor="middle"><tspan dy="11" x="16" y="38">开始</tspan></text>\n  </g></g><g class="children" style="overflow:hidden"/><g class="edge"/></g><g class="controls"><g class="dockers"/><g class="magnets" transform="translate(239.5, 306)"><g pointer-events="all" display="none" transform="translate(8, 8)"><circle cx="8" cy="8" r="4" stroke="none" fill="red" fill-opacity="0.3"/></g></g></g></g><g id="svg-sid-AF6F4C88-5796-4AA2-A0BC-0B10EEF4E646"><g class="stencils" transform="translate(391.5, 306)"><g class="me"><g pointer-events="fill" id="sid-552F95BB-A316-4DC7-B4E9-9DA9C9404A07" title="步骤">\n    <circle id="sid-552F95BB-A316-4DC7-B4E9-9DA9C9404A07bg_frame" cx="16" cy="16" r="16" stroke="none" fill="url(#sid-552F95BB-A316-4DC7-B4E9-9DA9C9404A07image2)" stroke-width="0"/><defs id="sid-552F95BB-A316-4DC7-B4E9-9DA9C9404A07_sid-552F95BB-A316-4DC7-B4E9-9DA9C9404A07_5"><pattern width="32" height="32" patternUnits="userSpaceOnUse" y="0" x="0" id="sid-552F95BB-A316-4DC7-B4E9-9DA9C9404A07image2"><image href="editor-app/images/status.png" height="32" width="32" y="0" x="0" id="sid-552F95BB-A316-4DC7-B4E9-9DA9C9404A07_sid-552F95BB-A316-4DC7-B4E9-9DA9C9404A07_6"/></pattern></defs>\n	<text font-size="11" id="sid-552F95BB-A316-4DC7-B4E9-9DA9C9404A07text_name" x="16" y="38" oryx:align="top center" stroke="#373e48" stroke-width="0pt" letter-spacing="-0.01px" transform="rotate(0 16 38)" oryx:fontSize="11" text-anchor="middle"><tspan dy="11" x="16" y="38">审核确认</tspan></text>\n  </g></g><g class="children" style="overflow:hidden"/><g class="edge"/></g><g class="controls"><g class="dockers"/><g class="magnets" transform="translate(391.5, 306)"><g pointer-events="all" display="none" transform="translate(8, 8)"><circle cx="8" cy="8" r="4" stroke="none" fill="red" fill-opacity="0.3"/></g></g></g></g><g id="svg-sid-6EE040E5-0EE9-4A9F-8194-EB20D9953C18"><g class="stencils" transform="translate(543.5, 306)"><g class="me"><g pointer-events="fill" id="sid-3EA77F8E-3AFC-4A28-A115-B6F9FD251BA2" title="步骤">\n    <circle id="sid-3EA77F8E-3AFC-4A28-A115-B6F9FD251BA2bg_frame" cx="16" cy="16" r="16" stroke="none" fill="url(#sid-3EA77F8E-3AFC-4A28-A115-B6F9FD251BA2image2)" stroke-width="0"/><defs id="sid-3EA77F8E-3AFC-4A28-A115-B6F9FD251BA2_sid-3EA77F8E-3AFC-4A28-A115-B6F9FD251BA2_5"><pattern width="32" height="32" patternUnits="userSpaceOnUse" y="0" x="0" id="sid-3EA77F8E-3AFC-4A28-A115-B6F9FD251BA2image2"><image href="editor-app/images/status.png" height="32" width="32" y="0" x="0" id="sid-3EA77F8E-3AFC-4A28-A115-B6F9FD251BA2_sid-3EA77F8E-3AFC-4A28-A115-B6F9FD251BA2_6"/></pattern></defs>\n	<text font-size="11" id="sid-3EA77F8E-3AFC-4A28-A115-B6F9FD251BA2text_name" x="16" y="38" oryx:align="top center" stroke="#373e48" stroke-width="0pt" letter-spacing="-0.01px" transform="rotate(0 16 38)" oryx:fontSize="11" text-anchor="middle"><tspan dy="11" x="16" y="38">修复中</tspan></text>\n  </g></g><g class="children" style="overflow:hidden"/><g class="edge"/></g><g class="controls"><g class="dockers"/><g class="magnets" transform="translate(543.5, 306)"><g pointer-events="all" display="none" transform="translate(8, 8)"><circle cx="8" cy="8" r="4" stroke="none" fill="red" fill-opacity="0.3"/></g></g></g></g><g id="svg-sid-FF69B27E-6CF6-444A-927D-A3B135E44823"><g class="stencils" transform="translate(695.5, 306)"><g class="me"><g pointer-events="fill" id="sid-404D1F0E-90F6-4A02-9802-4F165DEFA550" title="步骤">\n    <circle id="sid-404D1F0E-90F6-4A02-9802-4F165DEFA550bg_frame" cx="16" cy="16" r="16" stroke="none" fill="url(#sid-404D1F0E-90F6-4A02-9802-4F165DEFA550image2)" stroke-width="0"/><defs id="sid-404D1F0E-90F6-4A02-9802-4F165DEFA550_sid-404D1F0E-90F6-4A02-9802-4F165DEFA550_5"><pattern width="32" height="32" patternUnits="userSpaceOnUse" y="0" x="0" id="sid-404D1F0E-90F6-4A02-9802-4F165DEFA550image2"><image href="editor-app/images/status.png" height="32" width="32" y="0" x="0" id="sid-404D1F0E-90F6-4A02-9802-4F165DEFA550_sid-404D1F0E-90F6-4A02-9802-4F165DEFA550_6"/></pattern></defs>\n	<text font-size="11" id="sid-404D1F0E-90F6-4A02-9802-4F165DEFA550text_name" x="16" y="38" oryx:align="top center" stroke="#373e48" stroke-width="0pt" letter-spacing="-0.01px" transform="rotate(0 16 38)" oryx:fontSize="11" text-anchor="middle"><tspan dy="11" x="16" y="38">回归测试</tspan></text>\n  </g></g><g class="children" style="overflow:hidden"/><g class="edge"/></g><g class="controls"><g class="dockers"/><g class="magnets" transform="translate(695.5, 306)"><g pointer-events="all" display="none" transform="translate(8, 8)"><circle cx="8" cy="8" r="4" stroke="none" fill="red" fill-opacity="0.3"/></g></g></g></g><g id="svg-sid-5B922FBF-8C10-43E8-BA36-30CAD8E55BD2"><g class="stencils" transform="translate(855, 306)"><g class="me"><g pointer-events="fill" id="sid-6B81CB31-4F9C-4CA0-9E97-672E882B8F93" title="结束">\n    <circle id="sid-6B81CB31-4F9C-4CA0-9E97-672E882B8F93bg_frame" cx="16" cy="16" r="16" stroke="none" fill="url(#sid-6B81CB31-4F9C-4CA0-9E97-672E882B8F93image1)" stroke-width="0"/><defs id="sid-6B81CB31-4F9C-4CA0-9E97-672E882B8F93_sid-6B81CB31-4F9C-4CA0-9E97-672E882B8F93_5"><pattern width="32" height="32" patternUnits="userSpaceOnUse" y="0" x="0" id="sid-6B81CB31-4F9C-4CA0-9E97-672E882B8F93image1"><image href="editor-app/images/end.png" height="32" width="32" y="0" x="0" id="sid-6B81CB31-4F9C-4CA0-9E97-672E882B8F93_sid-6B81CB31-4F9C-4CA0-9E97-672E882B8F93_6"/></pattern></defs> \n	<text font-size="11" id="sid-6B81CB31-4F9C-4CA0-9E97-672E882B8F93text_name" x="16" y="38" oryx:align="top center" stroke="#373e48" stroke-width="0pt" letter-spacing="-0.01px" transform="rotate(0 16 38)" oryx:fontSize="11" text-anchor="middle"><tspan dy="11" x="16" y="38">结束</tspan></text>\n  </g></g><g class="children" style="overflow:hidden"/><g class="edge"/></g><g class="controls"><g class="dockers"/><g class="magnets" transform="translate(855, 306)"><g pointer-events="all" display="none" transform="translate(8, 8)"><circle cx="8" cy="8" r="4" stroke="none" fill="red" fill-opacity="0.3"/></g></g></g></g><g id="svg-sid-5ABF7183-067C-4864-8749-A5B3B7D47A59"><g class="stencils" transform="translate(543.5, 165)"><g class="me"><g pointer-events="fill" id="sid-63C2B6F0-C5CD-4F1A-A857-8B8CDA693E5B" title="步骤">\n    <circle id="sid-63C2B6F0-C5CD-4F1A-A857-8B8CDA693E5Bbg_frame" cx="16" cy="16" r="16" stroke="none" fill="url(#sid-63C2B6F0-C5CD-4F1A-A857-8B8CDA693E5Bimage2)" stroke-width="0"/><defs id="sid-63C2B6F0-C5CD-4F1A-A857-8B8CDA693E5B_sid-63C2B6F0-C5CD-4F1A-A857-8B8CDA693E5B_5"><pattern width="32" height="32" patternUnits="userSpaceOnUse" y="0" x="0" id="sid-63C2B6F0-C5CD-4F1A-A857-8B8CDA693E5Bimage2"><image href="editor-app/images/status.png" height="32" width="32" y="0" x="0" id="sid-63C2B6F0-C5CD-4F1A-A857-8B8CDA693E5B_sid-63C2B6F0-C5CD-4F1A-A857-8B8CDA693E5B_6"/></pattern></defs>\n	<text font-size="11" id="sid-63C2B6F0-C5CD-4F1A-A857-8B8CDA693E5Btext_name" x="16" y="38" oryx:align="top center" stroke="#373e48" stroke-width="0pt" letter-spacing="-0.01px" transform="rotate(0 16 38)" oryx:fontSize="11" text-anchor="middle"><tspan dy="11" x="16" y="38">评审确认</tspan></text>\n  </g></g><g class="children" style="overflow:hidden"/><g class="edge"/></g><g class="controls"><g class="dockers"/><g class="magnets" transform="translate(543.5, 165)"><g pointer-events="all" display="none" transform="translate(8, 8)"><circle cx="8" cy="8" r="4" stroke="none" fill="red" fill-opacity="0.3"/></g></g></g></g></g><g class="edge"><g id="svg-sid-F5F96AAD-15EF-4FD6-A1C1-F5FC3171313E"><g class="stencils"><g class="me"><g pointer-events="painted"><path id="sid-B4B0DA4B-8D52-4771-863A-1B577213BAFE_1" d="M271.9375 322L391.0625 322 " stroke="#b7b5b5" fill="none" stroke-width="1" stroke-linecap="round" stroke-linejoin="round" marker-start="url(#sid-B4B0DA4B-8D52-4771-863A-1B577213BAFEstart)" marker-end="url(#sid-B4B0DA4B-8D52-4771-863A-1B577213BAFEend)"/></g><text id="sid-B4B0DA4B-8D52-4771-863A-1B577213BAFEtext_name" x="331" y="325" oryx:edgePosition="midbottom" stroke-width="0pt" letter-spacing="-0.01px" transform="rotate(0 331 325)" oryx:fontSize="12" text-anchor="middle"><tspan dy="0" x="331" y="325">提交</tspan></text></g><g class="children" style="overflow:hidden"/><g class="edge"/></g><g class="controls"><g class="dockers"/><g class="magnets"/></g></g><g id="svg-sid-935E0EAE-739C-451D-BD46-F2823D19CA6D"><g class="stencils"><g class="me"><g pointer-events="painted"><path id="sid-2FB53395-212D-4FAC-B274-B365A9F3E3B8_1" d="M407.5 305.578125L407.5 181 L543.0625 181 " stroke="#b7b5b5" fill="none" stroke-width="1" stroke-linecap="round" stroke-linejoin="round" marker-start="url(#sid-2FB53395-212D-4FAC-B274-B365A9F3E3B8start)" marker-end="url(#sid-2FB53395-212D-4FAC-B274-B365A9F3E3B8end)"/></g><text id="sid-2FB53395-212D-4FAC-B274-B365A9F3E3B8text_name" x="415" y="189" oryx:edgePosition="midbottom" stroke-width="0pt" letter-spacing="-0.01px" transform="rotate(0 415 189)" oryx:fontSize="12" text-anchor="middle"><tspan dy="0" x="415" y="189">提交评审</tspan></text></g><g class="children" style="overflow:hidden"/><g class="edge"/></g><g class="controls"><g class="dockers"/><g class="magnets"/></g></g><g id="svg-sid-3554CB20-2848-4539-8E64-96FB799FF0A5"><g class="stencils"><g class="me"><g pointer-events="painted"><path id="sid-A69D473A-ABCB-42B8-9E58-49273E05B107_1" d="M576.2293757522503 188.57252642397205L854.2706242477497 314.427473576028 " stroke="#b7b5b5" fill="none" stroke-width="1" stroke-linecap="round" stroke-linejoin="round" marker-start="url(#sid-A69D473A-ABCB-42B8-9E58-49273E05B107start)" marker-end="url(#sid-A69D473A-ABCB-42B8-9E58-49273E05B107end)"/></g><text id="sid-A69D473A-ABCB-42B8-9E58-49273E05B107text_name" x="715" y="254" oryx:edgePosition="midbottom" stroke-width="0pt" letter-spacing="-0.01px" transform="rotate(0 715 254)" oryx:fontSize="12" text-anchor="middle"><tspan dy="0" x="715" y="254">关闭</tspan></text></g><g class="children" style="overflow:hidden"/><g class="edge"/></g><g class="controls"><g class="dockers"/><g class="magnets"/></g></g><g id="svg-sid-B066AF08-24DC-45DE-8B6F-4D7D0784B681"><g class="stencils"><g class="me"><g pointer-events="painted"><path id="sid-2C33DF9A-0FBC-4219-B96E-74233365C8AA_1" d="M575.9375 322L695.0625 322 " stroke="#b7b5b5" fill="none" stroke-width="1" stroke-linecap="round" stroke-linejoin="round" marker-start="url(#sid-2C33DF9A-0FBC-4219-B96E-74233365C8AAstart)" marker-end="url(#sid-2C33DF9A-0FBC-4219-B96E-74233365C8AAend)"/></g><text id="sid-2C33DF9A-0FBC-4219-B96E-74233365C8AAtext_name" x="635" y="325" oryx:edgePosition="midbottom" stroke-width="0pt" letter-spacing="-0.01px" transform="rotate(0 635 325)" oryx:fontSize="12" text-anchor="middle"><tspan dy="0" x="635" y="325">提交回归测试</tspan></text></g><g class="children" style="overflow:hidden"/><g class="edge"/></g><g class="controls"><g class="dockers"/><g class="magnets"/></g></g><g id="svg-sid-C04CD52A-F949-41BA-8CAF-89AB03432D44"><g class="stencils"><g class="me"><g pointer-events="painted"><path id="sid-9EF8BAC8-6153-4E77-BC28-777831EAEFD6_1" d="M407.5 338.703125L407.5 456 L871 456 L871 338.703125 " stroke="#b7b5b5" fill="none" stroke-width="1" stroke-linecap="round" stroke-linejoin="round" marker-start="url(#sid-9EF8BAC8-6153-4E77-BC28-777831EAEFD6start)" marker-end="url(#sid-9EF8BAC8-6153-4E77-BC28-777831EAEFD6end)"/></g><text id="sid-9EF8BAC8-6153-4E77-BC28-777831EAEFD6text_name" x="639" y="459" oryx:edgePosition="midbottom" stroke-width="0pt" letter-spacing="-0.01px" transform="rotate(0 639 459)" oryx:fontSize="12" text-anchor="middle"><tspan dy="0" x="639" y="459">直接关闭</tspan></text></g><g class="children" style="overflow:hidden"/><g class="edge"/></g><g class="controls"><g class="dockers"/><g class="magnets"/></g></g><g id="svg-sid-753B0C11-FBED-4C6E-8E82-E372D2A589E9"><g class="stencils"><g class="me"><g pointer-events="painted"><path id="sid-462F969B-882E-46D6-980C-4050893BE97B_1" d="M559.5 197.421875L559.5 305.578125 " stroke="#b7b5b5" fill="none" stroke-width="1" stroke-linecap="round" stroke-linejoin="round" marker-start="url(#sid-462F969B-882E-46D6-980C-4050893BE97Bstart)" marker-end="url(#sid-462F969B-882E-46D6-980C-4050893BE97Bend)"/></g><text id="sid-462F969B-882E-46D6-980C-4050893BE97Btext_name" x="559" y="254" oryx:edgePosition="midbottom" stroke-width="0pt" letter-spacing="-0.01px" transform="rotate(0 559 254)" oryx:fontSize="12" text-anchor="middle"><tspan dy="0" x="559" y="254">确认缺陷</tspan></text></g><g class="children" style="overflow:hidden"/><g class="edge"/></g><g class="controls"><g class="dockers"/><g class="magnets"/></g></g><g id="svg-sid-F1AE932E-1CD5-4867-ACA5-4312DDA1AA96"><g class="stencils"><g class="me"><g pointer-events="painted"><path id="sid-1B91127D-AF89-4833-8486-929CDEDD7930_1" d="M728.076171875 322L854.423828125 322 " stroke="#b7b5b5" fill="none" stroke-width="1" stroke-linecap="round" stroke-linejoin="round" marker-start="url(#sid-1B91127D-AF89-4833-8486-929CDEDD7930start)" marker-end="url(#sid-1B91127D-AF89-4833-8486-929CDEDD7930end)"/></g><text id="sid-1B91127D-AF89-4833-8486-929CDEDD7930text_name" x="791" y="325" oryx:edgePosition="midbottom" stroke-width="0pt" letter-spacing="-0.01px" transform="rotate(0 791 325)" oryx:fontSize="12" text-anchor="middle"><tspan dy="0" x="791" y="325">测试通过</tspan></text></g><g class="children" style="overflow:hidden"/><g class="edge"/></g><g class="controls"><g class="dockers"/><g class="magnets"/></g></g><g id="svg-sid-268E4422-80D5-41E0-9EA1-264923E3FB89"><g class="stencils"><g class="me"><g pointer-events="painted"><path id="sid-0F17BC13-4A7C-4AA0-A6CD-5DC42A3DFB67_1" d="M695.9791456656551 338.15869766315353L638.5 398 L575.6503452488051 337.5370409988505 " stroke="#b7b5b5" fill="none" stroke-width="1" stroke-linecap="round" stroke-linejoin="round" marker-start="url(#sid-0F17BC13-4A7C-4AA0-A6CD-5DC42A3DFB67start)" marker-end="url(#sid-0F17BC13-4A7C-4AA0-A6CD-5DC42A3DFB67end)"/></g><text id="sid-0F17BC13-4A7C-4AA0-A6CD-5DC42A3DFB67text_name" x="630" y="406" oryx:edgePosition="midbottom" stroke-width="0pt" letter-spacing="-0.01px" transform="rotate(0 630 406)" oryx:fontSize="12" text-anchor="middle"><tspan dy="0" x="630" y="406">测试不通过</tspan></text></g><g class="children" style="overflow:hidden"/><g class="edge"/></g><g class="controls"><g class="dockers"/><g class="magnets"/></g></g><g id="svg-sid-25F372B2-3F01-4883-9262-56FD2CEF767E"><g class="stencils"><g class="me"><g pointer-events="painted"><path id="sid-C1DE7C2E-E1A9-427B-B53C-5F353546E3C7_1" d="M423.9375 322L543.0625 322 " stroke="#b7b5b5" fill="none" stroke-width="1" stroke-linecap="round" stroke-linejoin="round" marker-start="url(#sid-C1DE7C2E-E1A9-427B-B53C-5F353546E3C7start)" marker-end="url(#sid-C1DE7C2E-E1A9-427B-B53C-5F353546E3C7end)"/></g><text id="sid-C1DE7C2E-E1A9-427B-B53C-5F353546E3C7text_name" x="483" y="325" oryx:edgePosition="midbottom" stroke-width="0pt" letter-spacing="-0.01px" transform="rotate(0 483 325)" oryx:fontSize="12" text-anchor="middle"><tspan dy="0" x="483" y="325">指定修复</tspan></text></g><g class="children" style="overflow:hidden"/><g class="edge"/></g><g class="controls"><g class="dockers"/><g class="magnets"/></g></g></g></g><g class="svgcontainer"><g display="none"><rect x="0" y="0" stroke-width="1" stroke="#777777" fill="none" stroke-dasharray="2,2" pointer-events="none"/></g><g display="none"><path stroke-width="1" stroke="silver" fill="none" stroke-dasharray="5,5" pointer-events="none"/></g><g display="none"><path stroke-width="1" stroke="silver" fill="none" stroke-dasharray="5,5" pointer-events="none"/></g><g/></g></g></svg>'), NULL, 'b8ab9427-627b-469f-bfd0-4b1buser0001', '2022-08-08', 'b8ab9427-627b-469f-bfd0-4b1buser0001', '2022-08-08', '4', '新建缺陷', '', NULL);

INSERT INTO wf_node(id, name, workflowId, type, property, linkedStatusId, workflowPageId, emailRole, notifyRole, isEmailFile, tranType, phaseRule, lagMode, autoToId, exeCls, entityOpRul, isSynEntity, canWrite, canUpdateFile, canUpdateRelate, rejectRole, remark, orderNum, isSystem, isValid, creatorId, createdTime, modifyId, modifyTime, canRollback) VALUES ('23F94851-76F5-4539-B0AE-2B5D4FB97DAB', '开始', 'ACT041b9-0c1e-47de-88d3-bb195e084561', 'start-state', NULL, NULL, '0bad095e-cbff-4f18-8912-b6c24cee7740', NULL, NULL, NULL, NULL, NULL, NULL, NULL, NULL, NULL, NULL, NULL, 'N', 'N', NULL, NULL, '1', 'Y', 'Y', 'b8ab9427-627b-469f-bfd0-4b1buser0001', '2022-08-08', 'b8ab9427-627b-469f-bfd0-4b1buser0001', '2022-08-08', 'Y');
INSERT INTO wf_node(id, name, workflowId, type, property, linkedStatusId, workflowPageId, emailRole, notifyRole, isEmailFile, tranType, phaseRule, lagMode, autoToId, exeCls, entityOpRul, isSynEntity, canWrite, canUpdateFile, canUpdateRelate, rejectRole, remark, orderNum, isSystem, isValid, creatorId, createdTime, modifyId, modifyTime, canRollback) VALUES ('AF6F4C88-5796-4AA2-A0BC-0B10EEF4E646', '审核确认', 'ACT041b9-0c1e-47de-88d3-bb195e084561', 'state', NULL, '5d814666-49ea-4deb-9b73-b5d8220945c3', '39b10bcd-f4a3-4d8e-9aee-b2c16afea713', '960fb540-3cef-49e8-89b6-1bawfrole001,960fb540-3cef-49e8-89b6-1bawfrole002', ',960fb540-3cef-49e8-89b6-1bawfrole001', NULL, NULL, NULL, NULL, NULL, NULL, NULL, NULL, NULL, 'Y', 'N', '', NULL, '2', 'Y', 'Y', 'b8ab9427-627b-469f-bfd0-4b1buser0001', '2022-08-08', 'b8ab9427-627b-469f-bfd0-4b1buser0001', '2022-08-08', 'Y');
INSERT INTO wf_node(id, name, workflowId, type, property, linkedStatusId, workflowPageId, emailRole, notifyRole, isEmailFile, tranType, phaseRule, lagMode, autoToId, exeCls, entityOpRul, isSynEntity, canWrite, canUpdateFile, canUpdateRelate, rejectRole, remark, orderNum, isSystem, isValid, creatorId, createdTime, modifyId, modifyTime, canRollback) VALUES ('6EE040E5-0EE9-4A9F-8194-EB20D9953C18', '修复中', 'ACT041b9-0c1e-47de-88d3-bb195e084561', 'state', NULL, '22259d16-2ed5-41bb-a515-4ffc01c0293f', '030781c6-f711-412e-97df-c59f07f9ef30', '960fb540-3cef-49e8-89b6-1bawfrole001,960fb540-3cef-49e8-89b6-1bawfrole002', ',960fb540-3cef-49e8-89b6-1bawfrole001', NULL, NULL, NULL, NULL, NULL, NULL, NULL, NULL, NULL, 'Y', 'N', '', NULL, '3', 'Y', 'Y', 'b8ab9427-627b-469f-bfd0-4b1buser0001', '2022-08-08', 'b8ab9427-627b-469f-bfd0-4b1buser0001', '2022-08-08', 'Y');
INSERT INTO wf_node(id, name, workflowId, type, property, linkedStatusId, workflowPageId, emailRole, notifyRole, isEmailFile, tranType, phaseRule, lagMode, autoToId, exeCls, entityOpRul, isSynEntity, canWrite, canUpdateFile, canUpdateRelate, rejectRole, remark, orderNum, isSystem, isValid, creatorId, createdTime, modifyId, modifyTime, canRollback) VALUES ('FF69B27E-6CF6-444A-927D-A3B135E44823', '回归测试', 'ACT041b9-0c1e-47de-88d3-bb195e084561', 'state', NULL, '04181bef-35af-48fa-96ab-89bb8cb6d772', '83362d50-7368-46dc-bf66-5039228c30b5', '960fb540-3cef-49e8-89b6-1bawfrole001,960fb540-3cef-49e8-89b6-1bawfrole002', ',960fb540-3cef-49e8-89b6-1bawfrole001', NULL, NULL, NULL, NULL, NULL, NULL, NULL, NULL, NULL, 'Y', 'N', '', NULL, '4', 'Y', 'Y', 'b8ab9427-627b-469f-bfd0-4b1buser0001', '2022-08-08', 'b8ab9427-627b-469f-bfd0-4b1buser0001', '2022-08-08', 'Y');
INSERT INTO wf_node(id, name, workflowId, type, property, linkedStatusId, workflowPageId, emailRole, notifyRole, isEmailFile, tranType, phaseRule, lagMode, autoToId, exeCls, entityOpRul, isSynEntity, canWrite, canUpdateFile, canUpdateRelate, rejectRole, remark, orderNum, isSystem, isValid, creatorId, createdTime, modifyId, modifyTime, canRollback) VALUES ('5ABF7183-067C-4864-8749-A5B3B7D47A59', '评审确认', 'ACT041b9-0c1e-47de-88d3-bb195e084561', 'state', NULL, '3ac0f4c0-0f30-420d-b627-105241b9885c', 'fd7206a4-76e2-4b09-b95d-369274a12685', '960fb540-3cef-49e8-89b6-1bawfrole001,960fb540-3cef-49e8-89b6-1bawfrole002', ',960fb540-3cef-49e8-89b6-1bawfrole001', NULL, NULL, NULL, NULL, NULL, NULL, NULL, NULL, NULL, 'Y', 'N', '', NULL, '5', 'Y', 'Y', 'b8ab9427-627b-469f-bfd0-4b1buser0001', '2022-08-08', 'b8ab9427-627b-469f-bfd0-4b1buser0001', '2022-08-08', 'Y');
INSERT INTO wf_node(id, name, workflowId, type, property, linkedStatusId, workflowPageId, emailRole, notifyRole, isEmailFile, tranType, phaseRule, lagMode, autoToId, exeCls, entityOpRul, isSynEntity, canWrite, canUpdateFile, canUpdateRelate, rejectRole, remark, orderNum, isSystem, isValid, creatorId, createdTime, modifyId, modifyTime, canRollback) VALUES ('5B922FBF-8C10-43E8-BA36-30CAD8E55BD2', '结束', 'ACT041b9-0c1e-47de-88d3-bb195e084561', 'end-state', NULL, '50628ece-7d4c-4bf7-82fa-7ecb40cad511', '2c67e49a-8d02-41cc-92c8-d46be87ea437', '960fb540-3cef-49e8-89b6-1bawfrole003,960fb540-3cef-49e8-89b6-1bawfrole004', ',960fb540-3cef-49e8-89b6-1bawfrole001', NULL, NULL, NULL, NULL, NULL, NULL, NULL, NULL, NULL, 'N', 'N', '', NULL, '6', 'Y', 'Y', 'b8ab9427-627b-469f-bfd0-4b1buser0001', '2022-08-08', 'b8ab9427-627b-469f-bfd0-4b1buser0001', '2022-08-08', 'Y');

INSERT INTO wf_transition(id, name, nodeId, toNodeId, workflowPageId, deriveWorkflowType, toDeriveNodeId, conditions, type, isOnlyOnce, isSaveNodeUser, SynCondition, exeCls, workflowId, deriveWorkflowId, isDelPageUser, hasSave, pageTo, isMulTask, functionRight, mapField, deriveMode, emailRemindAgain, remark, orderNum, isSystem, isValid, creatorId, createdTime, modifyId, modifyTime, isForking, isDefaultForking) VALUES ('F5F96AAD-15EF-4FD6-A1C1-F5FC3171313E', '提交', '23F94851-76F5-4539-B0AE-2B5D4FB97DAB', 'AF6F4C88-5796-4AA2-A0BC-0B10EEF4E646', NULL, NULL, NULL, NULL, 'COMMON', 'N', 'N', '1', NULL, 'ACT041b9-0c1e-47de-88d3-bb195e084561', NULL, NULL, 'N', '1', NULL, NULL, NULL, NULL, NULL, NULL, '1', 'Y', 'Y', 'b8ab9427-627b-469f-bfd0-4b1buser0001', '2022-08-08', 'b8ab9427-627b-469f-bfd0-4b1buser0001', '2022-08-08', 'N', 'N');
INSERT INTO wf_transition(id, name, nodeId, toNodeId, workflowPageId, deriveWorkflowType, toDeriveNodeId, conditions, type, isOnlyOnce, isSaveNodeUser, SynCondition, exeCls, workflowId, deriveWorkflowId, isDelPageUser, hasSave, pageTo, isMulTask, functionRight, mapField, deriveMode, emailRemindAgain, remark, orderNum, isSystem, isValid, creatorId, createdTime, modifyId, modifyTime, isForking, isDefaultForking) VALUES ('935E0EAE-739C-451D-BD46-F2823D19CA6D', '提交评审', 'AF6F4C88-5796-4AA2-A0BC-0B10EEF4E646', '5ABF7183-067C-4864-8749-A5B3B7D47A59', '868cb783-932a-4652-81c9-3e95768f9f25', NULL, NULL, NULL, 'COMMON', 'N', 'N', '1', NULL, 'ACT041b9-0c1e-47de-88d3-bb195e084561', NULL, NULL, 'N', '1', NULL, NULL, NULL, NULL, NULL, NULL, '2', 'Y', 'Y', 'b8ab9427-627b-469f-bfd0-4b1buser0001', '2022-08-08', 'b8ab9427-627b-469f-bfd0-4b1buser0001', '2022-08-08', 'N', 'N');
INSERT INTO wf_transition(id, name, nodeId, toNodeId, workflowPageId, deriveWorkflowType, toDeriveNodeId, conditions, type, isOnlyOnce, isSaveNodeUser, SynCondition, exeCls, workflowId, deriveWorkflowId, isDelPageUser, hasSave, pageTo, isMulTask, functionRight, mapField, deriveMode, emailRemindAgain, remark, orderNum, isSystem, isValid, creatorId, createdTime, modifyId, modifyTime, isForking, isDefaultForking) VALUES ('3554CB20-2848-4539-8E64-96FB799FF0A5', '关闭', '5ABF7183-067C-4864-8749-A5B3B7D47A59', '5B922FBF-8C10-43E8-BA36-30CAD8E55BD2', 'c00b67a0-1052-4c0b-a369-324962be17a4', NULL, NULL, NULL, 'COMMON', 'N', 'N', '1', NULL, 'ACT041b9-0c1e-47de-88d3-bb195e084561', NULL, NULL, 'N', '1', NULL, NULL, NULL, NULL, NULL, NULL, '3', 'Y', 'Y', 'b8ab9427-627b-469f-bfd0-4b1buser0001', '2022-08-08', 'b8ab9427-627b-469f-bfd0-4b1buser0001', '2022-08-08', 'N', 'N');
INSERT INTO wf_transition(id, name, nodeId, toNodeId, workflowPageId, deriveWorkflowType, toDeriveNodeId, conditions, type, isOnlyOnce, isSaveNodeUser, SynCondition, exeCls, workflowId, deriveWorkflowId, isDelPageUser, hasSave, pageTo, isMulTask, functionRight, mapField, deriveMode, emailRemindAgain, remark, orderNum, isSystem, isValid, creatorId, createdTime, modifyId, modifyTime, isForking, isDefaultForking) VALUES ('B066AF08-24DC-45DE-8B6F-4D7D0784B681', '提交回归测试', '6EE040E5-0EE9-4A9F-8194-EB20D9953C18', 'FF69B27E-6CF6-444A-927D-A3B135E44823', '39710b9d-883f-4e86-b256-7cf42f2fbca0', NULL, NULL, NULL, 'COMMON', 'N', 'N', '1', '', 'ACT041b9-0c1e-47de-88d3-bb195e084561', NULL, NULL, 'N', '1', NULL, NULL, NULL, NULL, NULL, NULL, '4', 'Y', 'Y', 'b8ab9427-627b-469f-bfd0-4b1buser0001', '2022-08-08', 'b8ab9427-627b-469f-bfd0-4b1buser0001', '2022-08-08', 'N', 'N');
INSERT INTO wf_transition(id, name, nodeId, toNodeId, workflowPageId, deriveWorkflowType, toDeriveNodeId, conditions, type, isOnlyOnce, isSaveNodeUser, SynCondition, exeCls, workflowId, deriveWorkflowId, isDelPageUser, hasSave, pageTo, isMulTask, functionRight, mapField, deriveMode, emailRemindAgain, remark, orderNum, isSystem, isValid, creatorId, createdTime, modifyId, modifyTime, isForking, isDefaultForking) VALUES ('C04CD52A-F949-41BA-8CAF-89AB03432D44', '直接关闭', 'AF6F4C88-5796-4AA2-A0BC-0B10EEF4E646', '5B922FBF-8C10-43E8-BA36-30CAD8E55BD2', '4ab81d1f-8f82-486b-85df-b837240cb9de', NULL, NULL, NULL, 'COMMON', 'N', 'N', '1', NULL, 'ACT041b9-0c1e-47de-88d3-bb195e084561', NULL, NULL, 'N', '1', NULL, NULL, NULL, NULL, NULL, NULL, '5', 'Y', 'Y', 'b8ab9427-627b-469f-bfd0-4b1buser0001', '2022-08-08', 'b8ab9427-627b-469f-bfd0-4b1buser0001', '2022-08-08', 'N', 'N');
INSERT INTO wf_transition(id, name, nodeId, toNodeId, workflowPageId, deriveWorkflowType, toDeriveNodeId, conditions, type, isOnlyOnce, isSaveNodeUser, SynCondition, exeCls, workflowId, deriveWorkflowId, isDelPageUser, hasSave, pageTo, isMulTask, functionRight, mapField, deriveMode, emailRemindAgain, remark, orderNum, isSystem, isValid, creatorId, createdTime, modifyId, modifyTime, isForking, isDefaultForking) VALUES ('753B0C11-FBED-4C6E-8E82-E372D2A589E9', '确认缺陷', '5ABF7183-067C-4864-8749-A5B3B7D47A59', '6EE040E5-0EE9-4A9F-8194-EB20D9953C18', 'c7c2523b-2755-4007-8c69-6b9967595cb4', NULL, NULL, NULL, 'COMMON', 'N', 'N', '1', NULL, 'ACT041b9-0c1e-47de-88d3-bb195e084561', NULL, NULL, 'N', '1', NULL, NULL, NULL, NULL, NULL, NULL, '6', 'Y', 'Y', 'b8ab9427-627b-469f-bfd0-4b1buser0001', '2022-08-08', 'b8ab9427-627b-469f-bfd0-4b1buser0001', '2022-08-08', 'N', 'N');
INSERT INTO wf_transition(id, name, nodeId, toNodeId, workflowPageId, deriveWorkflowType, toDeriveNodeId, conditions, type, isOnlyOnce, isSaveNodeUser, SynCondition, exeCls, workflowId, deriveWorkflowId, isDelPageUser, hasSave, pageTo, isMulTask, functionRight, mapField, deriveMode, emailRemindAgain, remark, orderNum, isSystem, isValid, creatorId, createdTime, modifyId, modifyTime, isForking, isDefaultForking) VALUES ('F1AE932E-1CD5-4867-ACA5-4312DDA1AA96', '测试通过', 'FF69B27E-6CF6-444A-927D-A3B135E44823', '5B922FBF-8C10-43E8-BA36-30CAD8E55BD2', 'd84e4e8e-9842-47f9-99c8-9152b80c96ab', NULL, NULL, NULL, 'COMMON', 'N', 'N', '1', NULL, 'ACT041b9-0c1e-47de-88d3-bb195e084561', NULL, NULL, 'N', '1', NULL, NULL, NULL, NULL, NULL, NULL, '7', 'Y', 'Y', 'b8ab9427-627b-469f-bfd0-4b1buser0001', '2022-08-08', 'b8ab9427-627b-469f-bfd0-4b1buser0001', '2022-08-08', 'N', 'N');
INSERT INTO wf_transition(id, name, nodeId, toNodeId, workflowPageId, deriveWorkflowType, toDeriveNodeId, conditions, type, isOnlyOnce, isSaveNodeUser, SynCondition, exeCls, workflowId, deriveWorkflowId, isDelPageUser, hasSave, pageTo, isMulTask, functionRight, mapField, deriveMode, emailRemindAgain, remark, orderNum, isSystem, isValid, creatorId, createdTime, modifyId, modifyTime, isForking, isDefaultForking) VALUES ('268E4422-80D5-41E0-9EA1-264923E3FB89', '测试不通过', 'FF69B27E-6CF6-444A-927D-A3B135E44823', '6EE040E5-0EE9-4A9F-8194-EB20D9953C18', '2fa36f10-413f-46fa-af2f-04216d3d0a06', NULL, NULL, NULL, 'COMMON', 'N', 'N', '1', NULL, 'ACT041b9-0c1e-47de-88d3-bb195e084561', NULL, NULL, 'N', '1', NULL, NULL, NULL, NULL, NULL, NULL, '8', 'Y', 'Y', 'b8ab9427-627b-469f-bfd0-4b1buser0001', '2022-08-08', 'b8ab9427-627b-469f-bfd0-4b1buser0001', '2022-08-08', 'N', 'N');
INSERT INTO wf_transition(id, name, nodeId, toNodeId, workflowPageId, deriveWorkflowType, toDeriveNodeId, conditions, type, isOnlyOnce, isSaveNodeUser, SynCondition, exeCls, workflowId, deriveWorkflowId, isDelPageUser, hasSave, pageTo, isMulTask, functionRight, mapField, deriveMode, emailRemindAgain, remark, orderNum, isSystem, isValid, creatorId, createdTime, modifyId, modifyTime, isForking, isDefaultForking) VALUES ('25F372B2-3F01-4883-9262-56FD2CEF767E', '指定修复', 'AF6F4C88-5796-4AA2-A0BC-0B10EEF4E646', '6EE040E5-0EE9-4A9F-8194-EB20D9953C18', '7a5a9a88-28d3-4840-aa1d-7db53d69fa77', NULL, NULL, NULL, 'COMMON', 'N', 'N', '1', NULL, 'ACT041b9-0c1e-47de-88d3-bb195e084561', NULL, NULL, 'N', '1', NULL, NULL, NULL, NULL, NULL, NULL, '9', 'Y', 'Y', 'b8ab9427-627b-469f-bfd0-4b1buser0001', '2022-08-08', 'b8ab9427-627b-469f-bfd0-4b1buser0001', '2022-08-08', 'N', 'N');

INSERT INTO sys_status(id, objectType, Name, Remark, bgColor, fColor, isCalcLag, isEnd, isValid, orderNum, creatorId, createdTime, modifyId, modifyTime, workflowId) VALUES ('04181bef-35af-48fa-96ab-89bb8cb6d772', 'BUG', '回归测试', NULL, NULL, NULL, 'Y', 'N', 'Y', '3', 'b8ab9427-627b-469f-bfd0-4b1buser0001', '2022-08-08', 'b8ab9427-627b-469f-bfd0-4b1buser0001', '2022-08-08', 'ACT041b9-0c1e-47de-88d3-bb195e084561');
INSERT INTO sys_status(id, objectType, Name, Remark, bgColor, fColor, isCalcLag, isEnd, isValid, orderNum, creatorId, createdTime, modifyId, modifyTime, workflowId) VALUES ('22259d16-2ed5-41bb-a515-4ffc01c0293f', 'BUG', '修复中', NULL, NULL, NULL, 'Y', 'N', 'Y', '2', 'b8ab9427-627b-469f-bfd0-4b1buser0001', '2022-08-08', 'b8ab9427-627b-469f-bfd0-4b1buser0001', '2022-08-08', 'ACT041b9-0c1e-47de-88d3-bb195e084561');
INSERT INTO sys_status(id, objectType, Name, Remark, bgColor, fColor, isCalcLag, isEnd, isValid, orderNum, creatorId, createdTime, modifyId, modifyTime, workflowId) VALUES ('3ac0f4c0-0f30-420d-b627-105241b9885c', 'BUG', '评审确认', NULL, NULL, NULL, 'Y', 'N', 'Y', '5', 'b8ab9427-627b-469f-bfd0-4b1buser0001', '2022-08-08', 'b8ab9427-627b-469f-bfd0-4b1buser0001', '2022-08-08', 'ACT041b9-0c1e-47de-88d3-bb195e084561');
INSERT INTO sys_status(id, objectType, Name, Remark, bgColor, fColor, isCalcLag, isEnd, isValid, orderNum, creatorId, createdTime, modifyId, modifyTime, workflowId) VALUES ('50628ece-7d4c-4bf7-82fa-7ecb40cad511', 'BUG', '结束', NULL, NULL, NULL, 'Y', 'Y', 'Y', '5', 'b8ab9427-627b-469f-bfd0-4b1buser0001', '2022-08-08', 'b8ab9427-627b-469f-bfd0-4b1buser0001', '2022-08-08', 'ACT041b9-0c1e-47de-88d3-bb195e084561');
INSERT INTO sys_status(id, objectType, Name, Remark, bgColor, fColor, isCalcLag, isEnd, isValid, orderNum, creatorId, createdTime, modifyId, modifyTime, workflowId) VALUES ('5d814666-49ea-4deb-9b73-b5d8220945c3', 'BUG', '审核确认', NULL, NULL, NULL, 'Y', 'N', 'Y', '1', 'b8ab9427-627b-469f-bfd0-4b1buser0001', '2022-08-08', 'b8ab9427-627b-469f-bfd0-4b1buser0001', '2022-08-08', 'ACT041b9-0c1e-47de-88d3-bb195e084561');

INSERT INTO sys_page(id, name, objectType, pageType, parentId, workflowID, deriveWfType, deriveWfID, mapField, isStartPage, entityTypeID, extPageUrl, extPageCls, isSystem, remark, isValid, orderNum, creatorId, createdTime, modifyId, modifyTime, subType) VALUES ('0bad095e-cbff-4f18-8912-b6c24cee7740', '开始', 'BUG', 'FORM', NULL, 'ACT041b9-0c1e-47de-88d3-bb195e084561', NULL, NULL, NULL, NULL, '', NULL, NULL, 'N', NULL, 'Y', '1', 'b8ab9427-627b-469f-bfd0-4b1buser0001', '2022-08-08', 'b8ab9427-627b-469f-bfd0-4b1buser0001', '2022-08-08', 'ADD');
INSERT INTO sys_page(id, name, objectType, pageType, parentId, workflowID, deriveWfType, deriveWfID, mapField, isStartPage, entityTypeID, extPageUrl, extPageCls, isSystem, remark, isValid, orderNum, creatorId, createdTime, modifyId, modifyTime, subType) VALUES ('39b10bcd-f4a3-4d8e-9aee-b2c16afea713', '审核中', 'BUG', 'FORM', NULL, 'ACT041b9-0c1e-47de-88d3-bb195e084561', NULL, NULL, NULL, NULL, NULL, NULL, NULL, 'N', NULL, 'Y', '2', 'b8ab9427-627b-469f-bfd0-4b1buser0001', '2022-08-08', 'b8ab9427-627b-469f-bfd0-4b1buser0001', '2022-08-08', 'VIEW');
INSERT INTO sys_page(id, name, objectType, pageType, parentId, workflowID, deriveWfType, deriveWfID, mapField, isStartPage, entityTypeID, extPageUrl, extPageCls, isSystem, remark, isValid, orderNum, creatorId, createdTime, modifyId, modifyTime, subType) VALUES ('868cb783-932a-4652-81c9-3e95768f9f25', '提交评审', 'BUG', 'FORM', NULL, 'ACT041b9-0c1e-47de-88d3-bb195e084561', NULL, NULL, NULL, NULL, NULL, NULL, NULL, 'N', NULL, 'Y', '2', 'b8ab9427-627b-469f-bfd0-4b1buser0001', '2022-08-08', 'b8ab9427-627b-469f-bfd0-4b1buser0001', '2022-08-08', 'EDIT');
INSERT INTO sys_page(id, name, objectType, pageType, parentId, workflowID, deriveWfType, deriveWfID, mapField, isStartPage, entityTypeID, extPageUrl, extPageCls, isSystem, remark, isValid, orderNum, creatorId, createdTime, modifyId, modifyTime, subType) VALUES ('030781c6-f711-412e-97df-c59f07f9ef30', '修复中', 'BUG', 'FORM', NULL, 'ACT041b9-0c1e-47de-88d3-bb195e084561', NULL, NULL, NULL, NULL, NULL, NULL, NULL, 'N', NULL, 'Y', '3', 'b8ab9427-627b-469f-bfd0-4b1buser0001', '2022-08-08', 'b8ab9427-627b-469f-bfd0-4b1buser0001', '2022-08-08', 'VIEW');
INSERT INTO sys_page(id, name, objectType, pageType, parentId, workflowID, deriveWfType, deriveWfID, mapField, isStartPage, entityTypeID, extPageUrl, extPageCls, isSystem, remark, isValid, orderNum, creatorId, createdTime, modifyId, modifyTime, subType) VALUES ('c00b67a0-1052-4c0b-a369-324962be17a4', '关闭', 'BUG', 'FORM', NULL, 'ACT041b9-0c1e-47de-88d3-bb195e084561', NULL, NULL, NULL, NULL, NULL, NULL, NULL, 'N', NULL, 'Y', '3', 'b8ab9427-627b-469f-bfd0-4b1buser0001', '2022-08-08', 'b8ab9427-627b-469f-bfd0-4b1buser0001', '2022-08-08', 'EDIT');
INSERT INTO sys_page(id, name, objectType, pageType, parentId, workflowID, deriveWfType, deriveWfID, mapField, isStartPage, entityTypeID, extPageUrl, extPageCls, isSystem, remark, isValid, orderNum, creatorId, createdTime, modifyId, modifyTime, subType) VALUES ('7a5a9a88-28d3-4840-aa1d-7db53d69fa77', '指定修复', 'BUG', 'FORM', NULL, 'ACT041b9-0c1e-47de-88d3-bb195e084561', NULL, NULL, NULL, NULL, NULL, NULL, NULL, 'N', NULL, 'Y', '4', 'b8ab9427-627b-469f-bfd0-4b1buser0001', '2022-08-08', 'b8ab9427-627b-469f-bfd0-4b1buser0001', '2022-08-08', 'EDIT');
INSERT INTO sys_page(id, name, objectType, pageType, parentId, workflowID, deriveWfType, deriveWfID, mapField, isStartPage, entityTypeID, extPageUrl, extPageCls, isSystem, remark, isValid, orderNum, creatorId, createdTime, modifyId, modifyTime, subType) VALUES ('83362d50-7368-46dc-bf66-5039228c30b5', '回归测试', 'BUG', 'FORM', NULL, 'ACT041b9-0c1e-47de-88d3-bb195e084561', NULL, NULL, NULL, NULL, NULL, NULL, NULL, 'N', NULL, 'Y', '4', 'b8ab9427-627b-469f-bfd0-4b1buser0001', '2022-08-08', 'b8ab9427-627b-469f-bfd0-4b1buser0001', '2022-08-08', 'VIEW');
INSERT INTO sys_page(id, name, objectType, pageType, parentId, workflowID, deriveWfType, deriveWfID, mapField, isStartPage, entityTypeID, extPageUrl, extPageCls, isSystem, remark, isValid, orderNum, creatorId, createdTime, modifyId, modifyTime, subType) VALUES ('39710b9d-883f-4e86-b256-7cf42f2fbca0', '提交回归测试', 'BUG', 'FORM', NULL, 'ACT041b9-0c1e-47de-88d3-bb195e084561', NULL, NULL, NULL, NULL, NULL, NULL, NULL, 'N', NULL, 'Y', '5', 'b8ab9427-627b-469f-bfd0-4b1buser0001', '2022-08-08', 'b8ab9427-627b-469f-bfd0-4b1buser0001', '2022-08-08', 'EDIT');
INSERT INTO sys_page(id, name, objectType, pageType, parentId, workflowID, deriveWfType, deriveWfID, mapField, isStartPage, entityTypeID, extPageUrl, extPageCls, isSystem, remark, isValid, orderNum, creatorId, createdTime, modifyId, modifyTime, subType) VALUES ('fd7206a4-76e2-4b09-b95d-369274a12685', '评审中', 'BUG', 'FORM', NULL, 'ACT041b9-0c1e-47de-88d3-bb195e084561', NULL, NULL, NULL, NULL, NULL, NULL, NULL, 'N', NULL, 'Y', '5', 'b8ab9427-627b-469f-bfd0-4b1buser0001', '2022-08-08', 'b8ab9427-627b-469f-bfd0-4b1buser0001', '2022-08-08', 'VIEW');
INSERT INTO sys_page(id, name, objectType, pageType, parentId, workflowID, deriveWfType, deriveWfID, mapField, isStartPage, entityTypeID, extPageUrl, extPageCls, isSystem, remark, isValid, orderNum, creatorId, createdTime, modifyId, modifyTime, subType) VALUES ('2c67e49a-8d02-41cc-92c8-d46be87ea437', '结束', 'BUG', 'FORM', NULL, 'ACT041b9-0c1e-47de-88d3-bb195e084561', NULL, NULL, NULL, NULL, NULL, NULL, NULL, 'N', NULL, 'Y', '6', 'b8ab9427-627b-469f-bfd0-4b1buser0001', '2022-08-08', 'b8ab9427-627b-469f-bfd0-4b1buser0001', '2022-08-08', 'VIEW');
INSERT INTO sys_page(id, name, objectType, pageType, parentId, workflowID, deriveWfType, deriveWfID, mapField, isStartPage, entityTypeID, extPageUrl, extPageCls, isSystem, remark, isValid, orderNum, creatorId, createdTime, modifyId, modifyTime, subType) VALUES ('4ab81d1f-8f82-486b-85df-b837240cb9de', '直接关闭', 'BUG', 'FORM', NULL, 'ACT041b9-0c1e-47de-88d3-bb195e084561', NULL, NULL, NULL, NULL, NULL, NULL, NULL, 'N', NULL, 'Y', '6', 'b8ab9427-627b-469f-bfd0-4b1buser0001', '2022-08-08', 'b8ab9427-627b-469f-bfd0-4b1buser0001', '2022-08-08', 'EDIT');
INSERT INTO sys_page(id, name, objectType, pageType, parentId, workflowID, deriveWfType, deriveWfID, mapField, isStartPage, entityTypeID, extPageUrl, extPageCls, isSystem, remark, isValid, orderNum, creatorId, createdTime, modifyId, modifyTime, subType) VALUES ('c7c2523b-2755-4007-8c69-6b9967595cb4', '确认缺陷', 'BUG', 'FORM', NULL, 'ACT041b9-0c1e-47de-88d3-bb195e084561', NULL, NULL, NULL, NULL, NULL, NULL, NULL, 'N', NULL, 'Y', '7', 'b8ab9427-627b-469f-bfd0-4b1buser0001', '2022-08-08', 'b8ab9427-627b-469f-bfd0-4b1buser0001', '2022-08-08', 'EDIT');
INSERT INTO sys_page(id, name, objectType, pageType, parentId, workflowID, deriveWfType, deriveWfID, mapField, isStartPage, entityTypeID, extPageUrl, extPageCls, isSystem, remark, isValid, orderNum, creatorId, createdTime, modifyId, modifyTime, subType) VALUES ('d84e4e8e-9842-47f9-99c8-9152b80c96ab', '测试通过', 'BUG', 'FORM', NULL, 'ACT041b9-0c1e-47de-88d3-bb195e084561', NULL, NULL, NULL, NULL, NULL, NULL, NULL, 'N', NULL, 'Y', '8', 'b8ab9427-627b-469f-bfd0-4b1buser0001', '2022-08-08', 'b8ab9427-627b-469f-bfd0-4b1buser0001', '2022-08-08', 'EDIT');
INSERT INTO sys_page(id, name, objectType, pageType, parentId, workflowID, deriveWfType, deriveWfID, mapField, isStartPage, entityTypeID, extPageUrl, extPageCls, isSystem, remark, isValid, orderNum, creatorId, createdTime, modifyId, modifyTime, subType) VALUES ('2fa36f10-413f-46fa-af2f-04216d3d0a06', '测试不通过', 'BUG', 'FORM', NULL, 'ACT041b9-0c1e-47de-88d3-bb195e084561', NULL, NULL, NULL, NULL, NULL, NULL, NULL, 'N', NULL, 'Y', '9', 'b8ab9427-627b-469f-bfd0-4b1buser0001', '2022-08-08', 'b8ab9427-627b-469f-bfd0-4b1buser0001', '2022-08-08', 'EDIT');

INSERT INTO sys_pagefield_rlt(id, pageId, fieldId, orderNum, isRequired, isReaded, isReseted, isRecorded, isShowed, layout, isValid, module) VALUES ('dbd3a812-e19f-4baa-9912-ac902b5d83ac', '030781c6-f711-412e-97df-c59f07f9ef30', '8efe7acd-ba5d-40fa-a34e-3094a7e88cd1', '1', 'N', 'Y', NULL, NULL, 'Y', 'F', 'Y', NULL);
INSERT INTO sys_pagefield_rlt(id, pageId, fieldId, orderNum, isRequired, isReaded, isReseted, isRecorded, isShowed, layout, isValid, module) VALUES ('d07b0447-e15e-45b9-a836-8740b89b7432', '030781c6-f711-412e-97df-c59f07f9ef30', '5337ad8b-18f5-4dd9-88fc-6296d48bb55c', '2', 'N', 'Y', NULL, NULL, 'Y', 'F', 'Y', NULL);
INSERT INTO sys_pagefield_rlt(id, pageId, fieldId, orderNum, isRequired, isReaded, isReseted, isRecorded, isShowed, layout, isValid, module) VALUES ('c070f84e-a815-421e-9361-f0fe9869189d', '030781c6-f711-412e-97df-c59f07f9ef30', '01170613-855f-4b25-88b1-4d4fbcadcaf6', '3', 'Y', 'Y', NULL, NULL, 'Y', 'T', 'Y', NULL);
INSERT INTO sys_pagefield_rlt(id, pageId, fieldId, orderNum, isRequired, isReaded, isReseted, isRecorded, isShowed, layout, isValid, module) VALUES ('2c2c24fd-0e21-4bc9-9cfd-de091799d061', '030781c6-f711-412e-97df-c59f07f9ef30', 'df25b50a-b71b-452f-9a13-a93037b3c10b', '4', 'Y', 'Y', NULL, NULL, 'Y', 'T', 'Y', NULL);
INSERT INTO sys_pagefield_rlt(id, pageId, fieldId, orderNum, isRequired, isReaded, isReseted, isRecorded, isShowed, layout, isValid, module) VALUES ('e5c8792a-d85b-48b6-a468-ff89a9d0a4e2', '030781c6-f711-412e-97df-c59f07f9ef30', 'edab1bc3-7dca-488e-aba4-975c68b9b59c', '5', 'N', 'Y', NULL, NULL, 'Y', 'T', 'Y', NULL);
INSERT INTO sys_pagefield_rlt(id, pageId, fieldId, orderNum, isRequired, isReaded, isReseted, isRecorded, isShowed, layout, isValid, module) VALUES ('93488715-abf2-4cd1-bad1-55e4d145fce9', '030781c6-f711-412e-97df-c59f07f9ef30', 'bd202e86-8dba-4882-a1cc-d6238221f5f1', '6', 'N', 'Y', NULL, NULL, 'Y', 'T', 'Y', NULL);
INSERT INTO sys_pagefield_rlt(id, pageId, fieldId, orderNum, isRequired, isReaded, isReseted, isRecorded, isShowed, layout, isValid, module) VALUES ('f42f2073-a769-4010-8cfc-99c2b6879ecc', '030781c6-f711-412e-97df-c59f07f9ef30', '1913968f-87d6-43c7-97c7-1be6e7efa002', '7', 'N', 'Y', NULL, NULL, 'Y', 'T', 'Y', NULL);
INSERT INTO sys_pagefield_rlt(id, pageId, fieldId, orderNum, isRequired, isReaded, isReseted, isRecorded, isShowed, layout, isValid, module) VALUES ('cee0d669-66a4-4160-9b5f-2d6e39279de6', '030781c6-f711-412e-97df-c59f07f9ef30', '5d79ee44-bc5e-417f-baf7-70717ce7c2ff', '8', 'N', 'Y', NULL, NULL, 'Y', 'T', 'Y', NULL);
INSERT INTO sys_pagefield_rlt(id, pageId, fieldId, orderNum, isRequired, isReaded, isReseted, isRecorded, isShowed, layout, isValid, module) VALUES ('41d89d75-9493-4266-8f6f-616bd32d0b22', '030781c6-f711-412e-97df-c59f07f9ef30', '884f8af5-700d-4eb0-ac51-d485b7b94dc9', '9', 'N', 'Y', NULL, NULL, 'Y', 'T', 'Y', NULL);
INSERT INTO sys_pagefield_rlt(id, pageId, fieldId, orderNum, isRequired, isReaded, isReseted, isRecorded, isShowed, layout, isValid, module) VALUES ('94f38c9a-e845-4184-bb1a-7265fa6a6a48', '030781c6-f711-412e-97df-c59f07f9ef30', '7d2ccc13-0e5b-47b4-9d73-584ba9aedffe', '10', 'N', 'Y', NULL, NULL, 'Y', 'T', 'Y', NULL);
INSERT INTO sys_pagefield_rlt(id, pageId, fieldId, orderNum, isRequired, isReaded, isReseted, isRecorded, isShowed, layout, isValid, module) VALUES ('191153f1-757f-4e39-9562-a6b0f6e01470', '030781c6-f711-412e-97df-c59f07f9ef30', '9166012f-b99c-46a7-a45f-fe6983a7fab5', '11', 'Y', 'Y', NULL, NULL, 'Y', 'T', 'Y', NULL);
INSERT INTO sys_pagefield_rlt(id, pageId, fieldId, orderNum, isRequired, isReaded, isReseted, isRecorded, isShowed, layout, isValid, module) VALUES ('90fd7808-72b3-49c4-9d95-4aa0e35d88b4', '030781c6-f711-412e-97df-c59f07f9ef30', 'dee073b1-9f03-4231-ae2c-679dc31131dc', '12', 'N', 'Y', NULL, NULL, 'Y', 'T', 'Y', NULL);
INSERT INTO sys_pagefield_rlt(id, pageId, fieldId, orderNum, isRequired, isReaded, isReseted, isRecorded, isShowed, layout, isValid, module) VALUES ('637bf1ba-0e9f-44fc-a7e1-82bd76e2dbd9', '030781c6-f711-412e-97df-c59f07f9ef30', '9cdb4a64-b4a6-4d7d-90bb-f40f81edf158', '13', 'N', 'Y', NULL, NULL, 'Y', 'F', 'Y', NULL);
INSERT INTO sys_pagefield_rlt(id, pageId, fieldId, orderNum, isRequired, isReaded, isReseted, isRecorded, isShowed, layout, isValid, module) VALUES ('789f1cdc-66f6-4340-b28f-cd6f12c1802e', '0bad095e-cbff-4f18-8912-b6c24cee7740', '8efe7acd-ba5d-40fa-a34e-3094a7e88cd1', '1', 'Y', 'N', NULL, NULL, 'Y', 'F', 'Y', NULL);
INSERT INTO sys_pagefield_rlt(id, pageId, fieldId, orderNum, isRequired, isReaded, isReseted, isRecorded, isShowed, layout, isValid, module) VALUES ('ec92a32e-640f-44e9-a573-d5cf309a26e9', '0bad095e-cbff-4f18-8912-b6c24cee7740', '5337ad8b-18f5-4dd9-88fc-6296d48bb55c', '2', 'N', 'N', NULL, NULL, 'Y', 'F', 'Y', NULL);
INSERT INTO sys_pagefield_rlt(id, pageId, fieldId, orderNum, isRequired, isReaded, isReseted, isRecorded, isShowed, layout, isValid, module) VALUES ('553ad66f-556a-40e7-96d6-906c729d9c51', '0bad095e-cbff-4f18-8912-b6c24cee7740', '01170613-855f-4b25-88b1-4d4fbcadcaf6', '3', 'Y', 'N', NULL, NULL, 'Y', 'T', 'Y', NULL);
INSERT INTO sys_pagefield_rlt(id, pageId, fieldId, orderNum, isRequired, isReaded, isReseted, isRecorded, isShowed, layout, isValid, module) VALUES ('af630eef-d4ad-426e-9d98-e3f4db4add98', '0bad095e-cbff-4f18-8912-b6c24cee7740', 'df25b50a-b71b-452f-9a13-a93037b3c10b', '4', 'Y', 'N', NULL, NULL, 'Y', 'T', 'Y', NULL);
INSERT INTO sys_pagefield_rlt(id, pageId, fieldId, orderNum, isRequired, isReaded, isReseted, isRecorded, isShowed, layout, isValid, module) VALUES ('f6e66429-2f6f-46c7-9215-d4f01ad7f74f', '0bad095e-cbff-4f18-8912-b6c24cee7740', 'edab1bc3-7dca-488e-aba4-975c68b9b59c', '5', 'N', 'N', NULL, NULL, 'Y', 'T', 'Y', NULL);
INSERT INTO sys_pagefield_rlt(id, pageId, fieldId, orderNum, isRequired, isReaded, isReseted, isRecorded, isShowed, layout, isValid, module) VALUES ('437f4686-ab93-47e8-b29a-7c7ba2baeb25', '0bad095e-cbff-4f18-8912-b6c24cee7740', 'bd202e86-8dba-4882-a1cc-d6238221f5f1', '6', 'N', 'N', NULL, NULL, 'Y', 'T', 'Y', NULL);
INSERT INTO sys_pagefield_rlt(id, pageId, fieldId, orderNum, isRequired, isReaded, isReseted, isRecorded, isShowed, layout, isValid, module) VALUES ('0f5c7470-d20a-4ff4-9c3a-390f79a0322c', '0bad095e-cbff-4f18-8912-b6c24cee7740', '1913968f-87d6-43c7-97c7-1be6e7efa002', '7', 'N', 'N', NULL, NULL, 'Y', 'T', 'Y', NULL);
INSERT INTO sys_pagefield_rlt(id, pageId, fieldId, orderNum, isRequired, isReaded, isReseted, isRecorded, isShowed, layout, isValid, module) VALUES ('e2048677-209e-4dc5-b196-56bfa211f2a8', '0bad095e-cbff-4f18-8912-b6c24cee7740', '5d79ee44-bc5e-417f-baf7-70717ce7c2ff', '8', 'N', 'N', NULL, NULL, 'Y', 'T', 'Y', NULL);
INSERT INTO sys_pagefield_rlt(id, pageId, fieldId, orderNum, isRequired, isReaded, isReseted, isRecorded, isShowed, layout, isValid, module) VALUES ('0a85fc91-359f-4c08-b303-6227301d23af', '0bad095e-cbff-4f18-8912-b6c24cee7740', '884f8af5-700d-4eb0-ac51-d485b7b94dc9', '9', 'Y', 'N', NULL, NULL, 'Y', 'T', 'Y', NULL);
INSERT INTO sys_pagefield_rlt(id, pageId, fieldId, orderNum, isRequired, isReaded, isReseted, isRecorded, isShowed, layout, isValid, module) VALUES ('a8a65621-76ed-4dce-9f48-7cb1521d0703', '0bad095e-cbff-4f18-8912-b6c24cee7740', '7d2ccc13-0e5b-47b4-9d73-584ba9aedffe', '10', 'N', 'N', NULL, NULL, 'Y', 'T', 'Y', NULL);
INSERT INTO sys_pagefield_rlt(id, pageId, fieldId, orderNum, isRequired, isReaded, isReseted, isRecorded, isShowed, layout, isValid, module) VALUES ('ca922bbe-31b8-4473-aa30-11d2cfde4d42', '0bad095e-cbff-4f18-8912-b6c24cee7740', 'fba45d89-ef08-4b79-813c-9f703d4f869a', '11', 'N', 'N', NULL, NULL, 'Y', 'F', 'Y', NULL);
INSERT INTO sys_pagefield_rlt(id, pageId, fieldId, orderNum, isRequired, isReaded, isReseted, isRecorded, isShowed, layout, isValid, module) VALUES ('7dc578fe-65ae-4f21-9249-7ebb4b5cf563', '0bad095e-cbff-4f18-8912-b6c24cee7740', '9224b445-5c14-46eb-80f9-f1bbe6f8c26a', '12', 'N', 'N', NULL, NULL, 'Y', 'F', 'Y', NULL);
INSERT INTO sys_pagefield_rlt(id, pageId, fieldId, orderNum, isRequired, isReaded, isReseted, isRecorded, isShowed, layout, isValid, module) VALUES ('88e680ee-266a-4aed-b1f2-108224bb9975', '2c67e49a-8d02-41cc-92c8-d46be87ea437', '8efe7acd-ba5d-40fa-a34e-3094a7e88cd1', '1', 'Y', 'Y', NULL, NULL, 'Y', 'F', 'Y', NULL);
INSERT INTO sys_pagefield_rlt(id, pageId, fieldId, orderNum, isRequired, isReaded, isReseted, isRecorded, isShowed, layout, isValid, module) VALUES ('3f2475db-a42d-4b5d-b4fd-315bd2087dcb', '2c67e49a-8d02-41cc-92c8-d46be87ea437', '5337ad8b-18f5-4dd9-88fc-6296d48bb55c', '2', 'N', 'Y', NULL, NULL, 'Y', 'F', 'Y', NULL);
INSERT INTO sys_pagefield_rlt(id, pageId, fieldId, orderNum, isRequired, isReaded, isReseted, isRecorded, isShowed, layout, isValid, module) VALUES ('d8c8225e-70af-4482-aa2b-15565e7d3851', '2c67e49a-8d02-41cc-92c8-d46be87ea437', '01170613-855f-4b25-88b1-4d4fbcadcaf6', '3', 'Y', 'Y', NULL, NULL, 'Y', 'T', 'Y', NULL);
INSERT INTO sys_pagefield_rlt(id, pageId, fieldId, orderNum, isRequired, isReaded, isReseted, isRecorded, isShowed, layout, isValid, module) VALUES ('8694ade1-0c81-4673-8293-cd1b456c43e6', '2c67e49a-8d02-41cc-92c8-d46be87ea437', 'df25b50a-b71b-452f-9a13-a93037b3c10b', '4', 'Y', 'Y', NULL, NULL, 'Y', 'T', 'Y', NULL);
INSERT INTO sys_pagefield_rlt(id, pageId, fieldId, orderNum, isRequired, isReaded, isReseted, isRecorded, isShowed, layout, isValid, module) VALUES ('d1e172a0-7fd1-47b1-9485-3d80163bfccb', '2c67e49a-8d02-41cc-92c8-d46be87ea437', 'edab1bc3-7dca-488e-aba4-975c68b9b59c', '5', 'N', 'Y', NULL, NULL, 'Y', 'T', 'Y', NULL);
INSERT INTO sys_pagefield_rlt(id, pageId, fieldId, orderNum, isRequired, isReaded, isReseted, isRecorded, isShowed, layout, isValid, module) VALUES ('b37bd046-ef4e-4000-984d-3a05916ffef8', '2c67e49a-8d02-41cc-92c8-d46be87ea437', 'bd202e86-8dba-4882-a1cc-d6238221f5f1', '6', 'N', 'Y', NULL, NULL, 'Y', 'T', 'Y', NULL);
INSERT INTO sys_pagefield_rlt(id, pageId, fieldId, orderNum, isRequired, isReaded, isReseted, isRecorded, isShowed, layout, isValid, module) VALUES ('7b7076dc-f8fa-44d0-b397-3d04b456895d', '2c67e49a-8d02-41cc-92c8-d46be87ea437', '7d2ccc13-0e5b-47b4-9d73-584ba9aedffe', '7', 'N', 'Y', NULL, NULL, 'Y', 'T', 'Y', NULL);
INSERT INTO sys_pagefield_rlt(id, pageId, fieldId, orderNum, isRequired, isReaded, isReseted, isRecorded, isShowed, layout, isValid, module) VALUES ('fa235c64-605f-46c1-b976-2c11c86095f6', '2c67e49a-8d02-41cc-92c8-d46be87ea437', '1913968f-87d6-43c7-97c7-1be6e7efa002', '8', 'N', 'Y', NULL, NULL, 'Y', 'T', 'Y', NULL);
INSERT INTO sys_pagefield_rlt(id, pageId, fieldId, orderNum, isRequired, isReaded, isReseted, isRecorded, isShowed, layout, isValid, module) VALUES ('0827ebac-00b0-4140-b651-9c8536172394', '2c67e49a-8d02-41cc-92c8-d46be87ea437', 'cd0197b8-6a68-41fa-9e55-38878b772f84', '9', 'N', 'Y', NULL, NULL, 'Y', 'T', 'Y', NULL);
INSERT INTO sys_pagefield_rlt(id, pageId, fieldId, orderNum, isRequired, isReaded, isReseted, isRecorded, isShowed, layout, isValid, module) VALUES ('c1280fb3-633c-4fe8-bcdf-6aad7aee2a31', '2c67e49a-8d02-41cc-92c8-d46be87ea437', '9a3acc36-6a6a-475c-ba26-84cc3ef22bf0', '10', 'N', 'Y', NULL, NULL, 'Y', 'T', 'Y', NULL);
INSERT INTO sys_pagefield_rlt(id, pageId, fieldId, orderNum, isRequired, isReaded, isReseted, isRecorded, isShowed, layout, isValid, module) VALUES ('0adca0cc-1959-41ed-addf-d4db6a7f21db', '2c67e49a-8d02-41cc-92c8-d46be87ea437', 'fba45d89-ef08-4b79-813c-9f703d4f869a', '11', 'N', 'Y', NULL, NULL, 'Y', 'F', 'Y', NULL);
INSERT INTO sys_pagefield_rlt(id, pageId, fieldId, orderNum, isRequired, isReaded, isReseted, isRecorded, isShowed, layout, isValid, module) VALUES ('197d006d-eaed-4a59-99d7-27c479e21556', '2c67e49a-8d02-41cc-92c8-d46be87ea437', '884f8af5-700d-4eb0-ac51-d485b7b94dc9', '12', 'Y', 'Y', NULL, NULL, 'Y', 'T', 'Y', NULL);
INSERT INTO sys_pagefield_rlt(id, pageId, fieldId, orderNum, isRequired, isReaded, isReseted, isRecorded, isShowed, layout, isValid, module) VALUES ('66eb7f78-e692-4748-8f01-c97008d51961', '2c67e49a-8d02-41cc-92c8-d46be87ea437', 'a63ef633-d664-4f21-b654-90290c889f10', '13', 'N', 'Y', NULL, NULL, 'Y', 'T', 'Y', NULL);
INSERT INTO sys_pagefield_rlt(id, pageId, fieldId, orderNum, isRequired, isReaded, isReseted, isRecorded, isShowed, layout, isValid, module) VALUES ('e3535f05-e1de-4467-9255-4fac95dd270b', '2c67e49a-8d02-41cc-92c8-d46be87ea437', '9cdb4a64-b4a6-4d7d-90bb-f40f81edf158', '14', 'N', 'Y', NULL, NULL, 'Y', 'F', 'Y', NULL);
INSERT INTO sys_pagefield_rlt(id, pageId, fieldId, orderNum, isRequired, isReaded, isReseted, isRecorded, isShowed, layout, isValid, module) VALUES ('f9d69a5d-6070-4bbb-9ba2-48b6805d8a53', '2fa36f10-413f-46fa-af2f-04216d3d0a06', '8efe7acd-ba5d-40fa-a34e-3094a7e88cd1', '1', 'N', 'Y', NULL, NULL, 'Y', 'F', 'Y', NULL);
INSERT INTO sys_pagefield_rlt(id, pageId, fieldId, orderNum, isRequired, isReaded, isReseted, isRecorded, isShowed, layout, isValid, module) VALUES ('1ba31b40-5efb-4683-bdf3-67e7baf14ae9', '2fa36f10-413f-46fa-af2f-04216d3d0a06', '5337ad8b-18f5-4dd9-88fc-6296d48bb55c', '2', 'N', 'Y', NULL, NULL, 'Y', 'F', 'Y', NULL);
INSERT INTO sys_pagefield_rlt(id, pageId, fieldId, orderNum, isRequired, isReaded, isReseted, isRecorded, isShowed, layout, isValid, module) VALUES ('461d563a-a921-475e-8ef0-2913d0989d37', '2fa36f10-413f-46fa-af2f-04216d3d0a06', '01170613-855f-4b25-88b1-4d4fbcadcaf6', '3', 'N', 'Y', NULL, NULL, 'Y', 'T', 'Y', NULL);
INSERT INTO sys_pagefield_rlt(id, pageId, fieldId, orderNum, isRequired, isReaded, isReseted, isRecorded, isShowed, layout, isValid, module) VALUES ('ae4f2a91-3f66-4a1e-9460-f5255b985a60', '2fa36f10-413f-46fa-af2f-04216d3d0a06', 'df25b50a-b71b-452f-9a13-a93037b3c10b', '4', 'N', 'Y', NULL, NULL, 'Y', 'T', 'Y', NULL);
INSERT INTO sys_pagefield_rlt(id, pageId, fieldId, orderNum, isRequired, isReaded, isReseted, isRecorded, isShowed, layout, isValid, module) VALUES ('0f08edfc-53c7-4f7e-9ca1-1930e42fdb40', '2fa36f10-413f-46fa-af2f-04216d3d0a06', 'edab1bc3-7dca-488e-aba4-975c68b9b59c', '5', 'N', 'Y', NULL, NULL, 'Y', 'T', 'Y', NULL);
INSERT INTO sys_pagefield_rlt(id, pageId, fieldId, orderNum, isRequired, isReaded, isReseted, isRecorded, isShowed, layout, isValid, module) VALUES ('f451d30a-7084-4cc6-85da-ea21bf788b43', '2fa36f10-413f-46fa-af2f-04216d3d0a06', 'bd202e86-8dba-4882-a1cc-d6238221f5f1', '6', 'N', 'Y', NULL, NULL, 'Y', 'T', 'Y', NULL);
INSERT INTO sys_pagefield_rlt(id, pageId, fieldId, orderNum, isRequired, isReaded, isReseted, isRecorded, isShowed, layout, isValid, module) VALUES ('ce8476e4-0978-4d78-9885-65fb36e1e880', '2fa36f10-413f-46fa-af2f-04216d3d0a06', '7d2ccc13-0e5b-47b4-9d73-584ba9aedffe', '7', 'N', 'Y', NULL, NULL, 'Y', 'T', 'Y', NULL);
INSERT INTO sys_pagefield_rlt(id, pageId, fieldId, orderNum, isRequired, isReaded, isReseted, isRecorded, isShowed, layout, isValid, module) VALUES ('00372875-0878-4c3d-9796-1b59b2db2fe7', '2fa36f10-413f-46fa-af2f-04216d3d0a06', '1913968f-87d6-43c7-97c7-1be6e7efa002', '8', 'N', 'Y', NULL, NULL, 'Y', 'T', 'Y', NULL);
INSERT INTO sys_pagefield_rlt(id, pageId, fieldId, orderNum, isRequired, isReaded, isReseted, isRecorded, isShowed, layout, isValid, module) VALUES ('5a8c792b-71b5-464c-ae0c-51eb2360bf85', '2fa36f10-413f-46fa-af2f-04216d3d0a06', 'cd0197b8-6a68-41fa-9e55-38878b772f84', '9', 'N', 'Y', NULL, NULL, 'Y', 'T', 'Y', NULL);
INSERT INTO sys_pagefield_rlt(id, pageId, fieldId, orderNum, isRequired, isReaded, isReseted, isRecorded, isShowed, layout, isValid, module) VALUES ('06ec6dae-6962-4dac-9cca-310333f53d8d', '2fa36f10-413f-46fa-af2f-04216d3d0a06', '9a3acc36-6a6a-475c-ba26-84cc3ef22bf0', '10', 'N', 'Y', NULL, NULL, 'Y', 'T', 'Y', NULL);
INSERT INTO sys_pagefield_rlt(id, pageId, fieldId, orderNum, isRequired, isReaded, isReseted, isRecorded, isShowed, layout, isValid, module) VALUES ('d2e10bef-7449-4694-9815-71b3af709403', '2fa36f10-413f-46fa-af2f-04216d3d0a06', '7a5f622d-7168-4974-905e-b2f4fbadd58c', '11', 'N', 'Y', NULL, NULL, 'Y', 'T', 'Y', NULL);
INSERT INTO sys_pagefield_rlt(id, pageId, fieldId, orderNum, isRequired, isReaded, isReseted, isRecorded, isShowed, layout, isValid, module) VALUES ('943cc060-1eec-4612-b62c-4432c679ae35', '2fa36f10-413f-46fa-af2f-04216d3d0a06', 'ed054ae1-f263-4f5b-8c74-00701862e159', '12', 'N', 'Y', NULL, NULL, 'Y', 'T', 'Y', NULL);
INSERT INTO sys_pagefield_rlt(id, pageId, fieldId, orderNum, isRequired, isReaded, isReseted, isRecorded, isShowed, layout, isValid, module) VALUES ('9a058766-c60f-4cef-9800-6fc2c167ca10', '2fa36f10-413f-46fa-af2f-04216d3d0a06', 'a7c8f97b-e9a0-41dd-92ff-215fa18e142c', '13', 'N', 'Y', NULL, NULL, 'Y', 'F', 'Y', NULL);
INSERT INTO sys_pagefield_rlt(id, pageId, fieldId, orderNum, isRequired, isReaded, isReseted, isRecorded, isShowed, layout, isValid, module) VALUES ('11927977-8b33-4241-bf2a-699e5c2b7c46', '2fa36f10-413f-46fa-af2f-04216d3d0a06', 'dbf2828b-3f67-4d03-a447-ab69a30a6d76', '14', 'N', 'Y', NULL, NULL, 'Y', 'F', 'Y', NULL);
INSERT INTO sys_pagefield_rlt(id, pageId, fieldId, orderNum, isRequired, isReaded, isReseted, isRecorded, isShowed, layout, isValid, module) VALUES ('3f29d1c0-3847-4587-8920-2b72e908b9d4', '2fa36f10-413f-46fa-af2f-04216d3d0a06', 'df455788-9167-4edb-aacd-d2fdf4e77659', '15', 'N', 'Y', NULL, NULL, 'Y', 'T', 'Y', NULL);
INSERT INTO sys_pagefield_rlt(id, pageId, fieldId, orderNum, isRequired, isReaded, isReseted, isRecorded, isShowed, layout, isValid, module) VALUES ('b60140d9-995c-4df9-817a-749ca2c8a39f', '2fa36f10-413f-46fa-af2f-04216d3d0a06', '9166012f-b99c-46a7-a45f-fe6983a7fab5', '16', 'N', 'Y', NULL, NULL, 'Y', 'T', 'Y', NULL);
INSERT INTO sys_pagefield_rlt(id, pageId, fieldId, orderNum, isRequired, isReaded, isReseted, isRecorded, isShowed, layout, isValid, module) VALUES ('f519008c-0af8-4474-a28b-825a34974aa0', '2fa36f10-413f-46fa-af2f-04216d3d0a06', '9cdb4a64-b4a6-4d7d-90bb-f40f81edf158', '17', 'Y', 'N', NULL, NULL, 'Y', 'F', 'Y', NULL);
INSERT INTO sys_pagefield_rlt(id, pageId, fieldId, orderNum, isRequired, isReaded, isReseted, isRecorded, isShowed, layout, isValid, module) VALUES ('143ac4cf-587a-4b9a-91bb-c50d794702f7', '39710b9d-883f-4e86-b256-7cf42f2fbca0', '8efe7acd-ba5d-40fa-a34e-3094a7e88cd1', '1', 'N', 'Y', NULL, NULL, 'Y', 'F', 'Y', NULL);
INSERT INTO sys_pagefield_rlt(id, pageId, fieldId, orderNum, isRequired, isReaded, isReseted, isRecorded, isShowed, layout, isValid, module) VALUES ('2ab8fbaf-e452-4fc3-aa25-50f3ff613c95', '39710b9d-883f-4e86-b256-7cf42f2fbca0', '5337ad8b-18f5-4dd9-88fc-6296d48bb55c', '2', 'N', 'Y', NULL, NULL, 'Y', 'F', 'Y', NULL);
INSERT INTO sys_pagefield_rlt(id, pageId, fieldId, orderNum, isRequired, isReaded, isReseted, isRecorded, isShowed, layout, isValid, module) VALUES ('ceb8dbef-5ad6-44ac-b61e-f3aed811a35f', '39710b9d-883f-4e86-b256-7cf42f2fbca0', '01170613-855f-4b25-88b1-4d4fbcadcaf6', '3', 'N', 'Y', NULL, NULL, 'Y', 'T', 'Y', NULL);
INSERT INTO sys_pagefield_rlt(id, pageId, fieldId, orderNum, isRequired, isReaded, isReseted, isRecorded, isShowed, layout, isValid, module) VALUES ('30636e49-3db7-46e3-b648-c2f1f4e6b1d9', '39710b9d-883f-4e86-b256-7cf42f2fbca0', 'df25b50a-b71b-452f-9a13-a93037b3c10b', '4', 'N', 'Y', NULL, NULL, 'Y', 'T', 'Y', NULL);
INSERT INTO sys_pagefield_rlt(id, pageId, fieldId, orderNum, isRequired, isReaded, isReseted, isRecorded, isShowed, layout, isValid, module) VALUES ('5cc2f38e-a380-4911-bd8d-73ade3cff621', '39710b9d-883f-4e86-b256-7cf42f2fbca0', 'edab1bc3-7dca-488e-aba4-975c68b9b59c', '5', 'N', 'Y', NULL, NULL, 'Y', 'T', 'Y', NULL);
INSERT INTO sys_pagefield_rlt(id, pageId, fieldId, orderNum, isRequired, isReaded, isReseted, isRecorded, isShowed, layout, isValid, module) VALUES ('2ea6bb7a-0608-4653-942b-93ed290932ab', '39710b9d-883f-4e86-b256-7cf42f2fbca0', 'bd202e86-8dba-4882-a1cc-d6238221f5f1', '6', 'N', 'Y', NULL, NULL, 'Y', 'T', 'Y', NULL);
INSERT INTO sys_pagefield_rlt(id, pageId, fieldId, orderNum, isRequired, isReaded, isReseted, isRecorded, isShowed, layout, isValid, module) VALUES ('165fc0ff-5a45-4bce-9c1d-96ff3f7b6250', '39710b9d-883f-4e86-b256-7cf42f2fbca0', '7d2ccc13-0e5b-47b4-9d73-584ba9aedffe', '7', 'N', 'Y', NULL, NULL, 'Y', 'T', 'Y', NULL);
INSERT INTO sys_pagefield_rlt(id, pageId, fieldId, orderNum, isRequired, isReaded, isReseted, isRecorded, isShowed, layout, isValid, module) VALUES ('f5535e7d-060b-45ab-a3d0-85f3ef71ea7c', '39710b9d-883f-4e86-b256-7cf42f2fbca0', '1913968f-87d6-43c7-97c7-1be6e7efa002', '8', 'N', 'Y', NULL, NULL, 'Y', 'T', 'Y', NULL);
INSERT INTO sys_pagefield_rlt(id, pageId, fieldId, orderNum, isRequired, isReaded, isReseted, isRecorded, isShowed, layout, isValid, module) VALUES ('4a529ef4-8b4a-43c2-a7e3-52f485b5c800', '39710b9d-883f-4e86-b256-7cf42f2fbca0', 'cd0197b8-6a68-41fa-9e55-38878b772f84', '9', 'N', 'Y', NULL, NULL, 'Y', 'T', 'Y', NULL);
INSERT INTO sys_pagefield_rlt(id, pageId, fieldId, orderNum, isRequired, isReaded, isReseted, isRecorded, isShowed, layout, isValid, module) VALUES ('c8cdb2cd-1ab2-4dbc-8f2e-c284d1394d63', '39710b9d-883f-4e86-b256-7cf42f2fbca0', '9a3acc36-6a6a-475c-ba26-84cc3ef22bf0', '10', 'N', 'Y', NULL, NULL, 'Y', 'T', 'Y', NULL);
INSERT INTO sys_pagefield_rlt(id, pageId, fieldId, orderNum, isRequired, isReaded, isReseted, isRecorded, isShowed, layout, isValid, module) VALUES ('0b0a45f7-d78e-4c63-bea5-56ac7b6a6c36', '39710b9d-883f-4e86-b256-7cf42f2fbca0', '7a5f622d-7168-4974-905e-b2f4fbadd58c', '11', 'N', 'N', NULL, NULL, 'Y', 'T', 'Y', NULL);
INSERT INTO sys_pagefield_rlt(id, pageId, fieldId, orderNum, isRequired, isReaded, isReseted, isRecorded, isShowed, layout, isValid, module) VALUES ('009513bc-94a5-422b-947b-6f0c54a6811e', '39710b9d-883f-4e86-b256-7cf42f2fbca0', 'ed054ae1-f263-4f5b-8c74-00701862e159', '12', 'N', 'N', NULL, NULL, 'Y', 'T', 'Y', NULL);
INSERT INTO sys_pagefield_rlt(id, pageId, fieldId, orderNum, isRequired, isReaded, isReseted, isRecorded, isShowed, layout, isValid, module) VALUES ('146b4add-a613-4386-b065-37cc8caf6be5', '39710b9d-883f-4e86-b256-7cf42f2fbca0', 'a7c8f97b-e9a0-41dd-92ff-215fa18e142c', '13', 'N', 'N', NULL, NULL, 'Y', 'F', 'Y', NULL);
INSERT INTO sys_pagefield_rlt(id, pageId, fieldId, orderNum, isRequired, isReaded, isReseted, isRecorded, isShowed, layout, isValid, module) VALUES ('bb849e29-2b38-4beb-9b31-269dc928dcc7', '39710b9d-883f-4e86-b256-7cf42f2fbca0', 'dbf2828b-3f67-4d03-a447-ab69a30a6d76', '14', 'N', 'N', NULL, NULL, 'Y', 'F', 'Y', NULL);
INSERT INTO sys_pagefield_rlt(id, pageId, fieldId, orderNum, isRequired, isReaded, isReseted, isRecorded, isShowed, layout, isValid, module) VALUES ('df100c8e-cf2f-4521-a2b0-0036f2d56812', '39710b9d-883f-4e86-b256-7cf42f2fbca0', 'df455788-9167-4edb-aacd-d2fdf4e77659', '15', 'Y', 'N', NULL, NULL, 'Y', 'T', 'Y', NULL);
INSERT INTO sys_pagefield_rlt(id, pageId, fieldId, orderNum, isRequired, isReaded, isReseted, isRecorded, isShowed, layout, isValid, module) VALUES ('9fd13215-a863-4069-85b5-f7e147a09a31', '39b10bcd-f4a3-4d8e-9aee-b2c16afea713', '8efe7acd-ba5d-40fa-a34e-3094a7e88cd1', '1', 'Y', 'Y', NULL, NULL, 'Y', 'F', 'Y', NULL);
INSERT INTO sys_pagefield_rlt(id, pageId, fieldId, orderNum, isRequired, isReaded, isReseted, isRecorded, isShowed, layout, isValid, module) VALUES ('db1157aa-8a09-4be1-aaa7-642b9ac6381f', '39b10bcd-f4a3-4d8e-9aee-b2c16afea713', '5337ad8b-18f5-4dd9-88fc-6296d48bb55c', '2', 'N', 'Y', NULL, NULL, 'Y', 'F', 'Y', NULL);
INSERT INTO sys_pagefield_rlt(id, pageId, fieldId, orderNum, isRequired, isReaded, isReseted, isRecorded, isShowed, layout, isValid, module) VALUES ('439c1aec-5df4-4173-aaf0-26c196ca797c', '39b10bcd-f4a3-4d8e-9aee-b2c16afea713', '01170613-855f-4b25-88b1-4d4fbcadcaf6', '3', 'Y', 'Y', NULL, NULL, 'Y', 'T', 'Y', NULL);
INSERT INTO sys_pagefield_rlt(id, pageId, fieldId, orderNum, isRequired, isReaded, isReseted, isRecorded, isShowed, layout, isValid, module) VALUES ('4789ac9d-2e77-46e0-a17a-31f73d251f75', '39b10bcd-f4a3-4d8e-9aee-b2c16afea713', 'df25b50a-b71b-452f-9a13-a93037b3c10b', '4', 'Y', 'Y', NULL, NULL, 'Y', 'T', 'Y', NULL);
INSERT INTO sys_pagefield_rlt(id, pageId, fieldId, orderNum, isRequired, isReaded, isReseted, isRecorded, isShowed, layout, isValid, module) VALUES ('b1861daf-148a-46d9-9eca-2776ca1cc83c', '39b10bcd-f4a3-4d8e-9aee-b2c16afea713', 'edab1bc3-7dca-488e-aba4-975c68b9b59c', '5', 'N', 'Y', NULL, NULL, 'Y', 'T', 'Y', NULL);
INSERT INTO sys_pagefield_rlt(id, pageId, fieldId, orderNum, isRequired, isReaded, isReseted, isRecorded, isShowed, layout, isValid, module) VALUES ('30111dcd-e94d-49a9-bbcd-2d13ba89f678', '39b10bcd-f4a3-4d8e-9aee-b2c16afea713', 'bd202e86-8dba-4882-a1cc-d6238221f5f1', '6', 'N', 'Y', NULL, NULL, 'Y', 'T', 'Y', NULL);
INSERT INTO sys_pagefield_rlt(id, pageId, fieldId, orderNum, isRequired, isReaded, isReseted, isRecorded, isShowed, layout, isValid, module) VALUES ('4f522342-6b36-47f0-85fc-d9339bc1acc0', '39b10bcd-f4a3-4d8e-9aee-b2c16afea713', '1913968f-87d6-43c7-97c7-1be6e7efa002', '7', 'N', 'Y', NULL, NULL, 'Y', 'T', 'Y', NULL);
INSERT INTO sys_pagefield_rlt(id, pageId, fieldId, orderNum, isRequired, isReaded, isReseted, isRecorded, isShowed, layout, isValid, module) VALUES ('7779b088-bf5e-461a-b2d2-acbd82848267', '39b10bcd-f4a3-4d8e-9aee-b2c16afea713', '5d79ee44-bc5e-417f-baf7-70717ce7c2ff', '8', 'N', 'Y', NULL, NULL, 'Y', 'T', 'Y', NULL);
INSERT INTO sys_pagefield_rlt(id, pageId, fieldId, orderNum, isRequired, isReaded, isReseted, isRecorded, isShowed, layout, isValid, module) VALUES ('a61f1bbf-6526-4e12-af4f-254c1a69e360', '39b10bcd-f4a3-4d8e-9aee-b2c16afea713', '884f8af5-700d-4eb0-ac51-d485b7b94dc9', '9', 'Y', 'Y', NULL, NULL, 'Y', 'T', 'Y', NULL);
INSERT INTO sys_pagefield_rlt(id, pageId, fieldId, orderNum, isRequired, isReaded, isReseted, isRecorded, isShowed, layout, isValid, module) VALUES ('78b3a4ba-ed2f-473f-9f0f-1a9fbb4e3e39', '39b10bcd-f4a3-4d8e-9aee-b2c16afea713', '7d2ccc13-0e5b-47b4-9d73-584ba9aedffe', '10', 'N', 'Y', NULL, NULL, 'Y', 'T', 'Y', NULL);
INSERT INTO sys_pagefield_rlt(id, pageId, fieldId, orderNum, isRequired, isReaded, isReseted, isRecorded, isShowed, layout, isValid, module) VALUES ('16f06a3a-5a1e-4c58-827a-e7d14a419e72', '39b10bcd-f4a3-4d8e-9aee-b2c16afea713', 'fba45d89-ef08-4b79-813c-9f703d4f869a', '11', 'N', 'Y', NULL, NULL, 'Y', 'F', 'Y', NULL);
INSERT INTO sys_pagefield_rlt(id, pageId, fieldId, orderNum, isRequired, isReaded, isReseted, isRecorded, isShowed, layout, isValid, module) VALUES ('4da72c2b-b399-427d-9198-4075ce4aa4cb', '4ab81d1f-8f82-486b-85df-b837240cb9de', '8efe7acd-ba5d-40fa-a34e-3094a7e88cd1', '1', 'Y', 'Y', NULL, NULL, 'Y', 'F', 'Y', NULL);
INSERT INTO sys_pagefield_rlt(id, pageId, fieldId, orderNum, isRequired, isReaded, isReseted, isRecorded, isShowed, layout, isValid, module) VALUES ('c838db2d-b16e-4dba-8178-0e5a25f15dbb', '4ab81d1f-8f82-486b-85df-b837240cb9de', '5337ad8b-18f5-4dd9-88fc-6296d48bb55c', '2', 'N', 'Y', NULL, NULL, 'Y', 'F', 'Y', NULL);
INSERT INTO sys_pagefield_rlt(id, pageId, fieldId, orderNum, isRequired, isReaded, isReseted, isRecorded, isShowed, layout, isValid, module) VALUES ('9a9923de-444a-4f71-bf06-72e6ffa011b5', '4ab81d1f-8f82-486b-85df-b837240cb9de', '01170613-855f-4b25-88b1-4d4fbcadcaf6', '3', 'Y', 'Y', NULL, NULL, 'Y', 'T', 'Y', NULL);
INSERT INTO sys_pagefield_rlt(id, pageId, fieldId, orderNum, isRequired, isReaded, isReseted, isRecorded, isShowed, layout, isValid, module) VALUES ('24052ad3-131d-4533-ae3c-b219a752d469', '4ab81d1f-8f82-486b-85df-b837240cb9de', 'df25b50a-b71b-452f-9a13-a93037b3c10b', '4', 'Y', 'Y', NULL, NULL, 'Y', 'T', 'Y', NULL);
INSERT INTO sys_pagefield_rlt(id, pageId, fieldId, orderNum, isRequired, isReaded, isReseted, isRecorded, isShowed, layout, isValid, module) VALUES ('c308adec-188e-49dc-a656-8f3889649216', '4ab81d1f-8f82-486b-85df-b837240cb9de', 'edab1bc3-7dca-488e-aba4-975c68b9b59c', '5', 'N', 'Y', NULL, NULL, 'Y', 'T', 'Y', NULL);
INSERT INTO sys_pagefield_rlt(id, pageId, fieldId, orderNum, isRequired, isReaded, isReseted, isRecorded, isShowed, layout, isValid, module) VALUES ('2d32c68a-bfae-45d5-9941-b32056bf1c77', '4ab81d1f-8f82-486b-85df-b837240cb9de', 'bd202e86-8dba-4882-a1cc-d6238221f5f1', '6', 'N', 'Y', NULL, NULL, 'Y', 'T', 'Y', NULL);
INSERT INTO sys_pagefield_rlt(id, pageId, fieldId, orderNum, isRequired, isReaded, isReseted, isRecorded, isShowed, layout, isValid, module) VALUES ('1a840efd-6e6c-49f2-a2be-b637a5be18dd', '4ab81d1f-8f82-486b-85df-b837240cb9de', '7d2ccc13-0e5b-47b4-9d73-584ba9aedffe', '7', 'N', 'Y', NULL, NULL, 'Y', 'T', 'Y', NULL);
INSERT INTO sys_pagefield_rlt(id, pageId, fieldId, orderNum, isRequired, isReaded, isReseted, isRecorded, isShowed, layout, isValid, module) VALUES ('38e9b683-44d5-4d88-b8d1-9147c5466fef', '4ab81d1f-8f82-486b-85df-b837240cb9de', '1913968f-87d6-43c7-97c7-1be6e7efa002', '8', 'N', 'Y', NULL, NULL, 'Y', 'T', 'Y', NULL);
INSERT INTO sys_pagefield_rlt(id, pageId, fieldId, orderNum, isRequired, isReaded, isReseted, isRecorded, isShowed, layout, isValid, module) VALUES ('e64f31bc-4e0e-4dd5-8afc-53e428be524b', '4ab81d1f-8f82-486b-85df-b837240cb9de', 'cd0197b8-6a68-41fa-9e55-38878b772f84', '9', 'N', 'Y', NULL, NULL, 'Y', 'T', 'Y', NULL);
INSERT INTO sys_pagefield_rlt(id, pageId, fieldId, orderNum, isRequired, isReaded, isReseted, isRecorded, isShowed, layout, isValid, module) VALUES ('57706ae1-a583-4b6f-9f6e-a9482985f81c', '4ab81d1f-8f82-486b-85df-b837240cb9de', '9a3acc36-6a6a-475c-ba26-84cc3ef22bf0', '10', 'N', 'Y', NULL, NULL, 'Y', 'T', 'Y', NULL);
INSERT INTO sys_pagefield_rlt(id, pageId, fieldId, orderNum, isRequired, isReaded, isReseted, isRecorded, isShowed, layout, isValid, module) VALUES ('75e23bc7-c7e7-4774-8454-2323b57805aa', '4ab81d1f-8f82-486b-85df-b837240cb9de', 'fba45d89-ef08-4b79-813c-9f703d4f869a', '11', 'N', 'Y', NULL, NULL, 'Y', 'F', 'Y', NULL);
INSERT INTO sys_pagefield_rlt(id, pageId, fieldId, orderNum, isRequired, isReaded, isReseted, isRecorded, isShowed, layout, isValid, module) VALUES ('6685bd0a-a021-4612-91b7-bf989885236e', '4ab81d1f-8f82-486b-85df-b837240cb9de', '884f8af5-700d-4eb0-ac51-d485b7b94dc9', '12', 'Y', 'Y', NULL, NULL, 'Y', 'T', 'Y', NULL);
INSERT INTO sys_pagefield_rlt(id, pageId, fieldId, orderNum, isRequired, isReaded, isReseted, isRecorded, isShowed, layout, isValid, module) VALUES ('e0c97837-398f-4d37-a614-1a10f36dc027', '4ab81d1f-8f82-486b-85df-b837240cb9de', 'a63ef633-d664-4f21-b654-90290c889f10', '13', 'N', 'Y', NULL, NULL, 'Y', 'T', 'Y', NULL);
INSERT INTO sys_pagefield_rlt(id, pageId, fieldId, orderNum, isRequired, isReaded, isReseted, isRecorded, isShowed, layout, isValid, module) VALUES ('5c36497a-174a-46c8-b187-9a8ad5f89eed', '4ab81d1f-8f82-486b-85df-b837240cb9de', '9cdb4a64-b4a6-4d7d-90bb-f40f81edf158', '14', 'Y', 'N', NULL, NULL, 'Y', 'F', 'Y', NULL);
INSERT INTO sys_pagefield_rlt(id, pageId, fieldId, orderNum, isRequired, isReaded, isReseted, isRecorded, isShowed, layout, isValid, module) VALUES ('35d9e8fc-5f7c-4319-be8c-e31c6a673b37', '7a5a9a88-28d3-4840-aa1d-7db53d69fa77', '8efe7acd-ba5d-40fa-a34e-3094a7e88cd1', '1', 'N', 'Y', NULL, NULL, 'Y', 'F', 'Y', NULL);
INSERT INTO sys_pagefield_rlt(id, pageId, fieldId, orderNum, isRequired, isReaded, isReseted, isRecorded, isShowed, layout, isValid, module) VALUES ('6bdd7374-30d1-4e44-993a-0c722148624f', '7a5a9a88-28d3-4840-aa1d-7db53d69fa77', '5337ad8b-18f5-4dd9-88fc-6296d48bb55c', '2', 'N', 'Y', NULL, NULL, 'Y', 'F', 'Y', NULL);
INSERT INTO sys_pagefield_rlt(id, pageId, fieldId, orderNum, isRequired, isReaded, isReseted, isRecorded, isShowed, layout, isValid, module) VALUES ('84272359-de79-4469-9e74-cd3d27828f18', '7a5a9a88-28d3-4840-aa1d-7db53d69fa77', '01170613-855f-4b25-88b1-4d4fbcadcaf6', '3', 'Y', 'N', NULL, NULL, 'Y', 'T', 'Y', NULL);
INSERT INTO sys_pagefield_rlt(id, pageId, fieldId, orderNum, isRequired, isReaded, isReseted, isRecorded, isShowed, layout, isValid, module) VALUES ('88b95001-3e81-4856-a668-8a4e58079406', '7a5a9a88-28d3-4840-aa1d-7db53d69fa77', 'df25b50a-b71b-452f-9a13-a93037b3c10b', '4', 'Y', 'N', NULL, NULL, 'Y', 'T', 'Y', NULL);
INSERT INTO sys_pagefield_rlt(id, pageId, fieldId, orderNum, isRequired, isReaded, isReseted, isRecorded, isShowed, layout, isValid, module) VALUES ('278974b5-1761-4a8b-9897-985d7bc4a6df', '7a5a9a88-28d3-4840-aa1d-7db53d69fa77', 'edab1bc3-7dca-488e-aba4-975c68b9b59c', '5', 'N', 'N', NULL, NULL, 'Y', 'T', 'Y', NULL);
INSERT INTO sys_pagefield_rlt(id, pageId, fieldId, orderNum, isRequired, isReaded, isReseted, isRecorded, isShowed, layout, isValid, module) VALUES ('dbc4251c-7e84-4c65-b9a6-f3f167a4c33f', '7a5a9a88-28d3-4840-aa1d-7db53d69fa77', 'bd202e86-8dba-4882-a1cc-d6238221f5f1', '6', 'N', 'N', NULL, NULL, 'Y', 'T', 'Y', NULL);
INSERT INTO sys_pagefield_rlt(id, pageId, fieldId, orderNum, isRequired, isReaded, isReseted, isRecorded, isShowed, layout, isValid, module) VALUES ('0dcaabea-93dc-4a51-b607-3a9df7e12fe8', '7a5a9a88-28d3-4840-aa1d-7db53d69fa77', '1913968f-87d6-43c7-97c7-1be6e7efa002', '7', 'N', 'N', NULL, NULL, 'Y', 'T', 'Y', NULL);
INSERT INTO sys_pagefield_rlt(id, pageId, fieldId, orderNum, isRequired, isReaded, isReseted, isRecorded, isShowed, layout, isValid, module) VALUES ('46530787-4e47-4687-8b95-bf9a4fb4e7b9', '7a5a9a88-28d3-4840-aa1d-7db53d69fa77', '5d79ee44-bc5e-417f-baf7-70717ce7c2ff', '8', 'N', 'N', NULL, NULL, 'Y', 'T', 'Y', NULL);
INSERT INTO sys_pagefield_rlt(id, pageId, fieldId, orderNum, isRequired, isReaded, isReseted, isRecorded, isShowed, layout, isValid, module) VALUES ('b7fea680-966c-416a-b218-6629f4dd29f7', '7a5a9a88-28d3-4840-aa1d-7db53d69fa77', '884f8af5-700d-4eb0-ac51-d485b7b94dc9', '9', 'N', 'Y', NULL, NULL, 'Y', 'T', 'Y', NULL);
INSERT INTO sys_pagefield_rlt(id, pageId, fieldId, orderNum, isRequired, isReaded, isReseted, isRecorded, isShowed, layout, isValid, module) VALUES ('8c54b141-a74d-4d01-abf5-002beaaf5c38', '7a5a9a88-28d3-4840-aa1d-7db53d69fa77', '7d2ccc13-0e5b-47b4-9d73-584ba9aedffe', '10', 'N', 'Y', NULL, NULL, 'Y', 'T', 'Y', NULL);
INSERT INTO sys_pagefield_rlt(id, pageId, fieldId, orderNum, isRequired, isReaded, isReseted, isRecorded, isShowed, layout, isValid, module) VALUES ('acd9df92-90f6-4e6d-b68c-75371bc954ce', '7a5a9a88-28d3-4840-aa1d-7db53d69fa77', '9166012f-b99c-46a7-a45f-fe6983a7fab5', '11', 'Y', 'N', NULL, NULL, 'Y', 'T', 'Y', NULL);
INSERT INTO sys_pagefield_rlt(id, pageId, fieldId, orderNum, isRequired, isReaded, isReseted, isRecorded, isShowed, layout, isValid, module) VALUES ('06353f46-e2b9-496c-b958-4a33e9a1005c', '7a5a9a88-28d3-4840-aa1d-7db53d69fa77', 'dee073b1-9f03-4231-ae2c-679dc31131dc', '12', 'N', 'N', NULL, NULL, 'Y', 'T', 'Y', NULL);
INSERT INTO sys_pagefield_rlt(id, pageId, fieldId, orderNum, isRequired, isReaded, isReseted, isRecorded, isShowed, layout, isValid, module) VALUES ('a77eae7e-74ce-43e1-8680-d0ae13859d64', '7a5a9a88-28d3-4840-aa1d-7db53d69fa77', '9cdb4a64-b4a6-4d7d-90bb-f40f81edf158', '13', 'N', 'N', NULL, NULL, 'Y', 'F', 'Y', NULL);
INSERT INTO sys_pagefield_rlt(id, pageId, fieldId, orderNum, isRequired, isReaded, isReseted, isRecorded, isShowed, layout, isValid, module) VALUES ('53dacfe5-41d3-4b73-aaa2-3891089e8688', '83362d50-7368-46dc-bf66-5039228c30b5', '8efe7acd-ba5d-40fa-a34e-3094a7e88cd1', '1', 'N', 'Y', NULL, NULL, 'Y', 'F', 'Y', NULL);
INSERT INTO sys_pagefield_rlt(id, pageId, fieldId, orderNum, isRequired, isReaded, isReseted, isRecorded, isShowed, layout, isValid, module) VALUES ('ceecb7c7-2a5b-4808-8694-9543bba144a0', '83362d50-7368-46dc-bf66-5039228c30b5', '5337ad8b-18f5-4dd9-88fc-6296d48bb55c', '2', 'N', 'Y', NULL, NULL, 'Y', 'F', 'Y', NULL);
INSERT INTO sys_pagefield_rlt(id, pageId, fieldId, orderNum, isRequired, isReaded, isReseted, isRecorded, isShowed, layout, isValid, module) VALUES ('92284465-d073-4c19-9293-5bf4366e37d9', '83362d50-7368-46dc-bf66-5039228c30b5', '01170613-855f-4b25-88b1-4d4fbcadcaf6', '3', 'N', 'Y', NULL, NULL, 'Y', 'T', 'Y', NULL);
INSERT INTO sys_pagefield_rlt(id, pageId, fieldId, orderNum, isRequired, isReaded, isReseted, isRecorded, isShowed, layout, isValid, module) VALUES ('dd4e103b-9789-416f-9230-189de90ff3c5', '83362d50-7368-46dc-bf66-5039228c30b5', 'df25b50a-b71b-452f-9a13-a93037b3c10b', '4', 'N', 'Y', NULL, NULL, 'Y', 'T', 'Y', NULL);
INSERT INTO sys_pagefield_rlt(id, pageId, fieldId, orderNum, isRequired, isReaded, isReseted, isRecorded, isShowed, layout, isValid, module) VALUES ('ba5c46a6-0607-4589-90e8-7cedfef82224', '83362d50-7368-46dc-bf66-5039228c30b5', 'edab1bc3-7dca-488e-aba4-975c68b9b59c', '5', 'N', 'Y', NULL, NULL, 'Y', 'T', 'Y', NULL);
INSERT INTO sys_pagefield_rlt(id, pageId, fieldId, orderNum, isRequired, isReaded, isReseted, isRecorded, isShowed, layout, isValid, module) VALUES ('76492aaa-1a55-4518-aaad-8f22f5016e96', '83362d50-7368-46dc-bf66-5039228c30b5', 'bd202e86-8dba-4882-a1cc-d6238221f5f1', '6', 'N', 'Y', NULL, NULL, 'Y', 'T', 'Y', NULL);
INSERT INTO sys_pagefield_rlt(id, pageId, fieldId, orderNum, isRequired, isReaded, isReseted, isRecorded, isShowed, layout, isValid, module) VALUES ('8622a53d-24d7-4cb5-a6b2-b65622d02583', '83362d50-7368-46dc-bf66-5039228c30b5', '7d2ccc13-0e5b-47b4-9d73-584ba9aedffe', '7', 'N', 'Y', NULL, NULL, 'Y', 'T', 'Y', NULL);
INSERT INTO sys_pagefield_rlt(id, pageId, fieldId, orderNum, isRequired, isReaded, isReseted, isRecorded, isShowed, layout, isValid, module) VALUES ('7cf09e4e-8a22-49c9-86ba-1134845f0507', '83362d50-7368-46dc-bf66-5039228c30b5', '1913968f-87d6-43c7-97c7-1be6e7efa002', '8', 'N', 'Y', NULL, NULL, 'Y', 'T', 'Y', NULL);
INSERT INTO sys_pagefield_rlt(id, pageId, fieldId, orderNum, isRequired, isReaded, isReseted, isRecorded, isShowed, layout, isValid, module) VALUES ('54ef3cbe-8663-4b17-a6ac-2f75367f7edd', '83362d50-7368-46dc-bf66-5039228c30b5', 'cd0197b8-6a68-41fa-9e55-38878b772f84', '9', 'N', 'Y', NULL, NULL, 'Y', 'T', 'Y', NULL);
INSERT INTO sys_pagefield_rlt(id, pageId, fieldId, orderNum, isRequired, isReaded, isReseted, isRecorded, isShowed, layout, isValid, module) VALUES ('6a98726d-909d-4d52-90e5-d92fe6a4f360', '83362d50-7368-46dc-bf66-5039228c30b5', '9a3acc36-6a6a-475c-ba26-84cc3ef22bf0', '10', 'N', 'Y', NULL, NULL, 'Y', 'T', 'Y', NULL);
INSERT INTO sys_pagefield_rlt(id, pageId, fieldId, orderNum, isRequired, isReaded, isReseted, isRecorded, isShowed, layout, isValid, module) VALUES ('7029826b-6243-4796-8b35-af1bde5778a9', '83362d50-7368-46dc-bf66-5039228c30b5', '7a5f622d-7168-4974-905e-b2f4fbadd58c', '11', 'N', 'Y', NULL, NULL, 'Y', 'T', 'Y', NULL);
INSERT INTO sys_pagefield_rlt(id, pageId, fieldId, orderNum, isRequired, isReaded, isReseted, isRecorded, isShowed, layout, isValid, module) VALUES ('2a37497d-af38-4f9c-85ed-28cc52d85584', '83362d50-7368-46dc-bf66-5039228c30b5', 'ed054ae1-f263-4f5b-8c74-00701862e159', '12', 'N', 'Y', NULL, NULL, 'Y', 'T', 'Y', NULL);
INSERT INTO sys_pagefield_rlt(id, pageId, fieldId, orderNum, isRequired, isReaded, isReseted, isRecorded, isShowed, layout, isValid, module) VALUES ('a8cdd634-0e21-47f1-b568-4edd63fe7370', '83362d50-7368-46dc-bf66-5039228c30b5', 'a7c8f97b-e9a0-41dd-92ff-215fa18e142c', '13', 'N', 'Y', NULL, NULL, 'Y', 'F', 'Y', NULL);
INSERT INTO sys_pagefield_rlt(id, pageId, fieldId, orderNum, isRequired, isReaded, isReseted, isRecorded, isShowed, layout, isValid, module) VALUES ('7eb1d224-076b-4d37-9390-7f79c1501331', '83362d50-7368-46dc-bf66-5039228c30b5', 'dbf2828b-3f67-4d03-a447-ab69a30a6d76', '14', 'N', 'Y', NULL, NULL, 'Y', 'F', 'Y', NULL);
INSERT INTO sys_pagefield_rlt(id, pageId, fieldId, orderNum, isRequired, isReaded, isReseted, isRecorded, isShowed, layout, isValid, module) VALUES ('71b10eaf-0ac6-4767-ae1b-8de2f1cbc84f', '83362d50-7368-46dc-bf66-5039228c30b5', 'df455788-9167-4edb-aacd-d2fdf4e77659', '15', 'Y', 'Y', NULL, NULL, 'Y', 'T', 'Y', NULL);
INSERT INTO sys_pagefield_rlt(id, pageId, fieldId, orderNum, isRequired, isReaded, isReseted, isRecorded, isShowed, layout, isValid, module) VALUES ('c7dda866-1c76-4f16-8ff5-60ed190a0c69', '868cb783-932a-4652-81c9-3e95768f9f25', '8efe7acd-ba5d-40fa-a34e-3094a7e88cd1', '1', 'N', 'Y', NULL, NULL, 'Y', 'F', 'Y', NULL);
INSERT INTO sys_pagefield_rlt(id, pageId, fieldId, orderNum, isRequired, isReaded, isReseted, isRecorded, isShowed, layout, isValid, module) VALUES ('342895ee-a6a4-4210-b8d5-79c202e0ed05', '868cb783-932a-4652-81c9-3e95768f9f25', '5337ad8b-18f5-4dd9-88fc-6296d48bb55c', '2', 'N', 'Y', NULL, NULL, 'Y', 'F', 'Y', NULL);
INSERT INTO sys_pagefield_rlt(id, pageId, fieldId, orderNum, isRequired, isReaded, isReseted, isRecorded, isShowed, layout, isValid, module) VALUES ('59ceb4ac-f765-497d-8fb6-7866dace4b03', '868cb783-932a-4652-81c9-3e95768f9f25', '01170613-855f-4b25-88b1-4d4fbcadcaf6', '3', 'Y', 'N', NULL, NULL, 'Y', 'T', 'Y', NULL);
INSERT INTO sys_pagefield_rlt(id, pageId, fieldId, orderNum, isRequired, isReaded, isReseted, isRecorded, isShowed, layout, isValid, module) VALUES ('774e48c9-1e29-469e-bead-a2fee80e77f3', '868cb783-932a-4652-81c9-3e95768f9f25', 'df25b50a-b71b-452f-9a13-a93037b3c10b', '4', 'Y', 'N', NULL, NULL, 'Y', 'T', 'Y', NULL);
INSERT INTO sys_pagefield_rlt(id, pageId, fieldId, orderNum, isRequired, isReaded, isReseted, isRecorded, isShowed, layout, isValid, module) VALUES ('d5a7ee92-759b-4493-b744-b70cbf3fce9a', '868cb783-932a-4652-81c9-3e95768f9f25', 'edab1bc3-7dca-488e-aba4-975c68b9b59c', '5', 'N', 'N', NULL, NULL, 'Y', 'T', 'Y', NULL);
INSERT INTO sys_pagefield_rlt(id, pageId, fieldId, orderNum, isRequired, isReaded, isReseted, isRecorded, isShowed, layout, isValid, module) VALUES ('235a2b54-0e79-47d0-8b8f-bddd23fb5a17', '868cb783-932a-4652-81c9-3e95768f9f25', 'bd202e86-8dba-4882-a1cc-d6238221f5f1', '6', 'N', 'N', NULL, NULL, 'Y', 'T', 'Y', NULL);
INSERT INTO sys_pagefield_rlt(id, pageId, fieldId, orderNum, isRequired, isReaded, isReseted, isRecorded, isShowed, layout, isValid, module) VALUES ('d2a1230a-0aed-49b6-b594-e659f5a46fee', '868cb783-932a-4652-81c9-3e95768f9f25', '1913968f-87d6-43c7-97c7-1be6e7efa002', '7', 'N', 'N', NULL, NULL, 'Y', 'T', 'Y', NULL);
INSERT INTO sys_pagefield_rlt(id, pageId, fieldId, orderNum, isRequired, isReaded, isReseted, isRecorded, isShowed, layout, isValid, module) VALUES ('befe1a99-4d21-473f-b006-c5e9650cd837', '868cb783-932a-4652-81c9-3e95768f9f25', '5d79ee44-bc5e-417f-baf7-70717ce7c2ff', '8', 'N', 'N', NULL, NULL, 'Y', 'T', 'Y', NULL);
INSERT INTO sys_pagefield_rlt(id, pageId, fieldId, orderNum, isRequired, isReaded, isReseted, isRecorded, isShowed, layout, isValid, module) VALUES ('e5e8bd07-ac38-4d26-9089-22591c7862ab', '868cb783-932a-4652-81c9-3e95768f9f25', '884f8af5-700d-4eb0-ac51-d485b7b94dc9', '9', 'N', 'Y', NULL, NULL, 'Y', 'T', 'Y', NULL);
INSERT INTO sys_pagefield_rlt(id, pageId, fieldId, orderNum, isRequired, isReaded, isReseted, isRecorded, isShowed, layout, isValid, module) VALUES ('942fc49d-de6d-478c-abe6-087d76993f2f', '868cb783-932a-4652-81c9-3e95768f9f25', '7d2ccc13-0e5b-47b4-9d73-584ba9aedffe', '10', 'N', 'Y', NULL, NULL, 'Y', 'T', 'Y', NULL);
INSERT INTO sys_pagefield_rlt(id, pageId, fieldId, orderNum, isRequired, isReaded, isReseted, isRecorded, isShowed, layout, isValid, module) VALUES ('22ecb8b9-1745-481e-a6d7-6a7ef55eb267', '868cb783-932a-4652-81c9-3e95768f9f25', '5fe1806c-6b6f-4579-9726-be66d546a350', '11', 'Y', 'N', NULL, NULL, 'Y', 'F', 'Y', NULL);
INSERT INTO sys_pagefield_rlt(id, pageId, fieldId, orderNum, isRequired, isReaded, isReseted, isRecorded, isShowed, layout, isValid, module) VALUES ('b37fe95f-b3e5-4899-a385-c3b9b9d65deb', '868cb783-932a-4652-81c9-3e95768f9f25', 'fba45d89-ef08-4b79-813c-9f703d4f869a', '12', 'N', 'Y', NULL, NULL, 'Y', 'F', 'Y', NULL);
INSERT INTO sys_pagefield_rlt(id, pageId, fieldId, orderNum, isRequired, isReaded, isReseted, isRecorded, isShowed, layout, isValid, module) VALUES ('40bb9b42-2b7a-4d76-805e-17e5851f78f3', '868cb783-932a-4652-81c9-3e95768f9f25', '9cdb4a64-b4a6-4d7d-90bb-f40f81edf158', '13', 'N', 'N', NULL, NULL, 'Y', 'F', 'Y', NULL);
INSERT INTO sys_pagefield_rlt(id, pageId, fieldId, orderNum, isRequired, isReaded, isReseted, isRecorded, isShowed, layout, isValid, module) VALUES ('e920f493-155d-48db-baf4-2d291b777b09', 'c00b67a0-1052-4c0b-a369-324962be17a4', '8efe7acd-ba5d-40fa-a34e-3094a7e88cd1', '1', 'Y', 'Y', NULL, NULL, 'Y', 'F', 'Y', NULL);
INSERT INTO sys_pagefield_rlt(id, pageId, fieldId, orderNum, isRequired, isReaded, isReseted, isRecorded, isShowed, layout, isValid, module) VALUES ('0ce0055d-0e73-43a9-a734-f9f24adec964', 'c00b67a0-1052-4c0b-a369-324962be17a4', '5337ad8b-18f5-4dd9-88fc-6296d48bb55c', '2', 'N', 'Y', NULL, NULL, 'Y', 'F', 'Y', NULL);
INSERT INTO sys_pagefield_rlt(id, pageId, fieldId, orderNum, isRequired, isReaded, isReseted, isRecorded, isShowed, layout, isValid, module) VALUES ('b0a4488e-3b48-48eb-b1e5-dc81bb603132', 'c00b67a0-1052-4c0b-a369-324962be17a4', '01170613-855f-4b25-88b1-4d4fbcadcaf6', '3', 'Y', 'Y', NULL, NULL, 'Y', 'T', 'Y', NULL);
INSERT INTO sys_pagefield_rlt(id, pageId, fieldId, orderNum, isRequired, isReaded, isReseted, isRecorded, isShowed, layout, isValid, module) VALUES ('1df150a4-cecd-413e-8fc0-bb2bf5ef5cea', 'c00b67a0-1052-4c0b-a369-324962be17a4', 'df25b50a-b71b-452f-9a13-a93037b3c10b', '4', 'Y', 'Y', NULL, NULL, 'Y', 'T', 'Y', NULL);
INSERT INTO sys_pagefield_rlt(id, pageId, fieldId, orderNum, isRequired, isReaded, isReseted, isRecorded, isShowed, layout, isValid, module) VALUES ('b825bd13-16e9-4061-8d08-3ddb2adbb8fe', 'c00b67a0-1052-4c0b-a369-324962be17a4', 'edab1bc3-7dca-488e-aba4-975c68b9b59c', '5', 'N', 'Y', NULL, NULL, 'Y', 'T', 'Y', NULL);
INSERT INTO sys_pagefield_rlt(id, pageId, fieldId, orderNum, isRequired, isReaded, isReseted, isRecorded, isShowed, layout, isValid, module) VALUES ('e1459c34-6990-4ad1-ab5e-9d06babe63d5', 'c00b67a0-1052-4c0b-a369-324962be17a4', 'bd202e86-8dba-4882-a1cc-d6238221f5f1', '6', 'N', 'Y', NULL, NULL, 'Y', 'T', 'Y', NULL);
INSERT INTO sys_pagefield_rlt(id, pageId, fieldId, orderNum, isRequired, isReaded, isReseted, isRecorded, isShowed, layout, isValid, module) VALUES ('51d30880-f826-4a62-a4bf-4626061d98e8', 'c00b67a0-1052-4c0b-a369-324962be17a4', '7d2ccc13-0e5b-47b4-9d73-584ba9aedffe', '7', 'N', 'Y', NULL, NULL, 'Y', 'T', 'Y', NULL);
INSERT INTO sys_pagefield_rlt(id, pageId, fieldId, orderNum, isRequired, isReaded, isReseted, isRecorded, isShowed, layout, isValid, module) VALUES ('191c1237-7d5f-4a7e-b82d-2ddcad21e841', 'c00b67a0-1052-4c0b-a369-324962be17a4', '1913968f-87d6-43c7-97c7-1be6e7efa002', '8', 'N', 'Y', NULL, NULL, 'Y', 'T', 'Y', NULL);
INSERT INTO sys_pagefield_rlt(id, pageId, fieldId, orderNum, isRequired, isReaded, isReseted, isRecorded, isShowed, layout, isValid, module) VALUES ('2c2d2dc0-605a-4339-87cd-2be7b495ae5c', 'c00b67a0-1052-4c0b-a369-324962be17a4', 'cd0197b8-6a68-41fa-9e55-38878b772f84', '9', 'N', 'Y', NULL, NULL, 'Y', 'T', 'Y', NULL);
INSERT INTO sys_pagefield_rlt(id, pageId, fieldId, orderNum, isRequired, isReaded, isReseted, isRecorded, isShowed, layout, isValid, module) VALUES ('5f590762-d2b1-4efb-9d4e-d377595eb978', 'c00b67a0-1052-4c0b-a369-324962be17a4', '9a3acc36-6a6a-475c-ba26-84cc3ef22bf0', '10', 'N', 'Y', NULL, NULL, 'Y', 'T', 'Y', NULL);
INSERT INTO sys_pagefield_rlt(id, pageId, fieldId, orderNum, isRequired, isReaded, isReseted, isRecorded, isShowed, layout, isValid, module) VALUES ('7a8f010b-2b18-4718-971f-4062e2deff85', 'c00b67a0-1052-4c0b-a369-324962be17a4', 'fba45d89-ef08-4b79-813c-9f703d4f869a', '11', 'N', 'Y', NULL, NULL, 'Y', 'F', 'Y', NULL);
INSERT INTO sys_pagefield_rlt(id, pageId, fieldId, orderNum, isRequired, isReaded, isReseted, isRecorded, isShowed, layout, isValid, module) VALUES ('e209adfe-861d-4fd9-82f3-adf383965ddc', 'c00b67a0-1052-4c0b-a369-324962be17a4', '884f8af5-700d-4eb0-ac51-d485b7b94dc9', '12', 'Y', 'Y', NULL, NULL, 'Y', 'T', 'Y', NULL);
INSERT INTO sys_pagefield_rlt(id, pageId, fieldId, orderNum, isRequired, isReaded, isReseted, isRecorded, isShowed, layout, isValid, module) VALUES ('78fac2d0-7dbe-4531-89f6-8f4d51c6a068', 'c00b67a0-1052-4c0b-a369-324962be17a4', 'a63ef633-d664-4f21-b654-90290c889f10', '13', 'N', 'Y', NULL, NULL, 'Y', 'T', 'Y', NULL);
INSERT INTO sys_pagefield_rlt(id, pageId, fieldId, orderNum, isRequired, isReaded, isReseted, isRecorded, isShowed, layout, isValid, module) VALUES ('2ea05290-bd00-4683-80a7-5f747fd95232', 'c00b67a0-1052-4c0b-a369-324962be17a4', '9cdb4a64-b4a6-4d7d-90bb-f40f81edf158', '14', 'Y', 'N', NULL, NULL, 'Y', 'F', 'Y', NULL);
INSERT INTO sys_pagefield_rlt(id, pageId, fieldId, orderNum, isRequired, isReaded, isReseted, isRecorded, isShowed, layout, isValid, module) VALUES ('013b41c8-4a42-439e-a2bc-252d57c04b72', 'c7c2523b-2755-4007-8c69-6b9967595cb4', '8efe7acd-ba5d-40fa-a34e-3094a7e88cd1', '1', 'N', 'Y', NULL, NULL, 'Y', 'F', 'Y', NULL);
INSERT INTO sys_pagefield_rlt(id, pageId, fieldId, orderNum, isRequired, isReaded, isReseted, isRecorded, isShowed, layout, isValid, module) VALUES ('b0f50f7c-922d-48d0-a0fc-ba0a70a1fc0a', 'c7c2523b-2755-4007-8c69-6b9967595cb4', '5337ad8b-18f5-4dd9-88fc-6296d48bb55c', '2', 'N', 'Y', NULL, NULL, 'Y', 'F', 'Y', NULL);
INSERT INTO sys_pagefield_rlt(id, pageId, fieldId, orderNum, isRequired, isReaded, isReseted, isRecorded, isShowed, layout, isValid, module) VALUES ('06446809-cecf-42d4-9270-3110a4c915a0', 'c7c2523b-2755-4007-8c69-6b9967595cb4', '01170613-855f-4b25-88b1-4d4fbcadcaf6', '3', 'Y', 'N', NULL, NULL, 'Y', 'T', 'Y', NULL);
INSERT INTO sys_pagefield_rlt(id, pageId, fieldId, orderNum, isRequired, isReaded, isReseted, isRecorded, isShowed, layout, isValid, module) VALUES ('fedb0892-d6b6-483f-abfd-4b5ae96a51a6', 'c7c2523b-2755-4007-8c69-6b9967595cb4', 'df25b50a-b71b-452f-9a13-a93037b3c10b', '4', 'Y', 'N', NULL, NULL, 'Y', 'T', 'Y', NULL);
INSERT INTO sys_pagefield_rlt(id, pageId, fieldId, orderNum, isRequired, isReaded, isReseted, isRecorded, isShowed, layout, isValid, module) VALUES ('8d27c945-56a3-4fe6-8422-b2a963e38db0', 'c7c2523b-2755-4007-8c69-6b9967595cb4', 'edab1bc3-7dca-488e-aba4-975c68b9b59c', '5', 'N', 'N', NULL, NULL, 'Y', 'T', 'Y', NULL);
INSERT INTO sys_pagefield_rlt(id, pageId, fieldId, orderNum, isRequired, isReaded, isReseted, isRecorded, isShowed, layout, isValid, module) VALUES ('86dad64b-5d9e-48cd-a129-9257299c792c', 'c7c2523b-2755-4007-8c69-6b9967595cb4', 'bd202e86-8dba-4882-a1cc-d6238221f5f1', '6', 'N', 'N', NULL, NULL, 'Y', 'T', 'Y', NULL);
INSERT INTO sys_pagefield_rlt(id, pageId, fieldId, orderNum, isRequired, isReaded, isReseted, isRecorded, isShowed, layout, isValid, module) VALUES ('cb2541a7-c3cd-4558-aa09-0c4cff95c17e', 'c7c2523b-2755-4007-8c69-6b9967595cb4', '1913968f-87d6-43c7-97c7-1be6e7efa002', '7', 'N', 'N', NULL, NULL, 'Y', 'T', 'Y', NULL);
INSERT INTO sys_pagefield_rlt(id, pageId, fieldId, orderNum, isRequired, isReaded, isReseted, isRecorded, isShowed, layout, isValid, module) VALUES ('f7121679-cd7d-4ba2-885b-4b96d417e210', 'c7c2523b-2755-4007-8c69-6b9967595cb4', '5d79ee44-bc5e-417f-baf7-70717ce7c2ff', '8', 'N', 'N', NULL, NULL, 'Y', 'T', 'Y', NULL);
INSERT INTO sys_pagefield_rlt(id, pageId, fieldId, orderNum, isRequired, isReaded, isReseted, isRecorded, isShowed, layout, isValid, module) VALUES ('b65e38a9-b22e-4301-8fda-2581d300d0c6', 'c7c2523b-2755-4007-8c69-6b9967595cb4', '884f8af5-700d-4eb0-ac51-d485b7b94dc9', '9', 'N', 'Y', NULL, NULL, 'Y', 'T', 'Y', NULL);
INSERT INTO sys_pagefield_rlt(id, pageId, fieldId, orderNum, isRequired, isReaded, isReseted, isRecorded, isShowed, layout, isValid, module) VALUES ('fa11c18d-eaa9-4e25-b79c-bb3844905b4d', 'c7c2523b-2755-4007-8c69-6b9967595cb4', '7d2ccc13-0e5b-47b4-9d73-584ba9aedffe', '10', 'N', 'Y', NULL, NULL, 'Y', 'T', 'Y', NULL);
INSERT INTO sys_pagefield_rlt(id, pageId, fieldId, orderNum, isRequired, isReaded, isReseted, isRecorded, isShowed, layout, isValid, module) VALUES ('4228cd23-6f31-423a-90c6-6e8cc531a1f2', 'c7c2523b-2755-4007-8c69-6b9967595cb4', '9166012f-b99c-46a7-a45f-fe6983a7fab5', '11', 'Y', 'N', NULL, NULL, 'Y', 'T', 'Y', NULL);
INSERT INTO sys_pagefield_rlt(id, pageId, fieldId, orderNum, isRequired, isReaded, isReseted, isRecorded, isShowed, layout, isValid, module) VALUES ('c31d08ec-bf18-4eae-98e1-7094f7823422', 'c7c2523b-2755-4007-8c69-6b9967595cb4', 'dee073b1-9f03-4231-ae2c-679dc31131dc', '12', 'N', 'N', NULL, NULL, 'Y', 'T', 'Y', NULL);
INSERT INTO sys_pagefield_rlt(id, pageId, fieldId, orderNum, isRequired, isReaded, isReseted, isRecorded, isShowed, layout, isValid, module) VALUES ('13ce6cf9-558b-4937-a1fa-601f995df21a', 'c7c2523b-2755-4007-8c69-6b9967595cb4', '9cdb4a64-b4a6-4d7d-90bb-f40f81edf158', '13', 'N', 'N', NULL, NULL, 'Y', 'F', 'Y', NULL);
INSERT INTO sys_pagefield_rlt(id, pageId, fieldId, orderNum, isRequired, isReaded, isReseted, isRecorded, isShowed, layout, isValid, module) VALUES ('60bc7b48-5c66-4edc-95a0-b27ef282512d', 'd84e4e8e-9842-47f9-99c8-9152b80c96ab', '8efe7acd-ba5d-40fa-a34e-3094a7e88cd1', '1', 'N', 'Y', NULL, NULL, 'Y', 'F', 'Y', NULL);
INSERT INTO sys_pagefield_rlt(id, pageId, fieldId, orderNum, isRequired, isReaded, isReseted, isRecorded, isShowed, layout, isValid, module) VALUES ('6db023f0-6742-4742-81b8-0130a55948f2', 'd84e4e8e-9842-47f9-99c8-9152b80c96ab', '5337ad8b-18f5-4dd9-88fc-6296d48bb55c', '2', 'N', 'Y', NULL, NULL, 'Y', 'F', 'Y', NULL);
INSERT INTO sys_pagefield_rlt(id, pageId, fieldId, orderNum, isRequired, isReaded, isReseted, isRecorded, isShowed, layout, isValid, module) VALUES ('9a3552b8-3102-4e1f-9569-55e1778682fc', 'd84e4e8e-9842-47f9-99c8-9152b80c96ab', '01170613-855f-4b25-88b1-4d4fbcadcaf6', '3', 'N', 'Y', NULL, NULL, 'Y', 'T', 'Y', NULL);
INSERT INTO sys_pagefield_rlt(id, pageId, fieldId, orderNum, isRequired, isReaded, isReseted, isRecorded, isShowed, layout, isValid, module) VALUES ('f3d5de08-8d20-49df-a3ef-0786eb7ee9e8', 'd84e4e8e-9842-47f9-99c8-9152b80c96ab', 'df25b50a-b71b-452f-9a13-a93037b3c10b', '4', 'N', 'Y', NULL, NULL, 'Y', 'T', 'Y', NULL);
INSERT INTO sys_pagefield_rlt(id, pageId, fieldId, orderNum, isRequired, isReaded, isReseted, isRecorded, isShowed, layout, isValid, module) VALUES ('907bee5b-2cb3-429f-9216-c054d2c8dbe8', 'd84e4e8e-9842-47f9-99c8-9152b80c96ab', 'edab1bc3-7dca-488e-aba4-975c68b9b59c', '5', 'N', 'Y', NULL, NULL, 'Y', 'T', 'Y', NULL);
INSERT INTO sys_pagefield_rlt(id, pageId, fieldId, orderNum, isRequired, isReaded, isReseted, isRecorded, isShowed, layout, isValid, module) VALUES ('7731432e-f841-43f4-a8f2-e7fd73f1b957', 'd84e4e8e-9842-47f9-99c8-9152b80c96ab', 'bd202e86-8dba-4882-a1cc-d6238221f5f1', '6', 'N', 'Y', NULL, NULL, 'Y', 'T', 'Y', NULL);
INSERT INTO sys_pagefield_rlt(id, pageId, fieldId, orderNum, isRequired, isReaded, isReseted, isRecorded, isShowed, layout, isValid, module) VALUES ('ab37ef29-1260-408e-a184-ed7f8e8d0136', 'd84e4e8e-9842-47f9-99c8-9152b80c96ab', '7d2ccc13-0e5b-47b4-9d73-584ba9aedffe', '7', 'N', 'Y', NULL, NULL, 'Y', 'T', 'Y', NULL);
INSERT INTO sys_pagefield_rlt(id, pageId, fieldId, orderNum, isRequired, isReaded, isReseted, isRecorded, isShowed, layout, isValid, module) VALUES ('20827952-d2ac-4207-8a89-a69b0e14e819', 'd84e4e8e-9842-47f9-99c8-9152b80c96ab', '1913968f-87d6-43c7-97c7-1be6e7efa002', '8', 'N', 'Y', NULL, NULL, 'Y', 'T', 'Y', NULL);
INSERT INTO sys_pagefield_rlt(id, pageId, fieldId, orderNum, isRequired, isReaded, isReseted, isRecorded, isShowed, layout, isValid, module) VALUES ('4ce131c8-bef7-4b3d-9b8f-a6292c731bd9', 'd84e4e8e-9842-47f9-99c8-9152b80c96ab', 'cd0197b8-6a68-41fa-9e55-38878b772f84', '9', 'N', 'Y', NULL, NULL, 'Y', 'T', 'Y', NULL);
INSERT INTO sys_pagefield_rlt(id, pageId, fieldId, orderNum, isRequired, isReaded, isReseted, isRecorded, isShowed, layout, isValid, module) VALUES ('b0c1231d-0a82-47e2-814e-56379e2c1ac6', 'd84e4e8e-9842-47f9-99c8-9152b80c96ab', '9a3acc36-6a6a-475c-ba26-84cc3ef22bf0', '10', 'N', 'Y', NULL, NULL, 'Y', 'T', 'Y', NULL);
INSERT INTO sys_pagefield_rlt(id, pageId, fieldId, orderNum, isRequired, isReaded, isReseted, isRecorded, isShowed, layout, isValid, module) VALUES ('039bc1ca-0a70-4db8-a2a6-e9cf0188a88f', 'd84e4e8e-9842-47f9-99c8-9152b80c96ab', '7a5f622d-7168-4974-905e-b2f4fbadd58c', '11', 'N', 'Y', NULL, NULL, 'Y', 'T', 'Y', NULL);
INSERT INTO sys_pagefield_rlt(id, pageId, fieldId, orderNum, isRequired, isReaded, isReseted, isRecorded, isShowed, layout, isValid, module) VALUES ('9bdd9842-5913-4789-8918-d7f9faaf00f4', 'd84e4e8e-9842-47f9-99c8-9152b80c96ab', 'ed054ae1-f263-4f5b-8c74-00701862e159', '12', 'N', 'Y', NULL, NULL, 'Y', 'T', 'Y', NULL);
INSERT INTO sys_pagefield_rlt(id, pageId, fieldId, orderNum, isRequired, isReaded, isReseted, isRecorded, isShowed, layout, isValid, module) VALUES ('46c63088-a1da-42ac-b942-e40a339cce5d', 'd84e4e8e-9842-47f9-99c8-9152b80c96ab', 'a7c8f97b-e9a0-41dd-92ff-215fa18e142c', '13', 'N', 'Y', NULL, NULL, 'Y', 'F', 'Y', NULL);
INSERT INTO sys_pagefield_rlt(id, pageId, fieldId, orderNum, isRequired, isReaded, isReseted, isRecorded, isShowed, layout, isValid, module) VALUES ('fbc857f5-676f-4ddd-a994-b3b0dd46e34e', 'd84e4e8e-9842-47f9-99c8-9152b80c96ab', 'dbf2828b-3f67-4d03-a447-ab69a30a6d76', '14', 'N', 'Y', NULL, NULL, 'Y', 'F', 'Y', NULL);
INSERT INTO sys_pagefield_rlt(id, pageId, fieldId, orderNum, isRequired, isReaded, isReseted, isRecorded, isShowed, layout, isValid, module) VALUES ('45e8875e-2001-43ec-bbcb-6595aad1bac3', 'd84e4e8e-9842-47f9-99c8-9152b80c96ab', 'df455788-9167-4edb-aacd-d2fdf4e77659', '15', 'Y', 'N', NULL, NULL, 'Y', 'T', 'Y', NULL);
INSERT INTO sys_pagefield_rlt(id, pageId, fieldId, orderNum, isRequired, isReaded, isReseted, isRecorded, isShowed, layout, isValid, module) VALUES ('2008238d-1ceb-4ce4-b60f-c77ddbaeef71', 'd84e4e8e-9842-47f9-99c8-9152b80c96ab', 'f3749a8a-5883-4d11-94ca-bb1cbf728778', '16', 'N', 'N', NULL, NULL, 'Y', 'T', 'Y', NULL);
INSERT INTO sys_pagefield_rlt(id, pageId, fieldId, orderNum, isRequired, isReaded, isReseted, isRecorded, isShowed, layout, isValid, module) VALUES ('735b0255-afd0-40d7-9243-919e485f0d7e', 'd84e4e8e-9842-47f9-99c8-9152b80c96ab', '9cdb4a64-b4a6-4d7d-90bb-f40f81edf158', '17', 'N', 'N', NULL, NULL, 'Y', 'F', 'Y', NULL);
INSERT INTO sys_pagefield_rlt(id, pageId, fieldId, orderNum, isRequired, isReaded, isReseted, isRecorded, isShowed, layout, isValid, module) VALUES ('6d9c738e-7778-4936-a64c-9c38587b2be4', 'fd7206a4-76e2-4b09-b95d-369274a12685', '8efe7acd-ba5d-40fa-a34e-3094a7e88cd1', '1', 'N', 'Y', NULL, NULL, 'Y', 'F', 'Y', NULL);
INSERT INTO sys_pagefield_rlt(id, pageId, fieldId, orderNum, isRequired, isReaded, isReseted, isRecorded, isShowed, layout, isValid, module) VALUES ('7200c321-7115-4603-ae28-1dbb29691e56', 'fd7206a4-76e2-4b09-b95d-369274a12685', '5337ad8b-18f5-4dd9-88fc-6296d48bb55c', '2', 'N', 'Y', NULL, NULL, 'Y', 'F', 'Y', NULL);
INSERT INTO sys_pagefield_rlt(id, pageId, fieldId, orderNum, isRequired, isReaded, isReseted, isRecorded, isShowed, layout, isValid, module) VALUES ('4e8055a7-fcfd-4920-888e-8f867b647759', 'fd7206a4-76e2-4b09-b95d-369274a12685', '01170613-855f-4b25-88b1-4d4fbcadcaf6', '3', 'Y', 'Y', NULL, NULL, 'Y', 'T', 'Y', NULL);
INSERT INTO sys_pagefield_rlt(id, pageId, fieldId, orderNum, isRequired, isReaded, isReseted, isRecorded, isShowed, layout, isValid, module) VALUES ('e4744b54-8884-4971-ba10-e7fbf72fd82a', 'fd7206a4-76e2-4b09-b95d-369274a12685', 'df25b50a-b71b-452f-9a13-a93037b3c10b', '4', 'Y', 'Y', NULL, NULL, 'Y', 'T', 'Y', NULL);
INSERT INTO sys_pagefield_rlt(id, pageId, fieldId, orderNum, isRequired, isReaded, isReseted, isRecorded, isShowed, layout, isValid, module) VALUES ('2b534f0e-2196-4360-89e4-5a4fc2facc80', 'fd7206a4-76e2-4b09-b95d-369274a12685', 'edab1bc3-7dca-488e-aba4-975c68b9b59c', '5', 'N', 'Y', NULL, NULL, 'Y', 'T', 'Y', NULL);
INSERT INTO sys_pagefield_rlt(id, pageId, fieldId, orderNum, isRequired, isReaded, isReseted, isRecorded, isShowed, layout, isValid, module) VALUES ('1be3a06e-8313-4d02-a534-5b7775fc5cce', 'fd7206a4-76e2-4b09-b95d-369274a12685', 'bd202e86-8dba-4882-a1cc-d6238221f5f1', '6', 'N', 'Y', NULL, NULL, 'Y', 'T', 'Y', NULL);
INSERT INTO sys_pagefield_rlt(id, pageId, fieldId, orderNum, isRequired, isReaded, isReseted, isRecorded, isShowed, layout, isValid, module) VALUES ('1760b1ee-45c4-4a28-bd15-53bc8d5eaf9f', 'fd7206a4-76e2-4b09-b95d-369274a12685', '1913968f-87d6-43c7-97c7-1be6e7efa002', '7', 'N', 'Y', NULL, NULL, 'Y', 'T', 'Y', NULL);
INSERT INTO sys_pagefield_rlt(id, pageId, fieldId, orderNum, isRequired, isReaded, isReseted, isRecorded, isShowed, layout, isValid, module) VALUES ('c3a9371e-d89a-4aa3-82ac-fa84895b4326', 'fd7206a4-76e2-4b09-b95d-369274a12685', '5d79ee44-bc5e-417f-baf7-70717ce7c2ff', '8', 'N', 'Y', NULL, NULL, 'Y', 'T', 'Y', NULL);
INSERT INTO sys_pagefield_rlt(id, pageId, fieldId, orderNum, isRequired, isReaded, isReseted, isRecorded, isShowed, layout, isValid, module) VALUES ('77497dcf-447f-4bf1-929a-aa09143490a4', 'fd7206a4-76e2-4b09-b95d-369274a12685', '884f8af5-700d-4eb0-ac51-d485b7b94dc9', '9', 'N', 'Y', NULL, NULL, 'Y', 'T', 'Y', NULL);
INSERT INTO sys_pagefield_rlt(id, pageId, fieldId, orderNum, isRequired, isReaded, isReseted, isRecorded, isShowed, layout, isValid, module) VALUES ('a740211d-5315-4a6d-aa20-2b089ba5531c', 'fd7206a4-76e2-4b09-b95d-369274a12685', '7d2ccc13-0e5b-47b4-9d73-584ba9aedffe', '10', 'N', 'Y', NULL, NULL, 'Y', 'T', 'Y', NULL);
INSERT INTO sys_pagefield_rlt(id, pageId, fieldId, orderNum, isRequired, isReaded, isReseted, isRecorded, isShowed, layout, isValid, module) VALUES ('5c35a3bc-587a-4611-b940-696530418137', 'fd7206a4-76e2-4b09-b95d-369274a12685', '5fe1806c-6b6f-4579-9726-be66d546a350', '11', 'Y', 'Y', NULL, NULL, 'Y', 'F', 'Y', NULL);
INSERT INTO sys_pagefield_rlt(id, pageId, fieldId, orderNum, isRequired, isReaded, isReseted, isRecorded, isShowed, layout, isValid, module) VALUES ('13632967-bb15-4aa6-bf55-fc79ec9a2767', 'fd7206a4-76e2-4b09-b95d-369274a12685', 'fba45d89-ef08-4b79-813c-9f703d4f869a', '12', 'N', 'Y', NULL, NULL, 'Y', 'F', 'Y', NULL);
INSERT INTO sys_pagefield_rlt(id, pageId, fieldId, orderNum, isRequired, isReaded, isReseted, isRecorded, isShowed, layout, isValid, module) VALUES ('cf5c7644-fd9c-4061-8c0c-1ef2b75b7b7d', 'fd7206a4-76e2-4b09-b95d-369274a12685', '9cdb4a64-b4a6-4d7d-90bb-f40f81edf158', '13', 'N', 'Y', NULL, NULL, 'Y', 'F', 'Y', NULL);

INSERT INTO wf_rolematch_rlt(id, pageFieldId, pageId, roleId) VALUES ('0bebd6e7-e074-471e-b15e-502b5861c540', 'df455788-9167-4edb-aacd-d2fdf4e77659', '39710b9d-883f-4e86-b256-7cf42f2fbca0', '960fb540-3cef-49e8-89b6-1bawfrole001');
INSERT INTO wf_rolematch_rlt(id, pageFieldId, pageId, roleId) VALUES ('1396662a-c302-46bc-a1be-022d46e7bcc0', 'df455788-9167-4edb-aacd-d2fdf4e77659', 'd84e4e8e-9842-47f9-99c8-9152b80c96ab', '960fb540-3cef-49e8-89b6-1bawfrole001');
INSERT INTO wf_rolematch_rlt(id, pageFieldId, pageId, roleId) VALUES ('3927c3dc-3732-4dde-91a6-75dfd49526b8', '884f8af5-700d-4eb0-ac51-d485b7b94dc9', '0bad095e-cbff-4f18-8912-b6c24cee7740', '960fb540-3cef-49e8-89b6-1bawfrole001');
INSERT INTO wf_rolematch_rlt(id, pageFieldId, pageId, roleId) VALUES ('3a478d2c-aba2-492f-982f-ffcd01d97f92', '7d2ccc13-0e5b-47b4-9d73-584ba9aedffe', '2fa36f10-413f-46fa-af2f-04216d3d0a06', '960fb540-3cef-49e8-89b6-1bawfrole004');
INSERT INTO wf_rolematch_rlt(id, pageFieldId, pageId, roleId) VALUES ('3e6a80c9-d8ce-4dbe-a836-2fe81d7b0310', '9166012f-b99c-46a7-a45f-fe6983a7fab5', '2fa36f10-413f-46fa-af2f-04216d3d0a06', '960fb540-3cef-49e8-89b6-1bawfrole001');
INSERT INTO wf_rolematch_rlt(id, pageFieldId, pageId, roleId) VALUES ('3f957566-7805-4987-b5e7-0ebfa7269ac3', '9166012f-b99c-46a7-a45f-fe6983a7fab5', 'c7c2523b-2755-4007-8c69-6b9967595cb4', '960fb540-3cef-49e8-89b6-1bawfrole001');
INSERT INTO wf_rolematch_rlt(id, pageFieldId, pageId, roleId) VALUES ('4b22d06c-d9a1-4f4d-9ae2-23966c67b79f', '884f8af5-700d-4eb0-ac51-d485b7b94dc9', '7a5a9a88-28d3-4840-aa1d-7db53d69fa77', '960fb540-3cef-49e8-89b6-1bawfrole002');
INSERT INTO wf_rolematch_rlt(id, pageFieldId, pageId, roleId) VALUES ('4d666c29-6349-46f9-bd7e-c39919323499', '7d2ccc13-0e5b-47b4-9d73-584ba9aedffe', 'c7c2523b-2755-4007-8c69-6b9967595cb4', '960fb540-3cef-49e8-89b6-1bawfrole004');
INSERT INTO wf_rolematch_rlt(id, pageFieldId, pageId, roleId) VALUES ('5c11ebcc-b52e-4403-a89e-d882672e8e5a', '7d2ccc13-0e5b-47b4-9d73-584ba9aedffe', '868cb783-932a-4652-81c9-3e95768f9f25', '960fb540-3cef-49e8-89b6-1bawfrole004');
INSERT INTO wf_rolematch_rlt(id, pageFieldId, pageId, roleId) VALUES ('6c6db287-54a2-4424-98f4-1cf26b350908', '7d2ccc13-0e5b-47b4-9d73-584ba9aedffe', '7a5a9a88-28d3-4840-aa1d-7db53d69fa77', '960fb540-3cef-49e8-89b6-1bawfrole004');
INSERT INTO wf_rolematch_rlt(id, pageFieldId, pageId, roleId) VALUES ('6ee6d460-10b8-4dbc-baf5-3c77de6b86d7', 'cd0197b8-6a68-41fa-9e55-38878b772f84', '4ab81d1f-8f82-486b-85df-b837240cb9de', '960fb540-3cef-49e8-89b6-1bawfrole004');
INSERT INTO wf_rolematch_rlt(id, pageFieldId, pageId, roleId) VALUES ('75ada5da-8948-430a-a11e-3ffc3e45d070', '5fe1806c-6b6f-4579-9726-be66d546a350', '868cb783-932a-4652-81c9-3e95768f9f25', '960fb540-3cef-49e8-89b6-1bawfrole001');
INSERT INTO wf_rolematch_rlt(id, pageFieldId, pageId, roleId) VALUES ('783a77ea-fc45-4d79-9b80-a80fcff08877', '7d2ccc13-0e5b-47b4-9d73-584ba9aedffe', 'd84e4e8e-9842-47f9-99c8-9152b80c96ab', '960fb540-3cef-49e8-89b6-1bawfrole004');
INSERT INTO wf_rolematch_rlt(id, pageFieldId, pageId, roleId) VALUES ('b2a58f8f-8a9e-40f9-96b1-4115d89e23c6', '7d2ccc13-0e5b-47b4-9d73-584ba9aedffe', '39710b9d-883f-4e86-b256-7cf42f2fbca0', '960fb540-3cef-49e8-89b6-1bawfrole004');
INSERT INTO wf_rolematch_rlt(id, pageFieldId, pageId, roleId) VALUES ('bbf85cb5-f810-4bbb-b66f-ce6616bd95a3', '9166012f-b99c-46a7-a45f-fe6983a7fab5', '7a5a9a88-28d3-4840-aa1d-7db53d69fa77', '960fb540-3cef-49e8-89b6-1bawfrole001');
INSERT INTO wf_rolematch_rlt(id, pageFieldId, pageId, roleId) VALUES ('c28ad8cf-d3d8-4b39-933b-448076931b03', '7d2ccc13-0e5b-47b4-9d73-584ba9aedffe', '4ab81d1f-8f82-486b-85df-b837240cb9de', '960fb540-3cef-49e8-89b6-1bawfrole004');
INSERT INTO wf_rolematch_rlt(id, pageFieldId, pageId, roleId) VALUES ('c388f391-fe2b-4b4a-a235-0f9fe054b76f', '7d2ccc13-0e5b-47b4-9d73-584ba9aedffe', '0bad095e-cbff-4f18-8912-b6c24cee7740', '960fb540-3cef-49e8-89b6-1bawfrole002');
INSERT INTO wf_rolematch_rlt(id, pageFieldId, pageId, roleId) VALUES ('cb682313-b3cd-4f30-9be1-0772f0b7158d', 'df455788-9167-4edb-aacd-d2fdf4e77659', '2fa36f10-413f-46fa-af2f-04216d3d0a06', '960fb540-3cef-49e8-89b6-1bawfrole002');
INSERT INTO wf_rolematch_rlt(id, pageFieldId, pageId, roleId) VALUES ('cb787174-6aab-4588-9159-b130105bbac3', '884f8af5-700d-4eb0-ac51-d485b7b94dc9', 'c7c2523b-2755-4007-8c69-6b9967595cb4', '960fb540-3cef-49e8-89b6-1bawfrole002');
INSERT INTO wf_rolematch_rlt(id, pageFieldId, pageId, roleId) VALUES ('df016fde-f252-4079-acc2-840a99c7d00c', '884f8af5-700d-4eb0-ac51-d485b7b94dc9', '868cb783-932a-4652-81c9-3e95768f9f25', '960fb540-3cef-49e8-89b6-1bawfrole002');

INSERT INTO wf_authorizationrole_rlt(id, transitionId, roleId, conditions, isValid) VALUES ('1f4149fe-323f-4d4b-99b0-d36a52adba72', '753B0C11-FBED-4C6E-8E82-E372D2A589E9', '960fb540-3cef-49e8-89b6-1bawfrole001', NULL, 'Y');
INSERT INTO wf_authorizationrole_rlt(id, transitionId, roleId, conditions, isValid) VALUES ('3db2d807-e865-4e6d-8b33-67e428572563', 'B066AF08-24DC-45DE-8B6F-4D7D0784B681', '960fb540-3cef-49e8-89b6-1bawfrole001', NULL, 'Y');
INSERT INTO wf_authorizationrole_rlt(id, transitionId, roleId, conditions, isValid) VALUES ('43e394ea-680c-443d-b9fc-1ea0d156b162', '935E0EAE-739C-451D-BD46-F2823D19CA6D', '960fb540-3cef-49e8-89b6-1bawfrole001', NULL, 'Y');
INSERT INTO wf_authorizationrole_rlt(id, transitionId, roleId, conditions, isValid) VALUES ('43e9c56c-aac3-438f-8f1e-2bc45fceddac', '25F372B2-3F01-4883-9262-56FD2CEF767E', '960fb540-3cef-49e8-89b6-1bawfrole001', NULL, 'Y');
INSERT INTO wf_authorizationrole_rlt(id, transitionId, roleId, conditions, isValid) VALUES ('cfe7abdc-52d8-4ac4-9de0-a8ef6e0367a9', 'C04CD52A-F949-41BA-8CAF-89AB03432D44', '960fb540-3cef-49e8-89b6-1bawfrole001', NULL, 'Y');
INSERT INTO wf_authorizationrole_rlt(id, transitionId, roleId, conditions, isValid) VALUES ('d4801d33-0339-48c3-9d1d-5dff03a2c8cb', '268E4422-80D5-41E0-9EA1-264923E3FB89', '960fb540-3cef-49e8-89b6-1bawfrole001', NULL, 'Y');
INSERT INTO wf_authorizationrole_rlt(id, transitionId, roleId, conditions, isValid) VALUES ('d77d8c37-13f3-451d-9620-94c4b4c0677e', '3554CB20-2848-4539-8E64-96FB799FF0A5', '960fb540-3cef-49e8-89b6-1bawfrole001', NULL, 'Y');
INSERT INTO wf_authorizationrole_rlt(id, transitionId, roleId, conditions, isValid) VALUES ('f5ad56b0-69be-4732-a4dc-656e824f5a09', 'F1AE932E-1CD5-4867-ACA5-4312DDA1AA96', '960fb540-3cef-49e8-89b6-1bawfrole001', NULL, 'Y');

INSERT INTO sys_page(id, name, objectType, pageType, parentId, workflowID, deriveWfType, deriveWfID, mapField, isStartPage, entityTypeID, extPageUrl, extPageCls, isSystem, remark, isValid, orderNum, creatorId, createdTime, modifyId, modifyTime)
VALUES ('07698511-fa9f-47e2-9f4c-kfCHGpage001', '系统视图', 'CHG', NULL, NULL, NULL, NULL, NULL, NULL, NULL, NULL, NULL, NULL, 'Y', NULL, 'Y', 1, NULL, NULL, NULL, NULL);
INSERT INTO sys_page(id, name, objectType, pageType, parentId, workflowID, deriveWfType, deriveWfID, mapField, isStartPage, entityTypeID, extPageUrl, extPageCls, isSystem, remark, isValid, orderNum, creatorId, createdTime, modifyId, modifyTime)
VALUES ('07698511-fa9f-47e2-9f4c-kfCHGpage002', '默认视图', 'CHG', 'LIST', '07698511-fa9f-47e2-9f4c-kfCHGpage001', NULL, NULL, NULL, NULL, NULL, NULL, NULL, NULL, 'Y', NULL, 'Y', 2, 'b8ab9427-627b-469f-bfd0-4b1buser0001', '2022-08-08', 'b8ab9427-627b-469f-bfd0-4b1buser0001', '2022-08-08');
INSERT INTO sys_page(id, name, objectType, pageType, parentId, workflowID, deriveWfType, deriveWfID, mapField, isStartPage, entityTypeID, extPageUrl, extPageCls, isSystem, remark, isValid, orderNum, creatorId, createdTime, modifyId, modifyTime)
VALUES ('07698511-fa9f-47e2-9f4c-kfCHGpage004', '导入导出视图', 'CHG', 'IMPEXPLIST', '', NULL, NULL, NULL, NULL, NULL, NULL, NULL, NULL, 'Y', NULL, 'Y', 5, NULL, NULL, NULL, NULL);
INSERT INTO sys_page(id, name, objectType, pageType, parentId, workflowID, deriveWfType, deriveWfID, mapField, isStartPage, entityTypeID, extPageUrl, extPageCls, isSystem, remark, isValid, orderNum, creatorId, createdTime, modifyId, modifyTime)
VALUES ('07698511-fa9f-47e2-9f4c-kfCHGpage005', '导入视图', 'CHG', 'IMPLIST', '07698511-fa9f-47e2-9f4c-kfCHGpage004', NULL, NULL, NULL, NULL, NULL, NULL, NULL, NULL, 'Y', NULL, 'Y', 6, 'b8ab9427-627b-469f-bfd0-4b1buser0001', '2022-08-08', 'b8ab9427-627b-469f-bfd0-4b1buser0001', '2022-08-08');
INSERT INTO sys_page(id, name, objectType, pageType, parentId, workflowID, deriveWfType, deriveWfID, mapField, isStartPage, entityTypeID, extPageUrl, extPageCls, isSystem, remark, isValid, orderNum, creatorId, createdTime, modifyId, modifyTime)
VALUES ('07698511-fa9f-47e2-9f4c-kfCHGpage006', '导出视图', 'CHG', 'EXPLIST', '07698511-fa9f-47e2-9f4c-kfCHGpage004', NULL, NULL, NULL, NULL, NULL, NULL, NULL, NULL, 'Y', NULL, 'Y', 7, 'b8ab9427-627b-469f-bfd0-4b1buser0001', '2022-08-08', 'b8ab9427-627b-469f-bfd0-4b1buser0001', '2022-08-08');
INSERT INTO sys_page(id, name, objectType, pageType, parentId, workflowID, deriveWfType, deriveWfID, mapField, isStartPage, entityTypeID, extPageUrl, extPageCls, isSystem, remark, isValid, orderNum, creatorId, createdTime, modifyId, modifyTime)
VALUES ('07698511-fa9f-47e2-9f4c-kfCHGpage003', '个人视图', 'CHG', 'CUSLIST', '', NULL, NULL, NULL, NULL, NULL, NULL, NULL, NULL, 'Y', NULL, 'Y', 8, NULL, NULL, NULL, NULL);

INSERT INTO wf_role(id, workflowType, name, val, orderNum, isSystem, isValid, creatorId, createdTime, modifyId, modifyTime)
VALUES ('960fb540-3cef-49e8-89b6-1bCHGrole001', 'CHG', '责任人', 'OR', 1, 'Y', 'Y', 'b8ab9427-627b-469f-bfd0-4b1buser0001', '2022-08-08', 'b8ab9427-627b-469f-bfd0-4b1buser0001', '2022-08-08');
INSERT INTO wf_role(id, workflowType, name, val, orderNum, isSystem, isValid, creatorId, createdTime, modifyId, modifyTime)
VALUES ('960fb540-3cef-49e8-89b6-1bCHGrole002', 'CHG', '参与人', 'AC', 2, 'Y', 'Y', 'b8ab9427-627b-469f-bfd0-4b1buser0001', '2022-08-08', 'b8ab9427-627b-469f-bfd0-4b1buser0001', '2022-08-08');
INSERT INTO wf_role(id, workflowType, name, val, orderNum, isSystem, isValid, creatorId, createdTime, modifyId, modifyTime)
VALUES ('960fb540-3cef-49e8-89b6-1bCHGrole003', 'CHG', '创建人', 'CR', 3, 'Y', 'Y', 'b8ab9427-627b-469f-bfd0-4b1buser0001', '2022-08-08', 'b8ab9427-627b-469f-bfd0-4b1buser0001', '2022-08-08');
INSERT INTO wf_role(id, workflowType, name, val, orderNum, isSystem, isValid, creatorId, createdTime, modifyId, modifyTime)
VALUES ('960fb540-3cef-49e8-89b6-1bCHGrole004', 'CHG', '读者', 'RR', 4, 'Y', 'Y', 'b8ab9427-627b-469f-bfd0-4b1buser0001', '2022-08-08', 'b8ab9427-627b-469f-bfd0-4b1buser0001', '2022-08-08');

INSERT INTO sys_pagelist_rlt(id, pageId, objectType, fieldView, filterCondition, isValid)
VALUES ('8755f808-1012-4566-90d1-398b7d08bcc1', '07698511-fa9f-47e2-9f4c-kfCHGpage002', 'CHG', '{"pageSize":"20","orderBy":"","orderByType":"desc","query":"","view":[{"f":"id","a":"center","w":"60px","t":"ID","r":"","s":false,"h":false,"i":""},{"f":"name","a":"left","w":"300.0px","t":"TEXT","r":"true","s":false,"h":false,"i":"ea5d0b4b-7fc9-4a1e-bed9-44154705b07a"},{"f":"code","a":"left","w":"120.0px","t":"TEXT","r":false,"s":false,"h":false,"i":"d85980d5-40be-48b3-8c25-59ef133d2b5e"},{"f":"projectId","a":"left","w":"120.0px","t":"PJT","r":false,"s":false,"h":false,"i":"895d680a-b028-46bf-b175-8f72c5380ea9"},{"f":"ownerIds","a":"left","w":"120.0px","t":"USER","r":false,"s":false,"h":false,"i":"ownerIds"},{"f":"statusId","a":"left","w":"120.0px","t":"SELECT","r":false,"s":false,"h":false,"i":"5f5c4b41-afd5-4ce5-83b9-ba063e18e624"},{"f":"creatorId","a":"left","w":"120.0px","t":"USER","r":false,"s":false,"h":false,"i":"34444b82-871a-47ca-801a-9cf338b196a1"},{"f":"modifyTime","a":"left","w":"120.0px","t":"DATE","r":false,"s":false,"h":false,"i":"acf97dbb-99d5-4b19-bcf5-1f2f95398ea6"}]}', '', 'Y');
INSERT INTO sys_pagelist_rlt(id, pageId, objectType, fieldView, filterCondition, isValid)
VALUES ('a980de13-6cd3-4032-9644-69ba0e148d20', '07698511-fa9f-47e2-9f4c-kfCHGpage005', 'CHG', '{"pageSize":"20","orderBy":"","orderByType":"desc","query":"","view":[{"f":"id","a":"center","w":"60px","t":"ID","r":"","s":false,"h":false,"i":""},{"f":"name","a":"left","w":"300px","t":"TEXT","r":"true","s":false,"h":false,"i":"ea5d0b4b-7fc9-4a1e-bed9-44154705b07a"},{"f":"code","a":"left","w":"120px","t":"TEXT","r":false,"s":false,"h":false,"i":"d85980d5-40be-48b3-8c25-59ef133d2b5e"},{"f":"projectId","a":"left","w":"120px","t":"PJT","r":false,"s":false,"h":false,"i":"895d680a-b028-46bf-b175-8f72c5380ea9"},{"f":"ownerIds","a":"left","w":"120px","t":"USER","r":"true","s":false,"h":false,"i":"ownerIds"},{"f":"statusId","a":"left","w":"120.0px","t":"SELECT","r":false,"s":false,"h":false,"i":"5f5c4b41-afd5-4ce5-83b9-ba063e18e624"},{"f":"creatorId","a":"left","w":"120.0px","t":"USER","r":false,"s":false,"h":false,"i":"34444b82-871a-47ca-801a-9cf338b196a1"},{"f":"modifyTime","a":"left","w":"120.0px","t":"DATE","r":false,"s":false,"h":false,"i":"acf97dbb-99d5-4b19-bcf5-1f2f95398ea6"}]}', '', 'Y');
INSERT INTO sys_pagelist_rlt(id, pageId, objectType, fieldView, filterCondition, isValid)
VALUES ('dff431e7-8a23-49c9-89cb-69e7e72eaa0b', '07698511-fa9f-47e2-9f4c-kfCHGpage006', 'CHG', '{"pageSize":"20","orderBy":"","orderByType":"desc","query":"","view":[{"f":"id","a":"center","w":"60px","t":"ID","r":"","s":false,"h":false,"i":""},{"f":"name","a":"left","w":"300.0px","t":"TEXT","r":"true","s":false,"h":false,"i":"ea5d0b4b-7fc9-4a1e-bed9-44154705b07a"},{"f":"code","a":"left","w":"120.0px","t":"TEXT","r":false,"s":false,"h":false,"i":"d85980d5-40be-48b3-8c25-59ef133d2b5e"},{"f":"projectId","a":"left","w":"120.0px","t":"PJT","r":false,"s":false,"h":false,"i":"895d680a-b028-46bf-b175-8f72c5380ea9"},{"f":"ownerIds","a":"left","w":"120.0px","t":"USER","r":false,"s":false,"h":false,"i":"ownerIds"},{"f":"statusId","a":"left","w":"120.0px","t":"SELECT","r":false,"s":false,"h":false,"i":"5f5c4b41-afd5-4ce5-83b9-ba063e18e624"},{"f":"creatorId","a":"left","w":"120.0px","t":"USER","r":false,"s":false,"h":false,"i":"34444b82-871a-47ca-801a-9cf338b196a1"}]}', '', 'Y');

INSERT INTO sys_field(id, colName, showName, objectType, dataType, htmlType, fieldType, displayWidth, remark, defaultValue, defaultRule, extendClass, layout, showMobile, isCommon, parentId, isValid, orderNum, creatorId, createdTime, modifyId, modifyTime, isDBField)
VALUES ('ea5d0b4b-7fc9-4a1e-bed9-44154705b07a', 'name', '名称', 'CHG', 'varchar', 'TEXT', 'S', 300.0, '', '', '{"isRecorded":"Y","textLength":"128","isRequired":"Y"}', '', 'F', NULL, 'N', NULL, 'Y', 1, 'b8ab9427-627b-469f-bfd0-4b1buser0001', '2022-08-08', 'b8ab9427-627b-469f-bfd0-4b1buser0001', '2022-08-08', 'Y');
INSERT INTO sys_field(id, colName, showName, objectType, dataType, htmlType, fieldType, displayWidth, remark, defaultValue, defaultRule, extendClass, layout, showMobile, isCommon, parentId, isValid, orderNum, creatorId, createdTime, modifyId, modifyTime, isDBField)
VALUES ('d85980d5-40be-48b3-8c25-59ef133d2b5e', 'code', '编号', 'CHG', 'varchar', 'TEXT', 'S', 120.0, '', '', '{"isRecorded":"N","textLength":"128","isRequired":"N"}', '', 'T', NULL, 'N', NULL, 'Y', 10, 'b8ab9427-627b-469f-bfd0-4b1buser0001', '2022-08-08', 'b8ab9427-627b-469f-bfd0-4b1buser0001', '2022-08-08', 'Y');
INSERT INTO sys_field(id, colName, showName, objectType, dataType, htmlType, fieldType, displayWidth, remark, defaultValue, defaultRule, extendClass, layout, showMobile, isCommon, parentId, isValid, orderNum, creatorId, createdTime, modifyId, modifyTime, isDBField)
VALUES ('895d680a-b028-46bf-b175-8f72c5380ea9', 'projectId', '归属项目', 'CHG', 'varchar', 'PJT', 'S', 120.0, '', NULL, '{"isRecorded":"N","isRequired":"N"}', '', 'T', NULL, 'N', NULL, 'Y', 11, 'b8ab9427-627b-469f-bfd0-4b1buser0001', '2022-08-08', 'b8ab9427-627b-469f-bfd0-4b1buser0001', '2022-08-08', 'Y');
INSERT INTO sys_field(id, colName, showName, objectType, dataType, htmlType, fieldType, displayWidth, remark, defaultValue, defaultRule, extendClass, layout, showMobile, isCommon, parentId, isValid, orderNum, creatorId, createdTime, modifyId, modifyTime, isDBField)
VALUES ('775ea69b-4923-4d59-88ed-9bb5d15ea885', 'departmentId', '归属部门', 'CHG', 'varchar', 'DEPT', 'S', 120.0, '', NULL, '{"isRecorded":"N","deptDefaultRule":"N","isRequired":"N"}', '', 'T', NULL, 'N', NULL, 'Y', 12, 'b8ab9427-627b-469f-bfd0-4b1buser0001', '2022-08-08', 'b8ab9427-627b-469f-bfd0-4b1buser0001', '2022-08-08', 'Y');
INSERT INTO sys_field(id, colName, showName, objectType, dataType, htmlType, fieldType, displayWidth, remark, defaultValue, defaultRule, extendClass, layout, showMobile, isCommon, parentId, isValid, orderNum, creatorId, createdTime, modifyId, modifyTime, isDBField)
VALUES ('551d7388-2aa9-48e0-b9e5-213c8d11e805', 'typeId', '变更类型', 'CHG', 'varchar', 'SELECT', 'S', 120.0, '', '', '{"isSeached":"Y","selectSource":"b99833de-3feb-4eb5-832c-7c50fd387180","setCascade":"","isRecorded":"Y","isRequired":"Y"}', '', 'T', NULL, 'N', NULL, 'Y', 13, 'b8ab9427-627b-469f-bfd0-4b1buser0001', '2022-08-08', 'b8ab9427-627b-469f-bfd0-4b1buser0001', '2022-08-08', 'Y');
INSERT INTO sys_field(id, colName, showName, objectType, dataType, htmlType, fieldType, displayWidth, remark, defaultValue, defaultRule, extendClass, layout, showMobile, isCommon, parentId, isValid, orderNum, creatorId, createdTime, modifyId, modifyTime, isDBField)
VALUES ('936e96d7-fbd0-43cf-9f8d-f37b3029a498', 'levelId', '优先级', 'CHG', 'varchar', 'SELECT', 'S', 120.0, '', '', '{"isSeached":"Y","selectSource":"153e2b43-70dd-4a7d-9ca7-55e407138c0a","setCascade":"","isRecorded":"Y","isRequired":"Y"}', '', 'T', NULL, 'N', NULL, 'Y', 16, 'b8ab9427-627b-469f-bfd0-4b1buser0001', '2022-08-08', 'b8ab9427-627b-469f-bfd0-4b1buser0001', '2022-08-08', 'Y');
INSERT INTO sys_field(id, colName, showName, objectType, dataType, htmlType, fieldType, displayWidth, remark, defaultValue, defaultRule, extendClass, layout, showMobile, isCommon, parentId, isValid, orderNum, creatorId, createdTime, modifyId, modifyTime, isDBField)
VALUES ('08ea44d3-ddb4-4e9b-b2e8-abdc24aa4907', 'reason', '变更原因', 'CHG', 'varchar', 'AREA', 'S', 120.0, '', '', '{"areaLength":"1024","areaIsLimit":"Y","areaRows":"8","isRecorded":"N","isRequired":"N"}', '', 'F', NULL, 'N', NULL, 'Y', 20, 'b8ab9427-627b-469f-bfd0-4b1buser0001', '2022-08-08', 'b8ab9427-627b-469f-bfd0-4b1buser0001', '2022-08-08', 'Y');
INSERT INTO sys_field(id, colName, showName, objectType, dataType, htmlType, fieldType, displayWidth, remark, defaultValue, defaultRule, extendClass, layout, showMobile, isCommon, parentId, isValid, orderNum, creatorId, createdTime, modifyId, modifyTime, isDBField)
VALUES ('a731798e-0e66-47bf-b523-a6ab068ff431', 'effectAna', '影响分析', 'CHG', 'varchar', 'AREA', 'S', 120.0, '', '', '{"areaLength":"1024","areaIsLimit":"Y","areaRows":"8","isRecorded":"N","isRequired":"N"}', '', 'F', NULL, 'N', NULL, 'Y', 22, 'b8ab9427-627b-469f-bfd0-4b1buser0001', '2022-08-08', 'b8ab9427-627b-469f-bfd0-4b1buser0001', '2022-08-08', 'Y');
INSERT INTO sys_field(id, colName, showName, objectType, dataType, htmlType, fieldType, displayWidth, remark, defaultValue, defaultRule, extendClass, layout, showMobile, isCommon, parentId, isValid, orderNum, creatorId, createdTime, modifyId, modifyTime, isDBField)
VALUES ('deb38fea-8903-4c54-8604-8649293cd012', 'costEffectAna', '成本影响分析', 'CHG', 'varchar', 'AREA', 'S', 120.0, '', '', '{"areaLength":"1024","areaIsLimit":"Y","areaRows":"8","isRecorded":"N","isRequired":"N"}', '', 'F', NULL, 'N', NULL, 'Y', 23, 'b8ab9427-627b-469f-bfd0-4b1buser0001', '2022-08-08', 'b8ab9427-627b-469f-bfd0-4b1buser0001', '2022-08-08', 'Y');
INSERT INTO sys_field(id, colName, showName, objectType, dataType, htmlType, fieldType, displayWidth, remark, defaultValue, defaultRule, extendClass, layout, showMobile, isCommon, parentId, isValid, orderNum, creatorId, createdTime, modifyId, modifyTime, isDBField)
VALUES ('fa29153d-405c-4ea0-9fa3-0d2ec8c8c8e6', 'scheEffectAna', '进度影响分析', 'CHG', 'varchar', 'AREA', 'S', 120.0, '', '', '{"areaLength":"1024","areaIsLimit":"Y","areaRows":"8","isRecorded":"N","isRequired":"N"}', '', 'F', NULL, 'N', NULL, 'Y', 24, 'b8ab9427-627b-469f-bfd0-4b1buser0001', '2022-08-08', 'b8ab9427-627b-469f-bfd0-4b1buser0001', '2022-08-08', 'Y');
INSERT INTO sys_field(id, colName, showName, objectType, dataType, htmlType, fieldType, displayWidth, remark, defaultValue, defaultRule, extendClass, layout, showMobile, isCommon, parentId, isValid, orderNum, creatorId, createdTime, modifyId, modifyTime, isDBField)
VALUES ('669bfa91-bb27-4f16-ab95-e96fad1fbd7d', 'changePlan', '变更方案', 'CHG', 'varchar', 'AREA', 'S', 120.0, '', '', '{"areaLength":"1024","areaIsLimit":"Y","areaRows":"8","isRecorded":"N","isRequired":"N"}', '', 'F', NULL, 'N', NULL, 'Y', 25, 'b8ab9427-627b-469f-bfd0-4b1buser0001', '2022-08-08', 'b8ab9427-627b-469f-bfd0-4b1buser0001', '2022-08-08', 'Y');
INSERT INTO sys_field(id, colName, showName, objectType, dataType, htmlType, fieldType, displayWidth, remark, defaultValue, defaultRule, extendClass, layout, showMobile, isCommon, parentId, isValid, orderNum, creatorId, createdTime, modifyId, modifyTime, isDBField)
VALUES ('7322379f-01ca-4a5f-87d2-91b810094ad3', 'milestoneInfo', '里程碑信息', 'CHG', 'varchar', 'SIGN', 'S', 120.0, '', NULL, '{"isRecorded":"N","isRequired":"N","signDefaultRule":"ZDY","isShowed":"N"}', 'com.dream.milestoneSign.MilestoneSign', 'F', NULL, 'N', NULL, 'Y', 27, 'b8ab9427-627b-469f-bfd0-4b1buser0001', '2022-08-08', 'b8ab9427-627b-469f-bfd0-4b1buser0001', '2022-08-08', 'N');
INSERT INTO sys_field(id, colName, showName, objectType, dataType, htmlType, fieldType, displayWidth, remark, defaultValue, defaultRule, extendClass, layout, showMobile, isCommon, parentId, isValid, orderNum, creatorId, createdTime, modifyId, modifyTime, isDBField)
VALUES ('5f5c4b41-afd5-4ce5-83b9-ba063e18e624', 'statusId', '状态', 'CHG', 'varchar', 'SELECT', 'S', 120.0, '', '', '{"isSeached":"Y","selectSource":"","setCascade":"","isRecorded":"N","isRequired":"N"}', '', 'T', NULL, 'N', NULL, 'Y', 42, 'b8ab9427-627b-469f-bfd0-4b1buser0001', '2022-08-08', 'b8ab9427-627b-469f-bfd0-4b1buser0001', '2022-08-08', 'Y');
INSERT INTO sys_field(id, colName, showName, objectType, dataType, htmlType, fieldType, displayWidth, remark, defaultValue, defaultRule, extendClass, layout, showMobile, isCommon, parentId, isValid, orderNum, creatorId, createdTime, modifyId, modifyTime, isDBField)
VALUES ('ac6783e0-21e8-4c9b-b53d-4ee61c9787b6', 'entityStatusId', '实体状态', 'CHG', 'varchar', 'SELECT', 'S', 120.0, '', '', '{"isSeached":"Y","selectSource":"35f65fc2-75bf-44a9-9077-4b3056b20637","setCascade":"","isRecorded":"N","isRequired":"N"}', '', 'T', NULL, 'N', NULL, 'Y', 43, 'b8ab9427-627b-469f-bfd0-4b1buser0001', '2022-08-08', 'b8ab9427-627b-469f-bfd0-4b1buser0001', '2022-08-08', 'Y');
INSERT INTO sys_field(id, colName, showName, objectType, dataType, htmlType, fieldType, displayWidth, remark, defaultValue, defaultRule, extendClass, layout, showMobile, isCommon, parentId, isValid, orderNum, creatorId, createdTime, modifyId, modifyTime, isDBField)
VALUES ('dcc15e3d-3d73-4a6d-b79c-2ef7f18bf357', 'remark', '描述', 'CHG', 'varchar', 'AREA', 'S', 120.0, '', '', '{"areaLength":"1024","areaIsLimit":"Y","areaRows":"8","isRecorded":"N","isRequired":"N"}', '', 'F', NULL, 'N', NULL, 'Y', 45, 'b8ab9427-627b-469f-bfd0-4b1buser0001', '2022-08-08', 'b8ab9427-627b-469f-bfd0-4b1buser0001', '2022-08-08', 'Y');
INSERT INTO sys_field(id, colName, showName, objectType, dataType, htmlType, fieldType, displayWidth, remark, defaultValue, defaultRule, extendClass, layout, showMobile, isCommon, parentId, isValid, orderNum, creatorId, createdTime, modifyId, modifyTime, isDBField)
VALUES ('bdd46578-8a38-4f97-84fd-8fb5fa475549', 'auditorId', '审核人', 'CHG', 'varchar', 'USER', 'S', 120.0, '', NULL, '{"isRecorded":"Y","userIsMul":"N","isRequired":"N","userDefaultRule":"N"}', '', 'T', NULL, 'N', NULL, 'Y', 47, 'b8ab9427-627b-469f-bfd0-4b1buser0001', '2022-08-08', 'b8ab9427-627b-469f-bfd0-4b1buser0001', '2022-08-08', 'Y');
INSERT INTO sys_field(id, colName, showName, objectType, dataType, htmlType, fieldType, displayWidth, remark, defaultValue, defaultRule, extendClass, layout, showMobile, isCommon, parentId, isValid, orderNum, creatorId, createdTime, modifyId, modifyTime, isDBField)
VALUES ('5d7929e4-0d48-44a8-baef-8486b561b5cd', 'auditDate', '审核日期', 'CHG', 'datetime', 'DATE', 'S', 120.0, '', NULL, '{"isRecorded":"Y","dateFormatRule":"YMD","dateDefaultRule":"N","isRequired":"N"}', '', 'T', NULL, 'N', NULL, 'Y', 49, 'b8ab9427-627b-469f-bfd0-4b1buser0001', '2022-08-08', 'b8ab9427-627b-469f-bfd0-4b1buser0001', '2022-08-08', 'Y');
INSERT INTO sys_field(id, colName, showName, objectType, dataType, htmlType, fieldType, displayWidth, remark, defaultValue, defaultRule, extendClass, layout, showMobile, isCommon, parentId, isValid, orderNum, creatorId, createdTime, modifyId, modifyTime, isDBField)
VALUES ('46dbce80-3a5d-41a8-b9b5-d1939a7e6476', 'auditRemark', '审批意见', 'CHG', 'varchar', 'AREA', 'S', 120.0, '', '', '{"areaLength":"1024","areaIsLimit":"Y","areaRows":"8","isRecorded":"Y","isRequired":"N"}', '', 'F', NULL, 'N', NULL, 'Y', 51, 'b8ab9427-627b-469f-bfd0-4b1buser0001', '2022-08-08', 'b8ab9427-627b-469f-bfd0-4b1buser0001', '2022-08-08', 'Y');
INSERT INTO sys_field(id, colName, showName, objectType, dataType, htmlType, fieldType, displayWidth, remark, defaultValue, defaultRule, extendClass, layout, showMobile, isCommon, parentId, isValid, orderNum, creatorId, createdTime, modifyId, modifyTime, isDBField)
VALUES ('01febb64-632b-460b-99b5-13544c7d7697', 'presenterId', '提出人', 'CHG', 'varchar', 'USER', 'S', 120.0, '', NULL, '{"isRecorded":"N","userIsMul":"","isRequired":"N","userDefaultRule":"N"}', '', 'T', NULL, 'N', NULL, 'Y', 52, 'b8ab9427-627b-469f-bfd0-4b1buser0001', '2022-08-08', 'b8ab9427-627b-469f-bfd0-4b1buser0001', '2022-08-08', 'Y');
INSERT INTO sys_field(id, colName, showName, objectType, dataType, htmlType, fieldType, displayWidth, remark, defaultValue, defaultRule, extendClass, layout, showMobile, isCommon, parentId, isValid, orderNum, creatorId, createdTime, modifyId, modifyTime, isDBField)
VALUES ('a79782db-9a95-4c9a-aa81-25874a2f4717', 'presentDate', '提出日期', 'CHG', 'datetime', 'DATE', 'S', 120.0, '', NULL, '{"isRecorded":"N","dateFormatRule":"YMD","dateDefaultRule":"N","isRequired":"N"}', '', 'T', NULL, 'N', NULL, 'Y', 53, 'b8ab9427-627b-469f-bfd0-4b1buser0001', '2022-08-08', 'b8ab9427-627b-469f-bfd0-4b1buser0001', '2022-08-08', 'Y');
INSERT INTO sys_field(id, colName, showName, objectType, dataType, htmlType, fieldType, displayWidth, remark, defaultValue, defaultRule, extendClass, layout, showMobile, isCommon, parentId, isValid, orderNum, creatorId, createdTime, modifyId, modifyTime, isDBField)
VALUES ('9d401cae-2072-4078-9c75-bfdf5c0540cd', 'projectMngId', '项目经理', 'CHG', 'varchar', 'USER', 'S', 120.0, '', '项目经理', '{"isRecorded":"N","userIsMul":"","isRequired":"N","userDefaultRule":"PR"}', '', 'T', NULL, 'N', NULL, 'Y', 54, 'b8ab9427-627b-469f-bfd0-4b1buser0001', '2022-08-08', 'b8ab9427-627b-469f-bfd0-4b1buser0001', '2022-08-08', 'Y');
INSERT INTO sys_field(id, colName, showName, objectType, dataType, htmlType, fieldType, displayWidth, remark, defaultValue, defaultRule, extendClass, layout, showMobile, isCommon, parentId, isValid, orderNum, creatorId, createdTime, modifyId, modifyTime, isDBField)
VALUES ('ed754c4c-6177-4adc-96d1-0cb4e9ecd76f', 'cbbControlIds', '变更控制委员会', 'CHG', 'varchar', 'USER', 'S', 120.0, '', NULL, '{"isRecorded":"N","userIsMul":"Y","isRequired":"N","userDefaultRule":"N"}', '', 'T', NULL, 'N', NULL, 'Y', 55, 'b8ab9427-627b-469f-bfd0-4b1buser0001', '2022-08-08', 'b8ab9427-627b-469f-bfd0-4b1buser0001', '2022-08-08', 'Y');
INSERT INTO sys_field(id, colName, showName, objectType, dataType, htmlType, fieldType, displayWidth, remark, defaultValue, defaultRule, extendClass, layout, showMobile, isCommon, parentId, isValid, orderNum, creatorId, createdTime, modifyId, modifyTime, isDBField)
VALUES ('5ee15dfb-1866-45b5-b28d-4614f6a601d4', 'isEffectBasic', '影响基准', 'CHG', 'varchar', 'RADIO', 'S', 120.0, '', NULL, '{"isRecorded":"N","isRequired":"N","radioSource":"ee691a44-6c6f-4990-a3cc-72408a535918"}', '', 'T', NULL, 'N', NULL, 'Y', 57, 'b8ab9427-627b-469f-bfd0-4b1buser0001', '2022-08-08', 'b8ab9427-627b-469f-bfd0-4b1buser0001', '2022-08-08', 'Y');
INSERT INTO sys_field(id, colName, showName, objectType, dataType, htmlType, fieldType, displayWidth, remark, defaultValue, defaultRule, extendClass, layout, showMobile, isCommon, parentId, isValid, orderNum, creatorId, createdTime, modifyId, modifyTime, isDBField)
VALUES ('ad32ada7-d173-423d-8bd5-62738e002364', 'ownerId', '责任人', 'CHG', 'varchar', 'USER', 'S', 120.0, '', NULL, '{"isRecorded":"N","userIsMul":"","isRequired":"N","userDefaultRule":"N"}', '', 'T', NULL, 'N', NULL, 'Y', 58, 'b8ab9427-627b-469f-bfd0-4b1buser0001', '2022-08-08', 'b8ab9427-627b-469f-bfd0-4b1buser0001', '2022-08-08', 'Y');
INSERT INTO sys_field(id, colName, showName, objectType, dataType, htmlType, fieldType, displayWidth, remark, defaultValue, defaultRule, extendClass, layout, showMobile, isCommon, parentId, isValid, orderNum, creatorId, createdTime, modifyId, modifyTime, isDBField)
VALUES ('85779729-b68f-4ce0-b102-3e3e4ea74085', 'actorId', '参与人', 'CHG', 'varchar', 'USER', 'S', 120.0, '', NULL, '{"isRecorded":"N","userIsMul":"Y","isRequired":"N","userDefaultRule":"N"}', '', 'T', NULL, 'N', NULL, 'Y', 59, 'b8ab9427-627b-469f-bfd0-4b1buser0001', '2022-08-08', 'b8ab9427-627b-469f-bfd0-4b1buser0001', '2022-08-08', 'Y');
INSERT INTO sys_field(id, colName, showName, objectType, dataType, htmlType, fieldType, displayWidth, remark, defaultValue, defaultRule, extendClass, layout, showMobile, isCommon, parentId, isValid, orderNum, creatorId, createdTime, modifyId, modifyTime, isDBField)
VALUES ('999101d4-77ae-4f66-8a7b-b9bf2688b2f6', 'signOpinionId', '会签意见', 'CHG', 'varchar', 'SELECT', 'S', 120.0, '', '', '{"isSeached":"Y","selectSource":"e127b95d-f5fb-4512-b86e-7cb73c216fdc","setCascade":"","isRecorded":"N","isRequired":"N"}', '', 'T', NULL, 'N', NULL, 'Y', 60, 'b8ab9427-627b-469f-bfd0-4b1buser0001', '2022-08-08', 'b8ab9427-627b-469f-bfd0-4b1buser0001', '2022-08-08', 'Y');
INSERT INTO sys_field(id, colName, showName, objectType, dataType, htmlType, fieldType, displayWidth, remark, defaultValue, defaultRule, extendClass, layout, showMobile, isCommon, parentId, isValid, orderNum, creatorId, createdTime, modifyId, modifyTime, isDBField)
VALUES ('af7b6844-d85e-45d6-8041-4079242aee49', 'signRemark', '会签描述', 'CHG', 'varchar', 'AREA', 'S', 120.0, '', '', '{"areaLength":"1024","areaIsLimit":"Y","areaRows":"8","isRecorded":"N","isRequired":"N"}', '', 'F', NULL, 'N', NULL, 'Y', 62, 'b8ab9427-627b-469f-bfd0-4b1buser0001', '2022-08-08', 'b8ab9427-627b-469f-bfd0-4b1buser0001', '2022-08-08', 'Y');
INSERT INTO sys_field(id, colName, showName, objectType, dataType, htmlType, fieldType, displayWidth, remark, defaultValue, defaultRule, extendClass, layout, showMobile, isCommon, parentId, isValid, orderNum, creatorId, createdTime, modifyId, modifyTime, isDBField)
VALUES ('5a99ef5e-a5b8-4865-b3b1-36f5582393a1', 'lampSign', '指示灯', 'CHG', 'float', 'NUMBER', 'S', 120.0, '', '', '{"numberFormat":"I","isRecorded":"N","isRequired":"N","redLight":"79","greenLight":"30"}', '', 'T', NULL, 'N', NULL, 'Y', 63, 'b8ab9427-627b-469f-bfd0-4b1buser0001', '2022-08-08', 'b8ab9427-627b-469f-bfd0-4b1buser0001', '2022-08-08', 'Y');
INSERT INTO sys_field(id, colName, showName, objectType, dataType, htmlType, fieldType, displayWidth, remark, defaultValue, defaultRule, extendClass, layout, showMobile, isCommon, parentId, isValid, orderNum, creatorId, createdTime, modifyId, modifyTime, isDBField)
VALUES ('68d50a42-29fe-498f-8892-fffebfce3c74', 'fileSign', '附件', 'CHG', 'varchar', 'SIGN', 'S', 120.0, '', NULL, '{"isRecorded":"N","isRequired":"N","signDefaultRule":"ZDY","isShowed":"N"}', 'com.dream.fileSign.FileSign', 'F', NULL, 'N', NULL, 'Y', 65, 'b8ab9427-627b-469f-bfd0-4b1buser0001', '2022-08-08', 'b8ab9427-627b-469f-bfd0-4b1buser0001', '2022-08-08', 'N');
INSERT INTO sys_field(id, colName, showName, objectType, dataType, htmlType, fieldType, displayWidth, remark, defaultValue, defaultRule, extendClass, layout, showMobile, isCommon, parentId, isValid, orderNum, creatorId, createdTime, modifyId, modifyTime, isDBField)
VALUES ('09022387-4cbc-42f8-acd7-1819148d40b8', 'related', '关联', 'CHG', 'varchar', 'SIGN', 'S', 120.0, '', NULL, '{"isRecorded":"N","isRequired":"N","signDefaultRule":"ZDY","isShowed":"N"}', 'com.dream.relatedSign.RelatedSign', 'F', NULL, 'N', NULL, 'Y', 67, 'b8ab9427-627b-469f-bfd0-4b1buser0001', '2022-08-08', 'b8ab9427-627b-469f-bfd0-4b1buser0001', '2022-08-08', 'N');
INSERT INTO sys_field(id, colName, showName, objectType, dataType, htmlType, fieldType, displayWidth, remark, defaultValue, defaultRule, extendClass, layout, showMobile, isCommon, parentId, isValid, orderNum, creatorId, createdTime, modifyId, modifyTime, isDBField)
VALUES ('34444b82-871a-47ca-801a-9cf338b196a1', 'creatorId', '创建人', 'CHG', 'varchar', 'USER', 'S', 120.0, '', NULL, '{"isRecorded":"N","userIsMul":"","isRequired":"N","userDefaultRule":"N"}', '', 'T', NULL, 'N', NULL, 'Y', 68, 'b8ab9427-627b-469f-bfd0-4b1buser0001', '2022-08-08', 'b8ab9427-627b-469f-bfd0-4b1buser0001', '2022-08-08', 'Y');
INSERT INTO sys_field(id, colName, showName, objectType, dataType, htmlType, fieldType, displayWidth, remark, defaultValue, defaultRule, extendClass, layout, showMobile, isCommon, parentId, isValid, orderNum, creatorId, createdTime, modifyId, modifyTime, isDBField)
VALUES ('5c3ae0e8-0c23-4874-bf1d-66aea7cb4c4b', 'createdTime', '创建时间', 'CHG', 'datetime', 'DATE', 'S', 120.0, '', NULL, '{"isRecorded":"N","dateFormatRule":"YMDHm","dateDefaultRule":"N","isRequired":"N"}', '', 'T', NULL, 'N', NULL, 'Y', 69, 'b8ab9427-627b-469f-bfd0-4b1buser0001', '2022-08-08', 'b8ab9427-627b-469f-bfd0-4b1buser0001', '2022-08-08', 'Y');
INSERT INTO sys_field(id, colName, showName, objectType, dataType, htmlType, fieldType, displayWidth, remark, defaultValue, defaultRule, extendClass, layout, showMobile, isCommon, parentId, isValid, orderNum, creatorId, createdTime, modifyId, modifyTime, isDBField)
VALUES ('3e749ef4-db0e-494c-91ca-32f69472aa6d', 'modifyId', '更新人', 'CHG', 'varchar', 'USER', 'S', 120.0, '', NULL, '{"isRecorded":"N","userIsMul":"","isRequired":"N","userDefaultRule":"N"}', '', 'T', NULL, 'N', NULL, 'Y', 70, 'b8ab9427-627b-469f-bfd0-4b1buser0001', '2022-08-08', 'b8ab9427-627b-469f-bfd0-4b1buser0001', '2022-08-08', 'Y');
INSERT INTO sys_field(id, colName, showName, objectType, dataType, htmlType, fieldType, displayWidth, remark, defaultValue, defaultRule, extendClass, layout, showMobile, isCommon, parentId, isValid, orderNum, creatorId, createdTime, modifyId, modifyTime, isDBField)
VALUES ('acf97dbb-99d5-4b19-bcf5-1f2f95398ea6', 'modifyTime', '最新更新时间', 'CHG', 'datetime', 'DATE', 'S', 120.0, '', NULL, '{"isRecorded":"N","dateFormatRule":"YMDHm","dateDefaultRule":"N","isRequired":"N"}', '', 'T', NULL, 'N', NULL, 'Y', 71, 'b8ab9427-627b-469f-bfd0-4b1buser0001', '2022-08-08', 'b8ab9427-627b-469f-bfd0-4b1buser0001', '2022-08-08', 'Y');

INSERT INTO sys_fieldnum(id, objectType, fieldId, orderNum)
VALUES ('6462647a-480b-4dab-961b-71000ce043c5', 'CHG', 'ea5d0b4b-7fc9-4a1e-bed9-44154705b07a', 1);
INSERT INTO sys_fieldnum(id, objectType, fieldId, orderNum)
VALUES ('a972bac0-9336-4ac8-9d0f-1665f60966a4', 'CHG', 'd85980d5-40be-48b3-8c25-59ef133d2b5e', 10);
INSERT INTO sys_fieldnum(id, objectType, fieldId, orderNum)
VALUES ('85ff3098-070f-4f95-b1e6-8342740eca01', 'CHG', '895d680a-b028-46bf-b175-8f72c5380ea9', 11);
INSERT INTO sys_fieldnum(id, objectType, fieldId, orderNum)
VALUES ('7d8a92ac-e1e4-4ca4-ade6-de56cfe3a0f0', 'CHG', '775ea69b-4923-4d59-88ed-9bb5d15ea885', 12);
INSERT INTO sys_fieldnum(id, objectType, fieldId, orderNum)
VALUES ('5e4d775d-fe7a-451b-a1b1-3f8a4e625e81', 'CHG', '551d7388-2aa9-48e0-b9e5-213c8d11e805', 13);
INSERT INTO sys_fieldnum(id, objectType, fieldId, orderNum)
VALUES ('68e3e47e-45eb-432a-a7c8-94d178b2f90e', 'CHG', '936e96d7-fbd0-43cf-9f8d-f37b3029a498', 16);
INSERT INTO sys_fieldnum(id, objectType, fieldId, orderNum)
VALUES ('6e6a5d98-416c-4634-b614-ab65902deea8', 'CHG', '08ea44d3-ddb4-4e9b-b2e8-abdc24aa4907', 20);
INSERT INTO sys_fieldnum(id, objectType, fieldId, orderNum)
VALUES ('2717b589-6349-4e76-99f9-2ff2cd3daf53', 'CHG', 'a731798e-0e66-47bf-b523-a6ab068ff431', 22);
INSERT INTO sys_fieldnum(id, objectType, fieldId, orderNum)
VALUES ('80c2ddb2-f7f3-4d81-96a0-d1af21ece8ac', 'CHG', 'deb38fea-8903-4c54-8604-8649293cd012', 23);
INSERT INTO sys_fieldnum(id, objectType, fieldId, orderNum)
VALUES ('027ecab8-c85e-4eda-ad0a-e24c455d01b6', 'CHG', 'fa29153d-405c-4ea0-9fa3-0d2ec8c8c8e6', 24);
INSERT INTO sys_fieldnum(id, objectType, fieldId, orderNum)
VALUES ('c9aeb46d-46aa-44f1-97ea-fa2d9af3354c', 'CHG', '669bfa91-bb27-4f16-ab95-e96fad1fbd7d', 25);
INSERT INTO sys_fieldnum(id, objectType, fieldId, orderNum)
VALUES ('f07b85bf-bbc9-44db-9eff-53d1004db7bb', 'CHG', '7322379f-01ca-4a5f-87d2-91b810094ad3', 27);
INSERT INTO sys_fieldnum(id, objectType, fieldId, orderNum)
VALUES ('ee0ab4e4-e89c-404e-afd4-88b2afd16ca2', 'CHG', '5f5c4b41-afd5-4ce5-83b9-ba063e18e624', 42);
INSERT INTO sys_fieldnum(id, objectType, fieldId, orderNum)
VALUES ('de30efbc-2670-4cf0-9119-671efbf5e501', 'CHG', 'ac6783e0-21e8-4c9b-b53d-4ee61c9787b6', 43);
INSERT INTO sys_fieldnum(id, objectType, fieldId, orderNum)
VALUES ('c96ab071-ca80-4ea6-aa51-f7b16b730725', 'CHG', 'dcc15e3d-3d73-4a6d-b79c-2ef7f18bf357', 45);
INSERT INTO sys_fieldnum(id, objectType, fieldId, orderNum)
VALUES ('5c938da8-fcfe-4f2a-a97c-7d648db5ce46', 'CHG', 'bdd46578-8a38-4f97-84fd-8fb5fa475549', 47);
INSERT INTO sys_fieldnum(id, objectType, fieldId, orderNum)
VALUES ('c76463be-4a48-4d1c-bb56-61b59c2b6460', 'CHG', '5d7929e4-0d48-44a8-baef-8486b561b5cd', 49);
INSERT INTO sys_fieldnum(id, objectType, fieldId, orderNum)
VALUES ('a1646e3f-7eb4-4010-9d24-880b4933646c', 'CHG', '46dbce80-3a5d-41a8-b9b5-d1939a7e6476', 51);
INSERT INTO sys_fieldnum(id, objectType, fieldId, orderNum)
VALUES ('72e76301-ba77-4233-87bd-5d258a7b692e', 'CHG', '01febb64-632b-460b-99b5-13544c7d7697', 52);
INSERT INTO sys_fieldnum(id, objectType, fieldId, orderNum)
VALUES ('6b1e2831-99ca-4adc-869d-5de6e02b33ae', 'CHG', 'a79782db-9a95-4c9a-aa81-25874a2f4717', 53);
INSERT INTO sys_fieldnum(id, objectType, fieldId, orderNum)
VALUES ('5f0f2b9e-7f36-4992-8619-4ab3dd0bb214', 'CHG', '9d401cae-2072-4078-9c75-bfdf5c0540cd', 54);
INSERT INTO sys_fieldnum(id, objectType, fieldId, orderNum)
VALUES ('c8f0334c-8219-4096-be6a-c81e375f3c27', 'CHG', 'ed754c4c-6177-4adc-96d1-0cb4e9ecd76f', 55);
INSERT INTO sys_fieldnum(id, objectType, fieldId, orderNum)
VALUES ('d8c9b0e9-568b-490d-928d-fe01a83db42d', 'CHG', '5ee15dfb-1866-45b5-b28d-4614f6a601d4', 57);
INSERT INTO sys_fieldnum(id, objectType, fieldId, orderNum)
VALUES ('24fd6665-73eb-4188-a925-bfff27be63ae', 'CHG', 'ad32ada7-d173-423d-8bd5-62738e002364', 58);
INSERT INTO sys_fieldnum(id, objectType, fieldId, orderNum)
VALUES ('72b8abf3-9092-4153-83f6-8aceda805fa0', 'CHG', '85779729-b68f-4ce0-b102-3e3e4ea74085', 59);
INSERT INTO sys_fieldnum(id, objectType, fieldId, orderNum)
VALUES ('a480e46e-1b6b-4bfc-9f8e-7dd0d0189ab6', 'CHG', '999101d4-77ae-4f66-8a7b-b9bf2688b2f6', 60);
INSERT INTO sys_fieldnum(id, objectType, fieldId, orderNum)
VALUES ('a83c1a66-22f4-47f1-a6eb-cf12c55aa691', 'CHG', 'af7b6844-d85e-45d6-8041-4079242aee49', 62);
INSERT INTO sys_fieldnum(id, objectType, fieldId, orderNum)
VALUES ('15824665-d2de-463c-996c-07bf9f9987ac', 'CHG', '5a99ef5e-a5b8-4865-b3b1-36f5582393a1', 63);
INSERT INTO sys_fieldnum(id, objectType, fieldId, orderNum)
VALUES ('38a56b49-dfac-4fe5-b7a3-c8386276e2bc', 'CHG', '68d50a42-29fe-498f-8892-fffebfce3c74', 65);
INSERT INTO sys_fieldnum(id, objectType, fieldId, orderNum)
VALUES ('c685911f-79a1-4b53-b7d0-04be4ca578da', 'CHG', '09022387-4cbc-42f8-acd7-1819148d40b8', 67);
INSERT INTO sys_fieldnum(id, objectType, fieldId, orderNum)
VALUES ('e742694b-4a0d-4ed8-ae80-a8f8c1eaa8b7', 'CHG', '34444b82-871a-47ca-801a-9cf338b196a1', 68);
INSERT INTO sys_fieldnum(id, objectType, fieldId, orderNum)
VALUES ('3683b561-4f9b-4bc5-8a1f-9c124418c669', 'CHG', '5c3ae0e8-0c23-4874-bf1d-66aea7cb4c4b', 69);
INSERT INTO sys_fieldnum(id, objectType, fieldId, orderNum)
VALUES ('b7c10427-f695-4e85-9fc8-64f1952dfe30', 'CHG', '3e749ef4-db0e-494c-91ca-32f69472aa6d', 70);
INSERT INTO sys_fieldnum(id, objectType, fieldId, orderNum)
VALUES ('dede6704-64ec-4190-8124-d51d06f1de33', 'CHG', 'acf97dbb-99d5-4b19-bcf5-1f2f95398ea6', 71);

INSERT INTO sys_datasource(id, objectType, name, val, isSystem, remark, isValid, orderNum, creatorId, createdTime, modifyId, modifyTime, linkFieldId)
VALUES ('b99833de-3feb-4eb5-832c-7c50fd387180', 'CHG', '变更类型', NULL, 'Y', NULL, 'Y', 91, 'b8ab9427-627b-469f-bfd0-4b1buser0001', '2022-08-08', 'b8ab9427-627b-469f-bfd0-4b1buser0001', '2022-08-08', '551d7388-2aa9-48e0-b9e5-213c8d11e805');
INSERT INTO sys_datasource(id, objectType, name, val, isSystem, remark, isValid, orderNum, creatorId, createdTime, modifyId, modifyTime, linkFieldId)
VALUES ('153e2b43-70dd-4a7d-9ca7-55e407138c0a', 'CHG', '优先级', NULL, 'Y', NULL, 'Y', 92, 'b8ab9427-627b-469f-bfd0-4b1buser0001', '2022-08-08', 'b8ab9427-627b-469f-bfd0-4b1buser0001', '2022-08-08', '936e96d7-fbd0-43cf-9f8d-f37b3029a498');
INSERT INTO sys_datasource(id, objectType, name, val, isSystem, remark, isValid, orderNum, creatorId, createdTime, modifyId, modifyTime, linkFieldId)
VALUES ('35f65fc2-75bf-44a9-9077-4b3056b20637', 'CHG', '实体状态', NULL, 'Y', NULL, 'Y', 93, 'b8ab9427-627b-469f-bfd0-4b1buser0001', '2022-08-08', 'b8ab9427-627b-469f-bfd0-4b1buser0001', '2022-08-08', 'ac6783e0-21e8-4c9b-b53d-4ee61c9787b6');
INSERT INTO sys_datasource(id, objectType, name, val, isSystem, remark, isValid, orderNum, creatorId, createdTime, modifyId, modifyTime, linkFieldId)
VALUES ('e127b95d-f5fb-4512-b86e-7cb73c216fdc', 'CHG', '会签意见', NULL, 'Y', NULL, 'Y', 95, 'b8ab9427-627b-469f-bfd0-4b1buser0001', '2022-08-08', 'b8ab9427-627b-469f-bfd0-4b1buser0001', '2022-08-08', '999101d4-77ae-4f66-8a7b-b9bf2688b2f6');
INSERT INTO sys_datasource(id, objectType, name, val, isSystem, remark, isValid, orderNum, creatorId, createdTime, modifyId, modifyTime, linkFieldId)
VALUES ('ee691a44-6c6f-4990-a3cc-72408a535918', 'CHG', '影响基准', NULL, 'Y', NULL, 'Y', 96, 'b8ab9427-627b-469f-bfd0-4b1buser0001', '2022-08-08', 'b8ab9427-627b-469f-bfd0-4b1buser0001', '2022-08-08', '5ee15dfb-1866-45b5-b28d-4614f6a601d4');

INSERT INTO sys_dataoption(id, objectType, name, dataBaseId, parentId, isSystem, remark, bgColor, fColor, isValid, orderNum, creatorId, createdTime, modifyId, modifyTime)
VALUES ('ec6a1272-13c8-4a78-9bef-f63c772cc310', 'CHG', '高', '153e2b43-70dd-4a7d-9ca7-55e407138c0a', '', 'Y', NULL, '', '', 'Y', 341, 'b8ab9427-627b-469f-bfd0-4b1buser0001', '2022-08-08', 'b8ab9427-627b-469f-bfd0-4b1buser0001', '2022-08-08');
INSERT INTO sys_dataoption(id, objectType, name, dataBaseId, parentId, isSystem, remark, bgColor, fColor, isValid, orderNum, creatorId, createdTime, modifyId, modifyTime)
VALUES ('cb6218be-85d6-4e12-b8dc-1e0c41237293', 'CHG', '中', '153e2b43-70dd-4a7d-9ca7-55e407138c0a', '', 'Y', NULL, '', '', 'Y', 342, 'b8ab9427-627b-469f-bfd0-4b1buser0001', '2022-08-08', 'b8ab9427-627b-469f-bfd0-4b1buser0001', '2022-08-08');
INSERT INTO sys_dataoption(id, objectType, name, dataBaseId, parentId, isSystem, remark, bgColor, fColor, isValid, orderNum, creatorId, createdTime, modifyId, modifyTime)
VALUES ('1f2e2d95-dd24-4c84-9aa4-fb216a271494', 'CHG', '低', '153e2b43-70dd-4a7d-9ca7-55e407138c0a', '', 'Y', NULL, '', '', 'Y', 343, 'b8ab9427-627b-469f-bfd0-4b1buser0001', '2022-08-08', 'b8ab9427-627b-469f-bfd0-4b1buser0001', '2022-08-08');
INSERT INTO sys_dataoption(id, objectType, name, dataBaseId, parentId, isSystem, remark, bgColor, fColor, isValid, orderNum, creatorId, createdTime, modifyId, modifyTime)
VALUES ('6bfd1a1a-5780-47c1-8f41-fd0a3b3e462a', 'CHG', '新建', '35f65fc2-75bf-44a9-9077-4b3056b20637', '', 'Y', NULL, '', '', 'Y', 344, 'b8ab9427-627b-469f-bfd0-4b1buser0001', '2022-08-08', 'b8ab9427-627b-469f-bfd0-4b1buser0001', '2022-08-08');
INSERT INTO sys_dataoption(id, objectType, name, dataBaseId, parentId, isSystem, remark, bgColor, fColor, isValid, orderNum, creatorId, createdTime, modifyId, modifyTime)
VALUES ('594a9482-7221-4856-9329-f8f19fd257bf', 'CHG', '审核中', '35f65fc2-75bf-44a9-9077-4b3056b20637', '', 'Y', NULL, '', '', 'Y', 345, 'b8ab9427-627b-469f-bfd0-4b1buser0001', '2022-08-08', 'b8ab9427-627b-469f-bfd0-4b1buser0001', '2022-08-08');
INSERT INTO sys_dataoption(id, objectType, name, dataBaseId, parentId, isSystem, remark, bgColor, fColor, isValid, orderNum, creatorId, createdTime, modifyId, modifyTime)
VALUES ('6f9fa150-6e10-410c-aafa-4e3c4d10b1e4', 'CHG', '实施中', '35f65fc2-75bf-44a9-9077-4b3056b20637', '', 'Y', NULL, '', '', 'Y', 346, 'b8ab9427-627b-469f-bfd0-4b1buser0001', '2022-08-08', 'b8ab9427-627b-469f-bfd0-4b1buser0001', '2022-08-08');
INSERT INTO sys_dataoption(id, objectType, name, dataBaseId, parentId, isSystem, remark, bgColor, fColor, isValid, orderNum, creatorId, createdTime, modifyId, modifyTime)
VALUES ('93133101-fbb5-4130-a4b4-9ad78a163c9b', 'CHG', '验证中', '35f65fc2-75bf-44a9-9077-4b3056b20637', '', 'Y', NULL, '', '', 'Y', 347, 'b8ab9427-627b-469f-bfd0-4b1buser0001', '2022-08-08', 'b8ab9427-627b-469f-bfd0-4b1buser0001', '2022-08-08');
INSERT INTO sys_dataoption(id, objectType, name, dataBaseId, parentId, isSystem, remark, bgColor, fColor, isValid, orderNum, creatorId, createdTime, modifyId, modifyTime)
VALUES ('11a58709-9608-4b35-a746-6859bab51149', 'CHG', '关闭', '35f65fc2-75bf-44a9-9077-4b3056b20637', '', 'Y', NULL, '', '', 'Y', 348, 'b8ab9427-627b-469f-bfd0-4b1buser0001', '2022-08-08', 'b8ab9427-627b-469f-bfd0-4b1buser0001', '2022-08-08');
INSERT INTO sys_dataoption(id, objectType, name, dataBaseId, parentId, isSystem, remark, bgColor, fColor, isValid, orderNum, creatorId, createdTime, modifyId, modifyTime)
VALUES ('1b34b1ce-538a-42e5-a5fa-126a0a99d865', 'CHG', '范围变更', 'b99833de-3feb-4eb5-832c-7c50fd387180', '', 'Y', NULL, '', '', 'Y', 333, 'b8ab9427-627b-469f-bfd0-4b1buser0001', '2022-08-08', 'b8ab9427-627b-469f-bfd0-4b1buser0001', '2022-08-08');
INSERT INTO sys_dataoption(id, objectType, name, dataBaseId, parentId, isSystem, remark, bgColor, fColor, isValid, orderNum, creatorId, createdTime, modifyId, modifyTime)
VALUES ('b593077b-d64d-49d1-ad19-22139d90ca6f', 'CHG', '进度变更', 'b99833de-3feb-4eb5-832c-7c50fd387180', '', 'Y', NULL, '', '', 'Y', 334, 'b8ab9427-627b-469f-bfd0-4b1buser0001', '2022-08-08', 'b8ab9427-627b-469f-bfd0-4b1buser0001', '2022-08-08');
INSERT INTO sys_dataoption(id, objectType, name, dataBaseId, parentId, isSystem, remark, bgColor, fColor, isValid, orderNum, creatorId, createdTime, modifyId, modifyTime)
VALUES ('c558d3dc-73f2-4ce4-9fc1-114d805ced04', 'CHG', '成本变更', 'b99833de-3feb-4eb5-832c-7c50fd387180', '', 'Y', NULL, '', '', 'Y', 335, 'b8ab9427-627b-469f-bfd0-4b1buser0001', '2022-08-08', 'b8ab9427-627b-469f-bfd0-4b1buser0001', '2022-08-08');
INSERT INTO sys_dataoption(id, objectType, name, dataBaseId, parentId, isSystem, remark, bgColor, fColor, isValid, orderNum, creatorId, createdTime, modifyId, modifyTime)
VALUES ('532589d7-e5a0-476c-952e-f48fc08b23fb', 'CHG', '质量变更', 'b99833de-3feb-4eb5-832c-7c50fd387180', '', 'Y', NULL, '', '', 'Y', 336, 'b8ab9427-627b-469f-bfd0-4b1buser0001', '2022-08-08', 'b8ab9427-627b-469f-bfd0-4b1buser0001', '2022-08-08');
INSERT INTO sys_dataoption(id, objectType, name, dataBaseId, parentId, isSystem, remark, bgColor, fColor, isValid, orderNum, creatorId, createdTime, modifyId, modifyTime)
VALUES ('79eeefdb-0529-451a-9ee6-74ec2a1fb55a', 'CHG', '资源变更', 'b99833de-3feb-4eb5-832c-7c50fd387180', '', 'Y', NULL, '', '', 'Y', 337, 'b8ab9427-627b-469f-bfd0-4b1buser0001', '2022-08-08', 'b8ab9427-627b-469f-bfd0-4b1buser0001', '2022-08-08');
INSERT INTO sys_dataoption(id, objectType, name, dataBaseId, parentId, isSystem, remark, bgColor, fColor, isValid, orderNum, creatorId, createdTime, modifyId, modifyTime)
VALUES ('06824c4f-3885-47c5-96b6-1622490b33dd', 'CHG', '风险变更', 'b99833de-3feb-4eb5-832c-7c50fd387180', '', 'Y', NULL, '', '', 'Y', 338, 'b8ab9427-627b-469f-bfd0-4b1buser0001', '2022-08-08', 'b8ab9427-627b-469f-bfd0-4b1buser0001', '2022-08-08');
INSERT INTO sys_dataoption(id, objectType, name, dataBaseId, parentId, isSystem, remark, bgColor, fColor, isValid, orderNum, creatorId, createdTime, modifyId, modifyTime)
VALUES ('014e3e2d-4818-4d54-b603-00a939ec71f1', 'CHG', '采购变更', 'b99833de-3feb-4eb5-832c-7c50fd387180', '', 'Y', NULL, '', '', 'Y', 339, 'b8ab9427-627b-469f-bfd0-4b1buser0001', '2022-08-08', 'b8ab9427-627b-469f-bfd0-4b1buser0001', '2022-08-08');
INSERT INTO sys_dataoption(id, objectType, name, dataBaseId, parentId, isSystem, remark, bgColor, fColor, isValid, orderNum, creatorId, createdTime, modifyId, modifyTime)
VALUES ('f63b3f92-d310-4ed6-afbd-50dfdae451af', 'CHG', '沟通变更', 'b99833de-3feb-4eb5-832c-7c50fd387180', '', 'Y', NULL, '', '', 'Y', 340, 'b8ab9427-627b-469f-bfd0-4b1buser0001', '2022-08-08', 'b8ab9427-627b-469f-bfd0-4b1buser0001', '2022-08-08');
INSERT INTO sys_dataoption(id, objectType, name, dataBaseId, parentId, isSystem, remark, bgColor, fColor, isValid, orderNum, creatorId, createdTime, modifyId, modifyTime)
VALUES ('eaf03f9c-30b2-400e-9291-65df8cf4c386', 'CHG', '同意', 'e127b95d-f5fb-4512-b86e-7cb73c216fdc', '', 'Y', NULL, '', '', 'Y', 349, 'b8ab9427-627b-469f-bfd0-4b1buser0001', '2022-08-08', 'b8ab9427-627b-469f-bfd0-4b1buser0001', '2022-08-08');
INSERT INTO sys_dataoption(id, objectType, name, dataBaseId, parentId, isSystem, remark, bgColor, fColor, isValid, orderNum, creatorId, createdTime, modifyId, modifyTime)
VALUES ('3140c9d3-9a02-4770-b35e-1f396c0e636d', 'CHG', '不同意', 'e127b95d-f5fb-4512-b86e-7cb73c216fdc', '', 'Y', NULL, '', '', 'Y', 350, 'b8ab9427-627b-469f-bfd0-4b1buser0001', '2022-08-08', 'b8ab9427-627b-469f-bfd0-4b1buser0001', '2022-08-08');
INSERT INTO sys_dataoption(id, objectType, name, dataBaseId, parentId, isSystem, remark, bgColor, fColor, isValid, orderNum, creatorId, createdTime, modifyId, modifyTime)
VALUES ('2b60dda6-689f-4826-b876-8d33901502ca', 'CHG', '保留意见', 'e127b95d-f5fb-4512-b86e-7cb73c216fdc', '', 'Y', NULL, '', '', 'Y', 351, 'b8ab9427-627b-469f-bfd0-4b1buser0001', '2022-08-08', 'b8ab9427-627b-469f-bfd0-4b1buser0001', '2022-08-08');
INSERT INTO sys_dataoption(id, objectType, name, dataBaseId, parentId, isSystem, remark, bgColor, fColor, isValid, orderNum, creatorId, createdTime, modifyId, modifyTime)
VALUES ('f25c2a8d-6665-4319-bbc8-f6bcada213f7', 'CHG', '是', 'ee691a44-6c6f-4990-a3cc-72408a535918', '', 'Y', NULL, '', '', 'Y', 352, 'b8ab9427-627b-469f-bfd0-4b1buser0001', '2022-08-08', 'b8ab9427-627b-469f-bfd0-4b1buser0001', '2022-08-08');
INSERT INTO sys_dataoption(id, objectType, name, dataBaseId, parentId, isSystem, remark, bgColor, fColor, isValid, orderNum, creatorId, createdTime, modifyId, modifyTime)
VALUES ('645cc13b-757b-4b12-92a1-b61404ada273', 'CHG', '否', 'ee691a44-6c6f-4990-a3cc-72408a535918', '', 'Y', NULL, '', '', 'Y', 353, 'b8ab9427-627b-469f-bfd0-4b1buser0001', '2022-08-08', 'b8ab9427-627b-469f-bfd0-4b1buser0001', '2022-08-08');

INSERT INTO sys_reportchart(id, name, simpleName, status, isCandidate, objectType, chartType, dataFieldId, categoryFieldId, scope, remark, orderNum, isValid, creatorId, createdTime, modifyId, modifyTime, parentId, pjtStatus, isUsePjt, pjtOrderNum, height, width)
VALUES ('b98b83f4-f27e-408b-80dd-c69849b23b73', '变更', '变更', 'RN', 'Y', 'CHG', 'catalog', NULL, NULL, 'P', NULL, NULL, 'Y', 'b8ab9427-627b-469f-bfd0-4b1buser0001', '2022-08-08', 'b8ab9427-627b-469f-bfd0-4b1buser0001', '2022-08-08', NULL, 'RN', 'Y', 37, '1', '1');
INSERT INTO sys_reportchart(id, name, simpleName, status, isCandidate, objectType, chartType, dataFieldId, categoryFieldId, scope, remark, orderNum, isValid, creatorId, createdTime, modifyId, modifyTime, parentId, pjtStatus, isUsePjt, pjtOrderNum, height, width)
VALUES ('873fd019-b91b-400a-b4e6-56b1a393361f', '变更类型分布图', '变更类型分布', 'RN', 'Y', 'CHG', 'pie-basic', '551d7388-2aa9-48e0-b9e5-213c8d11e805', '', 'L,P,S', '', 2, 'Y', 'b8ab9427-627b-469f-bfd0-4b1buser0001', '2022-08-08', 'b8ab9427-627b-469f-bfd0-4b1buser0001', '2022-08-08', 'b98b83f4-f27e-408b-80dd-c69849b23b73', 'RN', 'N', 1, '1', '1');
INSERT INTO sys_reportchart(id, name, simpleName, status, isCandidate, objectType, chartType, dataFieldId, categoryFieldId, scope, remark, orderNum, isValid, creatorId, createdTime, modifyId, modifyTime, parentId, pjtStatus, isUsePjt, pjtOrderNum, height, width)
VALUES ('41e248e6-6732-4e6d-8d11-cb5b365489b7', '变更优先级分布图', '变更优先级分布', 'RN', 'Y', 'CHG', 'pie-basic', '936e96d7-fbd0-43cf-9f8d-f37b3029a498', '', 'L,P,S', '', 3, 'Y', 'b8ab9427-627b-469f-bfd0-4b1buser0001', '2022-08-08', 'b8ab9427-627b-469f-bfd0-4b1buser0001', '2022-08-08', 'b98b83f4-f27e-408b-80dd-c69849b23b73', 'RN', 'N', 1, '1', '1');
INSERT INTO sys_reportchart(id, name, simpleName, status, isCandidate, objectType, chartType, dataFieldId, categoryFieldId, scope, remark, orderNum, isValid, creatorId, createdTime, modifyId, modifyTime, parentId, pjtStatus, isUsePjt, pjtOrderNum, height, width)
VALUES ('a38d1f5b-e554-4aa9-8205-89fd25dc2743', '变更归属项目分布图', '变更归属项目分布', 'RN', 'Y', 'CHG', 'pie-basic', '895d680a-b028-46bf-b175-8f72c5380ea9', '', 'L,P,S', '', 4, 'Y', 'b8ab9427-627b-469f-bfd0-4b1buser0001', '2022-08-08', 'b8ab9427-627b-469f-bfd0-4b1buser0001', '2022-08-08', 'b98b83f4-f27e-408b-80dd-c69849b23b73', 'RN', 'N', 4, '1', '1');
INSERT INTO sys_reportchart(id, name, simpleName, status, isCandidate, objectType, chartType, dataFieldId, categoryFieldId, scope, remark, orderNum, isValid, creatorId, createdTime, modifyId, modifyTime, parentId, pjtStatus, isUsePjt, pjtOrderNum, height, width)
VALUES ('97103126-2444-4fd7-a285-d5c3412de1fc', '变更创建人分布图', '变更创建人分布', 'RN', 'Y', 'CHG', 'pie-basic', '34444b82-871a-47ca-801a-9cf338b196a1', '', 'L,P,S', '', 5, 'Y', 'b8ab9427-627b-469f-bfd0-4b1buser0001', '2022-08-08', 'b8ab9427-627b-469f-bfd0-4b1buser0001', '2022-08-08', 'b98b83f4-f27e-408b-80dd-c69849b23b73', 'RN', 'N', 5, '1', '1');

INSERT INTO wf_instance(id, name, objectType, remark, modelId, status, orderNum, isSystem, isValid, isDefault, graphView, tranExeCls, creatorId, createdTime, modifyId, modifyTime, step, title, deploymentId, tempStatus)
VALUES ('ACTb9b8e-e80e-4b41-afdb-8e353d9fac26', '变更管理模型_1.0', 'CHG', '', '7', 'IN', 6, 'Y', 'Y', 'Y', CONVERT(varbinary(max), '<svg xmlns="http://www.w3.org/2000/svg" xmlns:oryx="http://oryx-editor.org" id="sid-03566B0E-A673-4D3B-BF6F-E970DCF9C741" width="922" height="369" xmlns:xlink="http://www.w3.org/1999/xlink" xmlns:svg="http://www.w3.org/2000/svg"><defs><marker id="sid-3E5CDA9A-DCD9-439B-B1E9-25D144A62108start" refX="1" refY="5" markerUnits="userSpaceOnUse" markerWidth="17" markerHeight="11" orient="auto">	  		undefined			<path id="sid-3E5CDA9A-DCD9-439B-B1E9-25D144A62108default" d="M 5 0 L 11 10" fill="white" stroke="#b7b5b5" stroke-width="1" display="none"/>	  	</marker><marker id="sid-3E5CDA9A-DCD9-439B-B1E9-25D144A62108end" refX="9" refY="5" markerUnits="userSpaceOnUse" markerWidth="11" markerHeight="10" orient="auto">	  		<path id="sid-3E5CDA9A-DCD9-439B-B1E9-25D144A62108arrowhead" d="M 0 1 L 10 5 L 1 9z" fill="#cfcccc" stroke="#cfcccc" stroke-linejoin="round" stroke-width="1"/>	  	</marker><marker id="sid-08696B31-C41B-463C-BB83-84C496A2948Estart" refX="1" refY="5" markerUnits="userSpaceOnUse" markerWidth="17" markerHeight="11" orient="auto">	  		undefined			<path id="sid-08696B31-C41B-463C-BB83-84C496A2948Edefault" d="M 5 0 L 11 10" fill="white" stroke="#b7b5b5" stroke-width="1" display="none"/>	  	</marker><marker id="sid-08696B31-C41B-463C-BB83-84C496A2948Eend" refX="9" refY="5" markerUnits="userSpaceOnUse" markerWidth="11" markerHeight="10" orient="auto">	  		<path id="sid-08696B31-C41B-463C-BB83-84C496A2948Earrowhead" d="M 0 1 L 10 5 L 1 9z" fill="#cfcccc" stroke="#cfcccc" stroke-linejoin="round" stroke-width="1"/>	  	</marker><marker id="sid-5E4ADC9D-6E94-4A3C-BA7B-C7CB0D908690start" refX="1" refY="5" markerUnits="userSpaceOnUse" markerWidth="17" markerHeight="11" orient="auto">	  		undefined			<path id="sid-5E4ADC9D-6E94-4A3C-BA7B-C7CB0D908690default" d="M 5 0 L 11 10" fill="white" stroke="#b7b5b5" stroke-width="1" display="none"/>	  	</marker><marker id="sid-5E4ADC9D-6E94-4A3C-BA7B-C7CB0D908690end" refX="9" refY="5" markerUnits="userSpaceOnUse" markerWidth="11" markerHeight="10" orient="auto">	  		<path id="sid-5E4ADC9D-6E94-4A3C-BA7B-C7CB0D908690arrowhead" d="M 0 1 L 10 5 L 1 9z" fill="#cfcccc" stroke="#cfcccc" stroke-linejoin="round" stroke-width="1"/>	  	</marker><marker id="sid-86600260-FF67-4730-88C0-DDEE88FE4E9Estart" refX="1" refY="5" markerUnits="userSpaceOnUse" markerWidth="17" markerHeight="11" orient="auto">	  		undefined			<path id="sid-86600260-FF67-4730-88C0-DDEE88FE4E9Edefault" d="M 5 0 L 11 10" fill="white" stroke="#b7b5b5" stroke-width="1" display="none"/>	  	</marker><marker id="sid-86600260-FF67-4730-88C0-DDEE88FE4E9Eend" refX="9" refY="5" markerUnits="userSpaceOnUse" markerWidth="11" markerHeight="10" orient="auto">	  		<path id="sid-86600260-FF67-4730-88C0-DDEE88FE4E9Earrowhead" d="M 0 1 L 10 5 L 1 9z" fill="#cfcccc" stroke="#cfcccc" stroke-linejoin="round" stroke-width="1"/>	  	</marker><marker id="sid-3DE84F7E-0EE3-42F1-939E-772FD2B3E890start" refX="1" refY="5" markerUnits="userSpaceOnUse" markerWidth="17" markerHeight="11" orient="auto">	  		undefined			<path id="sid-3DE84F7E-0EE3-42F1-939E-772FD2B3E890default" d="M 5 0 L 11 10" fill="white" stroke="#b7b5b5" stroke-width="1" display="none"/>	  	</marker><marker id="sid-3DE84F7E-0EE3-42F1-939E-772FD2B3E890end" refX="9" refY="5" markerUnits="userSpaceOnUse" markerWidth="11" markerHeight="10" orient="auto">	  		<path id="sid-3DE84F7E-0EE3-42F1-939E-772FD2B3E890arrowhead" d="M 0 1 L 10 5 L 1 9z" fill="#cfcccc" stroke="#cfcccc" stroke-linejoin="round" stroke-width="1"/>	  	</marker><marker id="sid-6B1FD41C-D2B2-4375-9E22-E5285AE47263start" refX="1" refY="5" markerUnits="userSpaceOnUse" markerWidth="17" markerHeight="11" orient="auto">	  		undefined			<path id="sid-6B1FD41C-D2B2-4375-9E22-E5285AE47263default" d="M 5 0 L 11 10" fill="white" stroke="#b7b5b5" stroke-width="1" display="none"/>	  	</marker><marker id="sid-6B1FD41C-D2B2-4375-9E22-E5285AE47263end" refX="9" refY="5" markerUnits="userSpaceOnUse" markerWidth="11" markerHeight="10" orient="auto">	  		<path id="sid-6B1FD41C-D2B2-4375-9E22-E5285AE47263arrowhead" d="M 0 1 L 10 5 L 1 9z" fill="#cfcccc" stroke="#cfcccc" stroke-linejoin="round" stroke-width="1"/>	  	</marker><marker id="sid-5B978079-BDCA-4A8B-9134-D6EC57CE95F9start" refX="1" refY="5" markerUnits="userSpaceOnUse" markerWidth="17" markerHeight="11" orient="auto">	  		undefined			<path id="sid-5B978079-BDCA-4A8B-9134-D6EC57CE95F9default" d="M 5 0 L 11 10" fill="white" stroke="#b7b5b5" stroke-width="1" display="none"/>	  	</marker><marker id="sid-5B978079-BDCA-4A8B-9134-D6EC57CE95F9end" refX="9" refY="5" markerUnits="userSpaceOnUse" markerWidth="11" markerHeight="10" orient="auto">	  		<path id="sid-5B978079-BDCA-4A8B-9134-D6EC57CE95F9arrowhead" d="M 0 1 L 10 5 L 1 9z" fill="#cfcccc" stroke="#cfcccc" stroke-linejoin="round" stroke-width="1"/>	  	</marker><marker id="sid-AB09154A-94BB-4EDA-ABE4-2777D123ACBCstart" refX="1" refY="5" markerUnits="userSpaceOnUse" markerWidth="17" markerHeight="11" orient="auto">	  		undefined			<path id="sid-AB09154A-94BB-4EDA-ABE4-2777D123ACBCdefault" d="M 5 0 L 11 10" fill="white" stroke="#b7b5b5" stroke-width="1" display="none"/>	  	</marker><marker id="sid-AB09154A-94BB-4EDA-ABE4-2777D123ACBCend" refX="9" refY="5" markerUnits="userSpaceOnUse" markerWidth="11" markerHeight="10" orient="auto">	  		<path id="sid-AB09154A-94BB-4EDA-ABE4-2777D123ACBCarrowhead" d="M 0 1 L 10 5 L 1 9z" fill="#cfcccc" stroke="#cfcccc" stroke-linejoin="round" stroke-width="1"/>	  	</marker><marker id="sid-A6487E93-FFBD-426D-8377-6CE30509841Astart" refX="1" refY="5" markerUnits="userSpaceOnUse" markerWidth="17" markerHeight="11" orient="auto">	  		undefined			<path id="sid-A6487E93-FFBD-426D-8377-6CE30509841Adefault" d="M 5 0 L 11 10" fill="white" stroke="#b7b5b5" stroke-width="1" display="none"/>	  	</marker><marker id="sid-A6487E93-FFBD-426D-8377-6CE30509841Aend" refX="9" refY="5" markerUnits="userSpaceOnUse" markerWidth="11" markerHeight="10" orient="auto">	  		<path id="sid-A6487E93-FFBD-426D-8377-6CE30509841Aarrowhead" d="M 0 1 L 10 5 L 1 9z" fill="#cfcccc" stroke="#cfcccc" stroke-linejoin="round" stroke-width="1"/>	  	</marker></defs><svg id="underlay-container"/><g stroke="none" font-family="Verdana, sans-serif" font-size-adjust="none" font-style="normal" font-variant="normal" font-weight="normal" line-heigth="normal" font-size="12"><g class="stencils"><g class="me"/><g class="children"><g id="svg-sid-C5234DDC-121A-4D07-8335-754FBA8641B5"><g class="stencils" transform="translate(220.5, 155)"><g class="me"><g pointer-events="fill" id="sid-D4E5412D-84A0-40C4-8AB2-8E0ACF4DBBE5" title="开始">    <circle id="sid-D4E5412D-84A0-40C4-8AB2-8E0ACF4DBBE5bg_frame" cx="16" cy="16" r="16" stroke="none" fill="url(#sid-D4E5412D-84A0-40C4-8AB2-8E0ACF4DBBE5image1)" stroke-width="0"/><defs id="sid-D4E5412D-84A0-40C4-8AB2-8E0ACF4DBBE5_sid-D4E5412D-84A0-40C4-8AB2-8E0ACF4DBBE5_5"><pattern width="32" height="32" patternUnits="userSpaceOnUse" y="0" x="0" id="sid-D4E5412D-84A0-40C4-8AB2-8E0ACF4DBBE5image1"><image href="editor-app/images/start.png" height="32" width="32" y="0" x="0" id="sid-D4E5412D-84A0-40C4-8AB2-8E0ACF4DBBE5_sid-D4E5412D-84A0-40C4-8AB2-8E0ACF4DBBE5_6"/></pattern></defs> 	<text font-size="11" id="sid-D4E5412D-84A0-40C4-8AB2-8E0ACF4DBBE5text_name" x="16" y="38" oryx:align="top center" stroke="#373e48" stroke-width="0pt" letter-spacing="-0.01px" transform="rotate(0 16 38)" oryx:fontSize="11" text-anchor="middle"><tspan dy="11" x="16" y="38">开始</tspan></text>  </g></g><g class="children" style="overflow:hidden"/><g class="edge"/></g><g class="controls"><g class="dockers"/><g class="magnets" transform="translate(220.5, 155)"><g pointer-events="all" display="none" transform="translate(8, 8)"><circle cx="8" cy="8" r="4" stroke="none" fill="red" fill-opacity="0.3"/></g></g></g></g><g id="svg-sid-D06BB6C3-B63A-452D-ACAD-686958978B06"><g class="stencils" transform="translate(375, 155)"><g class="me"><g pointer-events="fill" id="sid-3FD759EE-7E5B-4E4D-B4AA-299A0816772C" title="步骤">    <circle id="sid-3FD759EE-7E5B-4E4D-B4AA-299A0816772Cbg_frame" cx="16" cy="16" r="16" stroke="none" fill="url(#sid-3FD759EE-7E5B-4E4D-B4AA-299A0816772Cimage2)" stroke-width="0"/><defs id="sid-3FD759EE-7E5B-4E4D-B4AA-299A0816772C_sid-3FD759EE-7E5B-4E4D-B4AA-299A0816772C_5"><pattern width="32" height="32" patternUnits="userSpaceOnUse" y="0" x="0" id="sid-3FD759EE-7E5B-4E4D-B4AA-299A0816772Cimage2"><image href="editor-app/images/status.png" height="32" width="32" y="0" x="0" id="sid-3FD759EE-7E5B-4E4D-B4AA-299A0816772C_sid-3FD759EE-7E5B-4E4D-B4AA-299A0816772C_6"/></pattern></defs>	<text font-size="11" id="sid-3FD759EE-7E5B-4E4D-B4AA-299A0816772Ctext_name" x="16" y="38" oryx:align="top center" stroke="#373e48" stroke-width="0pt" letter-spacing="-0.01px" transform="rotate(0 16 38)" oryx:fontSize="11" text-anchor="middle"><tspan dy="11" x="16" y="38">影响分析</tspan></text>  </g></g><g class="children" style="overflow:hidden"/><g class="edge"/></g><g class="controls"><g class="dockers"/><g class="magnets" transform="translate(375, 155)"><g pointer-events="all" display="none" transform="translate(8, 8)"><circle cx="8" cy="8" r="4" stroke="none" fill="red" fill-opacity="0.3"/></g></g></g></g><g id="svg-sid-7FDB72F8-BC31-4331-9455-2B9F340A2159"><g class="stencils" transform="translate(525, 155)"><g class="me"><g pointer-events="fill" id="sid-C2A7CD30-0BC6-4C5A-BAB0-D3984D9D5EC9" title="决策">    <circle id="sid-C2A7CD30-0BC6-4C5A-BAB0-D3984D9D5EC9bg_frame" cx="16" cy="16" r="16" stroke="none" fill="url(#sid-C2A7CD30-0BC6-4C5A-BAB0-D3984D9D5EC9image1)" stroke-width="0"/><defs id="sid-C2A7CD30-0BC6-4C5A-BAB0-D3984D9D5EC9_sid-C2A7CD30-0BC6-4C5A-BAB0-D3984D9D5EC9_5"><pattern width="32" height="32" patternUnits="userSpaceOnUse" y="0" x="0" id="sid-C2A7CD30-0BC6-4C5A-BAB0-D3984D9D5EC9image1"><image href="editor-app/images/decision.png" height="32" width="32" y="0" x="0" id="sid-C2A7CD30-0BC6-4C5A-BAB0-D3984D9D5EC9_sid-C2A7CD30-0BC6-4C5A-BAB0-D3984D9D5EC9_6"/></pattern></defs> 	<text font-size="11" id="sid-C2A7CD30-0BC6-4C5A-BAB0-D3984D9D5EC9text_name" x="16" y="38" oryx:align="top center" stroke="#373e48" stroke-width="0pt" letter-spacing="-0.01px" transform="rotate(0 16 38)" oryx:fontSize="11" text-anchor="middle"><tspan dy="11" x="16" y="38">决策</tspan></text>  </g></g><g class="children" style="overflow:hidden"/><g class="edge"/></g><g class="controls"><g class="dockers"/><g class="magnets" transform="translate(525, 155)"><g pointer-events="all" display="none" transform="translate(8, 8)"><circle cx="8" cy="8" r="4" stroke="none" fill="red" fill-opacity="0.3"/></g></g></g></g><g id="svg-sid-4CC6DFF6-C362-41E3-B11B-51E80731EB97"><g class="stencils" transform="translate(677, 155)"><g class="me"><g pointer-events="fill" id="sid-6D83C539-3F06-4BD9-85C6-3EE388C89B8E" title="步骤">    <circle id="sid-6D83C539-3F06-4BD9-85C6-3EE388C89B8Ebg_frame" cx="16" cy="16" r="16" stroke="none" fill="url(#sid-6D83C539-3F06-4BD9-85C6-3EE388C89B8Eimage2)" stroke-width="0"/><defs id="sid-6D83C539-3F06-4BD9-85C6-3EE388C89B8E_sid-6D83C539-3F06-4BD9-85C6-3EE388C89B8E_5"><pattern width="32" height="32" patternUnits="userSpaceOnUse" y="0" x="0" id="sid-6D83C539-3F06-4BD9-85C6-3EE388C89B8Eimage2"><image href="editor-app/images/status.png" height="32" width="32" y="0" x="0" id="sid-6D83C539-3F06-4BD9-85C6-3EE388C89B8E_sid-6D83C539-3F06-4BD9-85C6-3EE388C89B8E_6"/></pattern></defs>	<text font-size="11" id="sid-6D83C539-3F06-4BD9-85C6-3EE388C89B8Etext_name" x="16" y="38" oryx:align="top center" stroke="#373e48" stroke-width="0pt" letter-spacing="-0.01px" transform="rotate(0 16 38)" oryx:fontSize="11" text-anchor="middle"><tspan dy="11" x="16" y="38">项目经理审批</tspan></text>  </g></g><g class="children" style="overflow:hidden"/><g class="edge"/></g><g class="controls"><g class="dockers"/><g class="magnets" transform="translate(677, 155)"><g pointer-events="all" display="none" transform="translate(8, 8)"><circle cx="8" cy="8" r="4" stroke="none" fill="red" fill-opacity="0.3"/></g></g></g></g><g id="svg-sid-78AC2357-DFE5-4FB9-9A25-B6D195FC996C"><g class="stencils" transform="translate(525, 287)"><g class="me"><g pointer-events="fill" id="sid-7DD6A56C-1641-4F8C-AB92-F326F0B0F5C7" title="步骤">    <circle id="sid-7DD6A56C-1641-4F8C-AB92-F326F0B0F5C7bg_frame" cx="16" cy="16" r="16" stroke="none" fill="url(#sid-7DD6A56C-1641-4F8C-AB92-F326F0B0F5C7image2)" stroke-width="0"/><defs id="sid-7DD6A56C-1641-4F8C-AB92-F326F0B0F5C7_sid-7DD6A56C-1641-4F8C-AB92-F326F0B0F5C7_5"><pattern width="32" height="32" patternUnits="userSpaceOnUse" y="0" x="0" id="sid-7DD6A56C-1641-4F8C-AB92-F326F0B0F5C7image2"><image href="editor-app/images/status.png" height="32" width="32" y="0" x="0" id="sid-7DD6A56C-1641-4F8C-AB92-F326F0B0F5C7_sid-7DD6A56C-1641-4F8C-AB92-F326F0B0F5C7_6"/></pattern></defs>	<text font-size="11" id="sid-7DD6A56C-1641-4F8C-AB92-F326F0B0F5C7text_name" x="16" y="38" oryx:align="top center" stroke="#373e48" stroke-width="0pt" letter-spacing="-0.01px" transform="rotate(0 16 38)" oryx:fontSize="11" text-anchor="middle"><tspan dy="11" x="16" y="38">CBB审批</tspan></text>  </g></g><g class="children" style="overflow:hidden"/><g class="edge"/></g><g class="controls"><g class="dockers"/><g class="magnets" transform="translate(525, 287)"><g pointer-events="all" display="none" transform="translate(8, 8)"><circle cx="8" cy="8" r="4" stroke="none" fill="red" fill-opacity="0.3"/></g></g></g></g><g id="svg-sid-41DFF54C-DEC1-4153-BA24-2DE01DE02855"><g class="stencils" transform="translate(677, 287)"><g class="me"><g pointer-events="fill" id="sid-8D2A2222-E509-4D97-8E9C-1F60E62F6E69" title="步骤">    <circle id="sid-8D2A2222-E509-4D97-8E9C-1F60E62F6E69bg_frame" cx="16" cy="16" r="16" stroke="none" fill="url(#sid-8D2A2222-E509-4D97-8E9C-1F60E62F6E69image2)" stroke-width="0"/><defs id="sid-8D2A2222-E509-4D97-8E9C-1F60E62F6E69_sid-8D2A2222-E509-4D97-8E9C-1F60E62F6E69_5"><pattern width="32" height="32" patternUnits="userSpaceOnUse" y="0" x="0" id="sid-8D2A2222-E509-4D97-8E9C-1F60E62F6E69image2"><image href="editor-app/images/status.png" height="32" width="32" y="0" x="0" id="sid-8D2A2222-E509-4D97-8E9C-1F60E62F6E69_sid-8D2A2222-E509-4D97-8E9C-1F60E62F6E69_6"/></pattern></defs>	<text font-size="11" id="sid-8D2A2222-E509-4D97-8E9C-1F60E62F6E69text_name" x="16" y="38" oryx:align="top center" stroke="#373e48" stroke-width="0pt" letter-spacing="-0.01px" transform="rotate(0 16 38)" oryx:fontSize="11" text-anchor="middle"><tspan dy="11" x="16" y="38">变更中</tspan></text>  </g></g><g class="children" style="overflow:hidden"/><g class="edge"/></g><g class="controls"><g class="dockers"/><g class="magnets" transform="translate(677, 287)"><g pointer-events="all" display="none" transform="translate(8, 8)"><circle cx="8" cy="8" r="4" stroke="none" fill="red" fill-opacity="0.3"/></g></g></g></g><g id="svg-sid-7FD830B1-2559-4829-B8AF-69FA9A15B135"><g class="stencils" transform="translate(840, 287)"><g class="me"><g pointer-events="fill" id="sid-E975AA7D-2AB8-4639-B483-C594AAF79398" title="结束">    <circle id="sid-E975AA7D-2AB8-4639-B483-C594AAF79398bg_frame" cx="16" cy="16" r="16" stroke="none" fill="url(#sid-E975AA7D-2AB8-4639-B483-C594AAF79398image1)" stroke-width="0"/><defs id="sid-E975AA7D-2AB8-4639-B483-C594AAF79398_sid-E975AA7D-2AB8-4639-B483-C594AAF79398_5"><pattern width="32" height="32" patternUnits="userSpaceOnUse" y="0" x="0" id="sid-E975AA7D-2AB8-4639-B483-C594AAF79398image1"><image href="editor-app/images/end.png" height="32" width="32" y="0" x="0" id="sid-E975AA7D-2AB8-4639-B483-C594AAF79398_sid-E975AA7D-2AB8-4639-B483-C594AAF79398_6"/></pattern></defs> 	<text font-size="11" id="sid-E975AA7D-2AB8-4639-B483-C594AAF79398text_name" x="16" y="38" oryx:align="top center" stroke="#373e48" stroke-width="0pt" letter-spacing="-0.01px" transform="rotate(0 16 38)" oryx:fontSize="11" text-anchor="middle"><tspan dy="11" x="16" y="38">结束</tspan></text>  </g></g><g class="children" style="overflow:hidden"/><g class="edge"/></g><g class="controls"><g class="dockers"/><g class="magnets" transform="translate(840, 287)"><g pointer-events="all" display="none" transform="translate(8, 8)"><circle cx="8" cy="8" r="4" stroke="none" fill="red" fill-opacity="0.3"/></g></g></g></g></g><g class="edge"><g id="svg-sid-CA6EC7D0-FF45-4F2D-9D6E-696115B55A85"><g class="stencils"><g class="me"><g pointer-events="painted"><path id="sid-3E5CDA9A-DCD9-439B-B1E9-25D144A62108_1" d="M253.19140625 171L374.30859375 171 " stroke="#b7b5b5" fill="none" stroke-width="1" stroke-linecap="round" stroke-linejoin="round" marker-start="url(#sid-3E5CDA9A-DCD9-439B-B1E9-25D144A62108start)" marker-end="url(#sid-3E5CDA9A-DCD9-439B-B1E9-25D144A62108end)"/></g><text id="sid-3E5CDA9A-DCD9-439B-B1E9-25D144A62108text_name" x="313" y="174" oryx:edgePosition="midbottom" stroke-width="0pt" letter-spacing="-0.01px" transform="rotate(0 313 174)" oryx:fontSize="12" text-anchor="middle"><tspan dy="0" x="313" y="174">提交</tspan></text></g><g class="children" style="overflow:hidden"/><g class="edge"/></g><g class="controls"><g class="dockers"/><g class="magnets"/></g></g><g id="svg-sid-FC417187-A491-4F46-8D4B-9F625C27D50A"><g class="stencils"><g class="me"><g pointer-events="painted"><path id="sid-08696B31-C41B-463C-BB83-84C496A2948E_1" d="M541 187.46875L541 286.53125 " stroke="#b7b5b5" fill="none" stroke-width="1" stroke-linecap="round" stroke-linejoin="round" marker-start="url(#sid-08696B31-C41B-463C-BB83-84C496A2948Estart)" marker-end="url(#sid-08696B31-C41B-463C-BB83-84C496A2948Eend)"/></g><text id="sid-08696B31-C41B-463C-BB83-84C496A2948Etext_name" x="541" y="240" oryx:edgePosition="midbottom" stroke-width="0pt" letter-spacing="-0.01px" transform="rotate(0 541 240)" oryx:fontSize="12" text-anchor="middle"><tspan dy="0" x="541" y="240">影响基准</tspan></text></g><g class="children" style="overflow:hidden"/><g class="edge"/></g><g class="controls"><g class="dockers"/><g class="magnets"/></g></g><g id="svg-sid-6D749C10-7BDC-4918-B17E-68B05A1D2A64"><g class="stencils"><g class="me"><g pointer-events="painted"><path id="sid-5E4ADC9D-6E94-4A3C-BA7B-C7CB0D908690_1" d="M693 187.46875L693 286.53125 " stroke="#b7b5b5" fill="none" stroke-width="1" stroke-linecap="round" stroke-linejoin="round" marker-start="url(#sid-5E4ADC9D-6E94-4A3C-BA7B-C7CB0D908690start)" marker-end="url(#sid-5E4ADC9D-6E94-4A3C-BA7B-C7CB0D908690end)"/></g><text id="sid-5E4ADC9D-6E94-4A3C-BA7B-C7CB0D908690text_name" x="693" y="240" oryx:edgePosition="midbottom" stroke-width="0pt" letter-spacing="-0.01px" transform="rotate(0 693 240)" oryx:fontSize="12" text-anchor="middle"><tspan dy="0" x="693" y="240">审批通过</tspan></text></g><g class="children" style="overflow:hidden"/><g class="edge"/></g><g class="controls"><g class="dockers"/><g class="magnets"/></g></g><g id="svg-sid-2E035E2F-284E-48E3-8CF2-43212409FCB8"><g class="stencils"><g class="me"><g pointer-events="painted"><path id="sid-86600260-FF67-4730-88C0-DDEE88FE4E9E_1" d="M557.4375 303L676.5625 303 " stroke="#b7b5b5" fill="none" stroke-width="1" stroke-linecap="round" stroke-linejoin="round" marker-start="url(#sid-86600260-FF67-4730-88C0-DDEE88FE4E9Estart)" marker-end="url(#sid-86600260-FF67-4730-88C0-DDEE88FE4E9Eend)"/></g><text id="sid-86600260-FF67-4730-88C0-DDEE88FE4E9Etext_name" x="617" y="306" oryx:edgePosition="midbottom" stroke-width="0pt" letter-spacing="-0.01px" transform="rotate(0 617 306)" oryx:fontSize="12" text-anchor="middle"><tspan dy="0" x="617" y="306">审批通过</tspan></text></g><g class="children" style="overflow:hidden"/><g class="edge"/></g><g class="controls"><g class="dockers"/><g class="magnets"/></g></g><g id="svg-sid-E10B5047-2733-48FC-88ED-37474A504C27"><g class="stencils"><g class="me"><g pointer-events="painted"><path id="sid-3DE84F7E-0EE3-42F1-939E-772FD2B3E890_1" d="M709.28125 303L839.71875 303 " stroke="#b7b5b5" fill="none" stroke-width="1" stroke-linecap="round" stroke-linejoin="round" marker-start="url(#sid-3DE84F7E-0EE3-42F1-939E-772FD2B3E890start)" marker-end="url(#sid-3DE84F7E-0EE3-42F1-939E-772FD2B3E890end)"/></g><text id="sid-3DE84F7E-0EE3-42F1-939E-772FD2B3E890text_name" x="774" y="306" oryx:edgePosition="midbottom" stroke-width="0pt" letter-spacing="-0.01px" transform="rotate(0 774 306)" oryx:fontSize="12" text-anchor="middle"><tspan dy="0" x="774" y="306">执行变更</tspan></text></g><g class="children" style="overflow:hidden"/><g class="edge"/></g><g class="controls"><g class="dockers"/><g class="magnets"/></g></g><g id="svg-sid-E7E29A2A-80C5-4A6E-99A7-BA54310F52A9"><g class="stencils"><g class="me"><g pointer-events="painted"><path id="sid-6B1FD41C-D2B2-4375-9E22-E5285AE47263_1" d="M524.4289739830773 288.417497105108L407.57102601692276 185.58250289489203 " stroke="#b7b5b5" fill="none" stroke-width="1" stroke-linecap="round" stroke-linejoin="round" marker-start="url(#sid-6B1FD41C-D2B2-4375-9E22-E5285AE47263start)" marker-end="url(#sid-6B1FD41C-D2B2-4375-9E22-E5285AE47263end)"/></g><text id="sid-6B1FD41C-D2B2-4375-9E22-E5285AE47263text_name" x="466" y="240" oryx:edgePosition="midbottom" stroke-width="0pt" letter-spacing="-0.01px" transform="rotate(0 466 240)" oryx:fontSize="12" text-anchor="middle"><tspan dy="0" x="466" y="240">审批不通过</tspan></text></g><g class="children" style="overflow:hidden"/><g class="edge"/></g><g class="controls"><g class="dockers"/><g class="magnets"/></g></g><g id="svg-sid-827E4A3A-7A36-4EA7-9FAA-D829AA4115A8"><g class="stencils"><g class="me"><g pointer-events="painted"><path id="sid-5B978079-BDCA-4A8B-9134-D6EC57CE95F9_1" d="M693 154.84375L693 74 L391 74 L391 154.84375 " stroke="#b7b5b5" fill="none" stroke-width="1" stroke-linecap="round" stroke-linejoin="round" marker-start="url(#sid-5B978079-BDCA-4A8B-9134-D6EC57CE95F9start)" marker-end="url(#sid-5B978079-BDCA-4A8B-9134-D6EC57CE95F9end)"/></g><text id="sid-5B978079-BDCA-4A8B-9134-D6EC57CE95F9text_name" x="542" y="77" oryx:edgePosition="midbottom" stroke-width="0pt" letter-spacing="-0.01px" transform="rotate(0 542 77)" oryx:fontSize="12" text-anchor="middle"><tspan dy="0" x="542" y="77">审批不通过</tspan></text></g><g class="children" style="overflow:hidden"/><g class="edge"/></g><g class="controls"><g class="dockers"/><g class="magnets"/></g></g><g id="svg-sid-BAAB0864-473C-4762-AA2E-B41B645D2F56"><g class="stencils"><g class="me"><g pointer-events="painted"><path id="sid-AB09154A-94BB-4EDA-ABE4-2777D123ACBC_1" d="M557.4375 171L676.5625 171 " stroke="#b7b5b5" fill="none" stroke-width="1" stroke-linecap="round" stroke-linejoin="round" marker-start="url(#sid-AB09154A-94BB-4EDA-ABE4-2777D123ACBCstart)" marker-end="url(#sid-AB09154A-94BB-4EDA-ABE4-2777D123ACBCend)"/></g><text id="sid-AB09154A-94BB-4EDA-ABE4-2777D123ACBCtext_name" x="617" y="174" oryx:edgePosition="midbottom" stroke-width="0pt" letter-spacing="-0.01px" transform="rotate(0 617 174)" oryx:fontSize="12" text-anchor="middle"><tspan dy="0" x="617" y="174">不影响基准</tspan></text></g><g class="children" style="overflow:hidden"/><g class="edge"/></g><g class="controls"><g class="dockers"/><g class="magnets"/></g></g><g id="svg-sid-73DA6710-8601-4DAF-9E10-3B607EBE276C"><g class="stencils"><g class="me"><g pointer-events="painted"><path id="sid-A6487E93-FFBD-426D-8377-6CE30509841A_1" d="M407.234375 171L524.765625 171 " stroke="#b7b5b5" fill="none" stroke-width="1" stroke-linecap="round" stroke-linejoin="round" marker-start="url(#sid-A6487E93-FFBD-426D-8377-6CE30509841Astart)" marker-end="url(#sid-A6487E93-FFBD-426D-8377-6CE30509841Aend)"/></g><text id="sid-A6487E93-FFBD-426D-8377-6CE30509841Atext_name" x="466" y="174" oryx:edgePosition="midbottom" stroke-width="0pt" letter-spacing="-0.01px" transform="rotate(0 466 174)" oryx:fontSize="12" text-anchor="middle"><tspan dy="0" x="466" y="174">分析影响</tspan></text></g><g class="children" style="overflow:hidden"/><g class="edge"/></g><g class="controls"><g class="dockers"/><g class="magnets"/></g></g></g></g><g class="svgcontainer"><g display="none" transform="translate(825, 151)"><rect x="0" y="0" stroke-width="1" stroke="#777777" fill="none" stroke-dasharray="2,2" pointer-events="none" width="40" height="40"/></g><g display="none"><path stroke-width="1" stroke="silver" fill="none" stroke-dasharray="5,5" pointer-events="none"/></g><g display="none"><path stroke-width="1" stroke="silver" fill="none" stroke-dasharray="5,5" pointer-events="none"/></g><g/></g></g></svg>'), NULL, 'b8ab9427-627b-469f-bfd0-4b1buser0001', '2022-08-08', 'b8ab9427-627b-469f-bfd0-4b1buser0001', '2022-08-08', '4', '新建变更', NULL, NULL);
INSERT INTO wf_node(id, name, workflowId, type, property, linkedStatusId, workflowPageId, emailRole, notifyRole, isEmailFile, tranType, phaseRule, lagMode, autoToId, exeCls, entityOpRul, isSynEntity, canWrite, canUpdateFile, canUpdateRelate, rejectRole, remark, orderNum, isSystem, isValid, creatorId, createdTime, modifyId, modifyTime, canRollback)
VALUES ('C5234DDC-121A-4D07-8335-754FBA8641B5', '开始', 'ACTb9b8e-e80e-4b41-afdb-8e353d9fac26', 'start-state', NULL, NULL, '457317b9-270f-4747-9bef-439871ce60b1', NULL, NULL, NULL, NULL, NULL, NULL, NULL, NULL, NULL, NULL, NULL, 'N', 'N', NULL, NULL, 1, 'Y', 'Y', 'b8ab9427-627b-469f-bfd0-4b1buser0001', '2022-08-08', 'b8ab9427-627b-469f-bfd0-4b1buser0001', '2022-08-08', 'Y');
INSERT INTO wf_node(id, name, workflowId, type, property, linkedStatusId, workflowPageId, emailRole, notifyRole, isEmailFile, tranType, phaseRule, lagMode, autoToId, exeCls, entityOpRul, isSynEntity, canWrite, canUpdateFile, canUpdateRelate, rejectRole, remark, orderNum, isSystem, isValid, creatorId, createdTime, modifyId, modifyTime, canRollback)
VALUES ('D06BB6C3-B63A-452D-ACAD-686958978B06', '影响分析', 'ACTb9b8e-e80e-4b41-afdb-8e353d9fac26', 'state', NULL, 'aa39d75c-1828-4194-856a-fc5871adf135', 'f5b0e6e2-8392-4297-8e04-590ff60a6660', '960fb540-3cef-49e8-89b6-1bCHGrole001', ',960fb540-3cef-49e8-89b6-1bCHGrole001', NULL, NULL, NULL, NULL, NULL, '', NULL, NULL, NULL, 'Y', 'Y', '', NULL, 2, 'Y', 'Y', 'b8ab9427-627b-469f-bfd0-4b1buser0001', '2022-08-08', 'b8ab9427-627b-469f-bfd0-4b1buser0001', '2022-08-08', 'Y');
INSERT INTO wf_node(id, name, workflowId, type, property, linkedStatusId, workflowPageId, emailRole, notifyRole, isEmailFile, tranType, phaseRule, lagMode, autoToId, exeCls, entityOpRul, isSynEntity, canWrite, canUpdateFile, canUpdateRelate, rejectRole, remark, orderNum, isSystem, isValid, creatorId, createdTime, modifyId, modifyTime, canRollback)
VALUES ('7FDB72F8-BC31-4331-9455-2B9F340A2159', '决策', 'ACTb9b8e-e80e-4b41-afdb-8e353d9fac26', 'decision', NULL, 'a8bb26cb-6dbb-415e-996b-017da844e1b1', NULL, NULL, NULL, NULL, NULL, NULL, NULL, NULL, NULL, NULL, NULL, NULL, 'N', 'N', NULL, NULL, 3, 'Y', 'Y', 'b8ab9427-627b-469f-bfd0-4b1buser0001', '2022-08-08', 'b8ab9427-627b-469f-bfd0-4b1buser0001', '2022-08-08', 'Y');
INSERT INTO wf_node(id, name, workflowId, type, property, linkedStatusId, workflowPageId, emailRole, notifyRole, isEmailFile, tranType, phaseRule, lagMode, autoToId, exeCls, entityOpRul, isSynEntity, canWrite, canUpdateFile, canUpdateRelate, rejectRole, remark, orderNum, isSystem, isValid, creatorId, createdTime, modifyId, modifyTime, canRollback)
VALUES ('4CC6DFF6-C362-41E3-B11B-51E80731EB97', '项目经理审批', 'ACTb9b8e-e80e-4b41-afdb-8e353d9fac26', 'state', NULL, '2754f432-66ec-4e94-8ae7-81dd35671d8b', 'fa565be6-6fde-421e-b8b7-20efd3002ab7', '960fb540-3cef-49e8-89b6-1bCHGrole001', ',960fb540-3cef-49e8-89b6-1bCHGrole001', NULL, NULL, NULL, NULL, NULL, '', NULL, NULL, NULL, 'Y', 'Y', '', NULL, 4, 'Y', 'Y', 'b8ab9427-627b-469f-bfd0-4b1buser0001', '2022-08-08', 'b8ab9427-627b-469f-bfd0-4b1buser0001', '2022-08-08', 'Y');
INSERT INTO wf_node(id, name, workflowId, type, property, linkedStatusId, workflowPageId, emailRole, notifyRole, isEmailFile, tranType, phaseRule, lagMode, autoToId, exeCls, entityOpRul, isSynEntity, canWrite, canUpdateFile, canUpdateRelate, rejectRole, remark, orderNum, isSystem, isValid, creatorId, createdTime, modifyId, modifyTime, canRollback)
VALUES ('78AC2357-DFE5-4FB9-9A25-B6D195FC996C', 'CBB审批', 'ACTb9b8e-e80e-4b41-afdb-8e353d9fac26', 'state', NULL, '58a5498c-f17e-4865-a1a7-67ed7b119968', 'c04ed040-e350-452c-9b5f-41dae78230a6', '960fb540-3cef-49e8-89b6-1bCHGrole001', ',960fb540-3cef-49e8-89b6-1bCHGrole001', NULL, NULL, NULL, NULL, NULL, '', NULL, NULL, NULL, 'Y', 'Y', '', NULL, 5, 'Y', 'Y', 'b8ab9427-627b-469f-bfd0-4b1buser0001', '2022-08-08', 'b8ab9427-627b-469f-bfd0-4b1buser0001', '2022-08-08', 'Y');
INSERT INTO wf_node(id, name, workflowId, type, property, linkedStatusId, workflowPageId, emailRole, notifyRole, isEmailFile, tranType, phaseRule, lagMode, autoToId, exeCls, entityOpRul, isSynEntity, canWrite, canUpdateFile, canUpdateRelate, rejectRole, remark, orderNum, isSystem, isValid, creatorId, createdTime, modifyId, modifyTime, canRollback)
VALUES ('41DFF54C-DEC1-4153-BA24-2DE01DE02855', '变更中', 'ACTb9b8e-e80e-4b41-afdb-8e353d9fac26', 'state', NULL, 'a417b298-3aeb-41e4-9564-0976d78796fc', 'ade990e3-2b6b-448c-a349-0b706e2ccf6e', '960fb540-3cef-49e8-89b6-1bCHGrole001', ',960fb540-3cef-49e8-89b6-1bCHGrole001', NULL, NULL, NULL, NULL, NULL, '', NULL, NULL, NULL, 'N', 'N', '', NULL, 6, 'Y', 'Y', 'b8ab9427-627b-469f-bfd0-4b1buser0001', '2022-08-08', 'b8ab9427-627b-469f-bfd0-4b1buser0001', '2022-08-08', 'Y');
INSERT INTO wf_node(id, name, workflowId, type, property, linkedStatusId, workflowPageId, emailRole, notifyRole, isEmailFile, tranType, phaseRule, lagMode, autoToId, exeCls, entityOpRul, isSynEntity, canWrite, canUpdateFile, canUpdateRelate, rejectRole, remark, orderNum, isSystem, isValid, creatorId, createdTime, modifyId, modifyTime, canRollback)
VALUES ('7FD830B1-2559-4829-B8AF-69FA9A15B135', '结束', 'ACTb9b8e-e80e-4b41-afdb-8e353d9fac26', 'end-state', NULL, 'e887f5d1-1170-45bb-b7da-12cc40ebedef', '53efe267-cafc-4211-a0bd-d3766c6de14a', '960fb540-3cef-49e8-89b6-1bCHGrole001', ',960fb540-3cef-49e8-89b6-1bCHGrole001', NULL, NULL, NULL, NULL, NULL, '', NULL, NULL, NULL, 'N', 'N', '', NULL, 7, 'Y', 'Y', 'b8ab9427-627b-469f-bfd0-4b1buser0001', '2022-08-08', 'b8ab9427-627b-469f-bfd0-4b1buser0001', '2022-08-08', 'Y');

INSERT INTO wf_transition(id, name, nodeId, toNodeId, workflowPageId, deriveWorkflowType, toDeriveNodeId, conditions, type, isOnlyOnce, isSaveNodeUser, SynCondition, exeCls, workflowId, deriveWorkflowId, isDelPageUser, hasSave, pageTo, isMulTask, functionRight, mapField, deriveMode, emailRemindAgain, remark, orderNum, isSystem, isValid, creatorId, createdTime, modifyId, modifyTime, isForking, isDefaultForking)
VALUES ('CA6EC7D0-FF45-4F2D-9D6E-696115B55A85', '提交', 'C5234DDC-121A-4D07-8335-754FBA8641B5', 'D06BB6C3-B63A-452D-ACAD-686958978B06', NULL, NULL, NULL, NULL, 'COMMON', 'N', 'N', '1', NULL, 'ACTb9b8e-e80e-4b41-afdb-8e353d9fac26', NULL, NULL, 'N', '1', NULL, NULL, NULL, NULL, NULL, NULL, 0, 'Y', 'Y', 'b8ab9427-627b-469f-bfd0-4b1buser0001', '2022-08-08', 'b8ab9427-627b-469f-bfd0-4b1buser0001', '2022-08-08', 'N', 'N');
INSERT INTO wf_transition(id, name, nodeId, toNodeId, workflowPageId, deriveWorkflowType, toDeriveNodeId, conditions, type, isOnlyOnce, isSaveNodeUser, SynCondition, exeCls, workflowId, deriveWorkflowId, isDelPageUser, hasSave, pageTo, isMulTask, functionRight, mapField, deriveMode, emailRemindAgain, remark, orderNum, isSystem, isValid, creatorId, createdTime, modifyId, modifyTime, isForking, isDefaultForking)
VALUES ('73DA6710-8601-4DAF-9E10-3B607EBE276C', '分析影响', 'D06BB6C3-B63A-452D-ACAD-686958978B06', '7FDB72F8-BC31-4331-9455-2B9F340A2159', '26427ffc-9cdc-4191-aafc-4c71cced0772', NULL, NULL, NULL, 'COMMON', 'N', 'Y', '1', '', 'ACTb9b8e-e80e-4b41-afdb-8e353d9fac26', NULL, NULL, 'Y', '1', NULL, NULL, NULL, NULL, NULL, NULL, 2, 'Y', 'Y', 'b8ab9427-627b-469f-bfd0-4b1buser0001', '2022-08-08', 'b8ab9427-627b-469f-bfd0-4b1buser0001', '2022-08-08', 'N', 'N');
INSERT INTO wf_transition(id, name, nodeId, toNodeId, workflowPageId, deriveWorkflowType, toDeriveNodeId, conditions, type, isOnlyOnce, isSaveNodeUser, SynCondition, exeCls, workflowId, deriveWorkflowId, isDelPageUser, hasSave, pageTo, isMulTask, functionRight, mapField, deriveMode, emailRemindAgain, remark, orderNum, isSystem, isValid, creatorId, createdTime, modifyId, modifyTime, isForking, isDefaultForking)
VALUES ('BAAB0864-473C-4762-AA2E-B41B645D2F56', '不影响基准', '7FDB72F8-BC31-4331-9455-2B9F340A2159', '4CC6DFF6-C362-41E3-B11B-51E80731EB97', NULL, NULL, NULL, '##@@@##5ee15dfb-1866-45b5-b28d-4614f6a601d4##@@@##EQ##@@@##645cc13b-757b-4b12-92a1-b61404ada273', 'COMMON', 'N', 'N', '1', NULL, 'ACTb9b8e-e80e-4b41-afdb-8e353d9fac26', NULL, NULL, 'N', '1', NULL, NULL, NULL, NULL, NULL, NULL, 3, 'Y', 'Y', 'b8ab9427-627b-469f-bfd0-4b1buser0001', '2022-08-08', 'b8ab9427-627b-469f-bfd0-4b1buser0001', '2022-08-08', 'Y', 'Y');
INSERT INTO wf_transition(id, name, nodeId, toNodeId, workflowPageId, deriveWorkflowType, toDeriveNodeId, conditions, type, isOnlyOnce, isSaveNodeUser, SynCondition, exeCls, workflowId, deriveWorkflowId, isDelPageUser, hasSave, pageTo, isMulTask, functionRight, mapField, deriveMode, emailRemindAgain, remark, orderNum, isSystem, isValid, creatorId, createdTime, modifyId, modifyTime, isForking, isDefaultForking)
VALUES ('FC417187-A491-4F46-8D4B-9F625C27D50A', '影响基准', '7FDB72F8-BC31-4331-9455-2B9F340A2159', '78AC2357-DFE5-4FB9-9A25-B6D195FC996C', NULL, NULL, NULL, '##@@@##5ee15dfb-1866-45b5-b28d-4614f6a601d4##@@@##EQ##@@@##f25c2a8d-6665-4319-bbc8-f6bcada213f7', 'COMMON', 'N', 'N', '1', NULL, 'ACTb9b8e-e80e-4b41-afdb-8e353d9fac26', NULL, NULL, 'N', '1', NULL, NULL, NULL, NULL, NULL, NULL, 3, 'Y', 'Y', 'b8ab9427-627b-469f-bfd0-4b1buser0001', '2022-08-08', 'b8ab9427-627b-469f-bfd0-4b1buser0001', '2022-08-08', 'Y', 'N');
INSERT INTO wf_transition(id, name, nodeId, toNodeId, workflowPageId, deriveWorkflowType, toDeriveNodeId, conditions, type, isOnlyOnce, isSaveNodeUser, SynCondition, exeCls, workflowId, deriveWorkflowId, isDelPageUser, hasSave, pageTo, isMulTask, functionRight, mapField, deriveMode, emailRemindAgain, remark, orderNum, isSystem, isValid, creatorId, createdTime, modifyId, modifyTime, isForking, isDefaultForking)
VALUES ('6D749C10-7BDC-4918-B17E-68B05A1D2A64', '审批通过', '4CC6DFF6-C362-41E3-B11B-51E80731EB97', '41DFF54C-DEC1-4153-BA24-2DE01DE02855', '9a264951-0b9a-4f91-8bc7-995a20d6eed4', NULL, NULL, NULL, 'COMMON', 'N', 'N', '1', '', 'ACTb9b8e-e80e-4b41-afdb-8e353d9fac26', NULL, NULL, 'N', '1', NULL, NULL, NULL, NULL, NULL, NULL, 5, 'Y', 'Y', 'b8ab9427-627b-469f-bfd0-4b1buser0001', '2022-08-08', 'b8ab9427-627b-469f-bfd0-4b1buser0001', '2022-08-08', 'N', 'N');
INSERT INTO wf_transition(id, name, nodeId, toNodeId, workflowPageId, deriveWorkflowType, toDeriveNodeId, conditions, type, isOnlyOnce, isSaveNodeUser, SynCondition, exeCls, workflowId, deriveWorkflowId, isDelPageUser, hasSave, pageTo, isMulTask, functionRight, mapField, deriveMode, emailRemindAgain, remark, orderNum, isSystem, isValid, creatorId, createdTime, modifyId, modifyTime, isForking, isDefaultForking)
VALUES ('827E4A3A-7A36-4EA7-9FAA-D829AA4115A8', '审批不通过', '4CC6DFF6-C362-41E3-B11B-51E80731EB97', 'D06BB6C3-B63A-452D-ACAD-686958978B06', 'ed3a8b15-8411-4fae-9653-1db2c2eb7c14', NULL, NULL, NULL, 'COMMON', 'N', 'N', '1', '', 'ACTb9b8e-e80e-4b41-afdb-8e353d9fac26', NULL, NULL, 'N', '1', NULL, NULL, NULL, NULL, NULL, NULL, 6, 'Y', 'Y', 'b8ab9427-627b-469f-bfd0-4b1buser0001', '2022-08-08', 'b8ab9427-627b-469f-bfd0-4b1buser0001', '2022-08-08', 'N', 'N');
INSERT INTO wf_transition(id, name, nodeId, toNodeId, workflowPageId, deriveWorkflowType, toDeriveNodeId, conditions, type, isOnlyOnce, isSaveNodeUser, SynCondition, exeCls, workflowId, deriveWorkflowId, isDelPageUser, hasSave, pageTo, isMulTask, functionRight, mapField, deriveMode, emailRemindAgain, remark, orderNum, isSystem, isValid, creatorId, createdTime, modifyId, modifyTime, isForking, isDefaultForking)
VALUES ('2E035E2F-284E-48E3-8CF2-43212409FCB8', '审批通过', '78AC2357-DFE5-4FB9-9A25-B6D195FC996C', '41DFF54C-DEC1-4153-BA24-2DE01DE02855', 'b7ccc1a1-aa73-4be9-bb13-5d6e28cdc0b7', NULL, NULL, NULL, 'COMMON', 'N', 'N', '1', '', 'ACTb9b8e-e80e-4b41-afdb-8e353d9fac26', NULL, NULL, 'N', '1', NULL, NULL, NULL, NULL, NULL, NULL, 7, 'Y', 'Y', 'b8ab9427-627b-469f-bfd0-4b1buser0001', '2022-08-08', 'b8ab9427-627b-469f-bfd0-4b1buser0001', '2022-08-08', 'N', 'N');
INSERT INTO wf_transition(id, name, nodeId, toNodeId, workflowPageId, deriveWorkflowType, toDeriveNodeId, conditions, type, isOnlyOnce, isSaveNodeUser, SynCondition, exeCls, workflowId, deriveWorkflowId, isDelPageUser, hasSave, pageTo, isMulTask, functionRight, mapField, deriveMode, emailRemindAgain, remark, orderNum, isSystem, isValid, creatorId, createdTime, modifyId, modifyTime, isForking, isDefaultForking)
VALUES ('E7E29A2A-80C5-4A6E-99A7-BA54310F52A9', '审批不通过', '78AC2357-DFE5-4FB9-9A25-B6D195FC996C', 'D06BB6C3-B63A-452D-ACAD-686958978B06', '09ff2938-4f75-45f9-ae18-7b0cdecf82a5', NULL, NULL, NULL, 'COMMON', 'N', 'N', '1', '', 'ACTb9b8e-e80e-4b41-afdb-8e353d9fac26', NULL, NULL, 'N', '1', NULL, NULL, NULL, NULL, NULL, NULL, 7, 'Y', 'Y', 'b8ab9427-627b-469f-bfd0-4b1buser0001', '2022-08-08', 'b8ab9427-627b-469f-bfd0-4b1buser0001', '2022-08-08', 'N', 'N');
INSERT INTO wf_transition(id, name, nodeId, toNodeId, workflowPageId, deriveWorkflowType, toDeriveNodeId, conditions, type, isOnlyOnce, isSaveNodeUser, SynCondition, exeCls, workflowId, deriveWorkflowId, isDelPageUser, hasSave, pageTo, isMulTask, functionRight, mapField, deriveMode, emailRemindAgain, remark, orderNum, isSystem, isValid, creatorId, createdTime, modifyId, modifyTime, isForking, isDefaultForking)
VALUES ('E10B5047-2733-48FC-88ED-37474A504C27', '执行变更', '41DFF54C-DEC1-4153-BA24-2DE01DE02855', '7FD830B1-2559-4829-B8AF-69FA9A15B135', '602577ed-5fb6-4131-825e-2b77d35d70ea', NULL, NULL, NULL, 'COMMON', 'N', 'N', '1', 'com.dream.milestoneSign.MilestoneUpdate', 'ACTb9b8e-e80e-4b41-afdb-8e353d9fac26', NULL, NULL, 'N', '1', NULL, NULL, NULL, NULL, NULL, NULL, 9, 'Y', 'Y', 'b8ab9427-627b-469f-bfd0-4b1buser0001', '2022-08-08', 'b8ab9427-627b-469f-bfd0-4b1buser0001', '2022-08-08', 'N', 'N');

INSERT INTO sys_status(id, objectType, Name, Remark, bgColor, fColor, isCalcLag, isEnd, isValid, orderNum, creatorId, createdTime, modifyId, modifyTime, workflowId)
VALUES ('aa39d75c-1828-4194-856a-fc5871adf135', 'CHG', '影响分析', NULL, NULL, NULL, 'Y', 'N', 'Y', 2, 'b8ab9427-627b-469f-bfd0-4b1buser0001', '2022-08-08', 'b8ab9427-627b-469f-bfd0-4b1buser0001', '2022-08-08', 'ACTb9b8e-e80e-4b41-afdb-8e353d9fac26');
INSERT INTO sys_status(id, objectType, Name, Remark, bgColor, fColor, isCalcLag, isEnd, isValid, orderNum, creatorId, createdTime, modifyId, modifyTime, workflowId)
VALUES ('2754f432-66ec-4e94-8ae7-81dd35671d8b', 'CHG', '项目经理审批', NULL, NULL, NULL, 'Y', 'N', 'Y', 4, 'b8ab9427-627b-469f-bfd0-4b1buser0001', '2022-08-08', 'b8ab9427-627b-469f-bfd0-4b1buser0001', '2022-08-08', 'ACTb9b8e-e80e-4b41-afdb-8e353d9fac26');
INSERT INTO sys_status(id, objectType, Name, Remark, bgColor, fColor, isCalcLag, isEnd, isValid, orderNum, creatorId, createdTime, modifyId, modifyTime, workflowId)
VALUES ('58a5498c-f17e-4865-a1a7-67ed7b119968', 'CHG', 'CBB审批', NULL, NULL, NULL, 'Y', 'N', 'Y', 5, 'b8ab9427-627b-469f-bfd0-4b1buser0001', '2022-08-08', 'b8ab9427-627b-469f-bfd0-4b1buser0001', '2022-08-08', 'ACTb9b8e-e80e-4b41-afdb-8e353d9fac26');
INSERT INTO sys_status(id, objectType, Name, Remark, bgColor, fColor, isCalcLag, isEnd, isValid, orderNum, creatorId, createdTime, modifyId, modifyTime, workflowId)
VALUES ('a417b298-3aeb-41e4-9564-0976d78796fc', 'CHG', '变更中', NULL, NULL, NULL, 'Y', 'N', 'Y', 6, 'b8ab9427-627b-469f-bfd0-4b1buser0001', '2022-08-08', 'b8ab9427-627b-469f-bfd0-4b1buser0001', '2022-08-08', 'ACTb9b8e-e80e-4b41-afdb-8e353d9fac26');
INSERT INTO sys_status(id, objectType, Name, Remark, bgColor, fColor, isCalcLag, isEnd, isValid, orderNum, creatorId, createdTime, modifyId, modifyTime, workflowId)
VALUES ('e887f5d1-1170-45bb-b7da-12cc40ebedef', 'CHG', '结束', NULL, NULL, NULL, 'Y', 'Y', 'Y', 8, 'b8ab9427-627b-469f-bfd0-4b1buser0001', '2022-08-08', 'b8ab9427-627b-469f-bfd0-4b1buser0001', '2022-08-08', 'ACTb9b8e-e80e-4b41-afdb-8e353d9fac26');

INSERT INTO sys_page(id, name, objectType, pageType, parentId, workflowID, deriveWfType, deriveWfID, mapField, isStartPage, entityTypeID, extPageUrl, extPageCls, isSystem, remark, isValid, orderNum, creatorId, createdTime, modifyId, modifyTime, subType)
VALUES ('457317b9-270f-4747-9bef-439871ce60b1', '开始', 'CHG', 'FORM', NULL, 'ACTb9b8e-e80e-4b41-afdb-8e353d9fac26', NULL, NULL, '', NULL, '', NULL, NULL, 'N', NULL, 'Y', 1, 'b8ab9427-627b-469f-bfd0-4b1buser0001', '2022-08-08', 'b8ab9427-627b-469f-bfd0-4b1buser0001', '2022-08-08', 'ADD');
INSERT INTO sys_page(id, name, objectType, pageType, parentId, workflowID, deriveWfType, deriveWfID, mapField, isStartPage, entityTypeID, extPageUrl, extPageCls, isSystem, remark, isValid, orderNum, creatorId, createdTime, modifyId, modifyTime, subType)
VALUES ('26427ffc-9cdc-4191-aafc-4c71cced0772', '分析影响', 'CHG', 'FORM', NULL, 'ACTb9b8e-e80e-4b41-afdb-8e353d9fac26', NULL, NULL, 'tab_Y_detail,tab_Y_workflowChart,tab_Y_workflowProcess,tab_Y_relate,tab_Y_file', NULL, '', NULL, NULL, 'N', NULL, 'Y', 2, 'b8ab9427-627b-469f-bfd0-4b1buser0001', '2022-08-08', 'b8ab9427-627b-469f-bfd0-4b1buser0001', '2022-08-08', 'EDIT');
INSERT INTO sys_page(id, name, objectType, pageType, parentId, workflowID, deriveWfType, deriveWfID, mapField, isStartPage, entityTypeID, extPageUrl, extPageCls, isSystem, remark, isValid, orderNum, creatorId, createdTime, modifyId, modifyTime, subType)
VALUES ('9a264951-0b9a-4f91-8bc7-995a20d6eed4', '审批通过', 'CHG', 'FORM', NULL, 'ACTb9b8e-e80e-4b41-afdb-8e353d9fac26', NULL, NULL, 'tab_Y_detail,tab_Y_workflowChart,tab_Y_workflowProcess,tab_Y_relate,tab_Y_file', NULL, '', NULL, NULL, 'N', NULL, 'Y', 5, 'b8ab9427-627b-469f-bfd0-4b1buser0001', '2022-08-08', 'b8ab9427-627b-469f-bfd0-4b1buser0001', '2022-08-08', 'EDIT');
INSERT INTO sys_page(id, name, objectType, pageType, parentId, workflowID, deriveWfType, deriveWfID, mapField, isStartPage, entityTypeID, extPageUrl, extPageCls, isSystem, remark, isValid, orderNum, creatorId, createdTime, modifyId, modifyTime, subType)
VALUES ('f5b0e6e2-8392-4297-8e04-590ff60a6660', '影响分析', 'CHG', 'FORM', NULL, 'ACTb9b8e-e80e-4b41-afdb-8e353d9fac26', NULL, NULL, 'tab_Y_detail,tab_Y_workflowChart,tab_Y_workflowProcess,tab_Y_relate,tab_Y_file', NULL, '', NULL, NULL, 'N', NULL, 'Y', 5, 'b8ab9427-627b-469f-bfd0-4b1buser0001', '2022-08-08', 'b8ab9427-627b-469f-bfd0-4b1buser0001', '2022-08-08', 'VIEW');
INSERT INTO sys_page(id, name, objectType, pageType, parentId, workflowID, deriveWfType, deriveWfID, mapField, isStartPage, entityTypeID, extPageUrl, extPageCls, isSystem, remark, isValid, orderNum, creatorId, createdTime, modifyId, modifyTime, subType)
VALUES ('ed3a8b15-8411-4fae-9653-1db2c2eb7c14', '审批不通过', 'CHG', 'FORM', NULL, 'ACTb9b8e-e80e-4b41-afdb-8e353d9fac26', NULL, NULL, 'tab_Y_detail,tab_Y_workflowChart,tab_Y_workflowProcess,tab_Y_relate,tab_Y_file', NULL, '', NULL, NULL, 'N', NULL, 'Y', 6, 'b8ab9427-627b-469f-bfd0-4b1buser0001', '2022-08-08', 'b8ab9427-627b-469f-bfd0-4b1buser0001', '2022-08-08', 'EDIT');
INSERT INTO sys_page(id, name, objectType, pageType, parentId, workflowID, deriveWfType, deriveWfID, mapField, isStartPage, entityTypeID, extPageUrl, extPageCls, isSystem, remark, isValid, orderNum, creatorId, createdTime, modifyId, modifyTime, subType)
VALUES ('09ff2938-4f75-45f9-ae18-7b0cdecf82a5', '审批不通过', 'CHG', 'FORM', NULL, 'ACTb9b8e-e80e-4b41-afdb-8e353d9fac26', NULL, NULL, 'tab_Y_detail,tab_Y_workflowChart,tab_Y_workflowProcess,tab_Y_relate,tab_Y_file', NULL, '', NULL, NULL, 'N', NULL, 'Y', 7, 'b8ab9427-627b-469f-bfd0-4b1buser0001', '2022-08-08', 'b8ab9427-627b-469f-bfd0-4b1buser0001', '2022-08-08', 'EDIT');
INSERT INTO sys_page(id, name, objectType, pageType, parentId, workflowID, deriveWfType, deriveWfID, mapField, isStartPage, entityTypeID, extPageUrl, extPageCls, isSystem, remark, isValid, orderNum, creatorId, createdTime, modifyId, modifyTime, subType)
VALUES ('b7ccc1a1-aa73-4be9-bb13-5d6e28cdc0b7', '审批通过', 'CHG', 'FORM', NULL, 'ACTb9b8e-e80e-4b41-afdb-8e353d9fac26', NULL, NULL, 'tab_Y_detail,tab_Y_workflowChart,tab_Y_workflowProcess,tab_Y_relate,tab_Y_file', NULL, '', NULL, NULL, 'N', NULL, 'Y', 7, 'b8ab9427-627b-469f-bfd0-4b1buser0001', '2022-08-08', 'b8ab9427-627b-469f-bfd0-4b1buser0001', '2022-08-08', 'EDIT');
INSERT INTO sys_page(id, name, objectType, pageType, parentId, workflowID, deriveWfType, deriveWfID, mapField, isStartPage, entityTypeID, extPageUrl, extPageCls, isSystem, remark, isValid, orderNum, creatorId, createdTime, modifyId, modifyTime, subType)
VALUES ('fa565be6-6fde-421e-b8b7-20efd3002ab7', '项目经理审批', 'CHG', 'FORM', NULL, 'ACTb9b8e-e80e-4b41-afdb-8e353d9fac26', NULL, NULL, 'tab_Y_detail,tab_Y_workflowChart,tab_Y_workflowProcess,tab_Y_relate,tab_Y_file', NULL, '', NULL, NULL, 'N', NULL, 'Y', 7, 'b8ab9427-627b-469f-bfd0-4b1buser0001', '2022-08-08', 'b8ab9427-627b-469f-bfd0-4b1buser0001', '2022-08-08', 'VIEW');
INSERT INTO sys_page(id, name, objectType, pageType, parentId, workflowID, deriveWfType, deriveWfID, mapField, isStartPage, entityTypeID, extPageUrl, extPageCls, isSystem, remark, isValid, orderNum, creatorId, createdTime, modifyId, modifyTime, subType)
VALUES ('c04ed040-e350-452c-9b5f-41dae78230a6', 'CBB审批', 'CHG', 'FORM', NULL, 'ACTb9b8e-e80e-4b41-afdb-8e353d9fac26', NULL, NULL, 'tab_Y_detail,tab_Y_workflowChart,tab_Y_workflowProcess,tab_Y_relate,tab_Y_file', NULL, '', NULL, NULL, 'N', NULL, 'Y', 8, 'b8ab9427-627b-469f-bfd0-4b1buser0001', '2022-08-08', 'b8ab9427-627b-469f-bfd0-4b1buser0001', '2022-08-08', 'VIEW');
INSERT INTO sys_page(id, name, objectType, pageType, parentId, workflowID, deriveWfType, deriveWfID, mapField, isStartPage, entityTypeID, extPageUrl, extPageCls, isSystem, remark, isValid, orderNum, creatorId, createdTime, modifyId, modifyTime, subType)
VALUES ('602577ed-5fb6-4131-825e-2b77d35d70ea', '执行变更', 'CHG', 'FORM', NULL, 'ACTb9b8e-e80e-4b41-afdb-8e353d9fac26', NULL, NULL, 'tab_Y_detail,tab_Y_workflowChart,tab_Y_workflowProcess,tab_Y_relate,tab_Y_file', NULL, '', NULL, NULL, 'N', NULL, 'Y', 9, 'b8ab9427-627b-469f-bfd0-4b1buser0001', '2022-08-08', 'b8ab9427-627b-469f-bfd0-4b1buser0001', '2022-08-08', 'EDIT');
INSERT INTO sys_page(id, name, objectType, pageType, parentId, workflowID, deriveWfType, deriveWfID, mapField, isStartPage, entityTypeID, extPageUrl, extPageCls, isSystem, remark, isValid, orderNum, creatorId, createdTime, modifyId, modifyTime, subType)
VALUES ('ade990e3-2b6b-448c-a349-0b706e2ccf6e', '变更中', 'CHG', 'FORM', NULL, 'ACTb9b8e-e80e-4b41-afdb-8e353d9fac26', NULL, NULL, 'tab_Y_detail,tab_Y_workflowChart,tab_Y_workflowProcess,tab_Y_relate,tab_Y_file', NULL, '', NULL, NULL, 'N', NULL, 'Y', 9, 'b8ab9427-627b-469f-bfd0-4b1buser0001', '2022-08-08', 'b8ab9427-627b-469f-bfd0-4b1buser0001', '2022-08-08', 'VIEW');
INSERT INTO sys_page(id, name, objectType, pageType, parentId, workflowID, deriveWfType, deriveWfID, mapField, isStartPage, entityTypeID, extPageUrl, extPageCls, isSystem, remark, isValid, orderNum, creatorId, createdTime, modifyId, modifyTime, subType)
VALUES ('53efe267-cafc-4211-a0bd-d3766c6de14a', '结束', 'CHG', 'FORM', NULL, 'ACTb9b8e-e80e-4b41-afdb-8e353d9fac26', NULL, NULL, 'tab_Y_detail,tab_Y_workflowChart,tab_Y_workflowProcess,tab_Y_relate,tab_Y_file', NULL, '', NULL, NULL, 'N', NULL, 'Y', 10, 'b8ab9427-627b-469f-bfd0-4b1buser0001', '2022-08-08', 'b8ab9427-627b-469f-bfd0-4b1buser0001', '2022-08-08', 'VIEW');

INSERT INTO sys_pagefield_rlt(id, pageId, fieldId, orderNum, isRequired, isReaded, isReseted, isRecorded, isShowed, layout, isValid, module)
VALUES ('c5bdc8de-a642-42da-ab79-15354f1447ec', '09ff2938-4f75-45f9-ae18-7b0cdecf82a5', 'ea5d0b4b-7fc9-4a1e-bed9-44154705b07a', 1, 'N', 'Y', NULL, NULL, 'Y', 'F', 'Y', NULL);
INSERT INTO sys_pagefield_rlt(id, pageId, fieldId, orderNum, isRequired, isReaded, isReseted, isRecorded, isShowed, layout, isValid, module)
VALUES ('e2001e50-24cf-4ca5-8d03-306974b9a2c9', '09ff2938-4f75-45f9-ae18-7b0cdecf82a5', '895d680a-b028-46bf-b175-8f72c5380ea9', 2, 'N', 'Y', NULL, NULL, 'Y', 'T', 'Y', NULL);
INSERT INTO sys_pagefield_rlt(id, pageId, fieldId, orderNum, isRequired, isReaded, isReseted, isRecorded, isShowed, layout, isValid, module)
VALUES ('1923f64c-0fee-429a-94f3-bba356f0ff37', '09ff2938-4f75-45f9-ae18-7b0cdecf82a5', '551d7388-2aa9-48e0-b9e5-213c8d11e805', 3, 'Y', 'N', NULL, NULL, 'Y', 'T', 'Y', NULL);
INSERT INTO sys_pagefield_rlt(id, pageId, fieldId, orderNum, isRequired, isReaded, isReseted, isRecorded, isShowed, layout, isValid, module)
VALUES ('67734ddf-0719-41e9-a7a1-54e2e52661e4', '09ff2938-4f75-45f9-ae18-7b0cdecf82a5', '936e96d7-fbd0-43cf-9f8d-f37b3029a498', 4, 'Y', 'N', NULL, NULL, 'Y', 'T', 'Y', NULL);
INSERT INTO sys_pagefield_rlt(id, pageId, fieldId, orderNum, isRequired, isReaded, isReseted, isRecorded, isShowed, layout, isValid, module)
VALUES ('ed2649ef-700d-4c22-8700-dc1130b0c4da', '09ff2938-4f75-45f9-ae18-7b0cdecf82a5', '5ee15dfb-1866-45b5-b28d-4614f6a601d4', 5, 'Y', 'N', NULL, NULL, 'Y', 'T', 'Y', NULL);
INSERT INTO sys_pagefield_rlt(id, pageId, fieldId, orderNum, isRequired, isReaded, isReseted, isRecorded, isShowed, layout, isValid, module)
VALUES ('8046b502-e5cd-4dba-b5c6-28cefa54d55d', '09ff2938-4f75-45f9-ae18-7b0cdecf82a5', '08ea44d3-ddb4-4e9b-b2e8-abdc24aa4907', 6, 'N', 'N', NULL, NULL, 'Y', 'F', 'Y', NULL);
INSERT INTO sys_pagefield_rlt(id, pageId, fieldId, orderNum, isRequired, isReaded, isReseted, isRecorded, isShowed, layout, isValid, module)
VALUES ('ae9ce088-e8ff-44ae-94fb-ab201ab05cd0', '09ff2938-4f75-45f9-ae18-7b0cdecf82a5', 'ad32ada7-d173-423d-8bd5-62738e002364', 7, 'Y', 'N', NULL, NULL, 'Y', 'T', 'Y', NULL);
INSERT INTO sys_pagefield_rlt(id, pageId, fieldId, orderNum, isRequired, isReaded, isReseted, isRecorded, isShowed, layout, isValid, module)
VALUES ('2d8dadbb-f30a-4dd2-94ff-ed7e0ace076a', '09ff2938-4f75-45f9-ae18-7b0cdecf82a5', '85779729-b68f-4ce0-b102-3e3e4ea74085', 8, 'N', 'N', NULL, NULL, 'Y', 'T', 'Y', NULL);
INSERT INTO sys_pagefield_rlt(id, pageId, fieldId, orderNum, isRequired, isReaded, isReseted, isRecorded, isShowed, layout, isValid, module)
VALUES ('6daa24b6-2134-42fd-b750-f5b9fb1d893c', '09ff2938-4f75-45f9-ae18-7b0cdecf82a5', '9d401cae-2072-4078-9c75-bfdf5c0540cd', 9, 'N', 'Y', NULL, NULL, 'Y', 'T', 'Y', NULL);
INSERT INTO sys_pagefield_rlt(id, pageId, fieldId, orderNum, isRequired, isReaded, isReseted, isRecorded, isShowed, layout, isValid, module)
VALUES ('6e7b8825-a5a8-4ca1-890f-c403911cfff6', '09ff2938-4f75-45f9-ae18-7b0cdecf82a5', 'ed754c4c-6177-4adc-96d1-0cb4e9ecd76f', 10, 'N', 'Y', NULL, NULL, 'Y', 'T', 'Y', NULL);
INSERT INTO sys_pagefield_rlt(id, pageId, fieldId, orderNum, isRequired, isReaded, isReseted, isRecorded, isShowed, layout, isValid, module)
VALUES ('e5d8cd46-3f40-4820-96a1-c7d37a84ccfa', '09ff2938-4f75-45f9-ae18-7b0cdecf82a5', '7322379f-01ca-4a5f-87d2-91b810094ad3', 11, 'N', 'Y', NULL, NULL, 'Y', 'F', 'Y', NULL);
INSERT INTO sys_pagefield_rlt(id, pageId, fieldId, orderNum, isRequired, isReaded, isReseted, isRecorded, isShowed, layout, isValid, module)
VALUES ('a5b2fc91-ae3e-468c-bcd5-5f3c50f54e6a', '09ff2938-4f75-45f9-ae18-7b0cdecf82a5', 'dcc15e3d-3d73-4a6d-b79c-2ef7f18bf357', 12, 'N', 'Y', NULL, NULL, 'Y', 'F', 'Y', NULL);
INSERT INTO sys_pagefield_rlt(id, pageId, fieldId, orderNum, isRequired, isReaded, isReseted, isRecorded, isShowed, layout, isValid, module)
VALUES ('a744d354-5ef6-4126-8eb5-ff829441528b', '09ff2938-4f75-45f9-ae18-7b0cdecf82a5', 'a731798e-0e66-47bf-b523-a6ab068ff431', 13, 'N', 'Y', NULL, NULL, 'Y', 'F', 'Y', NULL);
INSERT INTO sys_pagefield_rlt(id, pageId, fieldId, orderNum, isRequired, isReaded, isReseted, isRecorded, isShowed, layout, isValid, module)
VALUES ('02fe97b7-d479-433e-b04a-48d6e34cf7d7', '09ff2938-4f75-45f9-ae18-7b0cdecf82a5', '46dbce80-3a5d-41a8-b9b5-d1939a7e6476', 14, 'N', 'N', NULL, NULL, 'Y', 'F', 'Y', NULL);
INSERT INTO sys_pagefield_rlt(id, pageId, fieldId, orderNum, isRequired, isReaded, isReseted, isRecorded, isShowed, layout, isValid, module)
VALUES ('4709822a-acfe-496d-aabd-7949396b1782', '26427ffc-9cdc-4191-aafc-4c71cced0772', 'ea5d0b4b-7fc9-4a1e-bed9-44154705b07a', 1, 'N', 'Y', NULL, NULL, 'Y', 'F', 'Y', NULL);
INSERT INTO sys_pagefield_rlt(id, pageId, fieldId, orderNum, isRequired, isReaded, isReseted, isRecorded, isShowed, layout, isValid, module)
VALUES ('62e80bec-459e-4151-ba02-0c70be7112fd', '26427ffc-9cdc-4191-aafc-4c71cced0772', '895d680a-b028-46bf-b175-8f72c5380ea9', 2, 'N', 'Y', NULL, NULL, 'Y', 'T', 'Y', NULL);
INSERT INTO sys_pagefield_rlt(id, pageId, fieldId, orderNum, isRequired, isReaded, isReseted, isRecorded, isShowed, layout, isValid, module)
VALUES ('d082845e-398e-40c5-bdca-bbcd51b203ae', '26427ffc-9cdc-4191-aafc-4c71cced0772', '551d7388-2aa9-48e0-b9e5-213c8d11e805', 3, 'Y', 'N', NULL, NULL, 'Y', 'T', 'Y', NULL);
INSERT INTO sys_pagefield_rlt(id, pageId, fieldId, orderNum, isRequired, isReaded, isReseted, isRecorded, isShowed, layout, isValid, module)
VALUES ('9cf351de-726d-457f-8368-3b2f3921292c', '26427ffc-9cdc-4191-aafc-4c71cced0772', '936e96d7-fbd0-43cf-9f8d-f37b3029a498', 4, 'Y', 'N', NULL, NULL, 'Y', 'T', 'Y', NULL);
INSERT INTO sys_pagefield_rlt(id, pageId, fieldId, orderNum, isRequired, isReaded, isReseted, isRecorded, isShowed, layout, isValid, module)
VALUES ('ad832c06-43ff-4f5b-a683-3f8be831d233', '26427ffc-9cdc-4191-aafc-4c71cced0772', '5ee15dfb-1866-45b5-b28d-4614f6a601d4', 5, 'Y', 'N', NULL, NULL, 'Y', 'T', 'Y', NULL);
INSERT INTO sys_pagefield_rlt(id, pageId, fieldId, orderNum, isRequired, isReaded, isReseted, isRecorded, isShowed, layout, isValid, module)
VALUES ('115f4db6-71ee-46d3-b073-014fad8d28c7', '26427ffc-9cdc-4191-aafc-4c71cced0772', '08ea44d3-ddb4-4e9b-b2e8-abdc24aa4907', 6, 'N', 'N', NULL, NULL, 'Y', 'F', 'Y', NULL);
INSERT INTO sys_pagefield_rlt(id, pageId, fieldId, orderNum, isRequired, isReaded, isReseted, isRecorded, isShowed, layout, isValid, module)
VALUES ('f36b1328-e1cb-4347-a7b0-9ed1bb3a9427', '26427ffc-9cdc-4191-aafc-4c71cced0772', 'ad32ada7-d173-423d-8bd5-62738e002364', 7, 'N', 'Y', NULL, NULL, 'Y', 'T', 'Y', NULL);
INSERT INTO sys_pagefield_rlt(id, pageId, fieldId, orderNum, isRequired, isReaded, isReseted, isRecorded, isShowed, layout, isValid, module)
VALUES ('6ed5bce0-efd0-48db-9acb-e0dc3fb24a83', '26427ffc-9cdc-4191-aafc-4c71cced0772', '85779729-b68f-4ce0-b102-3e3e4ea74085', 8, 'N', 'Y', NULL, NULL, 'Y', 'T', 'Y', NULL);
INSERT INTO sys_pagefield_rlt(id, pageId, fieldId, orderNum, isRequired, isReaded, isReseted, isRecorded, isShowed, layout, isValid, module)
VALUES ('8b3efbc8-1d5b-49e3-98a7-b0ae395a527c', '26427ffc-9cdc-4191-aafc-4c71cced0772', '9d401cae-2072-4078-9c75-bfdf5c0540cd', 9, 'Y', 'N', NULL, NULL, 'Y', 'T', 'Y', NULL);
INSERT INTO sys_pagefield_rlt(id, pageId, fieldId, orderNum, isRequired, isReaded, isReseted, isRecorded, isShowed, layout, isValid, module)
VALUES ('eabd2a19-ba0c-4ed5-9839-e05db29c3283', '26427ffc-9cdc-4191-aafc-4c71cced0772', 'ed754c4c-6177-4adc-96d1-0cb4e9ecd76f', 10, 'Y', 'N', NULL, NULL, 'Y', 'T', 'Y', NULL);
INSERT INTO sys_pagefield_rlt(id, pageId, fieldId, orderNum, isRequired, isReaded, isReseted, isRecorded, isShowed, layout, isValid, module)
VALUES ('997ac64f-7bab-4da0-8dc3-00771a7e4aa2', '26427ffc-9cdc-4191-aafc-4c71cced0772', '7322379f-01ca-4a5f-87d2-91b810094ad3', 11, 'N', 'N', NULL, NULL, 'Y', 'F', 'Y', NULL);
INSERT INTO sys_pagefield_rlt(id, pageId, fieldId, orderNum, isRequired, isReaded, isReseted, isRecorded, isShowed, layout, isValid, module)
VALUES ('4f6910b6-8545-42a5-a14f-ddc938196ee7', '26427ffc-9cdc-4191-aafc-4c71cced0772', 'dcc15e3d-3d73-4a6d-b79c-2ef7f18bf357', 12, 'N', 'N', NULL, NULL, 'Y', 'F', 'Y', NULL);
INSERT INTO sys_pagefield_rlt(id, pageId, fieldId, orderNum, isRequired, isReaded, isReseted, isRecorded, isShowed, layout, isValid, module)
VALUES ('f24908c0-721e-49cf-918c-a8ebf2842123', '26427ffc-9cdc-4191-aafc-4c71cced0772', 'a731798e-0e66-47bf-b523-a6ab068ff431', 13, 'Y', 'N', NULL, NULL, 'Y', 'F', 'Y', NULL);
INSERT INTO sys_pagefield_rlt(id, pageId, fieldId, orderNum, isRequired, isReaded, isReseted, isRecorded, isShowed, layout, isValid, module)
VALUES ('fd48748f-901c-48b5-a28e-6c48cfe86a24', '457317b9-270f-4747-9bef-439871ce60b1', 'ea5d0b4b-7fc9-4a1e-bed9-44154705b07a', 1, 'Y', 'N', NULL, NULL, 'Y', 'F', 'Y', NULL);
INSERT INTO sys_pagefield_rlt(id, pageId, fieldId, orderNum, isRequired, isReaded, isReseted, isRecorded, isShowed, layout, isValid, module)
VALUES ('a48c0481-5184-475d-a4bc-c8f0ecf472c6', '457317b9-270f-4747-9bef-439871ce60b1', '895d680a-b028-46bf-b175-8f72c5380ea9', 2, 'Y', 'N', NULL, NULL, 'Y', 'T', 'Y', NULL);
INSERT INTO sys_pagefield_rlt(id, pageId, fieldId, orderNum, isRequired, isReaded, isReseted, isRecorded, isShowed, layout, isValid, module)
VALUES ('19f5accf-d6c8-464a-ab57-36e1e695ba6a', '457317b9-270f-4747-9bef-439871ce60b1', '551d7388-2aa9-48e0-b9e5-213c8d11e805', 3, 'Y', 'N', NULL, NULL, 'Y', 'T', 'Y', NULL);
INSERT INTO sys_pagefield_rlt(id, pageId, fieldId, orderNum, isRequired, isReaded, isReseted, isRecorded, isShowed, layout, isValid, module)
VALUES ('894e793d-c2a1-4cf4-99f7-482fd7601711', '457317b9-270f-4747-9bef-439871ce60b1', '936e96d7-fbd0-43cf-9f8d-f37b3029a498', 4, 'Y', 'N', NULL, NULL, 'Y', 'T', 'Y', NULL);
INSERT INTO sys_pagefield_rlt(id, pageId, fieldId, orderNum, isRequired, isReaded, isReseted, isRecorded, isShowed, layout, isValid, module)
VALUES ('734b24a5-e630-4cc1-be54-3c9277d951bf', '457317b9-270f-4747-9bef-439871ce60b1', '5ee15dfb-1866-45b5-b28d-4614f6a601d4', 5, 'Y', 'N', NULL, NULL, 'Y', 'T', 'Y', NULL);
INSERT INTO sys_pagefield_rlt(id, pageId, fieldId, orderNum, isRequired, isReaded, isReseted, isRecorded, isShowed, layout, isValid, module)
VALUES ('19f7c2b9-2b26-4dca-ac6f-99101a432eec', '457317b9-270f-4747-9bef-439871ce60b1', '08ea44d3-ddb4-4e9b-b2e8-abdc24aa4907', 6, 'N', 'N', NULL, NULL, 'Y', 'F', 'Y', NULL);
INSERT INTO sys_pagefield_rlt(id, pageId, fieldId, orderNum, isRequired, isReaded, isReseted, isRecorded, isShowed, layout, isValid, module)
VALUES ('0be3dbb2-5b43-4213-8d80-3500a4ea8ac4', '457317b9-270f-4747-9bef-439871ce60b1', '68d50a42-29fe-498f-8892-fffebfce3c74', 7, 'N', 'N', NULL, NULL, 'Y', 'F', 'Y', NULL);
INSERT INTO sys_pagefield_rlt(id, pageId, fieldId, orderNum, isRequired, isReaded, isReseted, isRecorded, isShowed, layout, isValid, module)
VALUES ('f04e4aa9-f8a1-4af9-84a9-3667cd056960', '457317b9-270f-4747-9bef-439871ce60b1', 'ad32ada7-d173-423d-8bd5-62738e002364', 8, 'Y', 'N', NULL, NULL, 'Y', 'T', 'Y', NULL);
INSERT INTO sys_pagefield_rlt(id, pageId, fieldId, orderNum, isRequired, isReaded, isReseted, isRecorded, isShowed, layout, isValid, module)
VALUES ('a7e38831-fe41-4241-abe2-d633aab2eba8', '457317b9-270f-4747-9bef-439871ce60b1', '85779729-b68f-4ce0-b102-3e3e4ea74085', 9, 'N', 'N', NULL, NULL, 'Y', 'T', 'Y', NULL);
INSERT INTO sys_pagefield_rlt(id, pageId, fieldId, orderNum, isRequired, isReaded, isReseted, isRecorded, isShowed, layout, isValid, module)
VALUES ('df6b4034-b3d6-4f2b-99a7-0676ae91795b', '457317b9-270f-4747-9bef-439871ce60b1', 'dcc15e3d-3d73-4a6d-b79c-2ef7f18bf357', 10, 'N', 'N', NULL, NULL, 'Y', 'F', 'Y', NULL);
INSERT INTO sys_pagefield_rlt(id, pageId, fieldId, orderNum, isRequired, isReaded, isReseted, isRecorded, isShowed, layout, isValid, module)
VALUES ('baba25d8-f583-4151-b564-8593a5dcf5eb', '53efe267-cafc-4211-a0bd-d3766c6de14a', 'ea5d0b4b-7fc9-4a1e-bed9-44154705b07a', 1, 'N', 'Y', NULL, NULL, 'Y', 'F', 'Y', NULL);
INSERT INTO sys_pagefield_rlt(id, pageId, fieldId, orderNum, isRequired, isReaded, isReseted, isRecorded, isShowed, layout, isValid, module)
VALUES ('fa4af026-776e-4963-9f5e-a42e86357c4a', '53efe267-cafc-4211-a0bd-d3766c6de14a', '895d680a-b028-46bf-b175-8f72c5380ea9', 2, 'N', 'Y', NULL, NULL, 'Y', 'T', 'Y', NULL);
INSERT INTO sys_pagefield_rlt(id, pageId, fieldId, orderNum, isRequired, isReaded, isReseted, isRecorded, isShowed, layout, isValid, module)
VALUES ('23259b77-cdda-439e-8897-90d431cf55b2', '53efe267-cafc-4211-a0bd-d3766c6de14a', '551d7388-2aa9-48e0-b9e5-213c8d11e805', 3, 'N', 'Y', NULL, NULL, 'Y', 'T', 'Y', NULL);
INSERT INTO sys_pagefield_rlt(id, pageId, fieldId, orderNum, isRequired, isReaded, isReseted, isRecorded, isShowed, layout, isValid, module)
VALUES ('0e212871-59e4-4362-ba47-57f623123dd4', '53efe267-cafc-4211-a0bd-d3766c6de14a', '936e96d7-fbd0-43cf-9f8d-f37b3029a498', 4, 'N', 'Y', NULL, NULL, 'Y', 'T', 'Y', NULL);
INSERT INTO sys_pagefield_rlt(id, pageId, fieldId, orderNum, isRequired, isReaded, isReseted, isRecorded, isShowed, layout, isValid, module)
VALUES ('92e63582-ec99-4669-874f-06adf513450c', '53efe267-cafc-4211-a0bd-d3766c6de14a', '5ee15dfb-1866-45b5-b28d-4614f6a601d4', 5, 'N', 'Y', NULL, NULL, 'Y', 'T', 'Y', NULL);
INSERT INTO sys_pagefield_rlt(id, pageId, fieldId, orderNum, isRequired, isReaded, isReseted, isRecorded, isShowed, layout, isValid, module)
VALUES ('540758df-2a38-45f7-97df-d6fc1e6a07f0', '53efe267-cafc-4211-a0bd-d3766c6de14a', '08ea44d3-ddb4-4e9b-b2e8-abdc24aa4907', 6, 'N', 'Y', NULL, NULL, 'Y', 'F', 'Y', NULL);
INSERT INTO sys_pagefield_rlt(id, pageId, fieldId, orderNum, isRequired, isReaded, isReseted, isRecorded, isShowed, layout, isValid, module)
VALUES ('5f43f006-41c0-4d0e-b3eb-0eeac0f64ae8', '53efe267-cafc-4211-a0bd-d3766c6de14a', 'ad32ada7-d173-423d-8bd5-62738e002364', 7, 'Y', 'Y', NULL, NULL, 'Y', 'T', 'Y', NULL);
INSERT INTO sys_pagefield_rlt(id, pageId, fieldId, orderNum, isRequired, isReaded, isReseted, isRecorded, isShowed, layout, isValid, module)
VALUES ('dd6b129e-24eb-4650-acf1-27ba0fba598b', '53efe267-cafc-4211-a0bd-d3766c6de14a', '85779729-b68f-4ce0-b102-3e3e4ea74085', 8, 'N', 'Y', NULL, NULL, 'Y', 'T', 'Y', NULL);
INSERT INTO sys_pagefield_rlt(id, pageId, fieldId, orderNum, isRequired, isReaded, isReseted, isRecorded, isShowed, layout, isValid, module)
VALUES ('6f6696a0-7e34-4105-8b38-0152e0451b9d', '53efe267-cafc-4211-a0bd-d3766c6de14a', '9d401cae-2072-4078-9c75-bfdf5c0540cd', 9, 'N', 'Y', NULL, NULL, 'Y', 'T', 'Y', NULL);
INSERT INTO sys_pagefield_rlt(id, pageId, fieldId, orderNum, isRequired, isReaded, isReseted, isRecorded, isShowed, layout, isValid, module)
VALUES ('03743851-08a8-449d-bc2d-1d0570091aaf', '53efe267-cafc-4211-a0bd-d3766c6de14a', 'ed754c4c-6177-4adc-96d1-0cb4e9ecd76f', 10, 'N', 'Y', NULL, NULL, 'Y', 'T', 'Y', NULL);
INSERT INTO sys_pagefield_rlt(id, pageId, fieldId, orderNum, isRequired, isReaded, isReseted, isRecorded, isShowed, layout, isValid, module)
VALUES ('bfb13ed8-deff-4d7a-a7a3-55556a153aa9', '53efe267-cafc-4211-a0bd-d3766c6de14a', '7322379f-01ca-4a5f-87d2-91b810094ad3', 11, 'N', 'Y', NULL, NULL, 'Y', 'F', 'Y', NULL);
INSERT INTO sys_pagefield_rlt(id, pageId, fieldId, orderNum, isRequired, isReaded, isReseted, isRecorded, isShowed, layout, isValid, module)
VALUES ('a37abca3-e5fc-40bc-bf4d-2469077f2ad0', '53efe267-cafc-4211-a0bd-d3766c6de14a', 'dcc15e3d-3d73-4a6d-b79c-2ef7f18bf357', 12, 'N', 'Y', NULL, NULL, 'Y', 'F', 'Y', NULL);
INSERT INTO sys_pagefield_rlt(id, pageId, fieldId, orderNum, isRequired, isReaded, isReseted, isRecorded, isShowed, layout, isValid, module)
VALUES ('dd3f2385-0733-48b5-8fbc-0dc66b5d9486', '53efe267-cafc-4211-a0bd-d3766c6de14a', 'a731798e-0e66-47bf-b523-a6ab068ff431', 13, 'N', 'Y', NULL, NULL, 'Y', 'F', 'Y', NULL);
INSERT INTO sys_pagefield_rlt(id, pageId, fieldId, orderNum, isRequired, isReaded, isReseted, isRecorded, isShowed, layout, isValid, module)
VALUES ('59dd18de-97b2-44c5-b049-722b268924fb', '53efe267-cafc-4211-a0bd-d3766c6de14a', '46dbce80-3a5d-41a8-b9b5-d1939a7e6476', 14, 'N', 'Y', NULL, NULL, 'Y', 'F', 'Y', NULL);
INSERT INTO sys_pagefield_rlt(id, pageId, fieldId, orderNum, isRequired, isReaded, isReseted, isRecorded, isShowed, layout, isValid, module)
VALUES ('2d4f2fb1-0e0c-4f84-aa5c-5b926d7777d7', '602577ed-5fb6-4131-825e-2b77d35d70ea', 'ea5d0b4b-7fc9-4a1e-bed9-44154705b07a', 1, 'N', 'Y', NULL, NULL, 'Y', 'F', 'Y', NULL);
INSERT INTO sys_pagefield_rlt(id, pageId, fieldId, orderNum, isRequired, isReaded, isReseted, isRecorded, isShowed, layout, isValid, module)
VALUES ('ad63f35a-54d5-4648-9cd8-5f79ef8b0471', '602577ed-5fb6-4131-825e-2b77d35d70ea', '895d680a-b028-46bf-b175-8f72c5380ea9', 2, 'N', 'Y', NULL, NULL, 'Y', 'T', 'Y', NULL);
INSERT INTO sys_pagefield_rlt(id, pageId, fieldId, orderNum, isRequired, isReaded, isReseted, isRecorded, isShowed, layout, isValid, module)
VALUES ('32a2cdf9-9ec9-405d-a574-ed31c642adba', '602577ed-5fb6-4131-825e-2b77d35d70ea', '551d7388-2aa9-48e0-b9e5-213c8d11e805', 3, 'N', 'Y', NULL, NULL, 'Y', 'T', 'Y', NULL);
INSERT INTO sys_pagefield_rlt(id, pageId, fieldId, orderNum, isRequired, isReaded, isReseted, isRecorded, isShowed, layout, isValid, module)
VALUES ('89179c7f-5d9e-47e9-998c-22bd9476e361', '602577ed-5fb6-4131-825e-2b77d35d70ea', '936e96d7-fbd0-43cf-9f8d-f37b3029a498', 4, 'N', 'Y', NULL, NULL, 'Y', 'T', 'Y', NULL);
INSERT INTO sys_pagefield_rlt(id, pageId, fieldId, orderNum, isRequired, isReaded, isReseted, isRecorded, isShowed, layout, isValid, module)
VALUES ('7773fb16-c1a0-4a37-a0b8-54f9cf84ad74', '602577ed-5fb6-4131-825e-2b77d35d70ea', '5ee15dfb-1866-45b5-b28d-4614f6a601d4', 5, 'N', 'Y', NULL, NULL, 'Y', 'T', 'Y', NULL);
INSERT INTO sys_pagefield_rlt(id, pageId, fieldId, orderNum, isRequired, isReaded, isReseted, isRecorded, isShowed, layout, isValid, module)
VALUES ('cb16d6ee-f4fb-4672-ad4d-02054470675f', '602577ed-5fb6-4131-825e-2b77d35d70ea', '08ea44d3-ddb4-4e9b-b2e8-abdc24aa4907', 6, 'N', 'Y', NULL, NULL, 'Y', 'F', 'Y', NULL);
INSERT INTO sys_pagefield_rlt(id, pageId, fieldId, orderNum, isRequired, isReaded, isReseted, isRecorded, isShowed, layout, isValid, module)
VALUES ('31676df0-fb53-47e1-a5ba-a1f822d8128a', '602577ed-5fb6-4131-825e-2b77d35d70ea', 'ad32ada7-d173-423d-8bd5-62738e002364', 7, 'Y', 'N', NULL, NULL, 'Y', 'T', 'Y', NULL);
INSERT INTO sys_pagefield_rlt(id, pageId, fieldId, orderNum, isRequired, isReaded, isReseted, isRecorded, isShowed, layout, isValid, module)
VALUES ('1c319d6d-31ef-499f-9976-f554b93600f5', '602577ed-5fb6-4131-825e-2b77d35d70ea', '85779729-b68f-4ce0-b102-3e3e4ea74085', 8, 'N', 'N', NULL, NULL, 'Y', 'T', 'Y', NULL);
INSERT INTO sys_pagefield_rlt(id, pageId, fieldId, orderNum, isRequired, isReaded, isReseted, isRecorded, isShowed, layout, isValid, module)
VALUES ('c26e49ce-22a6-4b7f-935b-afb5365bac0c', '602577ed-5fb6-4131-825e-2b77d35d70ea', '9d401cae-2072-4078-9c75-bfdf5c0540cd', 9, 'N', 'Y', NULL, NULL, 'Y', 'T', 'Y', NULL);
INSERT INTO sys_pagefield_rlt(id, pageId, fieldId, orderNum, isRequired, isReaded, isReseted, isRecorded, isShowed, layout, isValid, module)
VALUES ('c896c890-3d56-402c-b8ea-a3289bc6d398', '602577ed-5fb6-4131-825e-2b77d35d70ea', 'ed754c4c-6177-4adc-96d1-0cb4e9ecd76f', 10, 'N', 'Y', NULL, NULL, 'Y', 'T', 'Y', NULL);
INSERT INTO sys_pagefield_rlt(id, pageId, fieldId, orderNum, isRequired, isReaded, isReseted, isRecorded, isShowed, layout, isValid, module)
VALUES ('f7f6c1d9-6ca3-4543-ab6f-8111db4b290b', '602577ed-5fb6-4131-825e-2b77d35d70ea', '7322379f-01ca-4a5f-87d2-91b810094ad3', 11, 'N', 'Y', NULL, NULL, 'Y', 'F', 'Y', NULL);
INSERT INTO sys_pagefield_rlt(id, pageId, fieldId, orderNum, isRequired, isReaded, isReseted, isRecorded, isShowed, layout, isValid, module)
VALUES ('4e30213b-37c3-4cf2-a192-bea5ae390ffc', '602577ed-5fb6-4131-825e-2b77d35d70ea', 'dcc15e3d-3d73-4a6d-b79c-2ef7f18bf357', 12, 'N', 'Y', NULL, NULL, 'Y', 'F', 'Y', NULL);
INSERT INTO sys_pagefield_rlt(id, pageId, fieldId, orderNum, isRequired, isReaded, isReseted, isRecorded, isShowed, layout, isValid, module)
VALUES ('a6d82b22-b301-4357-89c0-8f34803c6fe6', '602577ed-5fb6-4131-825e-2b77d35d70ea', 'a731798e-0e66-47bf-b523-a6ab068ff431', 13, 'N', 'Y', NULL, NULL, 'Y', 'F', 'Y', NULL);
INSERT INTO sys_pagefield_rlt(id, pageId, fieldId, orderNum, isRequired, isReaded, isReseted, isRecorded, isShowed, layout, isValid, module)
VALUES ('80cc83bc-29ac-4800-a78c-e49223e80896', '602577ed-5fb6-4131-825e-2b77d35d70ea', '46dbce80-3a5d-41a8-b9b5-d1939a7e6476', 14, 'N', 'N', NULL, NULL, 'Y', 'F', 'Y', NULL);
INSERT INTO sys_pagefield_rlt(id, pageId, fieldId, orderNum, isRequired, isReaded, isReseted, isRecorded, isShowed, layout, isValid, module)
VALUES ('f226fcd0-04e7-42c1-8ddc-7a4a84f398f2', '9a264951-0b9a-4f91-8bc7-995a20d6eed4', 'ea5d0b4b-7fc9-4a1e-bed9-44154705b07a', 1, 'N', 'Y', NULL, NULL, 'Y', 'F', 'Y', NULL);
INSERT INTO sys_pagefield_rlt(id, pageId, fieldId, orderNum, isRequired, isReaded, isReseted, isRecorded, isShowed, layout, isValid, module)
VALUES ('d169c0bb-6d9b-4a56-9ee6-6e2b1512b9a7', '9a264951-0b9a-4f91-8bc7-995a20d6eed4', '895d680a-b028-46bf-b175-8f72c5380ea9', 2, 'N', 'Y', NULL, NULL, 'Y', 'T', 'Y', NULL);
INSERT INTO sys_pagefield_rlt(id, pageId, fieldId, orderNum, isRequired, isReaded, isReseted, isRecorded, isShowed, layout, isValid, module)
VALUES ('0be4fa72-f35d-4e83-a100-db7d29002870', '9a264951-0b9a-4f91-8bc7-995a20d6eed4', '551d7388-2aa9-48e0-b9e5-213c8d11e805', 3, 'Y', 'N', NULL, NULL, 'Y', 'T', 'Y', NULL);
INSERT INTO sys_pagefield_rlt(id, pageId, fieldId, orderNum, isRequired, isReaded, isReseted, isRecorded, isShowed, layout, isValid, module)
VALUES ('2b1195c4-03ab-4788-a771-b51115be1377', '9a264951-0b9a-4f91-8bc7-995a20d6eed4', '936e96d7-fbd0-43cf-9f8d-f37b3029a498', 4, 'Y', 'N', NULL, NULL, 'Y', 'T', 'Y', NULL);
INSERT INTO sys_pagefield_rlt(id, pageId, fieldId, orderNum, isRequired, isReaded, isReseted, isRecorded, isShowed, layout, isValid, module)
VALUES ('77bb3eca-5103-4b12-ab0c-b075cb7d58ae', '9a264951-0b9a-4f91-8bc7-995a20d6eed4', '5ee15dfb-1866-45b5-b28d-4614f6a601d4', 5, 'Y', 'N', NULL, NULL, 'Y', 'T', 'Y', NULL);
INSERT INTO sys_pagefield_rlt(id, pageId, fieldId, orderNum, isRequired, isReaded, isReseted, isRecorded, isShowed, layout, isValid, module)
VALUES ('0170474d-07dc-4b76-935e-4679b7411b4e', '9a264951-0b9a-4f91-8bc7-995a20d6eed4', '08ea44d3-ddb4-4e9b-b2e8-abdc24aa4907', 6, 'N', 'N', NULL, NULL, 'Y', 'F', 'Y', NULL);
INSERT INTO sys_pagefield_rlt(id, pageId, fieldId, orderNum, isRequired, isReaded, isReseted, isRecorded, isShowed, layout, isValid, module)
VALUES ('8192de93-932b-4f13-8cae-a77529afa0e0', '9a264951-0b9a-4f91-8bc7-995a20d6eed4', 'ad32ada7-d173-423d-8bd5-62738e002364', 7, 'Y', 'N', NULL, NULL, 'Y', 'T', 'Y', NULL);
INSERT INTO sys_pagefield_rlt(id, pageId, fieldId, orderNum, isRequired, isReaded, isReseted, isRecorded, isShowed, layout, isValid, module)
VALUES ('8479c6ea-51c8-4e34-a69c-c6b1b43b8131', '9a264951-0b9a-4f91-8bc7-995a20d6eed4', '85779729-b68f-4ce0-b102-3e3e4ea74085', 8, 'N', 'N', NULL, NULL, 'Y', 'T', 'Y', NULL);
INSERT INTO sys_pagefield_rlt(id, pageId, fieldId, orderNum, isRequired, isReaded, isReseted, isRecorded, isShowed, layout, isValid, module)
VALUES ('0bb636fc-7763-49ac-8b2c-cd7bd75f082f', '9a264951-0b9a-4f91-8bc7-995a20d6eed4', '9d401cae-2072-4078-9c75-bfdf5c0540cd', 9, 'N', 'Y', NULL, NULL, 'Y', 'T', 'Y', NULL);
INSERT INTO sys_pagefield_rlt(id, pageId, fieldId, orderNum, isRequired, isReaded, isReseted, isRecorded, isShowed, layout, isValid, module)
VALUES ('3aea21ed-68c0-4165-90ac-5d7106fda95a', '9a264951-0b9a-4f91-8bc7-995a20d6eed4', 'ed754c4c-6177-4adc-96d1-0cb4e9ecd76f', 10, 'N', 'Y', NULL, NULL, 'Y', 'T', 'Y', NULL);
INSERT INTO sys_pagefield_rlt(id, pageId, fieldId, orderNum, isRequired, isReaded, isReseted, isRecorded, isShowed, layout, isValid, module)
VALUES ('40fd228a-8ff7-45b7-ae3c-a3977e3a3807', '9a264951-0b9a-4f91-8bc7-995a20d6eed4', '7322379f-01ca-4a5f-87d2-91b810094ad3', 11, 'N', 'Y', NULL, NULL, 'Y', 'F', 'Y', NULL);
INSERT INTO sys_pagefield_rlt(id, pageId, fieldId, orderNum, isRequired, isReaded, isReseted, isRecorded, isShowed, layout, isValid, module)
VALUES ('5d13ac54-6f42-4c31-87bd-20a8720ece30', '9a264951-0b9a-4f91-8bc7-995a20d6eed4', 'dcc15e3d-3d73-4a6d-b79c-2ef7f18bf357', 12, 'N', 'Y', NULL, NULL, 'Y', 'F', 'Y', NULL);
INSERT INTO sys_pagefield_rlt(id, pageId, fieldId, orderNum, isRequired, isReaded, isReseted, isRecorded, isShowed, layout, isValid, module)
VALUES ('786fb52d-31ac-4c46-8eb4-2b35e3558533', '9a264951-0b9a-4f91-8bc7-995a20d6eed4', 'a731798e-0e66-47bf-b523-a6ab068ff431', 13, 'N', 'Y', NULL, NULL, 'Y', 'F', 'Y', NULL);
INSERT INTO sys_pagefield_rlt(id, pageId, fieldId, orderNum, isRequired, isReaded, isReseted, isRecorded, isShowed, layout, isValid, module)
VALUES ('02179fab-00c9-466a-afae-dcc16859c8c5', '9a264951-0b9a-4f91-8bc7-995a20d6eed4', '46dbce80-3a5d-41a8-b9b5-d1939a7e6476', 14, 'N', 'N', NULL, NULL, 'Y', 'F', 'Y', NULL);
INSERT INTO sys_pagefield_rlt(id, pageId, fieldId, orderNum, isRequired, isReaded, isReseted, isRecorded, isShowed, layout, isValid, module)
VALUES ('c97b9d4d-0694-4317-8974-a02a63dd9f17', 'ade990e3-2b6b-448c-a349-0b706e2ccf6e', 'ea5d0b4b-7fc9-4a1e-bed9-44154705b07a', 1, 'N', 'Y', NULL, NULL, 'Y', 'F', 'Y', NULL);
INSERT INTO sys_pagefield_rlt(id, pageId, fieldId, orderNum, isRequired, isReaded, isReseted, isRecorded, isShowed, layout, isValid, module)
VALUES ('8611e480-7f9f-45de-979f-5c0df6680801', 'ade990e3-2b6b-448c-a349-0b706e2ccf6e', '895d680a-b028-46bf-b175-8f72c5380ea9', 2, 'N', 'Y', NULL, NULL, 'Y', 'T', 'Y', NULL);
INSERT INTO sys_pagefield_rlt(id, pageId, fieldId, orderNum, isRequired, isReaded, isReseted, isRecorded, isShowed, layout, isValid, module)
VALUES ('556b74c2-2f3f-4d6f-a765-d993d7b6ac04', 'ade990e3-2b6b-448c-a349-0b706e2ccf6e', '551d7388-2aa9-48e0-b9e5-213c8d11e805', 3, 'Y', 'Y', NULL, NULL, 'Y', 'T', 'Y', NULL);
INSERT INTO sys_pagefield_rlt(id, pageId, fieldId, orderNum, isRequired, isReaded, isReseted, isRecorded, isShowed, layout, isValid, module)
VALUES ('b07882df-e089-48da-a3f4-e16a97ed3b00', 'ade990e3-2b6b-448c-a349-0b706e2ccf6e', '936e96d7-fbd0-43cf-9f8d-f37b3029a498', 4, 'Y', 'Y', NULL, NULL, 'Y', 'T', 'Y', NULL);
INSERT INTO sys_pagefield_rlt(id, pageId, fieldId, orderNum, isRequired, isReaded, isReseted, isRecorded, isShowed, layout, isValid, module)
VALUES ('da8d218b-a628-4182-85b4-69cf065d6939', 'ade990e3-2b6b-448c-a349-0b706e2ccf6e', '5ee15dfb-1866-45b5-b28d-4614f6a601d4', 5, 'Y', 'Y', NULL, NULL, 'Y', 'T', 'Y', NULL);
INSERT INTO sys_pagefield_rlt(id, pageId, fieldId, orderNum, isRequired, isReaded, isReseted, isRecorded, isShowed, layout, isValid, module)
VALUES ('b689d31b-6645-495e-86df-c86ccb989c9f', 'ade990e3-2b6b-448c-a349-0b706e2ccf6e', '08ea44d3-ddb4-4e9b-b2e8-abdc24aa4907', 6, 'N', 'Y', NULL, NULL, 'Y', 'F', 'Y', NULL);
INSERT INTO sys_pagefield_rlt(id, pageId, fieldId, orderNum, isRequired, isReaded, isReseted, isRecorded, isShowed, layout, isValid, module)
VALUES ('d801352b-8e97-4685-9018-8ad1e4e9bd6e', 'ade990e3-2b6b-448c-a349-0b706e2ccf6e', 'ad32ada7-d173-423d-8bd5-62738e002364', 7, 'Y', 'Y', NULL, NULL, 'Y', 'T', 'Y', NULL);
INSERT INTO sys_pagefield_rlt(id, pageId, fieldId, orderNum, isRequired, isReaded, isReseted, isRecorded, isShowed, layout, isValid, module)
VALUES ('e22a1717-c92a-4245-b9d0-bdbf5d60bf52', 'ade990e3-2b6b-448c-a349-0b706e2ccf6e', '85779729-b68f-4ce0-b102-3e3e4ea74085', 8, 'N', 'Y', NULL, NULL, 'Y', 'T', 'Y', NULL);
INSERT INTO sys_pagefield_rlt(id, pageId, fieldId, orderNum, isRequired, isReaded, isReseted, isRecorded, isShowed, layout, isValid, module)
VALUES ('2fafd7af-cef8-4711-ac7d-001912353d4a', 'ade990e3-2b6b-448c-a349-0b706e2ccf6e', '9d401cae-2072-4078-9c75-bfdf5c0540cd', 9, 'N', 'Y', NULL, NULL, 'Y', 'T', 'Y', NULL);
INSERT INTO sys_pagefield_rlt(id, pageId, fieldId, orderNum, isRequired, isReaded, isReseted, isRecorded, isShowed, layout, isValid, module)
VALUES ('e074e787-1679-4fe0-98e9-61e6cb99a4d8', 'ade990e3-2b6b-448c-a349-0b706e2ccf6e', 'ed754c4c-6177-4adc-96d1-0cb4e9ecd76f', 10, 'N', 'Y', NULL, NULL, 'Y', 'T', 'Y', NULL);
INSERT INTO sys_pagefield_rlt(id, pageId, fieldId, orderNum, isRequired, isReaded, isReseted, isRecorded, isShowed, layout, isValid, module)
VALUES ('eb07494b-9783-489e-b934-7038aa764889', 'ade990e3-2b6b-448c-a349-0b706e2ccf6e', '7322379f-01ca-4a5f-87d2-91b810094ad3', 11, 'N', 'Y', NULL, NULL, 'Y', 'F', 'Y', NULL);
INSERT INTO sys_pagefield_rlt(id, pageId, fieldId, orderNum, isRequired, isReaded, isReseted, isRecorded, isShowed, layout, isValid, module)
VALUES ('7a6a3737-924c-4415-b836-c91f8babecac', 'ade990e3-2b6b-448c-a349-0b706e2ccf6e', 'dcc15e3d-3d73-4a6d-b79c-2ef7f18bf357', 12, 'N', 'Y', NULL, NULL, 'Y', 'F', 'Y', NULL);
INSERT INTO sys_pagefield_rlt(id, pageId, fieldId, orderNum, isRequired, isReaded, isReseted, isRecorded, isShowed, layout, isValid, module)
VALUES ('4f606320-709f-4adb-88e0-13715a083898', 'ade990e3-2b6b-448c-a349-0b706e2ccf6e', 'a731798e-0e66-47bf-b523-a6ab068ff431', 13, 'N', 'Y', NULL, NULL, 'Y', 'F', 'Y', NULL);
INSERT INTO sys_pagefield_rlt(id, pageId, fieldId, orderNum, isRequired, isReaded, isReseted, isRecorded, isShowed, layout, isValid, module)
VALUES ('7e49d408-bb2d-4ecf-aec1-3a3bed2e6afa', 'ade990e3-2b6b-448c-a349-0b706e2ccf6e', '46dbce80-3a5d-41a8-b9b5-d1939a7e6476', 14, 'N', 'Y', NULL, NULL, 'Y', 'F', 'Y', NULL);
INSERT INTO sys_pagefield_rlt(id, pageId, fieldId, orderNum, isRequired, isReaded, isReseted, isRecorded, isShowed, layout, isValid, module)
VALUES ('8e3f9835-0e25-4716-a5b8-79685836d109', 'b7ccc1a1-aa73-4be9-bb13-5d6e28cdc0b7', 'ea5d0b4b-7fc9-4a1e-bed9-44154705b07a', 1, 'N', 'Y', NULL, NULL, 'Y', 'F', 'Y', NULL);
INSERT INTO sys_pagefield_rlt(id, pageId, fieldId, orderNum, isRequired, isReaded, isReseted, isRecorded, isShowed, layout, isValid, module)
VALUES ('978e35cd-9d01-4c7c-8bfa-f2196a3b3c52', 'b7ccc1a1-aa73-4be9-bb13-5d6e28cdc0b7', '895d680a-b028-46bf-b175-8f72c5380ea9', 2, 'N', 'Y', NULL, NULL, 'Y', 'T', 'Y', NULL);
INSERT INTO sys_pagefield_rlt(id, pageId, fieldId, orderNum, isRequired, isReaded, isReseted, isRecorded, isShowed, layout, isValid, module)
VALUES ('d1a8c892-2389-4147-9832-536adadd30b6', 'b7ccc1a1-aa73-4be9-bb13-5d6e28cdc0b7', '551d7388-2aa9-48e0-b9e5-213c8d11e805', 3, 'Y', 'N', NULL, NULL, 'Y', 'T', 'Y', NULL);
INSERT INTO sys_pagefield_rlt(id, pageId, fieldId, orderNum, isRequired, isReaded, isReseted, isRecorded, isShowed, layout, isValid, module)
VALUES ('3ffb4dbb-6cbc-4e4e-92f7-8774484279fc', 'b7ccc1a1-aa73-4be9-bb13-5d6e28cdc0b7', '936e96d7-fbd0-43cf-9f8d-f37b3029a498', 4, 'Y', 'N', NULL, NULL, 'Y', 'T', 'Y', NULL);
INSERT INTO sys_pagefield_rlt(id, pageId, fieldId, orderNum, isRequired, isReaded, isReseted, isRecorded, isShowed, layout, isValid, module)
VALUES ('1fa0cce9-f6a5-4412-a160-73b06578fd03', 'b7ccc1a1-aa73-4be9-bb13-5d6e28cdc0b7', '5ee15dfb-1866-45b5-b28d-4614f6a601d4', 5, 'Y', 'N', NULL, NULL, 'Y', 'T', 'Y', NULL);
INSERT INTO sys_pagefield_rlt(id, pageId, fieldId, orderNum, isRequired, isReaded, isReseted, isRecorded, isShowed, layout, isValid, module)
VALUES ('c495603b-1665-4d82-9bc0-afbc99ce93a1', 'b7ccc1a1-aa73-4be9-bb13-5d6e28cdc0b7', '08ea44d3-ddb4-4e9b-b2e8-abdc24aa4907', 6, 'N', 'N', NULL, NULL, 'Y', 'F', 'Y', NULL);
INSERT INTO sys_pagefield_rlt(id, pageId, fieldId, orderNum, isRequired, isReaded, isReseted, isRecorded, isShowed, layout, isValid, module)
VALUES ('5fd4d74c-795d-4d45-9636-1454537ec6f5', 'b7ccc1a1-aa73-4be9-bb13-5d6e28cdc0b7', 'ad32ada7-d173-423d-8bd5-62738e002364', 7, 'Y', 'N', NULL, NULL, 'Y', 'T', 'Y', NULL);
INSERT INTO sys_pagefield_rlt(id, pageId, fieldId, orderNum, isRequired, isReaded, isReseted, isRecorded, isShowed, layout, isValid, module)
VALUES ('665fbf19-4a13-4d1a-87cf-866c47653e33', 'b7ccc1a1-aa73-4be9-bb13-5d6e28cdc0b7', '85779729-b68f-4ce0-b102-3e3e4ea74085', 8, 'N', 'N', NULL, NULL, 'Y', 'T', 'Y', NULL);
INSERT INTO sys_pagefield_rlt(id, pageId, fieldId, orderNum, isRequired, isReaded, isReseted, isRecorded, isShowed, layout, isValid, module)
VALUES ('e13afaec-f836-4c1e-9609-5528961f105f', 'b7ccc1a1-aa73-4be9-bb13-5d6e28cdc0b7', '9d401cae-2072-4078-9c75-bfdf5c0540cd', 9, 'N', 'Y', NULL, NULL, 'Y', 'T', 'Y', NULL);
INSERT INTO sys_pagefield_rlt(id, pageId, fieldId, orderNum, isRequired, isReaded, isReseted, isRecorded, isShowed, layout, isValid, module)
VALUES ('79877c42-52e4-4861-9f77-3e4134cc9997', 'b7ccc1a1-aa73-4be9-bb13-5d6e28cdc0b7', 'ed754c4c-6177-4adc-96d1-0cb4e9ecd76f', 10, 'N', 'Y', NULL, NULL, 'Y', 'T', 'Y', NULL);
INSERT INTO sys_pagefield_rlt(id, pageId, fieldId, orderNum, isRequired, isReaded, isReseted, isRecorded, isShowed, layout, isValid, module)
VALUES ('630f8e54-5a3c-4199-bb67-376c0f94a868', 'b7ccc1a1-aa73-4be9-bb13-5d6e28cdc0b7', '7322379f-01ca-4a5f-87d2-91b810094ad3', 11, 'N', 'Y', NULL, NULL, 'Y', 'F', 'Y', NULL);
INSERT INTO sys_pagefield_rlt(id, pageId, fieldId, orderNum, isRequired, isReaded, isReseted, isRecorded, isShowed, layout, isValid, module)
VALUES ('b0f3142d-167a-42ef-ae8a-1cb790c45c61', 'b7ccc1a1-aa73-4be9-bb13-5d6e28cdc0b7', 'dcc15e3d-3d73-4a6d-b79c-2ef7f18bf357', 12, 'N', 'Y', NULL, NULL, 'Y', 'F', 'Y', NULL);
INSERT INTO sys_pagefield_rlt(id, pageId, fieldId, orderNum, isRequired, isReaded, isReseted, isRecorded, isShowed, layout, isValid, module)
VALUES ('27c6c051-fb61-4445-93d0-766a39b3e29d', 'b7ccc1a1-aa73-4be9-bb13-5d6e28cdc0b7', 'a731798e-0e66-47bf-b523-a6ab068ff431', 13, 'N', 'Y', NULL, NULL, 'Y', 'F', 'Y', NULL);
INSERT INTO sys_pagefield_rlt(id, pageId, fieldId, orderNum, isRequired, isReaded, isReseted, isRecorded, isShowed, layout, isValid, module)
VALUES ('0e5aa184-69e6-4b09-96e8-47615ed59183', 'b7ccc1a1-aa73-4be9-bb13-5d6e28cdc0b7', '46dbce80-3a5d-41a8-b9b5-d1939a7e6476', 14, 'N', 'N', NULL, NULL, 'Y', 'F', 'Y', NULL);
INSERT INTO sys_pagefield_rlt(id, pageId, fieldId, orderNum, isRequired, isReaded, isReseted, isRecorded, isShowed, layout, isValid, module)
VALUES ('59e15b44-e326-4137-9a33-1d915ddf6b1c', 'c04ed040-e350-452c-9b5f-41dae78230a6', 'ea5d0b4b-7fc9-4a1e-bed9-44154705b07a', 1, 'N', 'Y', NULL, NULL, 'Y', 'F', 'Y', NULL);
INSERT INTO sys_pagefield_rlt(id, pageId, fieldId, orderNum, isRequired, isReaded, isReseted, isRecorded, isShowed, layout, isValid, module)
VALUES ('2c536c81-df60-4e1b-9c0f-d50958c17ad8', 'c04ed040-e350-452c-9b5f-41dae78230a6', '895d680a-b028-46bf-b175-8f72c5380ea9', 2, 'N', 'Y', NULL, NULL, 'Y', 'T', 'Y', NULL);
INSERT INTO sys_pagefield_rlt(id, pageId, fieldId, orderNum, isRequired, isReaded, isReseted, isRecorded, isShowed, layout, isValid, module)
VALUES ('3f371e5b-f392-45c0-840f-eaecd87ef4a1', 'c04ed040-e350-452c-9b5f-41dae78230a6', '551d7388-2aa9-48e0-b9e5-213c8d11e805', 3, 'Y', 'Y', NULL, NULL, 'Y', 'T', 'Y', NULL);
INSERT INTO sys_pagefield_rlt(id, pageId, fieldId, orderNum, isRequired, isReaded, isReseted, isRecorded, isShowed, layout, isValid, module)
VALUES ('14a227ac-22c0-4246-8c56-db984ced1129', 'c04ed040-e350-452c-9b5f-41dae78230a6', '936e96d7-fbd0-43cf-9f8d-f37b3029a498', 4, 'Y', 'Y', NULL, NULL, 'Y', 'T', 'Y', NULL);
INSERT INTO sys_pagefield_rlt(id, pageId, fieldId, orderNum, isRequired, isReaded, isReseted, isRecorded, isShowed, layout, isValid, module)
VALUES ('936d71eb-fd85-46e9-b374-3fd0a6e9a59e', 'c04ed040-e350-452c-9b5f-41dae78230a6', '5ee15dfb-1866-45b5-b28d-4614f6a601d4', 5, 'Y', 'Y', NULL, NULL, 'Y', 'T', 'Y', NULL);
INSERT INTO sys_pagefield_rlt(id, pageId, fieldId, orderNum, isRequired, isReaded, isReseted, isRecorded, isShowed, layout, isValid, module)
VALUES ('394e3d17-3f7d-4e31-9a95-f5f778f2458f', 'c04ed040-e350-452c-9b5f-41dae78230a6', '08ea44d3-ddb4-4e9b-b2e8-abdc24aa4907', 6, 'N', 'Y', NULL, NULL, 'Y', 'F', 'Y', NULL);
INSERT INTO sys_pagefield_rlt(id, pageId, fieldId, orderNum, isRequired, isReaded, isReseted, isRecorded, isShowed, layout, isValid, module)
VALUES ('8f6844e7-6545-45f1-a137-35b736dca2fa', 'c04ed040-e350-452c-9b5f-41dae78230a6', 'ad32ada7-d173-423d-8bd5-62738e002364', 7, 'N', 'Y', NULL, NULL, 'Y', 'T', 'Y', NULL);
INSERT INTO sys_pagefield_rlt(id, pageId, fieldId, orderNum, isRequired, isReaded, isReseted, isRecorded, isShowed, layout, isValid, module)
VALUES ('5a568af2-d097-4b52-92d8-75e0bb73e77d', 'c04ed040-e350-452c-9b5f-41dae78230a6', '85779729-b68f-4ce0-b102-3e3e4ea74085', 8, 'N', 'Y', NULL, NULL, 'Y', 'T', 'Y', NULL);
INSERT INTO sys_pagefield_rlt(id, pageId, fieldId, orderNum, isRequired, isReaded, isReseted, isRecorded, isShowed, layout, isValid, module)
VALUES ('1796a1d1-5633-4fe7-9c10-c8eef2b1a3d3', 'c04ed040-e350-452c-9b5f-41dae78230a6', '9d401cae-2072-4078-9c75-bfdf5c0540cd', 9, 'Y', 'Y', NULL, NULL, 'Y', 'T', 'Y', NULL);
INSERT INTO sys_pagefield_rlt(id, pageId, fieldId, orderNum, isRequired, isReaded, isReseted, isRecorded, isShowed, layout, isValid, module)
VALUES ('11b60937-8e1e-42a9-bfdd-0f61fe93c2d5', 'c04ed040-e350-452c-9b5f-41dae78230a6', 'ed754c4c-6177-4adc-96d1-0cb4e9ecd76f', 10, 'Y', 'Y', NULL, NULL, 'Y', 'T', 'Y', NULL);
INSERT INTO sys_pagefield_rlt(id, pageId, fieldId, orderNum, isRequired, isReaded, isReseted, isRecorded, isShowed, layout, isValid, module)
VALUES ('b1c6c5a5-8130-4385-8c74-eb891286778e', 'c04ed040-e350-452c-9b5f-41dae78230a6', '7322379f-01ca-4a5f-87d2-91b810094ad3', 11, 'N', 'Y', NULL, NULL, 'Y', 'F', 'Y', NULL);
INSERT INTO sys_pagefield_rlt(id, pageId, fieldId, orderNum, isRequired, isReaded, isReseted, isRecorded, isShowed, layout, isValid, module)
VALUES ('bd9f03fa-41c7-4630-b00c-3a6317d060ae', 'c04ed040-e350-452c-9b5f-41dae78230a6', 'dcc15e3d-3d73-4a6d-b79c-2ef7f18bf357', 12, 'N', 'Y', NULL, NULL, 'Y', 'F', 'Y', NULL);
INSERT INTO sys_pagefield_rlt(id, pageId, fieldId, orderNum, isRequired, isReaded, isReseted, isRecorded, isShowed, layout, isValid, module)
VALUES ('69035de1-17d2-4ba5-b066-dde472a7027a', 'c04ed040-e350-452c-9b5f-41dae78230a6', 'a731798e-0e66-47bf-b523-a6ab068ff431', 13, 'Y', 'Y', NULL, NULL, 'Y', 'F', 'Y', NULL);
INSERT INTO sys_pagefield_rlt(id, pageId, fieldId, orderNum, isRequired, isReaded, isReseted, isRecorded, isShowed, layout, isValid, module)
VALUES ('b55d2253-eaf7-4c17-a765-94ab2b626ee3', 'ed3a8b15-8411-4fae-9653-1db2c2eb7c14', 'ea5d0b4b-7fc9-4a1e-bed9-44154705b07a', 1, 'N', 'Y', NULL, NULL, 'Y', 'F', 'Y', NULL);
INSERT INTO sys_pagefield_rlt(id, pageId, fieldId, orderNum, isRequired, isReaded, isReseted, isRecorded, isShowed, layout, isValid, module)
VALUES ('b4786969-26d2-44e5-990c-8451f16455ba', 'ed3a8b15-8411-4fae-9653-1db2c2eb7c14', '895d680a-b028-46bf-b175-8f72c5380ea9', 2, 'N', 'Y', NULL, NULL, 'Y', 'T', 'Y', NULL);
INSERT INTO sys_pagefield_rlt(id, pageId, fieldId, orderNum, isRequired, isReaded, isReseted, isRecorded, isShowed, layout, isValid, module)
VALUES ('12b5fcfe-2583-4441-8d3b-21540e6a1c4a', 'ed3a8b15-8411-4fae-9653-1db2c2eb7c14', '551d7388-2aa9-48e0-b9e5-213c8d11e805', 3, 'Y', 'N', NULL, NULL, 'Y', 'T', 'Y', NULL);
INSERT INTO sys_pagefield_rlt(id, pageId, fieldId, orderNum, isRequired, isReaded, isReseted, isRecorded, isShowed, layout, isValid, module)
VALUES ('2c4dfd5f-c1b4-4e44-895d-41a167090acd', 'ed3a8b15-8411-4fae-9653-1db2c2eb7c14', '936e96d7-fbd0-43cf-9f8d-f37b3029a498', 4, 'Y', 'N', NULL, NULL, 'Y', 'T', 'Y', NULL);
INSERT INTO sys_pagefield_rlt(id, pageId, fieldId, orderNum, isRequired, isReaded, isReseted, isRecorded, isShowed, layout, isValid, module)
VALUES ('e3ea5a36-c673-40e1-85e6-e00293f26a85', 'ed3a8b15-8411-4fae-9653-1db2c2eb7c14', '5ee15dfb-1866-45b5-b28d-4614f6a601d4', 5, 'Y', 'N', NULL, NULL, 'Y', 'T', 'Y', NULL);
INSERT INTO sys_pagefield_rlt(id, pageId, fieldId, orderNum, isRequired, isReaded, isReseted, isRecorded, isShowed, layout, isValid, module)
VALUES ('2dcbd8f7-34fd-4e9e-a8fa-a7e6630c024b', 'ed3a8b15-8411-4fae-9653-1db2c2eb7c14', '08ea44d3-ddb4-4e9b-b2e8-abdc24aa4907', 6, 'N', 'N', NULL, NULL, 'Y', 'F', 'Y', NULL);
INSERT INTO sys_pagefield_rlt(id, pageId, fieldId, orderNum, isRequired, isReaded, isReseted, isRecorded, isShowed, layout, isValid, module)
VALUES ('053959e8-b47d-40e5-832d-7a56f3b522b2', 'ed3a8b15-8411-4fae-9653-1db2c2eb7c14', 'ad32ada7-d173-423d-8bd5-62738e002364', 7, 'Y', 'N', NULL, NULL, 'Y', 'T', 'Y', NULL);
INSERT INTO sys_pagefield_rlt(id, pageId, fieldId, orderNum, isRequired, isReaded, isReseted, isRecorded, isShowed, layout, isValid, module)
VALUES ('9dd54e16-9272-47c9-a8f4-e1d3c3912e14', 'ed3a8b15-8411-4fae-9653-1db2c2eb7c14', '85779729-b68f-4ce0-b102-3e3e4ea74085', 8, 'N', 'N', NULL, NULL, 'Y', 'T', 'Y', NULL);
INSERT INTO sys_pagefield_rlt(id, pageId, fieldId, orderNum, isRequired, isReaded, isReseted, isRecorded, isShowed, layout, isValid, module)
VALUES ('c18ec870-f470-4a82-aa6f-6ab40913076d', 'ed3a8b15-8411-4fae-9653-1db2c2eb7c14', '9d401cae-2072-4078-9c75-bfdf5c0540cd', 9, 'N', 'Y', NULL, NULL, 'Y', 'T', 'Y', NULL);
INSERT INTO sys_pagefield_rlt(id, pageId, fieldId, orderNum, isRequired, isReaded, isReseted, isRecorded, isShowed, layout, isValid, module)
VALUES ('fd037cea-4883-4c13-8880-0a06f038cba3', 'ed3a8b15-8411-4fae-9653-1db2c2eb7c14', 'ed754c4c-6177-4adc-96d1-0cb4e9ecd76f', 10, 'N', 'Y', NULL, NULL, 'Y', 'T', 'Y', NULL);
INSERT INTO sys_pagefield_rlt(id, pageId, fieldId, orderNum, isRequired, isReaded, isReseted, isRecorded, isShowed, layout, isValid, module)
VALUES ('5f8bd29b-5ecb-4746-94bf-5f2fe9bc6ae9', 'ed3a8b15-8411-4fae-9653-1db2c2eb7c14', '7322379f-01ca-4a5f-87d2-91b810094ad3', 11, 'N', 'Y', NULL, NULL, 'Y', 'F', 'Y', NULL);
INSERT INTO sys_pagefield_rlt(id, pageId, fieldId, orderNum, isRequired, isReaded, isReseted, isRecorded, isShowed, layout, isValid, module)
VALUES ('96de1fa0-b37b-41ac-a42e-69eb05893e44', 'ed3a8b15-8411-4fae-9653-1db2c2eb7c14', 'dcc15e3d-3d73-4a6d-b79c-2ef7f18bf357', 12, 'N', 'Y', NULL, NULL, 'Y', 'F', 'Y', NULL);
INSERT INTO sys_pagefield_rlt(id, pageId, fieldId, orderNum, isRequired, isReaded, isReseted, isRecorded, isShowed, layout, isValid, module)
VALUES ('dfd267a2-4977-47a1-83bb-a39d129d2011', 'ed3a8b15-8411-4fae-9653-1db2c2eb7c14', 'a731798e-0e66-47bf-b523-a6ab068ff431', 13, 'N', 'Y', NULL, NULL, 'Y', 'F', 'Y', NULL);
INSERT INTO sys_pagefield_rlt(id, pageId, fieldId, orderNum, isRequired, isReaded, isReseted, isRecorded, isShowed, layout, isValid, module)
VALUES ('7bb6c9b3-5dda-4d01-96fa-5f86b6962135', 'ed3a8b15-8411-4fae-9653-1db2c2eb7c14', '46dbce80-3a5d-41a8-b9b5-d1939a7e6476', 14, 'N', 'N', NULL, NULL, 'Y', 'F', 'Y', NULL);
INSERT INTO sys_pagefield_rlt(id, pageId, fieldId, orderNum, isRequired, isReaded, isReseted, isRecorded, isShowed, layout, isValid, module)
VALUES ('74c5eaf5-7a87-4269-9167-348b36a335df', 'f5b0e6e2-8392-4297-8e04-590ff60a6660', 'ea5d0b4b-7fc9-4a1e-bed9-44154705b07a', 1, 'Y', 'Y', NULL, NULL, 'Y', 'F', 'Y', NULL);
INSERT INTO sys_pagefield_rlt(id, pageId, fieldId, orderNum, isRequired, isReaded, isReseted, isRecorded, isShowed, layout, isValid, module)
VALUES ('41c198d5-ecfa-40fc-b82d-b03f97fd87b0', 'f5b0e6e2-8392-4297-8e04-590ff60a6660', '895d680a-b028-46bf-b175-8f72c5380ea9', 2, 'Y', 'Y', NULL, NULL, 'Y', 'T', 'Y', NULL);
INSERT INTO sys_pagefield_rlt(id, pageId, fieldId, orderNum, isRequired, isReaded, isReseted, isRecorded, isShowed, layout, isValid, module)
VALUES ('f3e9e861-871a-4767-a23d-f9577bb1e50d', 'f5b0e6e2-8392-4297-8e04-590ff60a6660', '551d7388-2aa9-48e0-b9e5-213c8d11e805', 3, 'Y', 'Y', NULL, NULL, 'Y', 'T', 'Y', NULL);
INSERT INTO sys_pagefield_rlt(id, pageId, fieldId, orderNum, isRequired, isReaded, isReseted, isRecorded, isShowed, layout, isValid, module)
VALUES ('f4776b72-18e4-48bd-b9a1-0c05b4114ad1', 'f5b0e6e2-8392-4297-8e04-590ff60a6660', '936e96d7-fbd0-43cf-9f8d-f37b3029a498', 4, 'Y', 'Y', NULL, NULL, 'Y', 'T', 'Y', NULL);
INSERT INTO sys_pagefield_rlt(id, pageId, fieldId, orderNum, isRequired, isReaded, isReseted, isRecorded, isShowed, layout, isValid, module)
VALUES ('b8a96d48-2d25-4509-9066-4e62a5c38432', 'f5b0e6e2-8392-4297-8e04-590ff60a6660', '5ee15dfb-1866-45b5-b28d-4614f6a601d4', 5, 'Y', 'Y', NULL, NULL, 'Y', 'T', 'Y', NULL);
INSERT INTO sys_pagefield_rlt(id, pageId, fieldId, orderNum, isRequired, isReaded, isReseted, isRecorded, isShowed, layout, isValid, module)
VALUES ('f2306e53-1365-479c-90bc-7a9989da2cd3', 'f5b0e6e2-8392-4297-8e04-590ff60a6660', '08ea44d3-ddb4-4e9b-b2e8-abdc24aa4907', 6, 'N', 'Y', NULL, NULL, 'Y', 'F', 'Y', NULL);
INSERT INTO sys_pagefield_rlt(id, pageId, fieldId, orderNum, isRequired, isReaded, isReseted, isRecorded, isShowed, layout, isValid, module)
VALUES ('74890420-e073-4f1f-aafb-934d4d6b74aa', 'f5b0e6e2-8392-4297-8e04-590ff60a6660', 'ad32ada7-d173-423d-8bd5-62738e002364', 7, 'Y', 'Y', NULL, NULL, 'Y', 'T', 'Y', NULL);
INSERT INTO sys_pagefield_rlt(id, pageId, fieldId, orderNum, isRequired, isReaded, isReseted, isRecorded, isShowed, layout, isValid, module)
VALUES ('45244c5c-41cf-47d7-9221-07b3532cc8ba', 'f5b0e6e2-8392-4297-8e04-590ff60a6660', '85779729-b68f-4ce0-b102-3e3e4ea74085', 8, 'N', 'Y', NULL, NULL, 'Y', 'T', 'Y', NULL);
INSERT INTO sys_pagefield_rlt(id, pageId, fieldId, orderNum, isRequired, isReaded, isReseted, isRecorded, isShowed, layout, isValid, module)
VALUES ('36a61cad-4b00-44dc-8c63-81b0e861a180', 'f5b0e6e2-8392-4297-8e04-590ff60a6660', '68d50a42-29fe-498f-8892-fffebfce3c74', 9, 'N', 'Y', NULL, NULL, 'Y', 'F', 'Y', NULL);
INSERT INTO sys_pagefield_rlt(id, pageId, fieldId, orderNum, isRequired, isReaded, isReseted, isRecorded, isShowed, layout, isValid, module)
VALUES ('8375afcf-83c9-41a1-98a4-f4ff99bbf910', 'f5b0e6e2-8392-4297-8e04-590ff60a6660', 'dcc15e3d-3d73-4a6d-b79c-2ef7f18bf357', 10, 'N', 'Y', NULL, NULL, 'Y', 'F', 'Y', NULL);
INSERT INTO sys_pagefield_rlt(id, pageId, fieldId, orderNum, isRequired, isReaded, isReseted, isRecorded, isShowed, layout, isValid, module)
VALUES ('953bc6a6-b5c9-4872-90d6-fc36db391405', 'fa565be6-6fde-421e-b8b7-20efd3002ab7', 'ea5d0b4b-7fc9-4a1e-bed9-44154705b07a', 1, 'N', 'Y', NULL, NULL, 'Y', 'F', 'Y', NULL);
INSERT INTO sys_pagefield_rlt(id, pageId, fieldId, orderNum, isRequired, isReaded, isReseted, isRecorded, isShowed, layout, isValid, module)
VALUES ('91da50ee-ddf5-426b-97b8-defadfdca577', 'fa565be6-6fde-421e-b8b7-20efd3002ab7', '895d680a-b028-46bf-b175-8f72c5380ea9', 2, 'N', 'Y', NULL, NULL, 'Y', 'T', 'Y', NULL);
INSERT INTO sys_pagefield_rlt(id, pageId, fieldId, orderNum, isRequired, isReaded, isReseted, isRecorded, isShowed, layout, isValid, module)
VALUES ('8a5b0de2-eb3f-423b-8564-78ccc850936e', 'fa565be6-6fde-421e-b8b7-20efd3002ab7', '551d7388-2aa9-48e0-b9e5-213c8d11e805', 3, 'Y', 'Y', NULL, NULL, 'Y', 'T', 'Y', NULL);
INSERT INTO sys_pagefield_rlt(id, pageId, fieldId, orderNum, isRequired, isReaded, isReseted, isRecorded, isShowed, layout, isValid, module)
VALUES ('97f066b5-68c7-4a78-adec-b867a7df353b', 'fa565be6-6fde-421e-b8b7-20efd3002ab7', '936e96d7-fbd0-43cf-9f8d-f37b3029a498', 4, 'Y', 'Y', NULL, NULL, 'Y', 'T', 'Y', NULL);
INSERT INTO sys_pagefield_rlt(id, pageId, fieldId, orderNum, isRequired, isReaded, isReseted, isRecorded, isShowed, layout, isValid, module)
VALUES ('496855f2-2b59-46cc-a2dd-a75c62b16aa3', 'fa565be6-6fde-421e-b8b7-20efd3002ab7', '5ee15dfb-1866-45b5-b28d-4614f6a601d4', 5, 'Y', 'Y', NULL, NULL, 'Y', 'T', 'Y', NULL);
INSERT INTO sys_pagefield_rlt(id, pageId, fieldId, orderNum, isRequired, isReaded, isReseted, isRecorded, isShowed, layout, isValid, module)
VALUES ('ced64833-0819-4c76-b79b-394197decc59', 'fa565be6-6fde-421e-b8b7-20efd3002ab7', '08ea44d3-ddb4-4e9b-b2e8-abdc24aa4907', 6, 'N', 'Y', NULL, NULL, 'Y', 'F', 'Y', NULL);
INSERT INTO sys_pagefield_rlt(id, pageId, fieldId, orderNum, isRequired, isReaded, isReseted, isRecorded, isShowed, layout, isValid, module)
VALUES ('ae7b6fa0-1016-4c0a-83ba-eb0cc9a56199', 'fa565be6-6fde-421e-b8b7-20efd3002ab7', 'ad32ada7-d173-423d-8bd5-62738e002364', 7, 'N', 'Y', NULL, NULL, 'Y', 'T', 'Y', NULL);
INSERT INTO sys_pagefield_rlt(id, pageId, fieldId, orderNum, isRequired, isReaded, isReseted, isRecorded, isShowed, layout, isValid, module)
VALUES ('0dc71133-0f56-459f-8238-13ad310cc7d5', 'fa565be6-6fde-421e-b8b7-20efd3002ab7', '85779729-b68f-4ce0-b102-3e3e4ea74085', 8, 'N', 'Y', NULL, NULL, 'Y', 'T', 'Y', NULL);
INSERT INTO sys_pagefield_rlt(id, pageId, fieldId, orderNum, isRequired, isReaded, isReseted, isRecorded, isShowed, layout, isValid, module)
VALUES ('c23ed840-56aa-468f-ab1f-2ec9a94415f9', 'fa565be6-6fde-421e-b8b7-20efd3002ab7', '9d401cae-2072-4078-9c75-bfdf5c0540cd', 9, 'Y', 'Y', NULL, NULL, 'Y', 'T', 'Y', NULL);
INSERT INTO sys_pagefield_rlt(id, pageId, fieldId, orderNum, isRequired, isReaded, isReseted, isRecorded, isShowed, layout, isValid, module)
VALUES ('cf213cce-ba45-4ce4-904c-666de092253b', 'fa565be6-6fde-421e-b8b7-20efd3002ab7', 'ed754c4c-6177-4adc-96d1-0cb4e9ecd76f', 10, 'Y', 'Y', NULL, NULL, 'Y', 'T', 'Y', NULL);
INSERT INTO sys_pagefield_rlt(id, pageId, fieldId, orderNum, isRequired, isReaded, isReseted, isRecorded, isShowed, layout, isValid, module)
VALUES ('9b351c2c-b9b8-4be1-bb5d-fb07b6be9658', 'fa565be6-6fde-421e-b8b7-20efd3002ab7', '7322379f-01ca-4a5f-87d2-91b810094ad3', 11, 'N', 'Y', NULL, NULL, 'Y', 'F', 'Y', NULL);
INSERT INTO sys_pagefield_rlt(id, pageId, fieldId, orderNum, isRequired, isReaded, isReseted, isRecorded, isShowed, layout, isValid, module)
VALUES ('afceb7a4-c168-4415-a642-8120648a2050', 'fa565be6-6fde-421e-b8b7-20efd3002ab7', 'dcc15e3d-3d73-4a6d-b79c-2ef7f18bf357', 12, 'N', 'Y', NULL, NULL, 'Y', 'F', 'Y', NULL);
INSERT INTO sys_pagefield_rlt(id, pageId, fieldId, orderNum, isRequired, isReaded, isReseted, isRecorded, isShowed, layout, isValid, module)
VALUES ('6bb49b5d-fab7-4733-ba6f-ef785f7ae337', 'fa565be6-6fde-421e-b8b7-20efd3002ab7', 'a731798e-0e66-47bf-b523-a6ab068ff431', 13, 'Y', 'Y', NULL, NULL, 'Y', 'F', 'Y', NULL);

INSERT INTO wf_rolematch_rlt(id, pageFieldId, pageId, roleId)
VALUES ('1289d6d9-2311-4ee9-9136-b1120e68206d', '9d401cae-2072-4078-9c75-bfdf5c0540cd', '09ff2938-4f75-45f9-ae18-7b0cdecf82a5', '960fb540-3cef-49e8-89b6-1bCHGrole004');
INSERT INTO wf_rolematch_rlt(id, pageFieldId, pageId, roleId)
VALUES ('142923d5-b9a9-42b8-83a7-6061d980ec27', 'ad32ada7-d173-423d-8bd5-62738e002364', '602577ed-5fb6-4131-825e-2b77d35d70ea', '960fb540-3cef-49e8-89b6-1bCHGrole001');
INSERT INTO wf_rolematch_rlt(id, pageFieldId, pageId, roleId)
VALUES ('18779677-41a9-4e60-9e6e-712358cf24f3', 'ed754c4c-6177-4adc-96d1-0cb4e9ecd76f', 'b7ccc1a1-aa73-4be9-bb13-5d6e28cdc0b7', '960fb540-3cef-49e8-89b6-1bCHGrole004');
INSERT INTO wf_rolematch_rlt(id, pageFieldId, pageId, roleId)
VALUES ('2f124c63-51d4-4ad1-84ec-1f682dcd4197', '9d401cae-2072-4078-9c75-bfdf5c0540cd', '26427ffc-9cdc-4191-aafc-4c71cced0772', '960fb540-3cef-49e8-89b6-1bCHGrole001');
INSERT INTO wf_rolematch_rlt(id, pageFieldId, pageId, roleId)
VALUES ('3daf0209-a0fb-475e-8a31-66be7b81c1c3', 'ed754c4c-6177-4adc-96d1-0cb4e9ecd76f', '602577ed-5fb6-4131-825e-2b77d35d70ea', '960fb540-3cef-49e8-89b6-1bCHGrole004');
INSERT INTO wf_rolematch_rlt(id, pageFieldId, pageId, roleId)
VALUES ('405daa09-fe62-4bdc-af33-05c35dc6e5d9', 'ad32ada7-d173-423d-8bd5-62738e002364', 'ed3a8b15-8411-4fae-9653-1db2c2eb7c14', '960fb540-3cef-49e8-89b6-1bCHGrole001');
INSERT INTO wf_rolematch_rlt(id, pageFieldId, pageId, roleId)
VALUES ('5ebf606c-3c3e-4211-b17a-c368617da8dd', 'ed754c4c-6177-4adc-96d1-0cb4e9ecd76f', '09ff2938-4f75-45f9-ae18-7b0cdecf82a5', '960fb540-3cef-49e8-89b6-1bCHGrole004');
INSERT INTO wf_rolematch_rlt(id, pageFieldId, pageId, roleId)
VALUES ('6030bac9-260b-4758-babd-d4a9aecd699a', 'ad32ada7-d173-423d-8bd5-62738e002364', 'b7ccc1a1-aa73-4be9-bb13-5d6e28cdc0b7', '960fb540-3cef-49e8-89b6-1bCHGrole001');
INSERT INTO wf_rolematch_rlt(id, pageFieldId, pageId, roleId)
VALUES ('756ad3f8-9452-4385-9322-63aa0da1e29f', '9d401cae-2072-4078-9c75-bfdf5c0540cd', '602577ed-5fb6-4131-825e-2b77d35d70ea', '960fb540-3cef-49e8-89b6-1bCHGrole004');
INSERT INTO wf_rolematch_rlt(id, pageFieldId, pageId, roleId)
VALUES ('765c1d30-45a8-4d2a-acc4-77664e2872c3', '9d401cae-2072-4078-9c75-bfdf5c0540cd', 'ed3a8b15-8411-4fae-9653-1db2c2eb7c14', '960fb540-3cef-49e8-89b6-1bCHGrole004');
INSERT INTO wf_rolematch_rlt(id, pageFieldId, pageId, roleId)
VALUES ('7f221ebd-121b-4a2a-9790-efd99747dc36', 'ed754c4c-6177-4adc-96d1-0cb4e9ecd76f', 'ed3a8b15-8411-4fae-9653-1db2c2eb7c14', '960fb540-3cef-49e8-89b6-1bCHGrole004');
INSERT INTO wf_rolematch_rlt(id, pageFieldId, pageId, roleId)
VALUES ('8fe3a03e-3cae-488c-9286-70ed6c759d74', 'ad32ada7-d173-423d-8bd5-62738e002364', '09ff2938-4f75-45f9-ae18-7b0cdecf82a5', '960fb540-3cef-49e8-89b6-1bCHGrole001');
INSERT INTO wf_rolematch_rlt(id, pageFieldId, pageId, roleId)
VALUES ('a7d71c6d-3a60-4e38-9a59-64a3ceffe623', '9d401cae-2072-4078-9c75-bfdf5c0540cd', 'b7ccc1a1-aa73-4be9-bb13-5d6e28cdc0b7', '960fb540-3cef-49e8-89b6-1bCHGrole004');
INSERT INTO wf_rolematch_rlt(id, pageFieldId, pageId, roleId)
VALUES ('afbd6606-0dc0-4f6e-b418-88d6136ef0ca', '9d401cae-2072-4078-9c75-bfdf5c0540cd', '9a264951-0b9a-4f91-8bc7-995a20d6eed4', '960fb540-3cef-49e8-89b6-1bCHGrole004');
INSERT INTO wf_rolematch_rlt(id, pageFieldId, pageId, roleId)
VALUES ('b29616ea-572c-4ffd-bfc5-64117f21e7d9', 'ed754c4c-6177-4adc-96d1-0cb4e9ecd76f', '26427ffc-9cdc-4191-aafc-4c71cced0772', '960fb540-3cef-49e8-89b6-1bCHGrole002');
INSERT INTO wf_rolematch_rlt(id, pageFieldId, pageId, roleId)
VALUES ('ca2e96f6-cd52-4138-b27e-e4a5838b6c9f', 'ed754c4c-6177-4adc-96d1-0cb4e9ecd76f', '9a264951-0b9a-4f91-8bc7-995a20d6eed4', '960fb540-3cef-49e8-89b6-1bCHGrole004');
INSERT INTO wf_rolematch_rlt(id, pageFieldId, pageId, roleId)
VALUES ('cbc441d0-95ab-4495-af9b-965cdb08fca3', 'ad32ada7-d173-423d-8bd5-62738e002364', '9a264951-0b9a-4f91-8bc7-995a20d6eed4', '960fb540-3cef-49e8-89b6-1bCHGrole001');
INSERT INTO wf_rolematch_rlt(id, pageFieldId, pageId, roleId)
VALUES ('eceb57a4-7c27-4ab8-ae58-7ebe062ecd20', 'ad32ada7-d173-423d-8bd5-62738e002364', '457317b9-270f-4747-9bef-439871ce60b1', '960fb540-3cef-49e8-89b6-1bCHGrole001');

INSERT INTO wf_authorizationrole_rlt(id, transitionId, roleId, conditions, isValid)
VALUES ('03e40353-5bcd-444b-a735-2291a3fb50bb', '73DA6710-8601-4DAF-9E10-3B607EBE276C', '960fb540-3cef-49e8-89b6-1bCHGrole001', NULL, 'Y');
INSERT INTO wf_authorizationrole_rlt(id, transitionId, roleId, conditions, isValid)
VALUES ('2963912b-1f05-42a6-bfcd-d3ac82334e75', 'E7E29A2A-80C5-4A6E-99A7-BA54310F52A9', '960fb540-3cef-49e8-89b6-1bCHGrole002', NULL, 'Y');
INSERT INTO wf_authorizationrole_rlt(id, transitionId, roleId, conditions, isValid)
VALUES ('336e3adb-9fd7-4208-9478-9ce48eb8fc26', '827E4A3A-7A36-4EA7-9FAA-D829AA4115A8', '960fb540-3cef-49e8-89b6-1bCHGrole001', NULL, 'Y');
INSERT INTO wf_authorizationrole_rlt(id, transitionId, roleId, conditions, isValid)
VALUES ('5cc23e90-65e4-4d49-96f1-f6358ac1bab4', '2E035E2F-284E-48E3-8CF2-43212409FCB8', '960fb540-3cef-49e8-89b6-1bCHGrole002', NULL, 'Y');
INSERT INTO wf_authorizationrole_rlt(id, transitionId, roleId, conditions, isValid)
VALUES ('b641565b-b80b-4ebe-a271-f19538c4490c', '6D749C10-7BDC-4918-B17E-68B05A1D2A64', '960fb540-3cef-49e8-89b6-1bCHGrole001', NULL, 'Y');
INSERT INTO wf_authorizationrole_rlt(id, transitionId, roleId, conditions, isValid)
VALUES ('fac6f771-825a-4e27-aa3c-3380fbb29845', 'E10B5047-2733-48FC-88ED-37474A504C27', '960fb540-3cef-49e8-89b6-1bCHGrole001', NULL, 'Y');

INSERT INTO sys_page(id, name, objectType, pageType, parentId, workflowID, deriveWfType, deriveWfID, mapField, isStartPage, entityTypeID, extPageUrl, extPageCls, isSystem, remark, isValid, orderNum, creatorId, createdTime, modifyId, modifyTime) 
VALUES('07698511-fa9f-47e2-9f4c-kfisupage001', '系统视图', 'ISU', NULL, NULL, NULL, NULL, NULL, NULL, NULL, NULL, NULL, NULL, 'Y', NULL, 'Y', 1, NULL, NULL, NULL, NULL);
INSERT INTO sys_page(id, name, objectType, pageType, parentId, workflowID, deriveWfType, deriveWfID, mapField, isStartPage, entityTypeID, extPageUrl, extPageCls, isSystem, remark, isValid, orderNum, creatorId, createdTime, modifyId, modifyTime) 
VALUES('07698511-fa9f-47e2-9f4c-kfisupage002', '默认视图', 'ISU', 'LIST', '07698511-fa9f-47e2-9f4c-kfisupage001', NULL, NULL, NULL, NULL, NULL, NULL, NULL, NULL, 'Y', NULL, 'Y', 2, 'b8ab9427-627b-469f-bfd0-4b1buser0001', '2022-08-08', 'b8ab9427-627b-469f-bfd0-4b1buser0001', '2022-08-08');
INSERT INTO sys_page(id, name, objectType, pageType, parentId, workflowID, deriveWfType, deriveWfID, mapField, isStartPage, entityTypeID, extPageUrl, extPageCls, isSystem, remark, isValid, orderNum, creatorId, createdTime, modifyId, modifyTime) 
VALUES('07698511-fa9f-47e2-9f4c-kfisupage004', '导入导出视图', 'ISU', 'IMPEXPLIST', '', NULL, NULL, NULL, NULL, NULL, NULL, NULL, NULL, 'Y', NULL, 'Y', 5, NULL, NULL, NULL, NULL);
INSERT INTO sys_page(id, name, objectType, pageType, parentId, workflowID, deriveWfType, deriveWfID, mapField, isStartPage, entityTypeID, extPageUrl, extPageCls, isSystem, remark, isValid, orderNum, creatorId, createdTime, modifyId, modifyTime) 
VALUES('07698511-fa9f-47e2-9f4c-kfisupage005', '导入视图', 'ISU', 'IMPLIST', '07698511-fa9f-47e2-9f4c-kfisupage004', NULL, NULL, NULL, NULL, NULL, NULL, NULL, NULL, 'Y', NULL, 'Y', 6, 'b8ab9427-627b-469f-bfd0-4b1buser0001', '2022-08-08', 'b8ab9427-627b-469f-bfd0-4b1buser0001', '2022-08-08');
INSERT INTO sys_page(id, name, objectType, pageType, parentId, workflowID, deriveWfType, deriveWfID, mapField, isStartPage, entityTypeID, extPageUrl, extPageCls, isSystem, remark, isValid, orderNum, creatorId, createdTime, modifyId, modifyTime) 
VALUES('07698511-fa9f-47e2-9f4c-kfisupage006', '导出视图', 'ISU', 'EXPLIST', '07698511-fa9f-47e2-9f4c-kfisupage004', NULL, NULL, NULL, NULL, NULL, NULL, NULL, NULL, 'Y', NULL, 'Y', 7, 'b8ab9427-627b-469f-bfd0-4b1buser0001', '2022-08-08', 'b8ab9427-627b-469f-bfd0-4b1buser0001', '2022-08-08');
INSERT INTO sys_page(id, name, objectType, pageType, parentId, workflowID, deriveWfType, deriveWfID, mapField, isStartPage, entityTypeID, extPageUrl, extPageCls, isSystem, remark, isValid, orderNum, creatorId, createdTime, modifyId, modifyTime) 
VALUES('07698511-fa9f-47e2-9f4c-kfisupage003', '个人视图', 'ISU', 'CUSLIST', '', NULL, NULL, NULL, NULL, NULL, NULL, NULL, NULL, 'Y', NULL, 'Y', 8, NULL, NULL, NULL, NULL);

INSERT INTO sys_pagelist_rlt(id, pageId, objectType, fieldView, filterCondition, isValid) VALUES ('44f066c6-67ea-4844-8fec-f68534882596', '07698511-fa9f-47e2-9f4c-kfisupage002', 'ISU', '{"pageSize":"20","orderBy":"","orderByType":"desc","query":"","view":[{"f":"id","a":"center","w":"60px","t":"ID","r":"","s":false,"h":false,"i":""},{"f":"name","a":"left","w":"300px","t":"TEXT","r":"true","s":"true","h":"true","i":"a3905fd6-957c-4ccf-822f-a86bd6d5c537"},{"f":"code","a":"left","w":"120px","t":"TEXT","r":false,"s":"true","h":"true","i":"3133f712-236e-4541-a9ec-99e4822304ac"},{"f":"projectId","a":"left","w":"120px","t":"PJT","r":false,"s":"true","h":"true","i":"503cbdd8-c06d-4cef-bf35-74e4bc5f73fc"},{"f":"ownerIds","a":"left","w":"120px","t":"USER","r":false,"s":false,"h":false,"i":"ownerIds"},{"f":"severityId","a":"left","w":"120px","t":"SELECT","r":false,"s":"true","h":"true","i":"7daadc92-78ae-4995-8cd1-211cac156908"},{"f":"statusId","a":"left","w":"120px","t":"SELECT","r":false,"s":"true","h":"true","i":"01cd3978-93fb-4bcd-8b56-8fb898bf96a8"},{"f":"modifyId","a":"left","w":"120px","t":"USER","r":false,"s":"true","h":"true","i":"49bd4f69-e732-440c-8ba0-522efb9d8a15"},{"f":"modifyTime","a":"left","w":"120px","t":"DATE","r":false,"s":"true","h":false,"i":"eef0ba0f-fe69-4449-8bda-d1d60837a50b"}]}', '', 'Y');
INSERT INTO sys_pagelist_rlt(id, pageId, objectType, fieldView, filterCondition, isValid) VALUES ('a21c2cdb-eb07-4860-8f93-5d0145a8556c', '07698511-fa9f-47e2-9f4c-kfisupage006', 'ISU', '{"pageSize":"20","orderBy":"","orderByType":"desc","query":"","view":[{"f":"id","a":"center","w":"60px","t":"ID","r":"","s":false,"h":false,"i":""},{"f":"name","a":"left","w":"300px","t":"TEXT","r":"true","s":false,"h":false,"i":"a3905fd6-957c-4ccf-822f-a86bd6d5c537"},{"f":"code","a":"left","w":"120px","t":"TEXT","r":false,"s":false,"h":false,"i":"3133f712-236e-4541-a9ec-99e4822304ac"},{"f":"severityId","a":"left","w":"120px","t":"SELECT","r":false,"s":false,"h":false,"i":"7daadc92-78ae-4995-8cd1-211cac156908"},{"f":"levelId","a":"left","w":"120px","t":"SELECT","r":false,"s":false,"h":false,"i":"fba70aec-d593-48d9-a1c0-a0217ff15abb"},{"f":"projectId","a":"left","w":"120px","t":"PJT","r":false,"s":false,"h":false,"i":"503cbdd8-c06d-4cef-bf35-74e4bc5f73fc"},{"f":"ownerIds","a":"left","w":"120px","t":"USER","r":false,"s":false,"h":false,"i":"ownerIds"},{"f":"statusId","a":"left","w":"120px","t":"SELECT","r":false,"s":false,"h":false,"i":"01cd3978-93fb-4bcd-8b56-8fb898bf96a8"},{"f":"presenterId","a":"left","w":"120px","t":"USER","r":false,"s":false,"h":false,"i":"f390ae86-493d-4da6-bff6-a73b3582de68"},{"f":"presentDate","a":"left","w":"120px","t":"DATE","r":false,"s":false,"h":false,"i":"ef322de9-8be2-488e-ade4-c276f2245bb8"}]}', '', 'Y');
INSERT INTO sys_pagelist_rlt(id, pageId, objectType, fieldView, filterCondition, isValid) VALUES ('f26b8614-7f90-4829-a5fa-403a11b18e48', '07698511-fa9f-47e2-9f4c-kfisupage005', 'ISU', '{"pageSize":"20","orderBy":"","orderByType":"desc","query":"","view":[{"f":"id","a":"center","w":"60px","t":"ID","r":"","s":false,"h":false,"i":""},{"f":"name","a":"left","w":"300px","t":"TEXT","r":"true","s":false,"h":false,"i":"a3905fd6-957c-4ccf-822f-a86bd6d5c537"},{"f":"code","a":"left","w":"120px","t":"TEXT","r":false,"s":false,"h":false,"i":"3133f712-236e-4541-a9ec-99e4822304ac"},{"f":"severityId","a":"left","w":"120px","t":"SELECT","r":"true","s":false,"h":false,"i":"7daadc92-78ae-4995-8cd1-211cac156908"},{"f":"levelId","a":"left","w":"120px","t":"SELECT","r":false,"s":false,"h":false,"i":"fba70aec-d593-48d9-a1c0-a0217ff15abb"},{"f":"projectId","a":"left","w":"120px","t":"PJT","r":false,"s":false,"h":false,"i":"503cbdd8-c06d-4cef-bf35-74e4bc5f73fc"},{"f":"ownerIds","a":"left","w":"120px","t":"USER","r":"true","s":false,"h":false,"i":"ownerIds"},{"f":"statusId","a":"left","w":"120px","t":"SELECT","r":"true","s":false,"h":false,"i":"01cd3978-93fb-4bcd-8b56-8fb898bf96a8"},{"f":"presenterId","a":"left","w":"120px","t":"USER","r":false,"s":false,"h":false,"i":"f390ae86-493d-4da6-bff6-a73b3582de68"},{"f":"presentDate","a":"left","w":"120px","t":"DATE","r":false,"s":false,"h":false,"i":"ef322de9-8be2-488e-ade4-c276f2245bb8"}]}', '', 'Y');

INSERT INTO wf_role(id, workflowType, name, val, orderNum, isSystem, isValid, creatorId, createdTime, modifyId, modifyTime) 
VALUES ('960fb540-3cef-49e8-89b6-1bisurole001', 'ISU', '责任人', 'OR', 1, 'Y', 'Y', 'b8ab9427-627b-469f-bfd0-4b1buser0001', '2022-08-08', 'b8ab9427-627b-469f-bfd0-4b1buser0001', '2022-08-08');
INSERT INTO wf_role(id, workflowType, name, val, orderNum, isSystem, isValid, creatorId, createdTime, modifyId, modifyTime) 
VALUES ('960fb540-3cef-49e8-89b6-1bisurole002', 'ISU', '参与人', 'AC', 2, 'Y', 'Y', 'b8ab9427-627b-469f-bfd0-4b1buser0001', '2022-08-08', 'b8ab9427-627b-469f-bfd0-4b1buser0001', '2022-08-08');
INSERT INTO wf_role(id, workflowType, name, val, orderNum, isSystem, isValid, creatorId, createdTime, modifyId, modifyTime) 
VALUES ('960fb540-3cef-49e8-89b6-1bisurole003', 'ISU', '创建人', 'CR', 3, 'Y', 'Y', 'b8ab9427-627b-469f-bfd0-4b1buser0001', '2022-08-08', 'b8ab9427-627b-469f-bfd0-4b1buser0001', '2022-08-08');
INSERT INTO wf_role(id, workflowType, name, val, orderNum, isSystem, isValid, creatorId, createdTime, modifyId, modifyTime) 
VALUES ('960fb540-3cef-49e8-89b6-1bisurole004', 'ISU', '读者', 'RR', 4, 'Y', 'Y', 'b8ab9427-627b-469f-bfd0-4b1buser0001', '2022-08-08', 'b8ab9427-627b-469f-bfd0-4b1buser0001', '2022-08-08');

INSERT INTO sys_field(id, colName, showName, objectType, dataType, htmlType, fieldType, displayWidth, remark, defaultValue, defaultRule, extendClass, layout, showMobile, isCommon, parentId, isValid, orderNum, creatorId, createdTime, modifyId, modifyTime, isDBField) VALUES ('01cd3978-93fb-4bcd-8b56-8fb898bf96a8', 'statusId', '状态', 'ISU', 'varchar', 'SELECT', 'S', '120', '', '', '{"isSeached":"Y","selectSource":"","setCascade":"","isRecorded":"Y","isRequired":"N"}', '', 'T', NULL, 'N', NULL, 'Y', NULL, 'b8ab9427-627b-469f-bfd0-4b1buser0001', '2022-08-08', 'b8ab9427-627b-469f-bfd0-4b1buser0001', '2022-08-08', 'Y');
INSERT INTO sys_field(id, colName, showName, objectType, dataType, htmlType, fieldType, displayWidth, remark, defaultValue, defaultRule, extendClass, layout, showMobile, isCommon, parentId, isValid, orderNum, creatorId, createdTime, modifyId, modifyTime, isDBField) VALUES ('7aeccf38-1a0f-4af5-ba56-be5b94a75dc5', 'isDemo', '典型问题', 'ISU', 'varchar', 'RADIO', 'S', '120', '', '0571c8d3-5d3a-4cbf-83e9-aabfe0cd4e18', '{"isRecorded":"N","isRequired":"N","radioSource":"213168a5-8402-4b1b-8697-bc13cfe7e5ce"}', '', 'T', NULL, 'N', NULL, 'Y', '16', 'b8ab9427-627b-469f-bfd0-4b1buser0001', '2022-08-08', 'b8ab9427-627b-469f-bfd0-4b1buser0001', '2022-08-08', 'Y');
INSERT INTO sys_field(id, colName, showName, objectType, dataType, htmlType, fieldType, displayWidth, remark, defaultValue, defaultRule, extendClass, layout, showMobile, isCommon, parentId, isValid, orderNum, creatorId, createdTime, modifyId, modifyTime, isDBField) VALUES ('3133f712-236e-4541-a9ec-99e4822304ac', 'code', '编号', 'ISU', 'varchar', 'TEXT', 'S', '120', '', '', '{"isRecorded":"Y","textLength":"128","isRequired":"N"}', '', 'T', NULL, 'N', NULL, 'Y', NULL, 'b8ab9427-627b-469f-bfd0-4b1buser0001', '2022-08-08', 'b8ab9427-627b-469f-bfd0-4b1buser0001', '2022-08-08', 'Y');
INSERT INTO sys_field(id, colName, showName, objectType, dataType, htmlType, fieldType, displayWidth, remark, defaultValue, defaultRule, extendClass, layout, showMobile, isCommon, parentId, isValid, orderNum, creatorId, createdTime, modifyId, modifyTime, isDBField) VALUES ('49bd4f69-e732-440c-8ba0-522efb9d8a15', 'modifyId', '更新人', 'ISU', 'varchar', 'USER', 'S', '120', '', NULL, '{"isRecorded":"N","userIsMul":"","isRequired":"N","userDefaultRule":"CS"}', '', 'T', NULL, 'N', NULL, 'Y', NULL, 'b8ab9427-627b-469f-bfd0-4b1buser0001', '2022-08-08', 'b8ab9427-627b-469f-bfd0-4b1buser0001', '2022-08-08', 'Y');
INSERT INTO sys_field(id, colName, showName, objectType, dataType, htmlType, fieldType, displayWidth, remark, defaultValue, defaultRule, extendClass, layout, showMobile, isCommon, parentId, isValid, orderNum, creatorId, createdTime, modifyId, modifyTime, isDBField) VALUES ('503cbdd8-c06d-4cef-bf35-74e4bc5f73fc', 'projectId', '归属项目', 'ISU', 'varchar', 'PJT', 'S', '120', '', NULL, '{"isRecorded":"Y","isRequired":"N"}', '', 'T', NULL, 'N', NULL, 'Y', NULL, 'b8ab9427-627b-469f-bfd0-4b1buser0001', '2022-08-08', 'b8ab9427-627b-469f-bfd0-4b1buser0001', '2022-08-08', 'Y');
INSERT INTO sys_field(id, colName, showName, objectType, dataType, htmlType, fieldType, displayWidth, remark, defaultValue, defaultRule, extendClass, layout, showMobile, isCommon, parentId, isValid, orderNum, creatorId, createdTime, modifyId, modifyTime, isDBField) VALUES ('5a487d1b-82ad-40d1-bc25-7941f874b6b5', 'signRemark', '会签描述', 'ISU', 'varchar', 'AREA', 'S', '120', '', '', '{"areaLength":"1024","areaIsLimit":"Y","areaRows":"8","isRecorded":"N","isRequired":"N"}', '', 'F', NULL, 'N', NULL, 'Y', NULL, 'b8ab9427-627b-469f-bfd0-4b1buser0001', '2022-08-08', 'b8ab9427-627b-469f-bfd0-4b1buser0001', '2022-08-08', 'Y');
INSERT INTO sys_field(id, colName, showName, objectType, dataType, htmlType, fieldType, displayWidth, remark, defaultValue, defaultRule, extendClass, layout, showMobile, isCommon, parentId, isValid, orderNum, creatorId, createdTime, modifyId, modifyTime, isDBField) VALUES ('5b53a9a7-c772-4d0f-a2f3-3a41fb0c4232', 'productId', '归属产品', 'ISU', 'varchar', 'PRD', 'S', '120', '', NULL, '{"isRecorded":"Y","isRequired":"N"}', '', 'T', NULL, 'N', NULL, 'N', NULL, 'b8ab9427-627b-469f-bfd0-4b1buser0001', '2022-08-08', 'b8ab9427-627b-469f-bfd0-4b1buser0001', '2022-08-08', 'Y');
INSERT INTO sys_field(id, colName, showName, objectType, dataType, htmlType, fieldType, displayWidth, remark, defaultValue, defaultRule, extendClass, layout, showMobile, isCommon, parentId, isValid, orderNum, creatorId, createdTime, modifyId, modifyTime, isDBField) VALUES ('5d24e67a-ef2f-4824-b6c4-6183fb29f39d', 'related', '关联', 'ISU', 'varchar', 'SIGN', 'S', '120', '', NULL, '{"isRecorded":"N","isRequired":"N","signDefaultRule":"ZDY","isShowed":"N"}', 'com.dream.relatedSign.RelatedSign', 'F', NULL, 'N', NULL, 'Y', NULL, 'b8ab9427-627b-469f-bfd0-4b1buser0001', '2022-08-08', 'b8ab9427-627b-469f-bfd0-4b1buser0001', '2022-08-08', 'N');
INSERT INTO sys_field(id, colName, showName, objectType, dataType, htmlType, fieldType, displayWidth, remark, defaultValue, defaultRule, extendClass, layout, showMobile, isCommon, parentId, isValid, orderNum, creatorId, createdTime, modifyId, modifyTime, isDBField) VALUES ('691a5e0e-5a00-4e93-97c7-8671b8686165', 'entityStatusId', '实体状态', 'ISU', 'varchar', 'SELECT', 'S', '120', '', '', '{"isSeached":"Y","selectSource":"a4fb5191-5eb1-4c3b-8ea6-c4766ac53c8d","setCascade":"","isRecorded":"Y","isRequired":"N"}', '', 'T', NULL, 'N', NULL, 'Y', NULL, 'b8ab9427-627b-469f-bfd0-4b1buser0001', '2022-08-08', 'b8ab9427-627b-469f-bfd0-4b1buser0001', '2022-08-08', 'Y');
INSERT INTO sys_field(id, colName, showName, objectType, dataType, htmlType, fieldType, displayWidth, remark, defaultValue, defaultRule, extendClass, layout, showMobile, isCommon, parentId, isValid, orderNum, creatorId, createdTime, modifyId, modifyTime, isDBField) VALUES ('6bea7786-0dc0-4e06-b795-4fbe851c8c33', 'solution', '解决方案', 'ISU', 'varchar', 'AREA', 'S', '120', '', '', '{"areaLength":"1024","areaIsLimit":"Y","areaRows":"8","isRecorded":"N","isRequired":"N"}', '', 'F', NULL, 'N', NULL, 'Y', NULL, 'b8ab9427-627b-469f-bfd0-4b1buser0001', '2022-08-08', 'b8ab9427-627b-469f-bfd0-4b1buser0001', '2022-08-08', 'Y');
INSERT INTO sys_field(id, colName, showName, objectType, dataType, htmlType, fieldType, displayWidth, remark, defaultValue, defaultRule, extendClass, layout, showMobile, isCommon, parentId, isValid, orderNum, creatorId, createdTime, modifyId, modifyTime, isDBField) VALUES ('7089fd65-d911-4030-8ac1-578023398efd', 'remark', '描述', 'ISU', 'varchar', 'AREA', 'S', '120', '', '', '{"areaLength":"1024","areaIsLimit":"Y","areaRows":"8","isRecorded":"N","isRequired":"N"}', '', 'F', NULL, 'N', NULL, 'Y', NULL, 'b8ab9427-627b-469f-bfd0-4b1buser0001', '2022-08-08', 'b8ab9427-627b-469f-bfd0-4b1buser0001', '2022-08-08', 'Y');
INSERT INTO sys_field(id, colName, showName, objectType, dataType, htmlType, fieldType, displayWidth, remark, defaultValue, defaultRule, extendClass, layout, showMobile, isCommon, parentId, isValid, orderNum, creatorId, createdTime, modifyId, modifyTime, isDBField) VALUES ('763e55e8-3165-42ef-865a-a2e62a397457', 'realFinishDate', '实际解决日期', 'ISU', 'datetime', 'DATE', 'S', '120', '', NULL, '{"isRecorded":"N","dateFormatRule":"YMD","dateDefaultRule":"N","isRequired":"N"}', '', 'T', NULL, 'N', NULL, 'Y', NULL, 'b8ab9427-627b-469f-bfd0-4b1buser0001', '2022-08-08', 'b8ab9427-627b-469f-bfd0-4b1buser0001', '2022-08-08', 'Y');
INSERT INTO sys_field(id, colName, showName, objectType, dataType, htmlType, fieldType, displayWidth, remark, defaultValue, defaultRule, extendClass, layout, showMobile, isCommon, parentId, isValid, orderNum, creatorId, createdTime, modifyId, modifyTime, isDBField) VALUES ('7daadc92-78ae-4995-8cd1-211cac156908', 'severityId', '严重级别', 'ISU', 'varchar', 'SELECT', 'S', '120', '', '', '{"isSeached":"Y","selectSource":"4e8e1e61-d532-4b45-aaa9-d21bc467d4dc","setCascade":"","isRecorded":"Y","isRequired":"N"}', '', 'T', NULL, 'N', NULL, 'Y', NULL, 'b8ab9427-627b-469f-bfd0-4b1buser0001', '2022-08-08', 'b8ab9427-627b-469f-bfd0-4b1buser0001', '2022-08-08', 'Y');
INSERT INTO sys_field(id, colName, showName, objectType, dataType, htmlType, fieldType, displayWidth, remark, defaultValue, defaultRule, extendClass, layout, showMobile, isCommon, parentId, isValid, orderNum, creatorId, createdTime, modifyId, modifyTime, isDBField) VALUES ('80ab365d-056e-4a73-86ac-8c22ce2e4558', 'departmentId', '归属部门', 'ISU', 'varchar', 'DEPT', 'S', '120', '', NULL, '{"isRecorded":"Y","deptDefaultRule":"N","isRequired":"N"}', '', 'T', NULL, 'N', NULL, 'Y', NULL, 'b8ab9427-627b-469f-bfd0-4b1buser0001', '2022-08-08', 'b8ab9427-627b-469f-bfd0-4b1buser0001', '2022-08-08', 'Y');
INSERT INTO sys_field(id, colName, showName, objectType, dataType, htmlType, fieldType, displayWidth, remark, defaultValue, defaultRule, extendClass, layout, showMobile, isCommon, parentId, isValid, orderNum, creatorId, createdTime, modifyId, modifyTime, isDBField) VALUES ('8288d334-e5a4-4aa9-b7e3-f985543c6468', 'actorId', '参与人', 'ISU', 'varchar', 'USER', 'S', '120', '', NULL, '{"isRecorded":"Y","userIsMul":"","isRequired":"N","userDefaultRule":"N"}', '', 'T', NULL, 'N', NULL, 'Y', NULL, 'b8ab9427-627b-469f-bfd0-4b1buser0001', '2022-08-08', 'b8ab9427-627b-469f-bfd0-4b1buser0001', '2022-08-08', 'Y');
INSERT INTO sys_field(id, colName, showName, objectType, dataType, htmlType, fieldType, displayWidth, remark, defaultValue, defaultRule, extendClass, layout, showMobile, isCommon, parentId, isValid, orderNum, creatorId, createdTime, modifyId, modifyTime, isDBField) VALUES ('83d4dbe6-8cdf-4e2a-91d3-24169511af20', 'auditDate', '审核日期', 'ISU', 'datetime', 'DATE', 'S', '120', '', NULL, '{"isRecorded":"N","dateFormatRule":"YMD","dateDefaultRule":"CD","isRequired":"N"}', '', 'T', NULL, 'N', NULL, 'Y', NULL, 'b8ab9427-627b-469f-bfd0-4b1buser0001', '2022-08-08', 'b8ab9427-627b-469f-bfd0-4b1buser0001', '2022-08-08', 'Y');
INSERT INTO sys_field(id, colName, showName, objectType, dataType, htmlType, fieldType, displayWidth, remark, defaultValue, defaultRule, extendClass, layout, showMobile, isCommon, parentId, isValid, orderNum, creatorId, createdTime, modifyId, modifyTime, isDBField) VALUES ('8a45f4fb-9cfc-43b4-a90d-cbb9a4501a1d', 'typeId', '类型', 'ISU', 'varchar', 'SELECT', 'S', '120', '', '', '{"isSeached":"Y","selectSource":"7c8760ea-4a90-4580-9b94-0b4fc338a338","setCascade":"","isRecorded":"Y","isRequired":"N"}', '', 'T', NULL, 'N', NULL, 'Y', NULL, 'b8ab9427-627b-469f-bfd0-4b1buser0001', '2022-08-08', 'b8ab9427-627b-469f-bfd0-4b1buser0001', '2022-08-08', 'Y');
INSERT INTO sys_field(id, colName, showName, objectType, dataType, htmlType, fieldType, displayWidth, remark, defaultValue, defaultRule, extendClass, layout, showMobile, isCommon, parentId, isValid, orderNum, creatorId, createdTime, modifyId, modifyTime, isDBField) VALUES ('8d040a8e-4c13-41f0-8cd7-c5bfc3276396', 'auditorId', '审核人', 'ISU', 'varchar', 'USER', 'S', '120', '', NULL, '{"isRecorded":"N","userIsMul":"","isRequired":"N","userDefaultRule":"N"}', '', 'T', NULL, 'N', NULL, 'Y', NULL, 'b8ab9427-627b-469f-bfd0-4b1buser0001', '2022-08-08', 'b8ab9427-627b-469f-bfd0-4b1buser0001', '2022-08-08', 'Y');
INSERT INTO sys_field(id, colName, showName, objectType, dataType, htmlType, fieldType, displayWidth, remark, defaultValue, defaultRule, extendClass, layout, showMobile, isCommon, parentId, isValid, orderNum, creatorId, createdTime, modifyId, modifyTime, isDBField) VALUES ('998f8a42-5c2e-4218-b007-dd043a5b27fa', 'hopeFinishDate', '期望解决日期', 'ISU', 'datetime', 'DATE', 'S', '120', '', NULL, '{"isRecorded":"N","dateFormatRule":"YMD","dateDefaultRule":"N","isRequired":"N"}', '', 'T', NULL, 'N', NULL, 'Y', NULL, 'b8ab9427-627b-469f-bfd0-4b1buser0001', '2022-08-08', 'b8ab9427-627b-469f-bfd0-4b1buser0001', '2022-08-08', 'Y');
INSERT INTO sys_field(id, colName, showName, objectType, dataType, htmlType, fieldType, displayWidth, remark, defaultValue, defaultRule, extendClass, layout, showMobile, isCommon, parentId, isValid, orderNum, creatorId, createdTime, modifyId, modifyTime, isDBField) VALUES ('a0d2c0f8-3919-4b3a-b78c-3956d08c8713', 'auditRemark', '审批意见', 'ISU', 'varchar', 'AREA', 'S', '120', '', '', '{"areaLength":"1024","areaIsLimit":"Y","areaRows":"8","isRecorded":"N","isRequired":"N"}', '', 'F', NULL, 'N', NULL, 'Y', NULL, 'b8ab9427-627b-469f-bfd0-4b1buser0001', '2022-08-08', 'b8ab9427-627b-469f-bfd0-4b1buser0001', '2022-08-08', 'Y');
INSERT INTO sys_field(id, colName, showName, objectType, dataType, htmlType, fieldType, displayWidth, remark, defaultValue, defaultRule, extendClass, layout, showMobile, isCommon, parentId, isValid, orderNum, creatorId, createdTime, modifyId, modifyTime, isDBField) VALUES ('a3905fd6-957c-4ccf-822f-a86bd6d5c537', 'name', '名称', 'ISU', 'varchar', 'TEXT', 'S', '300', '', '', '{"isRecorded":"Y","textLength":"128","isRequired":"Y"}', '', 'F', NULL, 'N', NULL, 'Y', NULL, 'b8ab9427-627b-469f-bfd0-4b1buser0001', '2022-08-08', 'b8ab9427-627b-469f-bfd0-4b1buser0001', '2022-08-08', 'Y');
INSERT INTO sys_field(id, colName, showName, objectType, dataType, htmlType, fieldType, displayWidth, remark, defaultValue, defaultRule, extendClass, layout, showMobile, isCommon, parentId, isValid, orderNum, creatorId, createdTime, modifyId, modifyTime, isDBField) VALUES ('c3981eca-dea3-4b64-a8ff-b3e54d5ef075', 'ownerId', '责任人', 'ISU', 'varchar', 'USER', 'S', '120', '', NULL, '{"isRecorded":"Y","userIsMul":"","isRequired":"N","userDefaultRule":"N"}', '', 'T', NULL, 'N', NULL, 'Y', NULL, 'b8ab9427-627b-469f-bfd0-4b1buser0001', '2022-08-08', 'b8ab9427-627b-469f-bfd0-4b1buser0001', '2022-08-08', 'Y');
INSERT INTO sys_field(id, colName, showName, objectType, dataType, htmlType, fieldType, displayWidth, remark, defaultValue, defaultRule, extendClass, layout, showMobile, isCommon, parentId, isValid, orderNum, creatorId, createdTime, modifyId, modifyTime, isDBField) VALUES ('cdc57459-cf87-43ca-b454-3e90db264d63', 'signOpinionId', '会签意见', 'ISU', 'varchar', 'SELECT', 'S', '120', '', '', '{"isSeached":"Y","selectSource":"dba43643-707d-4edd-b4ee-b50d3c28e71b","setCascade":"","isRecorded":"N","isRequired":"N"}', '', 'T', NULL, 'N', NULL, 'Y', NULL, 'b8ab9427-627b-469f-bfd0-4b1buser0001', '2022-08-08', 'b8ab9427-627b-469f-bfd0-4b1buser0001', '2022-08-08', 'Y');
INSERT INTO sys_field(id, colName, showName, objectType, dataType, htmlType, fieldType, displayWidth, remark, defaultValue, defaultRule, extendClass, layout, showMobile, isCommon, parentId, isValid, orderNum, creatorId, createdTime, modifyId, modifyTime, isDBField) VALUES ('d4bcf854-ff3f-42d5-9e90-bcf1907d9a45', 'lampSign', '指示灯', 'ISU', 'float', 'NUMBER', 'S', '120', '', '', '{"numberFormat":"I","isRecorded":"N","isRequired":"N","redLight":"79","greenLight":"30"}', '', 'T', NULL, 'N', NULL, 'Y', NULL, 'b8ab9427-627b-469f-bfd0-4b1buser0001', '2022-08-08', 'b8ab9427-627b-469f-bfd0-4b1buser0001', '2022-08-08', 'Y');
INSERT INTO sys_field(id, colName, showName, objectType, dataType, htmlType, fieldType, displayWidth, remark, defaultValue, defaultRule, extendClass, layout, showMobile, isCommon, parentId, isValid, orderNum, creatorId, createdTime, modifyId, modifyTime, isDBField) VALUES ('ea1c74dc-abd0-4f21-8cbd-32a4bcc9ec44', 'planFinishDate', '计划解决日期', 'ISU', 'datetime', 'DATE', 'S', '120', '', NULL, '{"isRecorded":"N","dateFormatRule":"YMD","dateDefaultRule":"N","isRequired":"N"}', '', 'T', NULL, 'N', NULL, 'Y', NULL, 'b8ab9427-627b-469f-bfd0-4b1buser0001', '2022-08-08', 'b8ab9427-627b-469f-bfd0-4b1buser0001', '2022-08-08', 'Y');
INSERT INTO sys_field(id, colName, showName, objectType, dataType, htmlType, fieldType, displayWidth, remark, defaultValue, defaultRule, extendClass, layout, showMobile, isCommon, parentId, isValid, orderNum, creatorId, createdTime, modifyId, modifyTime, isDBField) VALUES ('eef0ba0f-fe69-4449-8bda-d1d60837a50b', 'modifyTime', '最新更新时间', 'ISU', 'datetime', 'DATE', 'S', '120', '', NULL, '{"isRecorded":"N","dateFormatRule":"YMDHm","dateDefaultRule":"CD","isRequired":"N"}', '', 'T', NULL, 'N', NULL, 'Y', NULL, 'b8ab9427-627b-469f-bfd0-4b1buser0001', '2022-08-08', 'b8ab9427-627b-469f-bfd0-4b1buser0001', '2022-08-08', 'Y');
INSERT INTO sys_field(id, colName, showName, objectType, dataType, htmlType, fieldType, displayWidth, remark, defaultValue, defaultRule, extendClass, layout, showMobile, isCommon, parentId, isValid, orderNum, creatorId, createdTime, modifyId, modifyTime, isDBField) VALUES ('ef322de9-8be2-488e-ade4-c276f2245bb8', 'presentDate', '提出日期', 'ISU', 'datetime', 'DATE', 'S', '120', '', NULL, '{"isRecorded":"N","dateFormatRule":"YMD","dateDefaultRule":"CD","isRequired":"N"}', '', 'T', NULL, 'N', NULL, 'Y', NULL, 'b8ab9427-627b-469f-bfd0-4b1buser0001', '2022-08-08', 'b8ab9427-627b-469f-bfd0-4b1buser0001', '2022-08-08', 'Y');
INSERT INTO sys_field(id, colName, showName, objectType, dataType, htmlType, fieldType, displayWidth, remark, defaultValue, defaultRule, extendClass, layout, showMobile, isCommon, parentId, isValid, orderNum, creatorId, createdTime, modifyId, modifyTime, isDBField) VALUES ('f390ae86-493d-4da6-bff6-a73b3582de68', 'presenterId', '提出人', 'ISU', 'varchar', 'USER', 'S', '120', '', NULL, '{"isRecorded":"N","userIsMul":"","isRequired":"N","userDefaultRule":"CS"}', '', 'T', NULL, 'N', NULL, 'Y', NULL, 'b8ab9427-627b-469f-bfd0-4b1buser0001', '2022-08-08', 'b8ab9427-627b-469f-bfd0-4b1buser0001', '2022-08-08', 'Y');
INSERT INTO sys_field(id, colName, showName, objectType, dataType, htmlType, fieldType, displayWidth, remark, defaultValue, defaultRule, extendClass, layout, showMobile, isCommon, parentId, isValid, orderNum, creatorId, createdTime, modifyId, modifyTime, isDBField) VALUES ('fb4719e4-1518-49ac-a9d6-0e968c35833d', 'createdTime', '创建时间', 'ISU', 'datetime', 'DATE', 'S', '120', '', NULL, '{"isRecorded":"N","dateFormatRule":"YMDHm","dateDefaultRule":"CD","isRequired":"N"}', '', 'T', NULL, 'N', NULL, 'Y', NULL, 'b8ab9427-627b-469f-bfd0-4b1buser0001', '2022-08-08', 'b8ab9427-627b-469f-bfd0-4b1buser0001', '2022-08-08', 'Y');
INSERT INTO sys_field(id, colName, showName, objectType, dataType, htmlType, fieldType, displayWidth, remark, defaultValue, defaultRule, extendClass, layout, showMobile, isCommon, parentId, isValid, orderNum, creatorId, createdTime, modifyId, modifyTime, isDBField) VALUES ('fba70aec-d593-48d9-a1c0-a0217ff15abb', 'levelId', '优先级', 'ISU', 'varchar', 'SELECT', 'S', '120', '', '', '{"isSeached":"Y","selectSource":"86e8f17a-6670-4a67-9bbc-44cf528c3ea4","setCascade":"","isRecorded":"Y","isRequired":"N"}', '', 'T', NULL, 'N', NULL, 'Y', NULL, 'b8ab9427-627b-469f-bfd0-4b1buser0001', '2022-08-08', 'b8ab9427-627b-469f-bfd0-4b1buser0001', '2022-08-08', 'Y');
INSERT INTO sys_field(id, colName, showName, objectType, dataType, htmlType, fieldType, displayWidth, remark, defaultValue, defaultRule, extendClass, layout, showMobile, isCommon, parentId, isValid, orderNum, creatorId, createdTime, modifyId, modifyTime, isDBField) VALUES ('fc13a96c-b9ce-4375-afe7-8faae53d6ded', 'creatorId', '创建人', 'ISU', 'varchar', 'USER', 'S', '120', '', NULL, '{"isRecorded":"N","userIsMul":"","isRequired":"N","userDefaultRule":"N"}', '', 'T', NULL, 'N', NULL, 'Y', NULL, 'b8ab9427-627b-469f-bfd0-4b1buser0001', '2022-08-08', 'b8ab9427-627b-469f-bfd0-4b1buser0001', '2022-08-08', 'Y');
INSERT INTO sys_field(id, colName, showName, objectType, dataType, htmlType, fieldType, displayWidth, remark, defaultValue, defaultRule, extendClass, layout, showMobile, isCommon, parentId, isValid, orderNum, creatorId, createdTime, modifyId, modifyTime, isDBField) VALUES ('fc9cd7ff-f0db-4b52-a287-e375c27314ae', 'fileSign', '附件', 'ISU', 'varchar', 'SIGN', 'S', '120', '', NULL, '{"isRecorded":"N","isRequired":"N","signDefaultRule":"ZDY","isShowed":"N"}', 'com.dream.fileSign.FileSign', 'F', NULL, 'N', NULL, 'Y', NULL, 'b8ab9427-627b-469f-bfd0-4b1buser0001', '2022-08-08', 'b8ab9427-627b-469f-bfd0-4b1buser0001', '2022-08-08', 'N');
INSERT INTO sys_field(id, colName, showName, objectType, dataType, htmlType, fieldType, displayWidth, remark, defaultValue, defaultRule, extendClass, layout, showMobile, isCommon, parentId, isValid, orderNum, creatorId, createdTime, modifyId, modifyTime, isDBField) VALUES ('dc196100-6a74-4a40-8e5d-963bdb7b2a75', 'questionRemark', '问题描述', 'ISU', 'varchar', 'AREA', 'S', '120', '', '', '{"areaLength":"1024","areaIsLimit":"Y","areaRows":"8","isRecorded":"N","isRequired":"N"}', '', 'F', NULL, 'N', NULL, 'Y', NULL, 'b8ab9427-627b-469f-bfd0-4b1buser0001', '2022-08-08', 'b8ab9427-627b-469f-bfd0-4b1buser0001', '2022-08-08', 'Y');

INSERT INTO sys_fieldnum(id, objectType, fieldId, orderNum) VALUES ('ad1f1d11-60e1-428e-b27c-1de5f6f13822', 'ISU', 'a3905fd6-957c-4ccf-822f-a86bd6d5c537', '6');
INSERT INTO sys_fieldnum(id, objectType, fieldId, orderNum) VALUES ('28ec3b19-2e05-4bfe-bd9a-be232403c712', 'ISU', '3133f712-236e-4541-a9ec-99e4822304ac', '7');
INSERT INTO sys_fieldnum(id, objectType, fieldId, orderNum) VALUES ('08ad3b7b-5d03-4260-974b-9dbc2687fbd1', 'ISU', '503cbdd8-c06d-4cef-bf35-74e4bc5f73fc', '8');
INSERT INTO sys_fieldnum(id, objectType, fieldId, orderNum) VALUES ('408f3528-6831-4bf6-8eee-fc8f5c5672b3', 'ISU', '5b53a9a7-c772-4d0f-a2f3-3a41fb0c4232', '9');
INSERT INTO sys_fieldnum(id, objectType, fieldId, orderNum) VALUES ('5be59c89-0f3c-46fc-bc24-966315325749', 'ISU', '80ab365d-056e-4a73-86ac-8c22ce2e4558', '10');
INSERT INTO sys_fieldnum(id, objectType, fieldId, orderNum) VALUES ('03b21d25-5ce7-4ad5-92c8-d62ca3861c62', 'ISU', '8a45f4fb-9cfc-43b4-a90d-cbb9a4501a1d', '13');
INSERT INTO sys_fieldnum(id, objectType, fieldId, orderNum) VALUES ('46a9608e-0c24-498f-b9f5-52149ec75ca0', 'ISU', '7daadc92-78ae-4995-8cd1-211cac156908', '14');
INSERT INTO sys_fieldnum(id, objectType, fieldId, orderNum) VALUES ('1c2532c6-345d-456a-b9bc-96146b8914cd', 'ISU', 'fba70aec-d593-48d9-a1c0-a0217ff15abb', '15');
INSERT INTO sys_fieldnum(id, objectType, fieldId, orderNum) VALUES ('04552149-13f4-459e-b63e-c165e0c36633', 'ISU', '01cd3978-93fb-4bcd-8b56-8fb898bf96a8', '19');
INSERT INTO sys_fieldnum(id, objectType, fieldId, orderNum) VALUES ('c333ba55-c0ac-4b93-9f25-2119d2d60cf9', 'ISU', '691a5e0e-5a00-4e93-97c7-8671b8686165', '20');
INSERT INTO sys_fieldnum(id, objectType, fieldId, orderNum) VALUES ('c5050851-7ed2-4b9c-8d15-db52cdd74cbe', 'ISU', '7089fd65-d911-4030-8ac1-578023398efd', '22');
INSERT INTO sys_fieldnum(id, objectType, fieldId, orderNum) VALUES ('c5ca520a-c0c8-4d76-b2c3-a3312bb4886b', 'ISU', '6bea7786-0dc0-4e06-b795-4fbe851c8c33', '23');
INSERT INTO sys_fieldnum(id, objectType, fieldId, orderNum) VALUES ('da64588b-7204-41d7-a59b-cacf13007f0d', 'ISU', 'f390ae86-493d-4da6-bff6-a73b3582de68', '24');
INSERT INTO sys_fieldnum(id, objectType, fieldId, orderNum) VALUES ('9b692ed2-fce4-4aa1-91b7-e2fcd928d929', 'ISU', 'ef322de9-8be2-488e-ade4-c276f2245bb8', '25');
INSERT INTO sys_fieldnum(id, objectType, fieldId, orderNum) VALUES ('6692ff7f-1b8d-406b-814e-2f10d85161a5', 'ISU', '998f8a42-5c2e-4218-b007-dd043a5b27fa', '26');
INSERT INTO sys_fieldnum(id, objectType, fieldId, orderNum) VALUES ('71b3e0cf-062e-47cc-b957-0964da9cf7aa', 'ISU', 'ea1c74dc-abd0-4f21-8cbd-32a4bcc9ec44', '27');
INSERT INTO sys_fieldnum(id, objectType, fieldId, orderNum) VALUES ('682081b9-c218-4d74-bc01-1aea8dc837cc', 'ISU', '763e55e8-3165-42ef-865a-a2e62a397457', '28');
INSERT INTO sys_fieldnum(id, objectType, fieldId, orderNum) VALUES ('9ef1e9b2-07af-4a6c-b82a-287634fb62fd', 'ISU', 'c3981eca-dea3-4b64-a8ff-b3e54d5ef075', '29');
INSERT INTO sys_fieldnum(id, objectType, fieldId, orderNum) VALUES ('8102d688-8939-4154-9900-1ddf64c308cd', 'ISU', '8288d334-e5a4-4aa9-b7e3-f985543c6468', '30');
INSERT INTO sys_fieldnum(id, objectType, fieldId, orderNum) VALUES ('c8102ef4-757d-427f-afd4-6ab0af577fa2', 'ISU', '7aeccf38-1a0f-4af5-ba56-be5b94a75dc5', '32');
INSERT INTO sys_fieldnum(id, objectType, fieldId, orderNum) VALUES ('8e9e3268-6260-47ae-a51e-74ee2a1ba089', 'ISU', 'cdc57459-cf87-43ca-b454-3e90db264d63', '33');
INSERT INTO sys_fieldnum(id, objectType, fieldId, orderNum) VALUES ('11e590dd-c36a-4f44-adcd-8d73978e8d9b', 'ISU', '5a487d1b-82ad-40d1-bc25-7941f874b6b5', '42');
INSERT INTO sys_fieldnum(id, objectType, fieldId, orderNum) VALUES ('25de4953-7ec3-4594-8028-093f0ca4a138', 'ISU', '8d040a8e-4c13-41f0-8cd7-c5bfc3276396', '43');
INSERT INTO sys_fieldnum(id, objectType, fieldId, orderNum) VALUES ('867c7650-eaef-40d9-856c-7a2682d2e679', 'ISU', '83d4dbe6-8cdf-4e2a-91d3-24169511af20', '44');
INSERT INTO sys_fieldnum(id, objectType, fieldId, orderNum) VALUES ('1ad7ba83-e5e7-4574-8b96-bb38089ff403', 'ISU', 'a0d2c0f8-3919-4b3a-b78c-3956d08c8713', '45');
INSERT INTO sys_fieldnum(id, objectType, fieldId, orderNum) VALUES ('ce7cad10-acdf-4f65-b6df-4e39edefcfc9', 'ISU', 'd4bcf854-ff3f-42d5-9e90-bcf1907d9a45', '47');
INSERT INTO sys_fieldnum(id, objectType, fieldId, orderNum) VALUES ('b06997c8-fa0a-4d61-8398-8f6d683494ca', 'ISU', 'fc9cd7ff-f0db-4b52-a287-e375c27314ae', '48');
INSERT INTO sys_fieldnum(id, objectType, fieldId, orderNum) VALUES ('0d354f48-1f62-4c52-8632-956b0f2dfba8', 'ISU', '5d24e67a-ef2f-4824-b6c4-6183fb29f39d', '49');
INSERT INTO sys_fieldnum(id, objectType, fieldId, orderNum) VALUES ('e0ce8710-7950-4ff0-8d68-60259c6a5f95', 'ISU', 'fc13a96c-b9ce-4375-afe7-8faae53d6ded', '50');
INSERT INTO sys_fieldnum(id, objectType, fieldId, orderNum) VALUES ('e1c35c8c-1bb6-45b2-a3b1-9db143c68a19', 'ISU', 'fb4719e4-1518-49ac-a9d6-0e968c35833d', '51');
INSERT INTO sys_fieldnum(id, objectType, fieldId, orderNum) VALUES ('a60b1a58-8be5-47e0-9959-4c3b70221557', 'ISU', '49bd4f69-e732-440c-8ba0-522efb9d8a15', '52');
INSERT INTO sys_fieldnum(id, objectType, fieldId, orderNum) VALUES ('cbed2e07-ef02-4455-b111-d0990feb71d8', 'ISU', 'eef0ba0f-fe69-4449-8bda-d1d60837a50b', '53');
INSERT INTO sys_fieldnum(id, objectType, fieldId, orderNum) VALUES ('96598f80-dbc6-47ec-9548-8e77c83d5981', 'ISU', 'dc196100-6a74-4a40-8e5d-963bdb7b2a75', '23');

INSERT INTO sys_datasource(id, objectType, name, val, isSystem, remark, isValid, orderNum, creatorId, createdTime, modifyId, modifyTime, linkFieldId) VALUES ('213168a5-8402-4b1b-8697-bc13cfe7e5ce', 'ISU', '典型问题', NULL, 'Y', NULL, 'Y', '63', 'b8ab9427-627b-469f-bfd0-4b1buser0001', '2022-08-08', 'b8ab9427-627b-469f-bfd0-4b1buser0001', '2022-08-08', '7aeccf38-1a0f-4af5-ba56-be5b94a75dc5');
INSERT INTO sys_datasource(id, objectType, name, val, isSystem, remark, isValid, orderNum, creatorId, createdTime, modifyId, modifyTime, linkFieldId) VALUES ('4e8e1e61-d532-4b45-aaa9-d21bc467d4dc', 'ISU', '严重级别', NULL, 'Y', NULL, 'Y', '59', 'b8ab9427-627b-469f-bfd0-4b1buser0001', '2022-08-08', 'b8ab9427-627b-469f-bfd0-4b1buser0001', '2022-08-08', '7daadc92-78ae-4995-8cd1-211cac156908');
INSERT INTO sys_datasource(id, objectType, name, val, isSystem, remark, isValid, orderNum, creatorId, createdTime, modifyId, modifyTime, linkFieldId) VALUES ('7c8760ea-4a90-4580-9b94-0b4fc338a338', 'ISU', '类型', NULL, 'Y', NULL, 'Y', '58', 'b8ab9427-627b-469f-bfd0-4b1buser0001', '2022-08-08', 'b8ab9427-627b-469f-bfd0-4b1buser0001', '2022-08-08', '8a45f4fb-9cfc-43b4-a90d-cbb9a4501a1d');
INSERT INTO sys_datasource(id, objectType, name, val, isSystem, remark, isValid, orderNum, creatorId, createdTime, modifyId, modifyTime, linkFieldId) VALUES ('86e8f17a-6670-4a67-9bbc-44cf528c3ea4', 'ISU', '优先级', NULL, 'Y', NULL, 'Y', '60', 'b8ab9427-627b-469f-bfd0-4b1buser0001', '2022-08-08', 'b8ab9427-627b-469f-bfd0-4b1buser0001', '2022-08-08', 'fba70aec-d593-48d9-a1c0-a0217ff15abb');
INSERT INTO sys_datasource(id, objectType, name, val, isSystem, remark, isValid, orderNum, creatorId, createdTime, modifyId, modifyTime, linkFieldId) VALUES ('a4fb5191-5eb1-4c3b-8ea6-c4766ac53c8d', 'ISU', '实体状态', NULL, 'Y', NULL, 'Y', '62', 'b8ab9427-627b-469f-bfd0-4b1buser0001', '2022-08-08', 'b8ab9427-627b-469f-bfd0-4b1buser0001', '2022-08-08', '691a5e0e-5a00-4e93-97c7-8671b8686165');
INSERT INTO sys_datasource(id, objectType, name, val, isSystem, remark, isValid, orderNum, creatorId, createdTime, modifyId, modifyTime, linkFieldId) VALUES ('dba43643-707d-4edd-b4ee-b50d3c28e71b', 'ISU', '会签意见', NULL, 'Y', NULL, 'Y', '61', 'b8ab9427-627b-469f-bfd0-4b1buser0001', '2022-08-08', 'b8ab9427-627b-469f-bfd0-4b1buser0001', '2022-08-08', 'cdc57459-cf87-43ca-b454-3e90db264d63');

INSERT INTO sys_dataoption(id, objectType, name, dataBaseId, parentId, isSystem, remark, bgColor, fColor, isValid, orderNum, creatorId, createdTime, modifyId, modifyTime) VALUES ('2c4a8e70-a7b2-4cfc-9b00-268ea3c3e862', 'ISU', '是', '213168a5-8402-4b1b-8697-bc13cfe7e5ce', '', 'Y', NULL, '', '', 'Y', '237', 'b8ab9427-627b-469f-bfd0-4b1buser0001', '2022-08-08', 'b8ab9427-627b-469f-bfd0-4b1buser0001', '2022-08-08');
INSERT INTO sys_dataoption(id, objectType, name, dataBaseId, parentId, isSystem, remark, bgColor, fColor, isValid, orderNum, creatorId, createdTime, modifyId, modifyTime) VALUES ('0571c8d3-5d3a-4cbf-83e9-aabfe0cd4e18', 'ISU', '否', '213168a5-8402-4b1b-8697-bc13cfe7e5ce', '', 'Y', NULL, '', '', 'Y', '238', 'b8ab9427-627b-469f-bfd0-4b1buser0001', '2022-08-08', 'b8ab9427-627b-469f-bfd0-4b1buser0001', '2022-08-08');
INSERT INTO sys_dataoption(id, objectType, name, dataBaseId, parentId, isSystem, remark, bgColor, fColor, isValid, orderNum, creatorId, createdTime, modifyId, modifyTime) VALUES ('93a35ca4-98e3-4b61-9383-c0939d532844', 'ISU', '致命', '4e8e1e61-d532-4b45-aaa9-d21bc467d4dc', '', 'Y', NULL, '', '', 'Y', '223', 'b8ab9427-627b-469f-bfd0-4b1buser0001', '2022-08-08', 'b8ab9427-627b-469f-bfd0-4b1buser0001', '2022-08-08');
INSERT INTO sys_dataoption(id, objectType, name, dataBaseId, parentId, isSystem, remark, bgColor, fColor, isValid, orderNum, creatorId, createdTime, modifyId, modifyTime) VALUES ('2c777ce7-b437-4a7a-8353-be0675994380', 'ISU', '严重', '4e8e1e61-d532-4b45-aaa9-d21bc467d4dc', '', 'Y', NULL, '', '', 'Y', '224', 'b8ab9427-627b-469f-bfd0-4b1buser0001', '2022-08-08', 'b8ab9427-627b-469f-bfd0-4b1buser0001', '2022-08-08');
INSERT INTO sys_dataoption(id, objectType, name, dataBaseId, parentId, isSystem, remark, bgColor, fColor, isValid, orderNum, creatorId, createdTime, modifyId, modifyTime) VALUES ('5726978b-0887-4f5e-b1d8-ee73bf8c21f5', 'ISU', '一般', '4e8e1e61-d532-4b45-aaa9-d21bc467d4dc', '', 'Y', NULL, '', '', 'Y', '225', 'b8ab9427-627b-469f-bfd0-4b1buser0001', '2022-08-08', 'b8ab9427-627b-469f-bfd0-4b1buser0001', '2022-08-08');
INSERT INTO sys_dataoption(id, objectType, name, dataBaseId, parentId, isSystem, remark, bgColor, fColor, isValid, orderNum, creatorId, createdTime, modifyId, modifyTime) VALUES ('298b20bc-0fe9-405d-9c77-9516b95751ed', 'ISU', '提示', '4e8e1e61-d532-4b45-aaa9-d21bc467d4dc', '', 'Y', NULL, '', '', 'Y', '226', 'b8ab9427-627b-469f-bfd0-4b1buser0001', '2022-08-08', 'b8ab9427-627b-469f-bfd0-4b1buser0001', '2022-08-08');
INSERT INTO sys_dataoption(id, objectType, name, dataBaseId, parentId, isSystem, remark, bgColor, fColor, isValid, orderNum, creatorId, createdTime, modifyId, modifyTime) VALUES ('e8c91bfe-2327-4ef0-a8cb-483e9862657e', 'ISU', '进度类', '7c8760ea-4a90-4580-9b94-0b4fc338a338', '', 'Y', NULL, '', '', 'Y', '215', 'b8ab9427-627b-469f-bfd0-4b1buser0001', '2022-08-08', 'b8ab9427-627b-469f-bfd0-4b1buser0001', '2022-08-08');
INSERT INTO sys_dataoption(id, objectType, name, dataBaseId, parentId, isSystem, remark, bgColor, fColor, isValid, orderNum, creatorId, createdTime, modifyId, modifyTime) VALUES ('e6c17050-c516-440d-a60e-c917eae02ab5', 'ISU', '计划类', '7c8760ea-4a90-4580-9b94-0b4fc338a338', '', 'Y', NULL, '', '', 'Y', '216', 'b8ab9427-627b-469f-bfd0-4b1buser0001', '2022-08-08', 'b8ab9427-627b-469f-bfd0-4b1buser0001', '2022-08-08');
INSERT INTO sys_dataoption(id, objectType, name, dataBaseId, parentId, isSystem, remark, bgColor, fColor, isValid, orderNum, creatorId, createdTime, modifyId, modifyTime) VALUES ('ba35dd7a-a877-47f0-9c68-f7a6ad45b2cf', 'ISU', '技术类', '7c8760ea-4a90-4580-9b94-0b4fc338a338', '', 'Y', NULL, '', '', 'Y', '217', 'b8ab9427-627b-469f-bfd0-4b1buser0001', '2022-08-08', 'b8ab9427-627b-469f-bfd0-4b1buser0001', '2022-08-08');
INSERT INTO sys_dataoption(id, objectType, name, dataBaseId, parentId, isSystem, remark, bgColor, fColor, isValid, orderNum, creatorId, createdTime, modifyId, modifyTime) VALUES ('7f5b732e-a9a6-406a-b528-305d3c7a6f0d', 'ISU', '财务类', '7c8760ea-4a90-4580-9b94-0b4fc338a338', '', 'Y', NULL, '', '', 'Y', '218', 'b8ab9427-627b-469f-bfd0-4b1buser0001', '2022-08-08', 'b8ab9427-627b-469f-bfd0-4b1buser0001', '2022-08-08');
INSERT INTO sys_dataoption(id, objectType, name, dataBaseId, parentId, isSystem, remark, bgColor, fColor, isValid, orderNum, creatorId, createdTime, modifyId, modifyTime) VALUES ('f959a228-eb19-4183-9e2c-9c5ee6e2c2c8', 'ISU', '沟通类', '7c8760ea-4a90-4580-9b94-0b4fc338a338', '', 'Y', NULL, '', '', 'Y', '219', 'b8ab9427-627b-469f-bfd0-4b1buser0001', '2022-08-08', 'b8ab9427-627b-469f-bfd0-4b1buser0001', '2022-08-08');
INSERT INTO sys_dataoption(id, objectType, name, dataBaseId, parentId, isSystem, remark, bgColor, fColor, isValid, orderNum, creatorId, createdTime, modifyId, modifyTime) VALUES ('66ec3329-e723-4654-8ac7-89995fcc4551', 'ISU', '人员类', '7c8760ea-4a90-4580-9b94-0b4fc338a338', '', 'Y', NULL, '', '', 'Y', '220', 'b8ab9427-627b-469f-bfd0-4b1buser0001', '2022-08-08', 'b8ab9427-627b-469f-bfd0-4b1buser0001', '2022-08-08');
INSERT INTO sys_dataoption(id, objectType, name, dataBaseId, parentId, isSystem, remark, bgColor, fColor, isValid, orderNum, creatorId, createdTime, modifyId, modifyTime) VALUES ('6eac4467-4866-4441-b371-38b2c45f9e96', 'ISU', '物料类', '7c8760ea-4a90-4580-9b94-0b4fc338a338', '', 'Y', NULL, '', '', 'Y', '221', 'b8ab9427-627b-469f-bfd0-4b1buser0001', '2022-08-08', 'b8ab9427-627b-469f-bfd0-4b1buser0001', '2022-08-08');
INSERT INTO sys_dataoption(id, objectType, name, dataBaseId, parentId, isSystem, remark, bgColor, fColor, isValid, orderNum, creatorId, createdTime, modifyId, modifyTime) VALUES ('72eb80d6-f50c-4d1a-a00a-bcfdb2d60f4c', 'ISU', '其他类', '7c8760ea-4a90-4580-9b94-0b4fc338a338', '', 'Y', NULL, '', '', 'Y', '222', 'b8ab9427-627b-469f-bfd0-4b1buser0001', '2022-08-08', 'b8ab9427-627b-469f-bfd0-4b1buser0001', '2022-08-08');
INSERT INTO sys_dataoption(id, objectType, name, dataBaseId, parentId, isSystem, remark, bgColor, fColor, isValid, orderNum, creatorId, createdTime, modifyId, modifyTime) VALUES ('06e4a816-1de0-4284-b99d-b3849ea4e39e', 'ISU', '高', '86e8f17a-6670-4a67-9bbc-44cf528c3ea4', '', 'Y', NULL, '', '', 'Y', '230', 'b8ab9427-627b-469f-bfd0-4b1buser0001', '2022-08-08', 'b8ab9427-627b-469f-bfd0-4b1buser0001', '2022-08-08');
INSERT INTO sys_dataoption(id, objectType, name, dataBaseId, parentId, isSystem, remark, bgColor, fColor, isValid, orderNum, creatorId, createdTime, modifyId, modifyTime) VALUES ('dbb71cda-4341-43c0-89dc-a9668bdc7bf1', 'ISU', '中', '86e8f17a-6670-4a67-9bbc-44cf528c3ea4', '', 'Y', NULL, '', '', 'Y', '231', 'b8ab9427-627b-469f-bfd0-4b1buser0001', '2022-08-08', 'b8ab9427-627b-469f-bfd0-4b1buser0001', '2022-08-08');
INSERT INTO sys_dataoption(id, objectType, name, dataBaseId, parentId, isSystem, remark, bgColor, fColor, isValid, orderNum, creatorId, createdTime, modifyId, modifyTime) VALUES ('285b177c-83e1-47b2-bc56-393951478d15', 'ISU', '低', '86e8f17a-6670-4a67-9bbc-44cf528c3ea4', '', 'Y', NULL, '', '', 'Y', '232', 'b8ab9427-627b-469f-bfd0-4b1buser0001', '2022-08-08', 'b8ab9427-627b-469f-bfd0-4b1buser0001', '2022-08-08');
INSERT INTO sys_dataoption(id, objectType, name, dataBaseId, parentId, isSystem, remark, bgColor, fColor, isValid, orderNum, creatorId, createdTime, modifyId, modifyTime) VALUES ('bb171b8f-31b4-4886-8b76-0d6ccce1f8a3', 'ISU', '开启', 'a4fb5191-5eb1-4c3b-8ea6-c4766ac53c8d', '', 'Y', NULL, '', '', 'Y', '233', 'b8ab9427-627b-469f-bfd0-4b1buser0001', '2022-08-08', 'b8ab9427-627b-469f-bfd0-4b1buser0001', '2022-08-08');
INSERT INTO sys_dataoption(id, objectType, name, dataBaseId, parentId, isSystem, remark, bgColor, fColor, isValid, orderNum, creatorId, createdTime, modifyId, modifyTime) VALUES ('739a1b44-c7ae-46e6-9fde-2e21ed06bdca', 'ISU', '待审核', 'a4fb5191-5eb1-4c3b-8ea6-c4766ac53c8d', '', 'Y', NULL, '', '', 'Y', '234', 'b8ab9427-627b-469f-bfd0-4b1buser0001', '2022-08-08', 'b8ab9427-627b-469f-bfd0-4b1buser0001', '2022-08-08');
INSERT INTO sys_dataoption(id, objectType, name, dataBaseId, parentId, isSystem, remark, bgColor, fColor, isValid, orderNum, creatorId, createdTime, modifyId, modifyTime) VALUES ('1c4ed948-2e7c-4032-8240-d68b3d3c5d03', 'ISU', '关闭', 'a4fb5191-5eb1-4c3b-8ea6-c4766ac53c8d', '', 'Y', NULL, '', '', 'Y', '235', 'b8ab9427-627b-469f-bfd0-4b1buser0001', '2022-08-08', 'b8ab9427-627b-469f-bfd0-4b1buser0001', '2022-08-08');
INSERT INTO sys_dataoption(id, objectType, name, dataBaseId, parentId, isSystem, remark, bgColor, fColor, isValid, orderNum, creatorId, createdTime, modifyId, modifyTime) VALUES ('4975ca1d-f042-4696-91b0-45a705e00e65', 'ISU', '暂停', 'a4fb5191-5eb1-4c3b-8ea6-c4766ac53c8d', '', 'Y', NULL, '', '', 'Y', '236', 'b8ab9427-627b-469f-bfd0-4b1buser0001', '2022-08-08', 'b8ab9427-627b-469f-bfd0-4b1buser0001', '2022-08-08');
INSERT INTO sys_dataoption(id, objectType, name, dataBaseId, parentId, isSystem, remark, bgColor, fColor, isValid, orderNum, creatorId, createdTime, modifyId, modifyTime) VALUES ('c64d81ba-0a4e-43fb-bf0e-64fb89374f8c', 'ISU', '同意', 'dba43643-707d-4edd-b4ee-b50d3c28e71b', '', 'Y', NULL, '', '', 'Y', '227', 'b8ab9427-627b-469f-bfd0-4b1buser0001', '2022-08-08', 'b8ab9427-627b-469f-bfd0-4b1buser0001', '2022-08-08');
INSERT INTO sys_dataoption(id, objectType, name, dataBaseId, parentId, isSystem, remark, bgColor, fColor, isValid, orderNum, creatorId, createdTime, modifyId, modifyTime) VALUES ('28e88d37-57fe-44a6-83b4-8d837a1c0f56', 'ISU', '不同意', 'dba43643-707d-4edd-b4ee-b50d3c28e71b', '', 'Y', NULL, '', '', 'Y', '228', 'b8ab9427-627b-469f-bfd0-4b1buser0001', '2022-08-08', 'b8ab9427-627b-469f-bfd0-4b1buser0001', '2022-08-08');
INSERT INTO sys_dataoption(id, objectType, name, dataBaseId, parentId, isSystem, remark, bgColor, fColor, isValid, orderNum, creatorId, createdTime, modifyId, modifyTime) VALUES ('190adaea-4c77-4f05-b38c-499235246af5', 'ISU', '保留意见', 'dba43643-707d-4edd-b4ee-b50d3c28e71b', '', 'Y', NULL, '', '', 'Y', '229', 'b8ab9427-627b-469f-bfd0-4b1buser0001', '2022-08-08', 'b8ab9427-627b-469f-bfd0-4b1buser0001', '2022-08-08');

INSERT INTO sys_reportchart(id, name, simpleName, status, isCandidate, objectType, chartType, dataFieldId, categoryFieldId, scope, remark, orderNum, isValid, creatorId, createdTime, modifyId, modifyTime, parentId, pjtStatus, isUsePjt, pjtOrderNum, height, width) VALUES ('2373ab44-7695-465a-8c2c-47951cc70004', '问题', '问题', 'RN', 'Y', 'ISU', 'catalog', '', '', 'P', '', '0', 'Y', 'b8ab9427-627b-469f-bfd0-4b1buser0001', '2022-08-08', 'b8ab9427-627b-469f-bfd0-4b1buser0001', '2022-08-08', '', 'RN', 'Y', '8', '1', '1');
INSERT INTO sys_reportchart(id, name, simpleName, status, isCandidate, objectType, chartType, dataFieldId, categoryFieldId, scope, remark, orderNum, isValid, creatorId, createdTime, modifyId, modifyTime, parentId, pjtStatus, isUsePjt, pjtOrderNum, height, width) VALUES ('64643399-80f5-4203-89d7-620a79436b76', '问题类型分布图', '问题类型分布', 'RN', 'Y', 'ISU', 'pie-basic', '8a45f4fb-9cfc-43b4-a90d-cbb9a4501a1d', '', 'L,P,S', '', '1', 'Y', 'b8ab9427-627b-469f-bfd0-4b1buser0001', '2022-08-08', 'b8ab9427-627b-469f-bfd0-4b1buser0001', '2022-08-08', '2373ab44-7695-465a-8c2c-47951cc70004', 'RN', 'N', '1', '1', '1');
INSERT INTO sys_reportchart(id, name, simpleName, status, isCandidate, objectType, chartType, dataFieldId, categoryFieldId, scope, remark, orderNum, isValid, creatorId, createdTime, modifyId, modifyTime, parentId, pjtStatus, isUsePjt, pjtOrderNum, height, width) VALUES ('3825778c-58ab-4806-80ee-3594deb8e3ec', '问题严重级别分布图', '问题严重级别分布', 'RN', 'Y', 'ISU', 'pie-basic', '7daadc92-78ae-4995-8cd1-211cac156908', '', 'L,P,S', '', '2', 'Y', 'b8ab9427-627b-469f-bfd0-4b1buser0001', '2022-08-08', 'b8ab9427-627b-469f-bfd0-4b1buser0001', '2022-08-08', '2373ab44-7695-465a-8c2c-47951cc70004', 'RN', 'N', '2', '1', '1');
INSERT INTO sys_reportchart(id, name, simpleName, status, isCandidate, objectType, chartType, dataFieldId, categoryFieldId, scope, remark, orderNum, isValid, creatorId, createdTime, modifyId, modifyTime, parentId, pjtStatus, isUsePjt, pjtOrderNum, height, width) VALUES ('67a9f0b8-b57e-4dda-99f4-db4aa1320bf2', '问题严重级别-状态对比图', '问题严重级别-状态对比', 'RN', 'Y', 'ISU', 'bar-stack', '7daadc92-78ae-4995-8cd1-211cac156908', '01cd3978-93fb-4bcd-8b56-8fb898bf96a8', 'L,P,S', '', '6', 'Y', 'b8ab9427-627b-469f-bfd0-4b1buser0001', '2022-08-08', 'b8ab9427-627b-469f-bfd0-4b1buser0001', '2022-08-08', '2373ab44-7695-465a-8c2c-47951cc70004', 'RN', 'N', '3', NULL, NULL);
INSERT INTO sys_reportchart(id, name, simpleName, status, isCandidate, objectType, chartType, dataFieldId, categoryFieldId, scope, remark, orderNum, isValid, creatorId, createdTime, modifyId, modifyTime, parentId, pjtStatus, isUsePjt, pjtOrderNum, height, width) VALUES ('9b256998-57c5-4c1b-b8e3-cd76f856d86f', '问题类型-严重级别对比图', '问题类型-严重级别对比', 'RN', 'Y', 'ISU', 'hbar-stack', '8a45f4fb-9cfc-43b4-a90d-cbb9a4501a1d', '7daadc92-78ae-4995-8cd1-211cac156908', 'L,P,S', '', '7', 'Y', 'b8ab9427-627b-469f-bfd0-4b1buser0001', '2022-08-08', 'b8ab9427-627b-469f-bfd0-4b1buser0001', '2022-08-08', '2373ab44-7695-465a-8c2c-47951cc70004', 'RN', 'N', '4', NULL, NULL);
INSERT INTO sys_reportchart(id, name, simpleName, status, isCandidate, objectType, chartType, dataFieldId, categoryFieldId, scope, remark, orderNum, isValid, creatorId, createdTime, modifyId, modifyTime, parentId, pjtStatus, isUsePjt, pjtOrderNum, height, width) VALUES ('2b8eaefe-3f0b-4067-80cc-31f1baeccd16', '问题发现趋势图', '问题发现趋势', 'RN', 'Y', 'ISU', 'line-stack', 'fb4719e4-1518-49ac-a9d6-0e968c35833d', 'fc13a96c-b9ce-4375-afe7-8faae53d6ded', 'L,P,S', '', '8', 'Y', 'b8ab9427-627b-469f-bfd0-4b1buser0001', '2022-08-08', 'b8ab9427-627b-469f-bfd0-4b1buser0001', '2022-08-08', '2373ab44-7695-465a-8c2c-47951cc70004', 'RN', 'N', '5', NULL, NULL);

INSERT INTO wf_instance(id, name, objectType, remark, modelId, status, orderNum, isSystem, isValid, isDefault, graphView, tranExeCls, creatorId, createdTime, modifyId, modifyTime, step, title, deploymentId, tempStatus)
VALUES ('ACTb3e7e-7612-4c4b-96b4-b805fc25b59f', '问题流程模型_1.0', 'ISU', '', '13', 'IN', 1, 'Y', 'Y', 'N', CONVERT(varbinary(max), '<svg xmlns="http://www.w3.org/2000/svg" xmlns:oryx="http://oryx-editor.org" id="sid-EDEE4FF1-2E9B-47D3-A7F8-D75E26701594" width="1132" height="391" xmlns:xlink="http://www.w3.org/1999/xlink" xmlns:svg="http://www.w3.org/2000/svg"><defs><marker id="sid-75B7AE8E-2763-475C-85A0-4C90B22E4AB6start" refX="1" refY="5" markerUnits="userSpaceOnUse" markerWidth="17" markerHeight="11" orient="auto">	  		undefined			<path id="sid-75B7AE8E-2763-475C-85A0-4C90B22E4AB6default" d="M 5 0 L 11 10" fill="white" stroke="#b7b5b5" stroke-width="1" display="none"/>	  	</marker><marker id="sid-75B7AE8E-2763-475C-85A0-4C90B22E4AB6end" refX="9" refY="5" markerUnits="userSpaceOnUse" markerWidth="11" markerHeight="10" orient="auto">	  		<path id="sid-75B7AE8E-2763-475C-85A0-4C90B22E4AB6arrowhead" d="M 0 1 L 10 5 L 1 9z" fill="#cfcccc" stroke="#cfcccc" stroke-linejoin="round" stroke-width="1"/>	  	</marker><marker id="sid-C7CF6F0C-3A53-4310-9F78-0D425AACA3BEstart" refX="1" refY="5" markerUnits="userSpaceOnUse" markerWidth="17" markerHeight="11" orient="auto">	  		undefined			<path id="sid-C7CF6F0C-3A53-4310-9F78-0D425AACA3BEdefault" d="M 5 0 L 11 10" fill="white" stroke="#b7b5b5" stroke-width="1" display="none"/>	  	</marker><marker id="sid-C7CF6F0C-3A53-4310-9F78-0D425AACA3BEend" refX="9" refY="5" markerUnits="userSpaceOnUse" markerWidth="11" markerHeight="10" orient="auto">	  		<path id="sid-C7CF6F0C-3A53-4310-9F78-0D425AACA3BEarrowhead" d="M 0 1 L 10 5 L 1 9z" fill="#cfcccc" stroke="#cfcccc" stroke-linejoin="round" stroke-width="1"/>	  	</marker><marker id="sid-225BEEFC-8B7B-4B85-9427-C478EA70A330start" refX="1" refY="5" markerUnits="userSpaceOnUse" markerWidth="17" markerHeight="11" orient="auto">	  		undefined			<path id="sid-225BEEFC-8B7B-4B85-9427-C478EA70A330default" d="M 5 0 L 11 10" fill="white" stroke="#b7b5b5" stroke-width="1" display="none"/>	  	</marker><marker id="sid-225BEEFC-8B7B-4B85-9427-C478EA70A330end" refX="9" refY="5" markerUnits="userSpaceOnUse" markerWidth="11" markerHeight="10" orient="auto">	  		<path id="sid-225BEEFC-8B7B-4B85-9427-C478EA70A330arrowhead" d="M 0 1 L 10 5 L 1 9z" fill="#cfcccc" stroke="#cfcccc" stroke-linejoin="round" stroke-width="1"/>	  	</marker><marker id="sid-083C5CB1-EFE1-4A70-8232-E0455ED3F38Cstart" refX="1" refY="5" markerUnits="userSpaceOnUse" markerWidth="17" markerHeight="11" orient="auto">	  		undefined			<path id="sid-083C5CB1-EFE1-4A70-8232-E0455ED3F38Cdefault" d="M 5 0 L 11 10" fill="white" stroke="#b7b5b5" stroke-width="1" display="none"/>	  	</marker><marker id="sid-083C5CB1-EFE1-4A70-8232-E0455ED3F38Cend" refX="9" refY="5" markerUnits="userSpaceOnUse" markerWidth="11" markerHeight="10" orient="auto">	  		<path id="sid-083C5CB1-EFE1-4A70-8232-E0455ED3F38Carrowhead" d="M 0 1 L 10 5 L 1 9z" fill="#cfcccc" stroke="#cfcccc" stroke-linejoin="round" stroke-width="1"/>	  	</marker><marker id="sid-47652CB2-E024-4747-B65F-3774963659BEstart" refX="1" refY="5" markerUnits="userSpaceOnUse" markerWidth="17" markerHeight="11" orient="auto">	  		undefined			<path id="sid-47652CB2-E024-4747-B65F-3774963659BEdefault" d="M 5 0 L 11 10" fill="white" stroke="#b7b5b5" stroke-width="1" display="none"/>	  	</marker><marker id="sid-47652CB2-E024-4747-B65F-3774963659BEend" refX="9" refY="5" markerUnits="userSpaceOnUse" markerWidth="11" markerHeight="10" orient="auto">	  		<path id="sid-47652CB2-E024-4747-B65F-3774963659BEarrowhead" d="M 0 1 L 10 5 L 1 9z" fill="#cfcccc" stroke="#cfcccc" stroke-linejoin="round" stroke-width="1"/>	  	</marker><marker id="sid-EADD7EAA-5F3A-405A-B226-E18B637ACD78start" refX="1" refY="5" markerUnits="userSpaceOnUse" markerWidth="17" markerHeight="11" orient="auto">	  		undefined			<path id="sid-EADD7EAA-5F3A-405A-B226-E18B637ACD78default" d="M 5 0 L 11 10" fill="white" stroke="#b7b5b5" stroke-width="1" display="none"/>	  	</marker><marker id="sid-EADD7EAA-5F3A-405A-B226-E18B637ACD78end" refX="9" refY="5" markerUnits="userSpaceOnUse" markerWidth="11" markerHeight="10" orient="auto">	  		<path id="sid-EADD7EAA-5F3A-405A-B226-E18B637ACD78arrowhead" d="M 0 1 L 10 5 L 1 9z" fill="#cfcccc" stroke="#cfcccc" stroke-linejoin="round" stroke-width="1"/>	  	</marker><marker id="sid-F0821753-8A8C-48A4-ACF3-6AC3FF4A9B60start" refX="1" refY="5" markerUnits="userSpaceOnUse" markerWidth="17" markerHeight="11" orient="auto">	  		undefined			<path id="sid-F0821753-8A8C-48A4-ACF3-6AC3FF4A9B60default" d="M 5 0 L 11 10" fill="white" stroke="#b7b5b5" stroke-width="1" display="none"/>	  	</marker><marker id="sid-F0821753-8A8C-48A4-ACF3-6AC3FF4A9B60end" refX="9" refY="5" markerUnits="userSpaceOnUse" markerWidth="11" markerHeight="10" orient="auto">	  		<path id="sid-F0821753-8A8C-48A4-ACF3-6AC3FF4A9B60arrowhead" d="M 0 1 L 10 5 L 1 9z" fill="#cfcccc" stroke="#cfcccc" stroke-linejoin="round" stroke-width="1"/>	  	</marker><marker id="sid-5C81DA82-1D75-4DFD-9ED8-797C2FD774F4start" refX="1" refY="5" markerUnits="userSpaceOnUse" markerWidth="17" markerHeight="11" orient="auto">	  		undefined			<path id="sid-5C81DA82-1D75-4DFD-9ED8-797C2FD774F4default" d="M 5 0 L 11 10" fill="white" stroke="#b7b5b5" stroke-width="1" display="none"/>	  	</marker><marker id="sid-5C81DA82-1D75-4DFD-9ED8-797C2FD774F4end" refX="9" refY="5" markerUnits="userSpaceOnUse" markerWidth="11" markerHeight="10" orient="auto">	  		<path id="sid-5C81DA82-1D75-4DFD-9ED8-797C2FD774F4arrowhead" d="M 0 1 L 10 5 L 1 9z" fill="#cfcccc" stroke="#cfcccc" stroke-linejoin="round" stroke-width="1"/>	  	</marker><marker id="sid-78AABBEA-0EBD-4C68-97C3-E8BB6F212FA5start" refX="1" refY="5" markerUnits="userSpaceOnUse" markerWidth="17" markerHeight="11" orient="auto">	  		undefined			<path id="sid-78AABBEA-0EBD-4C68-97C3-E8BB6F212FA5default" d="M 5 0 L 11 10" fill="white" stroke="#b7b5b5" stroke-width="1" display="none"/>	  	</marker><marker id="sid-78AABBEA-0EBD-4C68-97C3-E8BB6F212FA5end" refX="9" refY="5" markerUnits="userSpaceOnUse" markerWidth="11" markerHeight="10" orient="auto">	  		<path id="sid-78AABBEA-0EBD-4C68-97C3-E8BB6F212FA5arrowhead" d="M 0 1 L 10 5 L 1 9z" fill="#cfcccc" stroke="#cfcccc" stroke-linejoin="round" stroke-width="1"/>	  	</marker><marker id="sid-AAC2BD10-AA1D-4DEA-8798-5A9BFED4B651start" refX="1" refY="5" markerUnits="userSpaceOnUse" markerWidth="17" markerHeight="11" orient="auto">	  		undefined			<path id="sid-AAC2BD10-AA1D-4DEA-8798-5A9BFED4B651default" d="M 5 0 L 11 10" fill="white" stroke="#b7b5b5" stroke-width="1" display="none"/>	  	</marker><marker id="sid-AAC2BD10-AA1D-4DEA-8798-5A9BFED4B651end" refX="9" refY="5" markerUnits="userSpaceOnUse" markerWidth="11" markerHeight="10" orient="auto">	  		<path id="sid-AAC2BD10-AA1D-4DEA-8798-5A9BFED4B651arrowhead" d="M 0 1 L 10 5 L 1 9z" fill="#cfcccc" stroke="#cfcccc" stroke-linejoin="round" stroke-width="1"/>	  	</marker></defs><svg id="underlay-container"/><g stroke="none" font-family="Verdana, sans-serif" font-size-adjust="none" font-style="normal" font-variant="normal" font-weight="normal" line-heigth="normal" font-size="12"><g class="stencils"><g class="me"/><g class="children"><g id="svg-sid-18E4E413-EC76-4647-A7B4-D0A135DBB9FB"><g class="stencils" transform="translate(255, 225)"><g class="me"><g pointer-events="fill" id="sid-95704E16-AE0C-4145-A8C5-C7A3C4B6F397" title="开始">    <circle id="sid-95704E16-AE0C-4145-A8C5-C7A3C4B6F397bg_frame" cx="16" cy="16" r="16" stroke="none" fill="url(#sid-95704E16-AE0C-4145-A8C5-C7A3C4B6F397image1)" stroke-width="0"/><defs id="sid-95704E16-AE0C-4145-A8C5-C7A3C4B6F397_sid-95704E16-AE0C-4145-A8C5-C7A3C4B6F397_5"><pattern width="32" height="32" patternUnits="userSpaceOnUse" y="0" x="0" id="sid-95704E16-AE0C-4145-A8C5-C7A3C4B6F397image1"><image href="editor-app/images/start.png" height="32" width="32" y="0" x="0" id="sid-95704E16-AE0C-4145-A8C5-C7A3C4B6F397_sid-95704E16-AE0C-4145-A8C5-C7A3C4B6F397_6"/></pattern></defs> 	<text font-size="11" id="sid-95704E16-AE0C-4145-A8C5-C7A3C4B6F397text_name" x="16" y="38" oryx:align="top center" stroke="#373e48" stroke-width="0pt" letter-spacing="-0.01px" transform="rotate(0 16 38)" oryx:fontSize="11" text-anchor="middle"><tspan dy="11" x="16" y="38">开始</tspan></text>  </g></g><g class="children" style="overflow:hidden"/><g class="edge"/></g><g class="controls"><g class="dockers"/><g class="magnets" transform="translate(255, 225)"><g pointer-events="all" display="none" transform="translate(8, 8)"><circle cx="8" cy="8" r="4" stroke="none" fill="red" fill-opacity="0.3"/></g></g></g></g><g id="svg-sid-3F9AF262-541D-45AF-80E3-4DBB598CF5FC"><g class="stencils" transform="translate(407, 225)"><g class="me"><g pointer-events="fill" id="sid-D826F40F-3817-48F0-888D-3C53FF94CDAE" title="步骤">    <circle id="sid-D826F40F-3817-48F0-888D-3C53FF94CDAEbg_frame" cx="16" cy="16" r="16" stroke="none" fill="url(#sid-D826F40F-3817-48F0-888D-3C53FF94CDAEimage2)" stroke-width="0"/><defs id="sid-D826F40F-3817-48F0-888D-3C53FF94CDAE_sid-D826F40F-3817-48F0-888D-3C53FF94CDAE_5"><pattern width="32" height="32" patternUnits="userSpaceOnUse" y="0" x="0" id="sid-D826F40F-3817-48F0-888D-3C53FF94CDAEimage2"><image href="editor-app/images/status.png" height="32" width="32" y="0" x="0" id="sid-D826F40F-3817-48F0-888D-3C53FF94CDAE_sid-D826F40F-3817-48F0-888D-3C53FF94CDAE_6"/></pattern></defs>	<text font-size="11" id="sid-D826F40F-3817-48F0-888D-3C53FF94CDAEtext_name" x="16" y="38" oryx:align="top center" stroke="#373e48" stroke-width="0pt" letter-spacing="-0.01px" transform="rotate(0 16 38)" oryx:fontSize="11" text-anchor="middle"><tspan dy="11" x="16" y="38">问题审核</tspan></text>  </g></g><g class="children" style="overflow:hidden"/><g class="edge"/></g><g class="controls"><g class="dockers"/><g class="magnets" transform="translate(407, 225)"><g pointer-events="all" display="none" transform="translate(8, 8)"><circle cx="8" cy="8" r="4" stroke="none" fill="red" fill-opacity="0.3"/></g></g></g></g><g id="svg-sid-F9A92EA1-F218-403D-8E3A-DAC1898F78DC"><g class="stencils" transform="translate(885, 225)"><g class="me"><g pointer-events="fill" id="sid-DBCC5A05-4C5D-4BEA-A2CA-876C21177941" title="步骤">    <circle id="sid-DBCC5A05-4C5D-4BEA-A2CA-876C21177941bg_frame" cx="16" cy="16" r="16" stroke="none" fill="url(#sid-DBCC5A05-4C5D-4BEA-A2CA-876C21177941image2)" stroke-width="0"/><defs id="sid-DBCC5A05-4C5D-4BEA-A2CA-876C21177941_sid-DBCC5A05-4C5D-4BEA-A2CA-876C21177941_5"><pattern width="32" height="32" patternUnits="userSpaceOnUse" y="0" x="0" id="sid-DBCC5A05-4C5D-4BEA-A2CA-876C21177941image2"><image href="editor-app/images/status.png" height="32" width="32" y="0" x="0" id="sid-DBCC5A05-4C5D-4BEA-A2CA-876C21177941_sid-DBCC5A05-4C5D-4BEA-A2CA-876C21177941_6"/></pattern></defs>	<text font-size="11" id="sid-DBCC5A05-4C5D-4BEA-A2CA-876C21177941text_name" x="16" y="38" oryx:align="top center" stroke="#373e48" stroke-width="0pt" letter-spacing="-0.01px" transform="rotate(0 16 38)" oryx:fontSize="11" text-anchor="middle"><tspan dy="11" x="16" y="38">方案审核</tspan></text>  </g></g><g class="children" style="overflow:hidden"/><g class="edge"/></g><g class="controls"><g class="dockers"/><g class="magnets" transform="translate(885, 225)"><g pointer-events="all" display="none" transform="translate(8, 8)"><circle cx="8" cy="8" r="4" stroke="none" fill="red" fill-opacity="0.3"/></g></g></g></g><g id="svg-sid-43646FE7-2DDD-4F41-9635-2DEC6485F55D"><g class="stencils" transform="translate(1050, 225)"><g class="me"><g pointer-events="fill" id="sid-870296DE-7444-46E2-A5D0-3D1B5DF31E5A" title="结束">    <circle id="sid-870296DE-7444-46E2-A5D0-3D1B5DF31E5Abg_frame" cx="16" cy="16" r="16" stroke="none" fill="url(#sid-870296DE-7444-46E2-A5D0-3D1B5DF31E5Aimage1)" stroke-width="0"/><defs id="sid-870296DE-7444-46E2-A5D0-3D1B5DF31E5A_sid-870296DE-7444-46E2-A5D0-3D1B5DF31E5A_5"><pattern width="32" height="32" patternUnits="userSpaceOnUse" y="0" x="0" id="sid-870296DE-7444-46E2-A5D0-3D1B5DF31E5Aimage1"><image href="editor-app/images/end.png" height="32" width="32" y="0" x="0" id="sid-870296DE-7444-46E2-A5D0-3D1B5DF31E5A_sid-870296DE-7444-46E2-A5D0-3D1B5DF31E5A_6"/></pattern></defs> 	<text font-size="11" id="sid-870296DE-7444-46E2-A5D0-3D1B5DF31E5Atext_name" x="16" y="38" oryx:align="top center" stroke="#373e48" stroke-width="0pt" letter-spacing="-0.01px" transform="rotate(0 16 38)" oryx:fontSize="11" text-anchor="middle"><tspan dy="11" x="16" y="38">结束</tspan></text>  </g></g><g class="children" style="overflow:hidden"/><g class="edge"/></g><g class="controls"><g class="dockers"/><g class="magnets" transform="translate(1050, 225)"><g pointer-events="all" display="none" transform="translate(8, 8)"><circle cx="8" cy="8" r="4" stroke="none" fill="red" fill-opacity="0.3"/></g></g></g></g><g id="svg-sid-7B78C698-7DA2-4A00-9A18-900ABD29B64B"><g class="stencils" transform="translate(893, 120)"><g class="me"><g pointer-events="fill" id="sid-E4627072-12CA-4FDE-A86F-C9AB0982AA89" title="会签">    <circle id="sid-E4627072-12CA-4FDE-A86F-C9AB0982AA89bg_frame" cx="8" cy="8" r="8" stroke="none" fill="url(#sid-E4627072-12CA-4FDE-A86F-C9AB0982AA89image1)" stroke-width="0"/><defs id="sid-E4627072-12CA-4FDE-A86F-C9AB0982AA89_sid-E4627072-12CA-4FDE-A86F-C9AB0982AA89_5"><pattern width="16" height="16" patternUnits="userSpaceOnUse" y="0" x="0" id="sid-E4627072-12CA-4FDE-A86F-C9AB0982AA89image1"><image href="editor-app/images/countSign.png" height="16" width="16" y="0" x="0" id="sid-E4627072-12CA-4FDE-A86F-C9AB0982AA89_sid-E4627072-12CA-4FDE-A86F-C9AB0982AA89_6"/></pattern></defs> 	<text font-size="11" id="sid-E4627072-12CA-4FDE-A86F-C9AB0982AA89text_name" x="7" y="23" oryx:align="top center" stroke="#373e48" class="samll-text" stroke-width="0pt" letter-spacing="-0.01px" transform="rotate(0 7 23)" oryx:fontSize="11" text-anchor="middle"><tspan dy="11" x="7" y="23">步骤</tspan></text>  </g></g><g class="children" style="overflow:hidden"/><g class="edge"/></g><g class="controls"><g class="dockers"/><g class="magnets" transform="translate(893, 120)"><g pointer-events="all" display="none" transform="translate(0, 0)"><circle cx="8" cy="8" r="4" stroke="none" fill="red" fill-opacity="0.3"/></g></g></g></g><g id="svg-sid-10D26126-25D9-4889-8EA3-463FCB1DA949"><g class="stencils" transform="translate(720, 225)"><g class="me"><g pointer-events="fill" id="sid-075A66CB-368C-4277-825C-104CF846F437" title="步骤">    <circle id="sid-075A66CB-368C-4277-825C-104CF846F437bg_frame" cx="16" cy="16" r="16" stroke="none" fill="url(#sid-075A66CB-368C-4277-825C-104CF846F437image2)" stroke-width="0"/><defs id="sid-075A66CB-368C-4277-825C-104CF846F437_sid-075A66CB-368C-4277-825C-104CF846F437_5"><pattern width="32" height="32" patternUnits="userSpaceOnUse" y="0" x="0" id="sid-075A66CB-368C-4277-825C-104CF846F437image2"><image href="editor-app/images/status.png" height="32" width="32" y="0" x="0" id="sid-075A66CB-368C-4277-825C-104CF846F437_sid-075A66CB-368C-4277-825C-104CF846F437_6"/></pattern></defs>	<text font-size="11" id="sid-075A66CB-368C-4277-825C-104CF846F437text_name" x="16" y="38" oryx:align="top center" stroke="#373e48" stroke-width="0pt" letter-spacing="-0.01px" transform="rotate(0 16 38)" oryx:fontSize="11" text-anchor="middle"><tspan dy="11" x="16" y="38">解决中</tspan></text>  </g></g><g class="children" style="overflow:hidden"/><g class="edge"/></g><g class="controls"><g class="dockers"/><g class="magnets" transform="translate(720, 225)"><g pointer-events="all" display="none" transform="translate(8, 8)"><circle cx="8" cy="8" r="4" stroke="none" fill="red" fill-opacity="0.3"/></g></g></g></g><g id="svg-sid-CC3E8C68-29E5-41CC-B1A9-7819CAEAAEDD"><g class="stencils" transform="translate(555, 225)"><g class="me"><g pointer-events="fill" id="sid-9DCF475A-F3AB-4510-BC19-70246D17CF57" title="步骤">    <circle id="sid-9DCF475A-F3AB-4510-BC19-70246D17CF57bg_frame" cx="16" cy="16" r="16" stroke="none" fill="url(#sid-9DCF475A-F3AB-4510-BC19-70246D17CF57image2)" stroke-width="0"/><defs id="sid-9DCF475A-F3AB-4510-BC19-70246D17CF57_sid-9DCF475A-F3AB-4510-BC19-70246D17CF57_5"><pattern width="32" height="32" patternUnits="userSpaceOnUse" y="0" x="0" id="sid-9DCF475A-F3AB-4510-BC19-70246D17CF57image2"><image href="editor-app/images/status.png" height="32" width="32" y="0" x="0" id="sid-9DCF475A-F3AB-4510-BC19-70246D17CF57_sid-9DCF475A-F3AB-4510-BC19-70246D17CF57_6"/></pattern></defs>	<text font-size="11" id="sid-9DCF475A-F3AB-4510-BC19-70246D17CF57text_name" x="16" y="38" oryx:align="top center" stroke="#373e48" stroke-width="0pt" letter-spacing="-0.01px" transform="rotate(0 16 38)" oryx:fontSize="11" text-anchor="middle"><tspan dy="11" x="16" y="38">待解决</tspan></text>  </g></g><g class="children" style="overflow:hidden"/><g class="edge"/></g><g class="controls"><g class="dockers"/><g class="magnets" transform="translate(555, 225)"><g pointer-events="all" display="none" transform="translate(8, 8)"><circle cx="8" cy="8" r="4" stroke="none" fill="red" fill-opacity="0.3"/></g></g></g></g><g id="svg-sid-92E96FF2-C1E3-42B9-A82F-DD810B09F03E"><g class="stencils" transform="translate(728, 120)"><g class="me"><g pointer-events="fill" id="sid-AEAEBE8C-13E1-4DD9-BA5C-7AA45F4C06B9" title="会签">    <circle id="sid-AEAEBE8C-13E1-4DD9-BA5C-7AA45F4C06B9bg_frame" cx="8" cy="8" r="8" stroke="none" fill="url(#sid-AEAEBE8C-13E1-4DD9-BA5C-7AA45F4C06B9image1)" stroke-width="0"/><defs id="sid-AEAEBE8C-13E1-4DD9-BA5C-7AA45F4C06B9_sid-AEAEBE8C-13E1-4DD9-BA5C-7AA45F4C06B9_5"><pattern width="16" height="16" patternUnits="userSpaceOnUse" y="0" x="0" id="sid-AEAEBE8C-13E1-4DD9-BA5C-7AA45F4C06B9image1"><image href="editor-app/images/countSign.png" height="16" width="16" y="0" x="0" id="sid-AEAEBE8C-13E1-4DD9-BA5C-7AA45F4C06B9_sid-AEAEBE8C-13E1-4DD9-BA5C-7AA45F4C06B9_6"/></pattern></defs> 	<text font-size="11" id="sid-AEAEBE8C-13E1-4DD9-BA5C-7AA45F4C06B9text_name" x="7" y="23" oryx:align="top center" stroke="#373e48" class="samll-text" stroke-width="0pt" letter-spacing="-0.01px" transform="rotate(0 7 23)" oryx:fontSize="11" text-anchor="middle"><tspan dy="11" x="7" y="23">步骤</tspan></text>  </g></g><g class="children" style="overflow:hidden"/><g class="edge"/></g><g class="controls"><g class="dockers"/><g class="magnets" transform="translate(728, 120)"><g pointer-events="all" display="none" transform="translate(0, 0)"><circle cx="8" cy="8" r="4" stroke="none" fill="red" fill-opacity="0.3"/></g></g></g></g><g id="svg-sid-B7DE9D1F-70F9-47A1-8B96-78100AE383D4"><g class="stencils" transform="translate(415, 120)"><g class="me"><g pointer-events="fill" id="sid-100EE77D-2F49-4813-BA81-CED5823CFA6E" title="派生">    <circle id="sid-100EE77D-2F49-4813-BA81-CED5823CFA6Ebg_frame" cx="8" cy="8" r="8" stroke="none" fill="url(#sid-100EE77D-2F49-4813-BA81-CED5823CFA6Eimage1)" stroke-width="0"/><defs id="sid-100EE77D-2F49-4813-BA81-CED5823CFA6E_sid-100EE77D-2F49-4813-BA81-CED5823CFA6E_5"><pattern width="16" height="16" patternUnits="userSpaceOnUse" y="0" x="0" id="sid-100EE77D-2F49-4813-BA81-CED5823CFA6Eimage1"><image href="editor-app/images/derive.png" height="16" width="16" y="0" x="0" id="sid-100EE77D-2F49-4813-BA81-CED5823CFA6E_sid-100EE77D-2F49-4813-BA81-CED5823CFA6E_6"/></pattern></defs> 	<text font-size="11" id="sid-100EE77D-2F49-4813-BA81-CED5823CFA6Etext_name" x="7" y="23" oryx:align="top center" stroke="#373e48" class="samll-derive-text" stroke-width="0pt" letter-spacing="-0.01px" transform="rotate(0 7 23)" oryx:fontSize="11" text-anchor="middle" style="display: inline;"><tspan dy="11" x="7" y="23">风险 [风险管理模型_1.0]</tspan></text>  </g></g><g class="children" style="overflow:hidden"/><g class="edge"/></g><g class="controls"><g class="dockers"/><g class="magnets" transform="translate(415, 120)"><g pointer-events="all" display="none" transform="translate(0, 0)"><circle cx="8" cy="8" r="4" stroke="none" fill="red" fill-opacity="0.3"/></g></g></g></g></g><g class="edge"><g id="svg-sid-0A769F48-AA99-4351-94B2-E91300085F18"><g class="stencils"><g class="me"><g pointer-events="painted"><path id="sid-75B7AE8E-2763-475C-85A0-4C90B22E4AB6_1" d="M287.4375 241L406.5625 241 " stroke="#b7b5b5" fill="none" stroke-width="1" stroke-linecap="round" stroke-linejoin="round" marker-start="url(#sid-75B7AE8E-2763-475C-85A0-4C90B22E4AB6start)" marker-end="url(#sid-75B7AE8E-2763-475C-85A0-4C90B22E4AB6end)"/></g><text id="sid-75B7AE8E-2763-475C-85A0-4C90B22E4AB6text_name" x="347" y="244" oryx:edgePosition="midbottom" stroke-width="0pt" letter-spacing="-0.01px" transform="rotate(0 347 244)" oryx:fontSize="12" text-anchor="middle"><tspan dy="0" x="347" y="244">提交</tspan></text></g><g class="children" style="overflow:hidden"/><g class="edge"/></g><g class="controls"><g class="dockers"/><g class="magnets"/></g></g><g id="svg-sid-EAF924AF-C4E5-43E0-8702-493AF1722B9B"><g class="stencils"><g class="me"><g pointer-events="painted"><path id="sid-C7CF6F0C-3A53-4310-9F78-0D425AACA3BE_1" d="M439.03125 241L554.96875 241 " stroke="#b7b5b5" fill="none" stroke-width="1" stroke-linecap="round" stroke-linejoin="round" marker-start="url(#sid-C7CF6F0C-3A53-4310-9F78-0D425AACA3BEstart)" marker-end="url(#sid-C7CF6F0C-3A53-4310-9F78-0D425AACA3BEend)"/></g><text id="sid-C7CF6F0C-3A53-4310-9F78-0D425AACA3BEtext_name" x="497" y="244" oryx:edgePosition="midbottom" stroke-width="0pt" letter-spacing="-0.01px" transform="rotate(0 497 244)" oryx:fontSize="12" text-anchor="middle"><tspan dy="0" x="497" y="244">确认问题</tspan></text></g><g class="children" style="overflow:hidden"/><g class="edge"/></g><g class="controls"><g class="dockers"/><g class="magnets"/></g></g><g id="svg-sid-0EAAB862-27DF-4585-A98A-8EDB080CD3F8"><g class="stencils"><g class="me"><g pointer-events="painted"><path id="sid-225BEEFC-8B7B-4B85-9427-C478EA70A330_1" d="M587.46875 241L719.53125 241 " stroke="#b7b5b5" fill="none" stroke-width="1" stroke-linecap="round" stroke-linejoin="round" marker-start="url(#sid-225BEEFC-8B7B-4B85-9427-C478EA70A330start)" marker-end="url(#sid-225BEEFC-8B7B-4B85-9427-C478EA70A330end)"/></g><text id="sid-225BEEFC-8B7B-4B85-9427-C478EA70A330text_name" x="653" y="244" oryx:edgePosition="midbottom" stroke-width="0pt" letter-spacing="-0.01px" transform="rotate(0 653 244)" oryx:fontSize="12" text-anchor="middle"><tspan dy="0" x="653" y="244">提交解决方案</tspan></text></g><g class="children" style="overflow:hidden"/><g class="edge"/></g><g class="controls"><g class="dockers"/><g class="magnets"/></g></g><g id="svg-sid-A3F39F0D-7C02-4154-B271-C076A9334E9F"><g class="stencils"><g class="me"><g pointer-events="painted"><path id="sid-083C5CB1-EFE1-4A70-8232-E0455ED3F38C_1" d="M752.46875 241L884.53125 241 " stroke="#b7b5b5" fill="none" stroke-width="1" stroke-linecap="round" stroke-linejoin="round" marker-start="url(#sid-083C5CB1-EFE1-4A70-8232-E0455ED3F38Cstart)" marker-end="url(#sid-083C5CB1-EFE1-4A70-8232-E0455ED3F38Cend)"/></g><text id="sid-083C5CB1-EFE1-4A70-8232-E0455ED3F38Ctext_name" x="818" y="244" oryx:edgePosition="midbottom" stroke-width="0pt" letter-spacing="-0.01px" transform="rotate(0 818 244)" oryx:fontSize="12" text-anchor="middle"><tspan dy="0" x="818" y="244">提交审核</tspan></text></g><g class="children" style="overflow:hidden"/><g class="edge"/></g><g class="controls"><g class="dockers"/><g class="magnets"/></g></g><g id="svg-sid-A210A23A-7695-466A-A78A-46BDD415DD7D"><g class="stencils"><g class="me"><g pointer-events="painted"><path id="sid-47652CB2-E024-4747-B65F-3774963659BE_1" d="M917.46875 241L1049.53125 241 " stroke="#b7b5b5" fill="none" stroke-width="1" stroke-linecap="round" stroke-linejoin="round" marker-start="url(#sid-47652CB2-E024-4747-B65F-3774963659BEstart)" marker-end="url(#sid-47652CB2-E024-4747-B65F-3774963659BEend)"/></g><text id="sid-47652CB2-E024-4747-B65F-3774963659BEtext_name" x="983" y="244" oryx:edgePosition="midbottom" stroke-width="0pt" letter-spacing="-0.01px" transform="rotate(0 983 244)" oryx:fontSize="12" text-anchor="middle"><tspan dy="0" x="983" y="244">审核通过</tspan></text></g><g class="children" style="overflow:hidden"/><g class="edge"/></g><g class="controls"><g class="dockers"/><g class="magnets"/></g></g><g id="svg-sid-BEB6FE52-F0F0-45A2-8CDA-DEED778420D6"><g class="stencils"><g class="me"><g pointer-events="painted"><path id="sid-EADD7EAA-5F3A-405A-B226-E18B637ACD78_1" d="M884.3146038666973 249.97365842463336L841.5 273 L752.6171043337023 246.0402591343931 " stroke="#b7b5b5" fill="none" stroke-width="1" stroke-linecap="round" stroke-linejoin="round" marker-start="url(#sid-EADD7EAA-5F3A-405A-B226-E18B637ACD78start)" marker-end="url(#sid-EADD7EAA-5F3A-405A-B226-E18B637ACD78end)"/></g><text id="sid-EADD7EAA-5F3A-405A-B226-E18B637ACD78text_name" x="833" y="281" oryx:edgePosition="midbottom" stroke-width="0pt" letter-spacing="-0.01px" transform="rotate(0 833 281)" oryx:fontSize="12" text-anchor="middle"><tspan dy="0" x="833" y="281">审核不通过</tspan></text></g><g class="children" style="overflow:hidden"/><g class="edge"/></g><g class="controls"><g class="dockers"/><g class="magnets"/></g></g><g id="svg-sid-F1A73C8B-2D41-4F7D-802C-A295089EF5A8"><g class="stencils"><g class="me"><g pointer-events="painted"><path id="sid-F0821753-8A8C-48A4-ACF3-6AC3FF4A9B60_1" d="M901 224.109375L901 136.0625 " stroke="#b7b5b5" fill="none" stroke-width="1" stroke-linecap="round" stroke-linejoin="round" marker-start="url(#sid-F0821753-8A8C-48A4-ACF3-6AC3FF4A9B60start)" marker-end="url(#sid-F0821753-8A8C-48A4-ACF3-6AC3FF4A9B60end)"/></g><text id="sid-F0821753-8A8C-48A4-ACF3-6AC3FF4A9B60text_name" x="901" y="183" oryx:edgePosition="midbottom" stroke-width="0pt" letter-spacing="-0.01px" transform="rotate(0 901 183)" oryx:fontSize="12" text-anchor="middle"><tspan dy="0" x="901" y="183">问题跟踪</tspan></text></g><g class="children" style="overflow:hidden"/><g class="edge"/></g><g class="controls"><g class="dockers"/><g class="magnets"/></g></g><g id="svg-sid-79C7BE65-E817-4377-B43D-9B28406D8CEC"><g class="stencils"><g class="me"><g pointer-events="painted"><path id="sid-5C81DA82-1D75-4DFD-9ED8-797C2FD774F4_1" d="M423 257.625L423 341 L1066 341 L1066 257.625 " stroke="#b7b5b5" fill="none" stroke-width="1" stroke-linecap="round" stroke-linejoin="round" marker-start="url(#sid-5C81DA82-1D75-4DFD-9ED8-797C2FD774F4start)" marker-end="url(#sid-5C81DA82-1D75-4DFD-9ED8-797C2FD774F4end)"/></g><text id="sid-5C81DA82-1D75-4DFD-9ED8-797C2FD774F4text_name" x="744" y="344" oryx:edgePosition="midbottom" stroke-width="0pt" letter-spacing="-0.01px" transform="rotate(0 744 344)" oryx:fontSize="12" text-anchor="middle"><tspan dy="0" x="744" y="344">关闭问题</tspan></text></g><g class="children" style="overflow:hidden"/><g class="edge"/></g><g class="controls"><g class="dockers"/><g class="magnets"/></g></g><g id="svg-sid-6B857733-3640-4BF9-AEA1-751D661DE27E"><g class="stencils"><g class="me"><g pointer-events="painted"><path id="sid-78AABBEA-0EBD-4C68-97C3-E8BB6F212FA5_1" d="M736 224.109375L736 136.0625 " stroke="#b7b5b5" fill="none" stroke-width="1" stroke-linecap="round" stroke-linejoin="round" marker-start="url(#sid-78AABBEA-0EBD-4C68-97C3-E8BB6F212FA5start)" marker-end="url(#sid-78AABBEA-0EBD-4C68-97C3-E8BB6F212FA5end)"/></g><text id="sid-78AABBEA-0EBD-4C68-97C3-E8BB6F212FA5text_name" x="736" y="183" oryx:edgePosition="midbottom" stroke-width="0pt" letter-spacing="-0.01px" transform="rotate(0 736 183)" oryx:fontSize="12" text-anchor="middle"><tspan dy="0" x="736" y="183">问题跟踪</tspan></text></g><g class="children" style="overflow:hidden"/><g class="edge"/></g><g class="controls"><g class="dockers"/><g class="magnets"/></g></g><g id="svg-sid-5C5FF71A-BB39-4422-9299-E22E46C24393"><g class="stencils"><g class="me"><g pointer-events="painted"><path id="sid-AAC2BD10-AA1D-4DEA-8798-5A9BFED4B651_1" d="M423 136.0625L423 224.109375 " stroke="#b7b5b5" fill="none" stroke-width="1" stroke-linecap="round" stroke-linejoin="round" marker-start="url(#sid-AAC2BD10-AA1D-4DEA-8798-5A9BFED4B651start)" marker-end="url(#sid-AAC2BD10-AA1D-4DEA-8798-5A9BFED4B651end)"/></g><text id="sid-AAC2BD10-AA1D-4DEA-8798-5A9BFED4B651text_name" x="423" y="183" oryx:edgePosition="midbottom" stroke-width="0pt" letter-spacing="-0.01px" transform="rotate(0 423 183)" oryx:fontSize="12" text-anchor="middle"><tspan dy="0" x="423" y="183">派生问题</tspan></text></g><g class="children" style="overflow:hidden"/><g class="edge"/></g><g class="controls"><g class="dockers"/><g class="magnets"/></g></g></g></g><g class="svgcontainer"><g display="none" transform="translate(411, 116)"><rect x="0" y="0" stroke-width="1" stroke="#777777" fill="none" stroke-dasharray="2,2" pointer-events="none" width="40" height="40"/></g><g display="none"><path stroke-width="1" stroke="silver" fill="none" stroke-dasharray="5,5" pointer-events="none" d="M901 0 L 901 789"/></g><g display="none"><path stroke-width="1" stroke="silver" fill="none" stroke-dasharray="5,5" pointer-events="none" d="M 0 128 L 1810 128"/></g><g><path stroke-width="2" fill="none" d="M403 226 l0 -5 l5 0 M403 256 l0 5 l5 0 M443 256 l0 5 l-5 0 M443 226 l0 -5 l-5 0 " stroke="#00FF00" stroke-opacity="1" display="none"/><path stroke-width="2" fill="none" d="M-4 1 l0 -5 l5 0 M-4 788 l0 5 l5 0 M1814 788 l0 5 l-5 0 M1814 1 l0 -5 l-5 0 " stroke="#00FF00" stroke-opacity="1" display="none"/><path stroke-width="2" fill="none" d="M889 121 l0 -5 l5 0 M889 135 l0 5 l5 0 M913 135 l0 5 l-5 0 M913 121 l0 -5 l-5 0 M724 121 l0 -5 l5 0 M724 135 l0 5 l5 0 M748 135 l0 5 l-5 0 M748 121 l0 -5 l-5 0 M411 121 l0 -5 l5 0 M411 135 l0 5 l5 0 M435 135 l0 5 l-5 0 M435 121 l0 -5 l-5 0 " stroke="#4444FF" stroke-opacity="0.9" display="none"/></g></g></g></svg>'), NULL, 'b8ab9427-627b-469f-bfd0-4b1buser0001', '2022-08-08', 'b8ab9427-627b-469f-bfd0-4b1buser0001', '2022-08-08', '4', '新建问题', NULL, NULL);
INSERT INTO wf_node(id, name, workflowId, type, property, linkedStatusId, workflowPageId, emailRole, notifyRole, isEmailFile, tranType, phaseRule, lagMode, autoToId, exeCls, entityOpRul, isSynEntity, canWrite, canUpdateFile, canUpdateRelate, rejectRole, remark, orderNum, isSystem, isValid, creatorId, createdTime, modifyId, modifyTime, canRollback)
VALUES ('18E4E413-EC76-4647-A7B4-D0A135DBB9FB', '开始', 'ACTb3e7e-7612-4c4b-96b4-b805fc25b59f', 'start-state', NULL, NULL, '70c60c1f-59ec-4cca-8253-deaf8c7bbccb', NULL, NULL, NULL, NULL, NULL, NULL, NULL, NULL, NULL, NULL, NULL, 'N', 'N', NULL, NULL, 1, 'Y', 'Y', 'b8ab9427-627b-469f-bfd0-4b1buser0001', '2022-08-08', 'b8ab9427-627b-469f-bfd0-4b1buser0001', '2022-08-08', 'Y');
INSERT INTO wf_node(id, name, workflowId, type, property, linkedStatusId, workflowPageId, emailRole, notifyRole, isEmailFile, tranType, phaseRule, lagMode, autoToId, exeCls, entityOpRul, isSynEntity, canWrite, canUpdateFile, canUpdateRelate, rejectRole, remark, orderNum, isSystem, isValid, creatorId, createdTime, modifyId, modifyTime, canRollback)
VALUES ('3F9AF262-541D-45AF-80E3-4DBB598CF5FC', '问题审核', 'ACTb3e7e-7612-4c4b-96b4-b805fc25b59f', 'state', NULL, '05591fb6-23fc-476b-bb17-73e47eadca63', 'ae9980f0-54af-4c83-be8f-b66271f757ef', '960fb540-3cef-49e8-89b6-1bisurole001,960fb540-3cef-49e8-89b6-1bisurole002', ',960fb540-3cef-49e8-89b6-1bisurole001', NULL, NULL, NULL, NULL, NULL, '', NULL, NULL, NULL, 'N', 'Y', '', NULL, 2, 'Y', 'Y', 'b8ab9427-627b-469f-bfd0-4b1buser0001', '2022-08-08', 'b8ab9427-627b-469f-bfd0-4b1buser0001', '2022-08-08', 'Y');
INSERT INTO wf_node(id, name, workflowId, type, property, linkedStatusId, workflowPageId, emailRole, notifyRole, isEmailFile, tranType, phaseRule, lagMode, autoToId, exeCls, entityOpRul, isSynEntity, canWrite, canUpdateFile, canUpdateRelate, rejectRole, remark, orderNum, isSystem, isValid, creatorId, createdTime, modifyId, modifyTime, canRollback)
VALUES ('F9A92EA1-F218-403D-8E3A-DAC1898F78DC', '方案审核', 'ACTb3e7e-7612-4c4b-96b4-b805fc25b59f', 'state', NULL, '3aa9cc42-3e19-4b2a-9700-37292f3a78b8', 'ca4fdea8-0c61-40a9-b205-31517b882f51', '960fb540-3cef-49e8-89b6-1bisurole001,960fb540-3cef-49e8-89b6-1bisurole002', ',960fb540-3cef-49e8-89b6-1bisurole001', NULL, NULL, NULL, NULL, NULL, '', NULL, NULL, NULL, 'N', 'N', '', NULL, 3, 'Y', 'Y', 'b8ab9427-627b-469f-bfd0-4b1buser0001', '2022-08-08', 'b8ab9427-627b-469f-bfd0-4b1buser0001', '2022-08-08', 'Y');
INSERT INTO wf_node(id, name, workflowId, type, property, linkedStatusId, workflowPageId, emailRole, notifyRole, isEmailFile, tranType, phaseRule, lagMode, autoToId, exeCls, entityOpRul, isSynEntity, canWrite, canUpdateFile, canUpdateRelate, rejectRole, remark, orderNum, isSystem, isValid, creatorId, createdTime, modifyId, modifyTime, canRollback)
VALUES ('10D26126-25D9-4889-8EA3-463FCB1DA949', '解决中', 'ACTb3e7e-7612-4c4b-96b4-b805fc25b59f', 'state', NULL, 'c820c357-fa81-4604-a7ad-90fe13310ff6', 'bcb9751b-0ada-4972-8e90-52de6c879d7c', '960fb540-3cef-49e8-89b6-1bisurole001,960fb540-3cef-49e8-89b6-1bisurole002', ',960fb540-3cef-49e8-89b6-1bisurole001', NULL, NULL, NULL, NULL, NULL, '', NULL, NULL, NULL, 'N', 'N', '', NULL, 4, 'Y', 'Y', 'b8ab9427-627b-469f-bfd0-4b1buser0001', '2022-08-08', 'b8ab9427-627b-469f-bfd0-4b1buser0001', '2022-08-08', 'Y');
INSERT INTO wf_node(id, name, workflowId, type, property, linkedStatusId, workflowPageId, emailRole, notifyRole, isEmailFile, tranType, phaseRule, lagMode, autoToId, exeCls, entityOpRul, isSynEntity, canWrite, canUpdateFile, canUpdateRelate, rejectRole, remark, orderNum, isSystem, isValid, creatorId, createdTime, modifyId, modifyTime, canRollback)
VALUES ('CC3E8C68-29E5-41CC-B1A9-7819CAEAAEDD', '待解决', 'ACTb3e7e-7612-4c4b-96b4-b805fc25b59f', 'state', NULL, '7fe48135-9980-45c2-922d-dbc9e62dec1e', '6e9df9e6-162b-4ed9-b37e-81d03e39d762', '960fb540-3cef-49e8-89b6-1bisurole001,960fb540-3cef-49e8-89b6-1bisurole002', ',960fb540-3cef-49e8-89b6-1bisurole001', NULL, NULL, NULL, NULL, NULL, '', NULL, NULL, NULL, 'N', 'N', '', NULL, 5, 'Y', 'Y', 'b8ab9427-627b-469f-bfd0-4b1buser0001', '2022-08-08', 'b8ab9427-627b-469f-bfd0-4b1buser0001', '2022-08-08', 'Y');
INSERT INTO wf_node(id, name, workflowId, type, property, linkedStatusId, workflowPageId, emailRole, notifyRole, isEmailFile, tranType, phaseRule, lagMode, autoToId, exeCls, entityOpRul, isSynEntity, canWrite, canUpdateFile, canUpdateRelate, rejectRole, remark, orderNum, isSystem, isValid, creatorId, createdTime, modifyId, modifyTime, canRollback)
VALUES ('43646FE7-2DDD-4F41-9635-2DEC6485F55D', '结束', 'ACTb3e7e-7612-4c4b-96b4-b805fc25b59f', 'end-state', NULL, '044f5fdd-aba4-43f9-a45f-51c94ddeae74', '4c9207d3-7675-48a1-9eab-afc267d4c354', '960fb540-3cef-49e8-89b6-1bisurole003,960fb540-3cef-49e8-89b6-1bisurole004', '', NULL, NULL, NULL, NULL, NULL, NULL, NULL, NULL, NULL, 'N', 'N', '', NULL, 6, 'Y', 'Y', 'b8ab9427-627b-469f-bfd0-4b1buser0001', '2022-08-08', 'b8ab9427-627b-469f-bfd0-4b1buser0001', '2022-08-08', 'Y');

INSERT INTO wf_transition(id, name, nodeId, toNodeId, workflowPageId, deriveWorkflowType, toDeriveNodeId, conditions, type, isOnlyOnce, isSaveNodeUser, SynCondition, exeCls, workflowId, deriveWorkflowId, isDelPageUser, hasSave, pageTo, isMulTask, functionRight, mapField, deriveMode, emailRemindAgain, remark, orderNum, isSystem, isValid, creatorId, createdTime, modifyId, modifyTime, isForking, isDefaultForking)
VALUES ('0A769F48-AA99-4351-94B2-E91300085F18', '提交', '18E4E413-EC76-4647-A7B4-D0A135DBB9FB', '3F9AF262-541D-45AF-80E3-4DBB598CF5FC', NULL, NULL, NULL, NULL, 'COMMON', 'N', 'N', '1', NULL, 'ACTb3e7e-7612-4c4b-96b4-b805fc25b59f', NULL, NULL, 'N', '1', NULL, NULL, NULL, NULL, NULL, NULL, 1, 'Y', 'Y', 'b8ab9427-627b-469f-bfd0-4b1buser0001', '2022-08-08', 'b8ab9427-627b-469f-bfd0-4b1buser0001', '2022-08-08', 'N', 'N');
INSERT INTO wf_transition(id, name, nodeId, toNodeId, workflowPageId, deriveWorkflowType, toDeriveNodeId, conditions, type, isOnlyOnce, isSaveNodeUser, SynCondition, exeCls, workflowId, deriveWorkflowId, isDelPageUser, hasSave, pageTo, isMulTask, functionRight, mapField, deriveMode, emailRemindAgain, remark, orderNum, isSystem, isValid, creatorId, createdTime, modifyId, modifyTime, isForking, isDefaultForking)
VALUES ('EAF924AF-C4E5-43E0-8702-493AF1722B9B', '确认问题', '3F9AF262-541D-45AF-80E3-4DBB598CF5FC', 'CC3E8C68-29E5-41CC-B1A9-7819CAEAAEDD', '03df7cd2-90be-4333-b14e-cb6fce3195aa', NULL, NULL, NULL, 'COMMON', 'N', 'N', '1', '', 'ACTb3e7e-7612-4c4b-96b4-b805fc25b59f', NULL, NULL, 'N', '1', NULL, NULL, NULL, NULL, NULL, NULL, 2, 'Y', 'Y', 'b8ab9427-627b-469f-bfd0-4b1buser0001', '2022-08-08', 'b8ab9427-627b-469f-bfd0-4b1buser0001', '2022-08-08', 'N', 'N');
INSERT INTO wf_transition(id, name, nodeId, toNodeId, workflowPageId, deriveWorkflowType, toDeriveNodeId, conditions, type, isOnlyOnce, isSaveNodeUser, SynCondition, exeCls, workflowId, deriveWorkflowId, isDelPageUser, hasSave, pageTo, isMulTask, functionRight, mapField, deriveMode, emailRemindAgain, remark, orderNum, isSystem, isValid, creatorId, createdTime, modifyId, modifyTime, isForking, isDefaultForking)
VALUES ('0EAAB862-27DF-4585-A98A-8EDB080CD3F8', '提交解决方案', 'CC3E8C68-29E5-41CC-B1A9-7819CAEAAEDD', '10D26126-25D9-4889-8EA3-463FCB1DA949', 'd1a5d9e6-dfdd-44bd-88e1-8b9e7780e78a', NULL, NULL, NULL, 'COMMON', 'N', 'N', '1', '', 'ACTb3e7e-7612-4c4b-96b4-b805fc25b59f', NULL, NULL, 'N', '1', NULL, NULL, NULL, NULL, NULL, NULL, 3, 'Y', 'Y', 'b8ab9427-627b-469f-bfd0-4b1buser0001', '2022-08-08', 'b8ab9427-627b-469f-bfd0-4b1buser0001', '2022-08-08', 'N', 'N');
INSERT INTO wf_transition(id, name, nodeId, toNodeId, workflowPageId, deriveWorkflowType, toDeriveNodeId, conditions, type, isOnlyOnce, isSaveNodeUser, SynCondition, exeCls, workflowId, deriveWorkflowId, isDelPageUser, hasSave, pageTo, isMulTask, functionRight, mapField, deriveMode, emailRemindAgain, remark, orderNum, isSystem, isValid, creatorId, createdTime, modifyId, modifyTime, isForking, isDefaultForking)
VALUES ('A3F39F0D-7C02-4154-B271-C076A9334E9F', '提交审核', '10D26126-25D9-4889-8EA3-463FCB1DA949', 'F9A92EA1-F218-403D-8E3A-DAC1898F78DC', '2b42cc1c-f72b-4c00-b2c1-840ed1ce1141', NULL, NULL, NULL, 'COMMON', 'N', 'N', '1', '', 'ACTb3e7e-7612-4c4b-96b4-b805fc25b59f', NULL, NULL, 'N', '1', NULL, NULL, NULL, NULL, NULL, NULL, 4, 'Y', 'Y', 'b8ab9427-627b-469f-bfd0-4b1buser0001', '2022-08-08', 'b8ab9427-627b-469f-bfd0-4b1buser0001', '2022-08-08', 'N', 'N');
INSERT INTO wf_transition(id, name, nodeId, toNodeId, workflowPageId, deriveWorkflowType, toDeriveNodeId, conditions, type, isOnlyOnce, isSaveNodeUser, SynCondition, exeCls, workflowId, deriveWorkflowId, isDelPageUser, hasSave, pageTo, isMulTask, functionRight, mapField, deriveMode, emailRemindAgain, remark, orderNum, isSystem, isValid, creatorId, createdTime, modifyId, modifyTime, isForking, isDefaultForking)
VALUES ('A210A23A-7695-466A-A78A-46BDD415DD7D', '审核通过', 'F9A92EA1-F218-403D-8E3A-DAC1898F78DC', '43646FE7-2DDD-4F41-9635-2DEC6485F55D', 'b75b7600-5584-4fd5-bcc0-10466839b8c8', NULL, NULL, NULL, 'COMMON', 'N', 'N', '1', '', 'ACTb3e7e-7612-4c4b-96b4-b805fc25b59f', NULL, NULL, 'N', '1', NULL, NULL, NULL, NULL, NULL, NULL, 5, 'Y', 'Y', 'b8ab9427-627b-469f-bfd0-4b1buser0001', '2022-08-08', 'b8ab9427-627b-469f-bfd0-4b1buser0001', '2022-08-08', 'N', 'N');
INSERT INTO wf_transition(id, name, nodeId, toNodeId, workflowPageId, deriveWorkflowType, toDeriveNodeId, conditions, type, isOnlyOnce, isSaveNodeUser, SynCondition, exeCls, workflowId, deriveWorkflowId, isDelPageUser, hasSave, pageTo, isMulTask, functionRight, mapField, deriveMode, emailRemindAgain, remark, orderNum, isSystem, isValid, creatorId, createdTime, modifyId, modifyTime, isForking, isDefaultForking)
VALUES ('BEB6FE52-F0F0-45A2-8CDA-DEED778420D6', '审核不通过', 'F9A92EA1-F218-403D-8E3A-DAC1898F78DC', '10D26126-25D9-4889-8EA3-463FCB1DA949', 'a26d27c1-c777-483c-a8ca-dbbb55d6efea', NULL, NULL, NULL, 'COMMON', 'N', 'N', '1', '', 'ACTb3e7e-7612-4c4b-96b4-b805fc25b59f', NULL, NULL, 'N', '1', NULL, NULL, NULL, NULL, NULL, NULL, 6, 'Y', 'Y', 'b8ab9427-627b-469f-bfd0-4b1buser0001', '2022-08-08', 'b8ab9427-627b-469f-bfd0-4b1buser0001', '2022-08-08', 'N', 'N');
INSERT INTO wf_transition(id, name, nodeId, toNodeId, workflowPageId, deriveWorkflowType, toDeriveNodeId, conditions, type, isOnlyOnce, isSaveNodeUser, SynCondition, exeCls, workflowId, deriveWorkflowId, isDelPageUser, hasSave, pageTo, isMulTask, functionRight, mapField, deriveMode, emailRemindAgain, remark, orderNum, isSystem, isValid, creatorId, createdTime, modifyId, modifyTime, isForking, isDefaultForking)
VALUES ('F1A73C8B-2D41-4F7D-802C-A295089EF5A8', '问题跟踪', 'F9A92EA1-F218-403D-8E3A-DAC1898F78DC', '7B78C698-7DA2-4A00-9A18-900ABD29B64B', '8d3363fc-9221-4b71-baea-038d0c8fac91', NULL, NULL, NULL, 'COUNTSIGN', 'N', 'N', '1', '', 'ACTb3e7e-7612-4c4b-96b4-b805fc25b59f', NULL, NULL, 'N', '1', NULL, NULL, NULL, NULL, NULL, NULL, 7, 'Y', 'Y', 'b8ab9427-627b-469f-bfd0-4b1buser0001', '2022-08-08', 'b8ab9427-627b-469f-bfd0-4b1buser0001', '2022-08-08', 'N', 'N');
INSERT INTO wf_transition(id, name, nodeId, toNodeId, workflowPageId, deriveWorkflowType, toDeriveNodeId, conditions, type, isOnlyOnce, isSaveNodeUser, SynCondition, exeCls, workflowId, deriveWorkflowId, isDelPageUser, hasSave, pageTo, isMulTask, functionRight, mapField, deriveMode, emailRemindAgain, remark, orderNum, isSystem, isValid, creatorId, createdTime, modifyId, modifyTime, isForking, isDefaultForking)
VALUES ('79C7BE65-E817-4377-B43D-9B28406D8CEC', '关闭问题', '3F9AF262-541D-45AF-80E3-4DBB598CF5FC', '43646FE7-2DDD-4F41-9635-2DEC6485F55D', '6d71b34c-de1b-45db-b5c6-f1a0194604f2', NULL, NULL, NULL, 'COMMON', 'N', 'N', '1', '', 'ACTb3e7e-7612-4c4b-96b4-b805fc25b59f', NULL, NULL, 'N', '1', NULL, NULL, NULL, NULL, NULL, NULL, 8, 'Y', 'Y', 'b8ab9427-627b-469f-bfd0-4b1buser0001', '2022-08-08', 'b8ab9427-627b-469f-bfd0-4b1buser0001', '2022-08-08', 'N', 'N');
INSERT INTO wf_transition(id, name, nodeId, toNodeId, workflowPageId, deriveWorkflowType, toDeriveNodeId, conditions, type, isOnlyOnce, isSaveNodeUser, SynCondition, exeCls, workflowId, deriveWorkflowId, isDelPageUser, hasSave, pageTo, isMulTask, functionRight, mapField, deriveMode, emailRemindAgain, remark, orderNum, isSystem, isValid, creatorId, createdTime, modifyId, modifyTime, isForking, isDefaultForking)
VALUES ('6B857733-3640-4BF9-AEA1-751D661DE27E', '问题跟踪', '10D26126-25D9-4889-8EA3-463FCB1DA949', '92E96FF2-C1E3-42B9-A82F-DD810B09F03E', 'c108a56c-f931-4a77-95e3-52b67abd2a33', NULL, NULL, NULL, 'COUNTSIGN', 'N', 'N', '1', '', 'ACTb3e7e-7612-4c4b-96b4-b805fc25b59f', NULL, NULL, 'N', '1', NULL, NULL, NULL, NULL, NULL, NULL, 9, 'Y', 'Y', 'b8ab9427-627b-469f-bfd0-4b1buser0001', '2022-08-08', 'b8ab9427-627b-469f-bfd0-4b1buser0001', '2022-08-08', 'N', 'N');

INSERT INTO sys_status(id, objectType, Name, Remark, bgColor, fColor, isCalcLag, isEnd, isValid, orderNum, creatorId, createdTime, modifyId, modifyTime, workflowId)
VALUES ('05591fb6-23fc-476b-bb17-73e47eadca63', 'ISU', '问题审核', NULL, NULL, NULL, 'Y', 'N', 'Y', 2, 'b8ab9427-627b-469f-bfd0-4b1buser0001', '2022-08-08', 'b8ab9427-627b-469f-bfd0-4b1buser0001', '2022-08-08', 'ACTb3e7e-7612-4c4b-96b4-b805fc25b59f');
INSERT INTO sys_status(id, objectType, Name, Remark, bgColor, fColor, isCalcLag, isEnd, isValid, orderNum, creatorId, createdTime, modifyId, modifyTime, workflowId)
VALUES ('3aa9cc42-3e19-4b2a-9700-37292f3a78b8', 'ISU', '方案审核', NULL, NULL, NULL, 'Y', 'N', 'Y', 3, 'b8ab9427-627b-469f-bfd0-4b1buser0001', '2022-08-08', 'b8ab9427-627b-469f-bfd0-4b1buser0001', '2022-08-08', 'ACTb3e7e-7612-4c4b-96b4-b805fc25b59f');
INSERT INTO sys_status(id, objectType, Name, Remark, bgColor, fColor, isCalcLag, isEnd, isValid, orderNum, creatorId, createdTime, modifyId, modifyTime, workflowId)
VALUES ('c820c357-fa81-4604-a7ad-90fe13310ff6', 'ISU', '解决中', '', '#ff9948', '#ffffff', 'Y', 'N', 'Y', 4, 'b8ab9427-627b-469f-bfd0-4b1buser0001', '2022-08-08', 'b8ab9427-627b-469f-bfd0-4b1buser0001', '2022-08-08', 'ACTb3e7e-7612-4c4b-96b4-b805fc25b59f');
INSERT INTO sys_status(id, objectType, Name, Remark, bgColor, fColor, isCalcLag, isEnd, isValid, orderNum, creatorId, createdTime, modifyId, modifyTime, workflowId)
VALUES ('7fe48135-9980-45c2-922d-dbc9e62dec1e', 'ISU', '待解决', NULL, NULL, NULL, 'Y', 'N', 'Y', 5, 'b8ab9427-627b-469f-bfd0-4b1buser0001', '2022-08-08', 'b8ab9427-627b-469f-bfd0-4b1buser0001', '2022-08-08', 'ACTb3e7e-7612-4c4b-96b4-b805fc25b59f');
INSERT INTO sys_status(id, objectType, Name, Remark, bgColor, fColor, isCalcLag, isEnd, isValid, orderNum, creatorId, createdTime, modifyId, modifyTime, workflowId)
VALUES ('044f5fdd-aba4-43f9-a45f-51c94ddeae74', 'ISU', '结束', NULL, NULL, NULL, 'Y', 'Y', 'Y', 6, 'b8ab9427-627b-469f-bfd0-4b1buser0001', '2022-08-08', 'b8ab9427-627b-469f-bfd0-4b1buser0001', '2022-08-08', 'ACTb3e7e-7612-4c4b-96b4-b805fc25b59f');

INSERT INTO sys_page(id, name, objectType, pageType, parentId, workflowID, deriveWfType, deriveWfID, mapField, isStartPage, entityTypeID, extPageUrl, extPageCls, isSystem, remark, isValid, orderNum, creatorId, createdTime, modifyId, modifyTime, subType)
VALUES ('03df7cd2-90be-4333-b14e-cb6fce3195aa', '确认问题', 'ISU', 'FORM', NULL, 'ACTb3e7e-7612-4c4b-96b4-b805fc25b59f', NULL, NULL, 'tab_Y_detail,tab_Y_workflowChart,tab_Y_workflowProcess,tab_Y_relate,tab_Y_file', NULL, NULL, NULL, NULL, 'N', NULL, 'Y', 5, 'b8ab9427-627b-469f-bfd0-4b1buser0001', '2022-08-08', 'b8ab9427-627b-469f-bfd0-4b1buser0001', '2022-08-08', 'EDIT');
INSERT INTO sys_page(id, name, objectType, pageType, parentId, workflowID, deriveWfType, deriveWfID, mapField, isStartPage, entityTypeID, extPageUrl, extPageCls, isSystem, remark, isValid, orderNum, creatorId, createdTime, modifyId, modifyTime, subType)
VALUES ('70c60c1f-59ec-4cca-8253-deaf8c7bbccb', '开始', 'ISU', 'FORM', NULL, 'ACTb3e7e-7612-4c4b-96b4-b805fc25b59f', NULL, NULL, NULL, NULL, '', NULL, NULL, 'N', NULL, 'Y', 8, 'b8ab9427-627b-469f-bfd0-4b1buser0001', '2022-08-08', 'b8ab9427-627b-469f-bfd0-4b1buser0001', '2022-08-08', 'ADD');
INSERT INTO sys_page(id, name, objectType, pageType, parentId, workflowID, deriveWfType, deriveWfID, mapField, isStartPage, entityTypeID, extPageUrl, extPageCls, isSystem, remark, isValid, orderNum, creatorId, createdTime, modifyId, modifyTime, subType)
VALUES ('ae9980f0-54af-4c83-be8f-b66271f757ef', '问题审核', 'ISU', 'FORM', NULL, 'ACTb3e7e-7612-4c4b-96b4-b805fc25b59f', NULL, NULL, NULL, NULL, NULL, NULL, NULL, 'N', NULL, 'Y', 9, 'b8ab9427-627b-469f-bfd0-4b1buser0001', '2022-08-08', 'b8ab9427-627b-469f-bfd0-4b1buser0001', '2022-08-08', 'VIEW');
INSERT INTO sys_page(id, name, objectType, pageType, parentId, workflowID, deriveWfType, deriveWfID, mapField, isStartPage, entityTypeID, extPageUrl, extPageCls, isSystem, remark, isValid, orderNum, creatorId, createdTime, modifyId, modifyTime, subType)
VALUES ('ca4fdea8-0c61-40a9-b205-31517b882f51', '方案审核', 'ISU', 'FORM', NULL, 'ACTb3e7e-7612-4c4b-96b4-b805fc25b59f', NULL, NULL, NULL, NULL, NULL, NULL, NULL, 'N', NULL, 'Y', 10, 'b8ab9427-627b-469f-bfd0-4b1buser0001', '2022-08-08', 'b8ab9427-627b-469f-bfd0-4b1buser0001', '2022-08-08', 'VIEW');
INSERT INTO sys_page(id, name, objectType, pageType, parentId, workflowID, deriveWfType, deriveWfID, mapField, isStartPage, entityTypeID, extPageUrl, extPageCls, isSystem, remark, isValid, orderNum, creatorId, createdTime, modifyId, modifyTime, subType)
VALUES ('d1a5d9e6-dfdd-44bd-88e1-8b9e7780e78a', '提交解决方案', 'ISU', 'FORM', NULL, 'ACTb3e7e-7612-4c4b-96b4-b805fc25b59f', NULL, NULL, NULL, NULL, NULL, NULL, NULL, 'N', NULL, 'Y', 10, 'b8ab9427-627b-469f-bfd0-4b1buser0001', '2022-08-08', 'b8ab9427-627b-469f-bfd0-4b1buser0001', '2022-08-08', 'EDIT');
INSERT INTO sys_page(id, name, objectType, pageType, parentId, workflowID, deriveWfType, deriveWfID, mapField, isStartPage, entityTypeID, extPageUrl, extPageCls, isSystem, remark, isValid, orderNum, creatorId, createdTime, modifyId, modifyTime, subType)
VALUES ('2b42cc1c-f72b-4c00-b2c1-840ed1ce1141', '提交审核', 'ISU', 'FORM', NULL, 'ACTb3e7e-7612-4c4b-96b4-b805fc25b59f', NULL, NULL, NULL, NULL, NULL, NULL, NULL, 'N', NULL, 'Y', 11, 'b8ab9427-627b-469f-bfd0-4b1buser0001', '2022-08-08', 'b8ab9427-627b-469f-bfd0-4b1buser0001', '2022-08-08', 'EDIT');
INSERT INTO sys_page(id, name, objectType, pageType, parentId, workflowID, deriveWfType, deriveWfID, mapField, isStartPage, entityTypeID, extPageUrl, extPageCls, isSystem, remark, isValid, orderNum, creatorId, createdTime, modifyId, modifyTime, subType)
VALUES ('bcb9751b-0ada-4972-8e90-52de6c879d7c', '解决中', 'ISU', 'FORM', NULL, 'ACTb3e7e-7612-4c4b-96b4-b805fc25b59f', NULL, NULL, NULL, NULL, NULL, NULL, NULL, 'N', NULL, 'Y', 11, 'b8ab9427-627b-469f-bfd0-4b1buser0001', '2022-08-08', 'b8ab9427-627b-469f-bfd0-4b1buser0001', '2022-08-08', 'VIEW');
INSERT INTO sys_page(id, name, objectType, pageType, parentId, workflowID, deriveWfType, deriveWfID, mapField, isStartPage, entityTypeID, extPageUrl, extPageCls, isSystem, remark, isValid, orderNum, creatorId, createdTime, modifyId, modifyTime, subType)
VALUES ('6e9df9e6-162b-4ed9-b37e-81d03e39d762', '待解决', 'ISU', 'FORM', NULL, 'ACTb3e7e-7612-4c4b-96b4-b805fc25b59f', NULL, NULL, NULL, NULL, NULL, NULL, NULL, 'N', NULL, 'Y', 12, 'b8ab9427-627b-469f-bfd0-4b1buser0001', '2022-08-08', 'b8ab9427-627b-469f-bfd0-4b1buser0001', '2022-08-08', 'VIEW');
INSERT INTO sys_page(id, name, objectType, pageType, parentId, workflowID, deriveWfType, deriveWfID, mapField, isStartPage, entityTypeID, extPageUrl, extPageCls, isSystem, remark, isValid, orderNum, creatorId, createdTime, modifyId, modifyTime, subType)
VALUES ('b75b7600-5584-4fd5-bcc0-10466839b8c8', '审核通过', 'ISU', 'FORM', NULL, 'ACTb3e7e-7612-4c4b-96b4-b805fc25b59f', NULL, NULL, NULL, NULL, NULL, NULL, NULL, 'N', NULL, 'Y', 12, 'b8ab9427-627b-469f-bfd0-4b1buser0001', '2022-08-08', 'b8ab9427-627b-469f-bfd0-4b1buser0001', '2022-08-08', 'EDIT');
INSERT INTO sys_page(id, name, objectType, pageType, parentId, workflowID, deriveWfType, deriveWfID, mapField, isStartPage, entityTypeID, extPageUrl, extPageCls, isSystem, remark, isValid, orderNum, creatorId, createdTime, modifyId, modifyTime, subType)
VALUES ('4c9207d3-7675-48a1-9eab-afc267d4c354', '结束', 'ISU', 'FORM', NULL, 'ACTb3e7e-7612-4c4b-96b4-b805fc25b59f', NULL, NULL, NULL, NULL, NULL, NULL, NULL, 'N', NULL, 'Y', 13, 'b8ab9427-627b-469f-bfd0-4b1buser0001', '2022-08-08', 'b8ab9427-627b-469f-bfd0-4b1buser0001', '2022-08-08', 'VIEW');
INSERT INTO sys_page(id, name, objectType, pageType, parentId, workflowID, deriveWfType, deriveWfID, mapField, isStartPage, entityTypeID, extPageUrl, extPageCls, isSystem, remark, isValid, orderNum, creatorId, createdTime, modifyId, modifyTime, subType)
VALUES ('6d71b34c-de1b-45db-b5c6-f1a0194604f2', '关闭问题', 'ISU', 'FORM', NULL, 'ACTb3e7e-7612-4c4b-96b4-b805fc25b59f', NULL, NULL, NULL, NULL, NULL, NULL, NULL, 'N', NULL, 'Y', 13, 'b8ab9427-627b-469f-bfd0-4b1buser0001', '2022-08-08', 'b8ab9427-627b-469f-bfd0-4b1buser0001', '2022-08-08', 'EDIT');
INSERT INTO sys_page(id, name, objectType, pageType, parentId, workflowID, deriveWfType, deriveWfID, mapField, isStartPage, entityTypeID, extPageUrl, extPageCls, isSystem, remark, isValid, orderNum, creatorId, createdTime, modifyId, modifyTime, subType)
VALUES ('8d3363fc-9221-4b71-baea-038d0c8fac91', '问题跟踪', 'ISU', 'FORM', NULL, 'ACTb3e7e-7612-4c4b-96b4-b805fc25b59f', NULL, NULL, NULL, NULL, NULL, NULL, NULL, 'N', NULL, 'Y', 14, 'b8ab9427-627b-469f-bfd0-4b1buser0001', '2022-08-08', 'b8ab9427-627b-469f-bfd0-4b1buser0001', '2022-08-08', 'EDIT');
INSERT INTO sys_page(id, name, objectType, pageType, parentId, workflowID, deriveWfType, deriveWfID, mapField, isStartPage, entityTypeID, extPageUrl, extPageCls, isSystem, remark, isValid, orderNum, creatorId, createdTime, modifyId, modifyTime, subType)
VALUES ('c108a56c-f931-4a77-95e3-52b67abd2a33', '问题跟踪', 'ISU', 'FORM', NULL, 'ACTb3e7e-7612-4c4b-96b4-b805fc25b59f', NULL, NULL, NULL, NULL, '', NULL, NULL, 'N', NULL, 'Y', 15, 'b8ab9427-627b-469f-bfd0-4b1buser0001', '2022-08-08', 'b8ab9427-627b-469f-bfd0-4b1buser0001', '2022-08-08', 'EDIT');
INSERT INTO sys_page(id, name, objectType, pageType, parentId, workflowID, deriveWfType, deriveWfID, mapField, isStartPage, entityTypeID, extPageUrl, extPageCls, isSystem, remark, isValid, orderNum, creatorId, createdTime, modifyId, modifyTime, subType)
VALUES ('a26d27c1-c777-483c-a8ca-dbbb55d6efea', '审核不通过', 'ISU', 'FORM', NULL, 'ACTb3e7e-7612-4c4b-96b4-b805fc25b59f', NULL, NULL, NULL, NULL, NULL, NULL, NULL, 'N', NULL, 'Y', 16, 'b8ab9427-627b-469f-bfd0-4b1buser0001', '2022-08-08', 'b8ab9427-627b-469f-bfd0-4b1buser0001', '2022-08-08', 'EDIT');

INSERT INTO sys_pagefield_rlt(id, pageId, fieldId, orderNum, isRequired, isReaded, isReseted, isRecorded, isShowed, layout, isValid, module)
VALUES ('f79656da-d929-4295-af7d-108e66ae4917', '03df7cd2-90be-4333-b14e-cb6fce3195aa', 'a3905fd6-957c-4ccf-822f-a86bd6d5c537', 1, 'N', 'Y', NULL, NULL, 'Y', 'F', 'Y', NULL);
INSERT INTO sys_pagefield_rlt(id, pageId, fieldId, orderNum, isRequired, isReaded, isReseted, isRecorded, isShowed, layout, isValid, module)
VALUES ('c32711ba-a10e-44d6-8e20-eec733061e61', '03df7cd2-90be-4333-b14e-cb6fce3195aa', '503cbdd8-c06d-4cef-bf35-74e4bc5f73fc', 2, 'N', 'Y', NULL, NULL, 'Y', 'F', 'Y', NULL);
INSERT INTO sys_pagefield_rlt(id, pageId, fieldId, orderNum, isRequired, isReaded, isReseted, isRecorded, isShowed, layout, isValid, module)
VALUES ('a8dfbcfb-25d2-4c7e-ba92-62e71bb72c48', '03df7cd2-90be-4333-b14e-cb6fce3195aa', '8a45f4fb-9cfc-43b4-a90d-cbb9a4501a1d', 3, 'Y', 'N', NULL, NULL, 'Y', 'T', 'Y', NULL);
INSERT INTO sys_pagefield_rlt(id, pageId, fieldId, orderNum, isRequired, isReaded, isReseted, isRecorded, isShowed, layout, isValid, module)
VALUES ('fa4a50c7-d67c-4efb-bbea-77b70432952d', '03df7cd2-90be-4333-b14e-cb6fce3195aa', '7daadc92-78ae-4995-8cd1-211cac156908', 4, 'Y', 'N', NULL, NULL, 'Y', 'T', 'Y', NULL);
INSERT INTO sys_pagefield_rlt(id, pageId, fieldId, orderNum, isRequired, isReaded, isReseted, isRecorded, isShowed, layout, isValid, module)
VALUES ('4eb932fa-b407-4ef7-8956-8b598c08d3cd', '03df7cd2-90be-4333-b14e-cb6fce3195aa', 'fba70aec-d593-48d9-a1c0-a0217ff15abb', 5, 'N', 'N', NULL, NULL, 'Y', 'T', 'Y', NULL);
INSERT INTO sys_pagefield_rlt(id, pageId, fieldId, orderNum, isRequired, isReaded, isReseted, isRecorded, isShowed, layout, isValid, module)
VALUES ('45e5325d-6dc4-4392-a8b0-fe863b531d11', '03df7cd2-90be-4333-b14e-cb6fce3195aa', '7aeccf38-1a0f-4af5-ba56-be5b94a75dc5', 6, 'N', 'Y', NULL, NULL, 'Y', 'T', 'Y', NULL);
INSERT INTO sys_pagefield_rlt(id, pageId, fieldId, orderNum, isRequired, isReaded, isReseted, isRecorded, isShowed, layout, isValid, module)
VALUES ('e1a0ac98-83e5-4764-8149-80996acb48f1', '03df7cd2-90be-4333-b14e-cb6fce3195aa', 'f390ae86-493d-4da6-bff6-a73b3582de68', 7, 'N', 'Y', NULL, NULL, 'Y', 'T', 'Y', NULL);
INSERT INTO sys_pagefield_rlt(id, pageId, fieldId, orderNum, isRequired, isReaded, isReseted, isRecorded, isShowed, layout, isValid, module)
VALUES ('acf10075-819d-410b-8fb4-3d80eaf5b46f', '03df7cd2-90be-4333-b14e-cb6fce3195aa', 'ef322de9-8be2-488e-ade4-c276f2245bb8', 8, 'N', 'Y', NULL, NULL, 'Y', 'T', 'Y', NULL);
INSERT INTO sys_pagefield_rlt(id, pageId, fieldId, orderNum, isRequired, isReaded, isReseted, isRecorded, isShowed, layout, isValid, module)
VALUES ('e78e3772-c8c5-4ea5-9436-76bf2221ae1e', '03df7cd2-90be-4333-b14e-cb6fce3195aa', 'c3981eca-dea3-4b64-a8ff-b3e54d5ef075', 9, 'Y', 'N', NULL, NULL, 'Y', 'T', 'Y', NULL);
INSERT INTO sys_pagefield_rlt(id, pageId, fieldId, orderNum, isRequired, isReaded, isReseted, isRecorded, isShowed, layout, isValid, module)
VALUES ('38e6e308-aeac-4dbe-8b4c-3dff0b2f4c09', '03df7cd2-90be-4333-b14e-cb6fce3195aa', '8288d334-e5a4-4aa9-b7e3-f985543c6468', 10, 'N', 'N', NULL, NULL, 'Y', 'T', 'Y', NULL);
INSERT INTO sys_pagefield_rlt(id, pageId, fieldId, orderNum, isRequired, isReaded, isReseted, isRecorded, isShowed, layout, isValid, module)
VALUES ('3628a020-217f-4337-a9d2-4a0c87cd8020', '03df7cd2-90be-4333-b14e-cb6fce3195aa', '8d040a8e-4c13-41f0-8cd7-c5bfc3276396', 11, 'N', 'Y', NULL, NULL, 'Y', 'F', 'Y', NULL);
INSERT INTO sys_pagefield_rlt(id, pageId, fieldId, orderNum, isRequired, isReaded, isReseted, isRecorded, isShowed, layout, isValid, module)
VALUES ('f8d7a786-a0a5-4048-8723-e9c77f2be5d3', '03df7cd2-90be-4333-b14e-cb6fce3195aa', 'dc196100-6a74-4a40-8e5d-963bdb7b2a75', 12, 'N', 'Y', NULL, NULL, 'Y', 'F', 'Y', NULL);
INSERT INTO sys_pagefield_rlt(id, pageId, fieldId, orderNum, isRequired, isReaded, isReseted, isRecorded, isShowed, layout, isValid, module)
VALUES ('eb814ddd-6b56-43c3-8eac-6aab0255f040', '03df7cd2-90be-4333-b14e-cb6fce3195aa', 'a0d2c0f8-3919-4b3a-b78c-3956d08c8713', 13, 'N', 'N', NULL, NULL, 'Y', 'F', 'Y', NULL);
INSERT INTO sys_pagefield_rlt(id, pageId, fieldId, orderNum, isRequired, isReaded, isReseted, isRecorded, isShowed, layout, isValid, module)
VALUES ('c7375132-59f4-4a6c-b898-ec3f03c106e0', '2b42cc1c-f72b-4c00-b2c1-840ed1ce1141', 'a3905fd6-957c-4ccf-822f-a86bd6d5c537', 1, 'N', 'Y', NULL, NULL, 'Y', 'F', 'Y', NULL);
INSERT INTO sys_pagefield_rlt(id, pageId, fieldId, orderNum, isRequired, isReaded, isReseted, isRecorded, isShowed, layout, isValid, module)
VALUES ('a5742075-d9b7-45c2-9c7c-5d70fb76e3d3', '2b42cc1c-f72b-4c00-b2c1-840ed1ce1141', '503cbdd8-c06d-4cef-bf35-74e4bc5f73fc', 2, 'N', 'Y', NULL, NULL, 'Y', 'F', 'Y', NULL);
INSERT INTO sys_pagefield_rlt(id, pageId, fieldId, orderNum, isRequired, isReaded, isReseted, isRecorded, isShowed, layout, isValid, module)
VALUES ('3ce1515e-db58-47b7-845d-fc581ddfaed0', '2b42cc1c-f72b-4c00-b2c1-840ed1ce1141', '8a45f4fb-9cfc-43b4-a90d-cbb9a4501a1d', 3, 'N', 'Y', NULL, NULL, 'Y', 'T', 'Y', NULL);
INSERT INTO sys_pagefield_rlt(id, pageId, fieldId, orderNum, isRequired, isReaded, isReseted, isRecorded, isShowed, layout, isValid, module)
VALUES ('ae11605f-a7e4-486e-8868-7aa8898ce061', '2b42cc1c-f72b-4c00-b2c1-840ed1ce1141', '7daadc92-78ae-4995-8cd1-211cac156908', 4, 'N', 'Y', NULL, NULL, 'Y', 'T', 'Y', NULL);
INSERT INTO sys_pagefield_rlt(id, pageId, fieldId, orderNum, isRequired, isReaded, isReseted, isRecorded, isShowed, layout, isValid, module)
VALUES ('3ef6d2f8-d2b7-4fe0-904b-1d5fb5750234', '2b42cc1c-f72b-4c00-b2c1-840ed1ce1141', 'fba70aec-d593-48d9-a1c0-a0217ff15abb', 5, 'N', 'Y', NULL, NULL, 'Y', 'T', 'Y', NULL);
INSERT INTO sys_pagefield_rlt(id, pageId, fieldId, orderNum, isRequired, isReaded, isReseted, isRecorded, isShowed, layout, isValid, module)
VALUES ('47526b5c-56c3-473d-9b91-6f6e80f7f9e2', '2b42cc1c-f72b-4c00-b2c1-840ed1ce1141', '7aeccf38-1a0f-4af5-ba56-be5b94a75dc5', 6, 'N', 'Y', NULL, NULL, 'Y', 'T', 'Y', NULL);
INSERT INTO sys_pagefield_rlt(id, pageId, fieldId, orderNum, isRequired, isReaded, isReseted, isRecorded, isShowed, layout, isValid, module)
VALUES ('07f880d2-13d5-4233-ac4c-ff384171244b', '2b42cc1c-f72b-4c00-b2c1-840ed1ce1141', 'f390ae86-493d-4da6-bff6-a73b3582de68', 7, 'N', 'Y', NULL, NULL, 'Y', 'T', 'Y', NULL);
INSERT INTO sys_pagefield_rlt(id, pageId, fieldId, orderNum, isRequired, isReaded, isReseted, isRecorded, isShowed, layout, isValid, module)
VALUES ('4b943fe3-3c52-46c3-a136-3f972d2d8cce', '2b42cc1c-f72b-4c00-b2c1-840ed1ce1141', 'ef322de9-8be2-488e-ade4-c276f2245bb8', 8, 'N', 'Y', NULL, NULL, 'Y', 'T', 'Y', NULL);
INSERT INTO sys_pagefield_rlt(id, pageId, fieldId, orderNum, isRequired, isReaded, isReseted, isRecorded, isShowed, layout, isValid, module)
VALUES ('b25efb49-6b81-474c-a310-3cb3cd218ae1', '2b42cc1c-f72b-4c00-b2c1-840ed1ce1141', 'c3981eca-dea3-4b64-a8ff-b3e54d5ef075', 9, 'N', 'Y', NULL, NULL, 'Y', 'T', 'Y', NULL);
INSERT INTO sys_pagefield_rlt(id, pageId, fieldId, orderNum, isRequired, isReaded, isReseted, isRecorded, isShowed, layout, isValid, module)
VALUES ('f32473d2-4ade-47a1-9dd4-d8b5438b7ccb', '2b42cc1c-f72b-4c00-b2c1-840ed1ce1141', '8288d334-e5a4-4aa9-b7e3-f985543c6468', 10, 'N', 'Y', NULL, NULL, 'Y', 'T', 'Y', NULL);
INSERT INTO sys_pagefield_rlt(id, pageId, fieldId, orderNum, isRequired, isReaded, isReseted, isRecorded, isShowed, layout, isValid, module)
VALUES ('81daa453-455e-4c29-81a5-d430790b9a2a', '2b42cc1c-f72b-4c00-b2c1-840ed1ce1141', 'dc196100-6a74-4a40-8e5d-963bdb7b2a75', 11, 'N', 'Y', NULL, NULL, 'Y', 'F', 'Y', NULL);
INSERT INTO sys_pagefield_rlt(id, pageId, fieldId, orderNum, isRequired, isReaded, isReseted, isRecorded, isShowed, layout, isValid, module)
VALUES ('500d845c-16c2-4915-b85f-2d3d385bbc8d', '2b42cc1c-f72b-4c00-b2c1-840ed1ce1141', '6bea7786-0dc0-4e06-b795-4fbe851c8c33', 12, 'N', 'Y', NULL, NULL, 'Y', 'F', 'Y', NULL);
INSERT INTO sys_pagefield_rlt(id, pageId, fieldId, orderNum, isRequired, isReaded, isReseted, isRecorded, isShowed, layout, isValid, module)
VALUES ('bdfd0e40-e1e8-4291-b0f9-3c0370192bac', '2b42cc1c-f72b-4c00-b2c1-840ed1ce1141', 'ea1c74dc-abd0-4f21-8cbd-32a4bcc9ec44', 13, 'N', 'Y', NULL, NULL, 'Y', 'T', 'Y', NULL);
INSERT INTO sys_pagefield_rlt(id, pageId, fieldId, orderNum, isRequired, isReaded, isReseted, isRecorded, isShowed, layout, isValid, module)
VALUES ('4521b98a-6e9a-4fea-b7a1-d2fb4409f72f', '2b42cc1c-f72b-4c00-b2c1-840ed1ce1141', '763e55e8-3165-42ef-865a-a2e62a397457', 14, 'N', 'N', NULL, NULL, 'Y', 'T', 'Y', NULL);
INSERT INTO sys_pagefield_rlt(id, pageId, fieldId, orderNum, isRequired, isReaded, isReseted, isRecorded, isShowed, layout, isValid, module)
VALUES ('fad1a544-47ba-416a-8bfa-c5b7b6594e9d', '2b42cc1c-f72b-4c00-b2c1-840ed1ce1141', '8d040a8e-4c13-41f0-8cd7-c5bfc3276396', 15, 'Y', 'N', NULL, NULL, 'Y', 'T', 'Y', NULL);
INSERT INTO sys_pagefield_rlt(id, pageId, fieldId, orderNum, isRequired, isReaded, isReseted, isRecorded, isShowed, layout, isValid, module)
VALUES ('604986af-4aff-47d9-9108-2439321c19a9', '2b42cc1c-f72b-4c00-b2c1-840ed1ce1141', '7089fd65-d911-4030-8ac1-578023398efd', 16, 'N', 'N', NULL, NULL, 'Y', 'F', 'Y', NULL);
INSERT INTO sys_pagefield_rlt(id, pageId, fieldId, orderNum, isRequired, isReaded, isReseted, isRecorded, isShowed, layout, isValid, module)
VALUES ('fbe66c41-2225-4069-9f1a-8202e7ac8f5d', '4c9207d3-7675-48a1-9eab-afc267d4c354', 'a3905fd6-957c-4ccf-822f-a86bd6d5c537', 1, 'N', 'Y', NULL, NULL, 'Y', 'F', 'Y', NULL);
INSERT INTO sys_pagefield_rlt(id, pageId, fieldId, orderNum, isRequired, isReaded, isReseted, isRecorded, isShowed, layout, isValid, module)
VALUES ('0f589b0b-80f3-4c0d-b388-0b95ad7d9c86', '4c9207d3-7675-48a1-9eab-afc267d4c354', '503cbdd8-c06d-4cef-bf35-74e4bc5f73fc', 2, 'N', 'Y', NULL, NULL, 'Y', 'F', 'Y', NULL);
INSERT INTO sys_pagefield_rlt(id, pageId, fieldId, orderNum, isRequired, isReaded, isReseted, isRecorded, isShowed, layout, isValid, module)
VALUES ('787a42f8-a723-4544-b301-1a602827bd16', '4c9207d3-7675-48a1-9eab-afc267d4c354', '8a45f4fb-9cfc-43b4-a90d-cbb9a4501a1d', 3, 'N', 'Y', NULL, NULL, 'Y', 'T', 'Y', NULL);
INSERT INTO sys_pagefield_rlt(id, pageId, fieldId, orderNum, isRequired, isReaded, isReseted, isRecorded, isShowed, layout, isValid, module)
VALUES ('e8fb5272-9061-47f6-aa05-04b848c19b4c', '4c9207d3-7675-48a1-9eab-afc267d4c354', '7daadc92-78ae-4995-8cd1-211cac156908', 4, 'N', 'Y', NULL, NULL, 'Y', 'T', 'Y', NULL);
INSERT INTO sys_pagefield_rlt(id, pageId, fieldId, orderNum, isRequired, isReaded, isReseted, isRecorded, isShowed, layout, isValid, module)
VALUES ('2cbaf043-a626-448c-ace5-bee215c3767f', '4c9207d3-7675-48a1-9eab-afc267d4c354', 'fba70aec-d593-48d9-a1c0-a0217ff15abb', 5, 'N', 'Y', NULL, NULL, 'Y', 'T', 'Y', NULL);
INSERT INTO sys_pagefield_rlt(id, pageId, fieldId, orderNum, isRequired, isReaded, isReseted, isRecorded, isShowed, layout, isValid, module)
VALUES ('57640a1b-803b-493a-a00e-15984dff4ec3', '4c9207d3-7675-48a1-9eab-afc267d4c354', '2b5f2c89-fad9-4ea0-a630-a8b71d6fa833', 6, 'N', 'Y', NULL, NULL, 'Y', 'T', 'Y', NULL);
INSERT INTO sys_pagefield_rlt(id, pageId, fieldId, orderNum, isRequired, isReaded, isReseted, isRecorded, isShowed, layout, isValid, module)
VALUES ('9e940cd5-59ca-41ac-9e31-60f509892ed9', '4c9207d3-7675-48a1-9eab-afc267d4c354', 'f390ae86-493d-4da6-bff6-a73b3582de68', 7, 'N', 'Y', NULL, NULL, 'Y', 'T', 'Y', NULL);
INSERT INTO sys_pagefield_rlt(id, pageId, fieldId, orderNum, isRequired, isReaded, isReseted, isRecorded, isShowed, layout, isValid, module)
VALUES ('a5239cc9-738b-473a-8f9a-2c3568bc2b56', '4c9207d3-7675-48a1-9eab-afc267d4c354', 'ef322de9-8be2-488e-ade4-c276f2245bb8', 8, 'N', 'Y', NULL, NULL, 'Y', 'T', 'Y', NULL);
INSERT INTO sys_pagefield_rlt(id, pageId, fieldId, orderNum, isRequired, isReaded, isReseted, isRecorded, isShowed, layout, isValid, module)
VALUES ('8bdd7ac2-cd67-4ce9-ba86-5b01118c90f3', '4c9207d3-7675-48a1-9eab-afc267d4c354', 'c3981eca-dea3-4b64-a8ff-b3e54d5ef075', 9, 'N', 'Y', NULL, NULL, 'Y', 'T', 'Y', NULL);
INSERT INTO sys_pagefield_rlt(id, pageId, fieldId, orderNum, isRequired, isReaded, isReseted, isRecorded, isShowed, layout, isValid, module)
VALUES ('e446167a-dd2f-411b-bd78-56876a53914d', '4c9207d3-7675-48a1-9eab-afc267d4c354', '8288d334-e5a4-4aa9-b7e3-f985543c6468', 10, 'N', 'Y', NULL, NULL, 'Y', 'T', 'Y', NULL);
INSERT INTO sys_pagefield_rlt(id, pageId, fieldId, orderNum, isRequired, isReaded, isReseted, isRecorded, isShowed, layout, isValid, module)
VALUES ('c41b1962-c27f-45a5-9b84-52450ec6bc31', '4c9207d3-7675-48a1-9eab-afc267d4c354', '7089fd65-d911-4030-8ac1-578023398efd', 11, 'N', 'Y', NULL, NULL, 'Y', 'F', 'Y', NULL);
INSERT INTO sys_pagefield_rlt(id, pageId, fieldId, orderNum, isRequired, isReaded, isReseted, isRecorded, isShowed, layout, isValid, module)
VALUES ('303cdc23-fa32-4bfb-89d3-759e478a19f0', '4c9207d3-7675-48a1-9eab-afc267d4c354', '6bea7786-0dc0-4e06-b795-4fbe851c8c33', 12, 'N', 'Y', NULL, NULL, 'Y', 'F', 'Y', NULL);
INSERT INTO sys_pagefield_rlt(id, pageId, fieldId, orderNum, isRequired, isReaded, isReseted, isRecorded, isShowed, layout, isValid, module)
VALUES ('58e9e442-e91e-453e-8b49-b92fabd2f280', '4c9207d3-7675-48a1-9eab-afc267d4c354', 'ea1c74dc-abd0-4f21-8cbd-32a4bcc9ec44', 13, 'N', 'Y', NULL, NULL, 'Y', 'T', 'Y', NULL);
INSERT INTO sys_pagefield_rlt(id, pageId, fieldId, orderNum, isRequired, isReaded, isReseted, isRecorded, isShowed, layout, isValid, module)
VALUES ('7cd8b78e-deb2-4b09-9a95-55c66a0f8d2b', '4c9207d3-7675-48a1-9eab-afc267d4c354', '763e55e8-3165-42ef-865a-a2e62a397457', 14, 'N', 'Y', NULL, NULL, 'Y', 'T', 'Y', NULL);
INSERT INTO sys_pagefield_rlt(id, pageId, fieldId, orderNum, isRequired, isReaded, isReseted, isRecorded, isShowed, layout, isValid, module)
VALUES ('8b7d561e-1c43-4051-b7fe-24fdd3e25f89', '4c9207d3-7675-48a1-9eab-afc267d4c354', 'fc13a96c-b9ce-4375-afe7-8faae53d6ded', 15, 'N', 'Y', NULL, NULL, 'Y', 'T', 'Y', NULL);
INSERT INTO sys_pagefield_rlt(id, pageId, fieldId, orderNum, isRequired, isReaded, isReseted, isRecorded, isShowed, layout, isValid, module)
VALUES ('af8eb35a-f2a4-4338-bc55-0a96b02aa719', '4c9207d3-7675-48a1-9eab-afc267d4c354', 'fb4719e4-1518-49ac-a9d6-0e968c35833d', 16, 'N', 'Y', NULL, NULL, 'Y', 'T', 'Y', NULL);
INSERT INTO sys_pagefield_rlt(id, pageId, fieldId, orderNum, isRequired, isReaded, isReseted, isRecorded, isShowed, layout, isValid, module)
VALUES ('c1e8f232-fb39-4b8b-a20d-aa17bcb42711', '4c9207d3-7675-48a1-9eab-afc267d4c354', '8d040a8e-4c13-41f0-8cd7-c5bfc3276396', 17, 'N', 'Y', NULL, NULL, 'Y', 'T', 'Y', NULL);
INSERT INTO sys_pagefield_rlt(id, pageId, fieldId, orderNum, isRequired, isReaded, isReseted, isRecorded, isShowed, layout, isValid, module)
VALUES ('30dd7d95-08ae-4956-8f89-03dcc9c64683', '4c9207d3-7675-48a1-9eab-afc267d4c354', '83d4dbe6-8cdf-4e2a-91d3-24169511af20', 18, 'N', 'Y', NULL, NULL, 'Y', 'T', 'Y', NULL);
INSERT INTO sys_pagefield_rlt(id, pageId, fieldId, orderNum, isRequired, isReaded, isReseted, isRecorded, isShowed, layout, isValid, module)
VALUES ('b653db43-544d-40d3-95ff-d40ac166f199', '4c9207d3-7675-48a1-9eab-afc267d4c354', 'a0d2c0f8-3919-4b3a-b78c-3956d08c8713', 19, 'N', 'Y', NULL, NULL, 'Y', 'F', 'Y', NULL);
INSERT INTO sys_pagefield_rlt(id, pageId, fieldId, orderNum, isRequired, isReaded, isReseted, isRecorded, isShowed, layout, isValid, module)
VALUES ('7424a6f2-9ed2-476f-bd70-49e7e6ee2fd6', '6d71b34c-de1b-45db-b5c6-f1a0194604f2', 'a3905fd6-957c-4ccf-822f-a86bd6d5c537', 1, 'N', 'Y', NULL, NULL, 'Y', 'F', 'Y', NULL);
INSERT INTO sys_pagefield_rlt(id, pageId, fieldId, orderNum, isRequired, isReaded, isReseted, isRecorded, isShowed, layout, isValid, module)
VALUES ('522949e9-54cb-4b58-81ca-a527776065fe', '6d71b34c-de1b-45db-b5c6-f1a0194604f2', '503cbdd8-c06d-4cef-bf35-74e4bc5f73fc', 2, 'N', 'Y', NULL, NULL, 'Y', 'F', 'Y', NULL);
INSERT INTO sys_pagefield_rlt(id, pageId, fieldId, orderNum, isRequired, isReaded, isReseted, isRecorded, isShowed, layout, isValid, module)
VALUES ('a7845716-38ab-47a2-82b9-df164790ce26', '6d71b34c-de1b-45db-b5c6-f1a0194604f2', '8a45f4fb-9cfc-43b4-a90d-cbb9a4501a1d', 3, 'Y', 'N', NULL, NULL, 'Y', 'T', 'Y', NULL);
INSERT INTO sys_pagefield_rlt(id, pageId, fieldId, orderNum, isRequired, isReaded, isReseted, isRecorded, isShowed, layout, isValid, module)
VALUES ('98948adf-6a4e-445f-ae6e-1b9f36773eb9', '6d71b34c-de1b-45db-b5c6-f1a0194604f2', '7daadc92-78ae-4995-8cd1-211cac156908', 4, 'Y', 'N', NULL, NULL, 'Y', 'T', 'Y', NULL);
INSERT INTO sys_pagefield_rlt(id, pageId, fieldId, orderNum, isRequired, isReaded, isReseted, isRecorded, isShowed, layout, isValid, module)
VALUES ('2c6899ef-16cf-4ea9-9743-b2941fdd54bb', '6d71b34c-de1b-45db-b5c6-f1a0194604f2', 'fba70aec-d593-48d9-a1c0-a0217ff15abb', 5, 'N', 'N', NULL, NULL, 'Y', 'T', 'Y', NULL);
INSERT INTO sys_pagefield_rlt(id, pageId, fieldId, orderNum, isRequired, isReaded, isReseted, isRecorded, isShowed, layout, isValid, module)
VALUES ('38828896-067d-4e3e-9491-fff08d461e4e', '6d71b34c-de1b-45db-b5c6-f1a0194604f2', '7aeccf38-1a0f-4af5-ba56-be5b94a75dc5', 6, 'N', 'N', NULL, NULL, 'Y', 'T', 'Y', NULL);
INSERT INTO sys_pagefield_rlt(id, pageId, fieldId, orderNum, isRequired, isReaded, isReseted, isRecorded, isShowed, layout, isValid, module)
VALUES ('4a2ce373-2273-4fb0-952e-93de0abf727b', '6d71b34c-de1b-45db-b5c6-f1a0194604f2', 'f390ae86-493d-4da6-bff6-a73b3582de68', 7, 'N', 'Y', NULL, NULL, 'Y', 'T', 'Y', NULL);
INSERT INTO sys_pagefield_rlt(id, pageId, fieldId, orderNum, isRequired, isReaded, isReseted, isRecorded, isShowed, layout, isValid, module)
VALUES ('b42114fe-1ba6-4ffa-aef5-5412ec33833e', '6d71b34c-de1b-45db-b5c6-f1a0194604f2', 'ef322de9-8be2-488e-ade4-c276f2245bb8', 8, 'N', 'Y', NULL, NULL, 'Y', 'T', 'Y', NULL);
INSERT INTO sys_pagefield_rlt(id, pageId, fieldId, orderNum, isRequired, isReaded, isReseted, isRecorded, isShowed, layout, isValid, module)
VALUES ('19d79fa8-d28a-495f-b780-33b7cdd86ec5', '6d71b34c-de1b-45db-b5c6-f1a0194604f2', 'c3981eca-dea3-4b64-a8ff-b3e54d5ef075', 9, 'N', 'Y', NULL, NULL, 'Y', 'T', 'Y', NULL);
INSERT INTO sys_pagefield_rlt(id, pageId, fieldId, orderNum, isRequired, isReaded, isReseted, isRecorded, isShowed, layout, isValid, module)
VALUES ('65ead134-cd91-4623-8240-853b28775435', '6d71b34c-de1b-45db-b5c6-f1a0194604f2', '8288d334-e5a4-4aa9-b7e3-f985543c6468', 10, 'N', 'Y', NULL, NULL, 'Y', 'T', 'Y', NULL);
INSERT INTO sys_pagefield_rlt(id, pageId, fieldId, orderNum, isRequired, isReaded, isReseted, isRecorded, isShowed, layout, isValid, module)
VALUES ('f02e909b-9dcc-4b89-8367-7eb0abbfb0b7', '6d71b34c-de1b-45db-b5c6-f1a0194604f2', 'dc196100-6a74-4a40-8e5d-963bdb7b2a75', 11, 'N', 'Y', NULL, NULL, 'Y', 'F', 'Y', NULL);
INSERT INTO sys_pagefield_rlt(id, pageId, fieldId, orderNum, isRequired, isReaded, isReseted, isRecorded, isShowed, layout, isValid, module)
VALUES ('7b6424c0-1a51-45f7-b539-d063f57d04af', '6d71b34c-de1b-45db-b5c6-f1a0194604f2', '8d040a8e-4c13-41f0-8cd7-c5bfc3276396', 12, 'N', 'Y', NULL, NULL, 'Y', 'T', 'Y', NULL);
INSERT INTO sys_pagefield_rlt(id, pageId, fieldId, orderNum, isRequired, isReaded, isReseted, isRecorded, isShowed, layout, isValid, module)
VALUES ('3b4157e7-120f-413b-bff1-37b7ea76152f', '6d71b34c-de1b-45db-b5c6-f1a0194604f2', '83d4dbe6-8cdf-4e2a-91d3-24169511af20', 13, 'N', 'N', NULL, NULL, 'Y', 'T', 'Y', NULL);
INSERT INTO sys_pagefield_rlt(id, pageId, fieldId, orderNum, isRequired, isReaded, isReseted, isRecorded, isShowed, layout, isValid, module)
VALUES ('be5d452f-cd65-477e-8691-b7533d8ae212', '6d71b34c-de1b-45db-b5c6-f1a0194604f2', 'a0d2c0f8-3919-4b3a-b78c-3956d08c8713', 14, 'Y', 'N', NULL, NULL, 'Y', 'F', 'Y', NULL);
INSERT INTO sys_pagefield_rlt(id, pageId, fieldId, orderNum, isRequired, isReaded, isReseted, isRecorded, isShowed, layout, isValid, module)
VALUES ('bf80ca64-5a53-41c0-a787-71e0abadb6b2', '6e9df9e6-162b-4ed9-b37e-81d03e39d762', 'a3905fd6-957c-4ccf-822f-a86bd6d5c537', 1, 'N', 'Y', NULL, NULL, 'Y', 'F', 'Y', NULL);
INSERT INTO sys_pagefield_rlt(id, pageId, fieldId, orderNum, isRequired, isReaded, isReseted, isRecorded, isShowed, layout, isValid, module)
VALUES ('ee49c7d3-b696-486c-b8b7-4f4a8e63a038', '6e9df9e6-162b-4ed9-b37e-81d03e39d762', '503cbdd8-c06d-4cef-bf35-74e4bc5f73fc', 2, 'N', 'Y', NULL, NULL, 'Y', 'F', 'Y', NULL);
INSERT INTO sys_pagefield_rlt(id, pageId, fieldId, orderNum, isRequired, isReaded, isReseted, isRecorded, isShowed, layout, isValid, module)
VALUES ('95aa18a4-f199-4501-887e-11342262a4b2', '6e9df9e6-162b-4ed9-b37e-81d03e39d762', '8a45f4fb-9cfc-43b4-a90d-cbb9a4501a1d', 3, 'N', 'Y', NULL, NULL, 'Y', 'T', 'Y', NULL);
INSERT INTO sys_pagefield_rlt(id, pageId, fieldId, orderNum, isRequired, isReaded, isReseted, isRecorded, isShowed, layout, isValid, module)
VALUES ('6e271f75-2cbb-44db-b789-38993089f649', '6e9df9e6-162b-4ed9-b37e-81d03e39d762', '7daadc92-78ae-4995-8cd1-211cac156908', 4, 'N', 'Y', NULL, NULL, 'Y', 'T', 'Y', NULL);
INSERT INTO sys_pagefield_rlt(id, pageId, fieldId, orderNum, isRequired, isReaded, isReseted, isRecorded, isShowed, layout, isValid, module)
VALUES ('0a67411f-f125-480d-9660-41311280eafe', '6e9df9e6-162b-4ed9-b37e-81d03e39d762', 'fba70aec-d593-48d9-a1c0-a0217ff15abb', 5, 'N', 'Y', NULL, NULL, 'Y', 'T', 'Y', NULL);
INSERT INTO sys_pagefield_rlt(id, pageId, fieldId, orderNum, isRequired, isReaded, isReseted, isRecorded, isShowed, layout, isValid, module)
VALUES ('4bdffcfc-985b-4d96-ba60-03c25bc39da1', '6e9df9e6-162b-4ed9-b37e-81d03e39d762', '7aeccf38-1a0f-4af5-ba56-be5b94a75dc5', 6, 'N', 'Y', NULL, NULL, 'Y', 'T', 'Y', NULL);
INSERT INTO sys_pagefield_rlt(id, pageId, fieldId, orderNum, isRequired, isReaded, isReseted, isRecorded, isShowed, layout, isValid, module)
VALUES ('c06267bd-3dcb-4fa0-a4d4-41ee48fc36ee', '6e9df9e6-162b-4ed9-b37e-81d03e39d762', 'f390ae86-493d-4da6-bff6-a73b3582de68', 7, 'N', 'Y', NULL, NULL, 'Y', 'T', 'Y', NULL);
INSERT INTO sys_pagefield_rlt(id, pageId, fieldId, orderNum, isRequired, isReaded, isReseted, isRecorded, isShowed, layout, isValid, module)
VALUES ('49b345b2-8b8a-4737-a66d-916f93831585', '6e9df9e6-162b-4ed9-b37e-81d03e39d762', 'ef322de9-8be2-488e-ade4-c276f2245bb8', 8, 'N', 'Y', NULL, NULL, 'Y', 'T', 'Y', NULL);
INSERT INTO sys_pagefield_rlt(id, pageId, fieldId, orderNum, isRequired, isReaded, isReseted, isRecorded, isShowed, layout, isValid, module)
VALUES ('f27fe863-91b4-4cef-a38d-b043f45148e0', '6e9df9e6-162b-4ed9-b37e-81d03e39d762', 'c3981eca-dea3-4b64-a8ff-b3e54d5ef075', 9, 'N', 'Y', NULL, NULL, 'Y', 'T', 'Y', NULL);
INSERT INTO sys_pagefield_rlt(id, pageId, fieldId, orderNum, isRequired, isReaded, isReseted, isRecorded, isShowed, layout, isValid, module)
VALUES ('bf9adfe4-d61c-41ab-8abf-9748b1cbe553', '6e9df9e6-162b-4ed9-b37e-81d03e39d762', '8288d334-e5a4-4aa9-b7e3-f985543c6468', 10, 'N', 'Y', NULL, NULL, 'Y', 'T', 'Y', NULL);
INSERT INTO sys_pagefield_rlt(id, pageId, fieldId, orderNum, isRequired, isReaded, isReseted, isRecorded, isShowed, layout, isValid, module)
VALUES ('1a657d9a-a07e-482a-acd6-ade69b13e138', '6e9df9e6-162b-4ed9-b37e-81d03e39d762', '8d040a8e-4c13-41f0-8cd7-c5bfc3276396', 11, 'N', 'Y', NULL, NULL, 'Y', 'F', 'Y', NULL);
INSERT INTO sys_pagefield_rlt(id, pageId, fieldId, orderNum, isRequired, isReaded, isReseted, isRecorded, isShowed, layout, isValid, module)
VALUES ('bd77403f-bed7-4191-a5ca-a6e023ecf092', '6e9df9e6-162b-4ed9-b37e-81d03e39d762', 'dc196100-6a74-4a40-8e5d-963bdb7b2a75', 12, 'N', 'Y', NULL, NULL, 'Y', 'F', 'Y', NULL);
INSERT INTO sys_pagefield_rlt(id, pageId, fieldId, orderNum, isRequired, isReaded, isReseted, isRecorded, isShowed, layout, isValid, module)
VALUES ('6075eeb6-b92f-40ff-8c0f-7ff089e1bb28', '6e9df9e6-162b-4ed9-b37e-81d03e39d762', 'a0d2c0f8-3919-4b3a-b78c-3956d08c8713', 13, 'N', 'Y', NULL, NULL, 'Y', 'F', 'Y', NULL);
INSERT INTO sys_pagefield_rlt(id, pageId, fieldId, orderNum, isRequired, isReaded, isReseted, isRecorded, isShowed, layout, isValid, module)
VALUES ('7440a2fc-cae2-4e7d-995e-619e2f491e06', '70c60c1f-59ec-4cca-8253-deaf8c7bbccb', 'a3905fd6-957c-4ccf-822f-a86bd6d5c537', 1, 'Y', 'N', NULL, NULL, 'Y', 'F', 'Y', NULL);
INSERT INTO sys_pagefield_rlt(id, pageId, fieldId, orderNum, isRequired, isReaded, isReseted, isRecorded, isShowed, layout, isValid, module)
VALUES ('068d822a-8fd5-48ec-a938-e98e20d6811b', '70c60c1f-59ec-4cca-8253-deaf8c7bbccb', '503cbdd8-c06d-4cef-bf35-74e4bc5f73fc', 2, 'N', 'N', NULL, NULL, 'Y', 'F', 'Y', NULL);
INSERT INTO sys_pagefield_rlt(id, pageId, fieldId, orderNum, isRequired, isReaded, isReseted, isRecorded, isShowed, layout, isValid, module)
VALUES ('e74a2f2e-a088-45ce-a190-d7c11b36a24e', '70c60c1f-59ec-4cca-8253-deaf8c7bbccb', '8a45f4fb-9cfc-43b4-a90d-cbb9a4501a1d', 3, 'Y', 'N', NULL, NULL, 'Y', 'T', 'Y', NULL);
INSERT INTO sys_pagefield_rlt(id, pageId, fieldId, orderNum, isRequired, isReaded, isReseted, isRecorded, isShowed, layout, isValid, module)
VALUES ('be4b8934-a37d-4900-8225-2aa6e2aa004b', '70c60c1f-59ec-4cca-8253-deaf8c7bbccb', '7daadc92-78ae-4995-8cd1-211cac156908', 4, 'Y', 'N', NULL, NULL, 'Y', 'T', 'Y', NULL);
INSERT INTO sys_pagefield_rlt(id, pageId, fieldId, orderNum, isRequired, isReaded, isReseted, isRecorded, isShowed, layout, isValid, module)
VALUES ('3c4c716e-6a14-4168-a3e5-ce4179473c0f', '70c60c1f-59ec-4cca-8253-deaf8c7bbccb', 'fba70aec-d593-48d9-a1c0-a0217ff15abb', 5, 'N', 'N', NULL, NULL, 'Y', 'T', 'Y', NULL);
INSERT INTO sys_pagefield_rlt(id, pageId, fieldId, orderNum, isRequired, isReaded, isReseted, isRecorded, isShowed, layout, isValid, module)
VALUES ('301ced8f-87ab-49ea-a6b2-ebd96c2f8f8c', '70c60c1f-59ec-4cca-8253-deaf8c7bbccb', '7aeccf38-1a0f-4af5-ba56-be5b94a75dc5', 6, 'N', 'N', NULL, NULL, 'Y', 'T', 'Y', NULL);
INSERT INTO sys_pagefield_rlt(id, pageId, fieldId, orderNum, isRequired, isReaded, isReseted, isRecorded, isShowed, layout, isValid, module)
VALUES ('7c791ad4-87fb-433f-9e9d-11691e2791bb', '70c60c1f-59ec-4cca-8253-deaf8c7bbccb', 'f390ae86-493d-4da6-bff6-a73b3582de68', 7, 'N', 'N', NULL, NULL, 'Y', 'T', 'Y', NULL);
INSERT INTO sys_pagefield_rlt(id, pageId, fieldId, orderNum, isRequired, isReaded, isReseted, isRecorded, isShowed, layout, isValid, module)
VALUES ('280b0cd5-3f8b-4199-8d08-7695d5a40c04', '70c60c1f-59ec-4cca-8253-deaf8c7bbccb', 'ef322de9-8be2-488e-ade4-c276f2245bb8', 8, 'N', 'N', NULL, NULL, 'Y', 'T', 'Y', NULL);
INSERT INTO sys_pagefield_rlt(id, pageId, fieldId, orderNum, isRequired, isReaded, isReseted, isRecorded, isShowed, layout, isValid, module)
VALUES ('2d136c37-fa06-45a2-940b-0c58b29af322', '70c60c1f-59ec-4cca-8253-deaf8c7bbccb', 'c3981eca-dea3-4b64-a8ff-b3e54d5ef075', 9, 'N', 'N', NULL, NULL, 'Y', 'T', 'Y', NULL);
INSERT INTO sys_pagefield_rlt(id, pageId, fieldId, orderNum, isRequired, isReaded, isReseted, isRecorded, isShowed, layout, isValid, module)
VALUES ('dd2fe067-a9b8-4573-9b2a-08abf84c172d', '70c60c1f-59ec-4cca-8253-deaf8c7bbccb', '8288d334-e5a4-4aa9-b7e3-f985543c6468', 10, 'N', 'N', NULL, NULL, 'Y', 'T', 'Y', NULL);
INSERT INTO sys_pagefield_rlt(id, pageId, fieldId, orderNum, isRequired, isReaded, isReseted, isRecorded, isShowed, layout, isValid, module)
VALUES ('0120df81-0a64-46ab-94da-5ec837bc1e67', '70c60c1f-59ec-4cca-8253-deaf8c7bbccb', '8d040a8e-4c13-41f0-8cd7-c5bfc3276396', 11, 'Y', 'N', NULL, NULL, 'Y', 'F', 'Y', NULL);
INSERT INTO sys_pagefield_rlt(id, pageId, fieldId, orderNum, isRequired, isReaded, isReseted, isRecorded, isShowed, layout, isValid, module)
VALUES ('a5133630-5163-40f3-ae17-31055f8d234e', '70c60c1f-59ec-4cca-8253-deaf8c7bbccb', 'dc196100-6a74-4a40-8e5d-963bdb7b2a75', 12, 'Y', 'N', NULL, NULL, 'Y', 'F', 'Y', NULL);
INSERT INTO sys_pagefield_rlt(id, pageId, fieldId, orderNum, isRequired, isReaded, isReseted, isRecorded, isShowed, layout, isValid, module)
VALUES ('e86bcb6a-df46-4a04-a80d-a1da7684a723', '8d3363fc-9221-4b71-baea-038d0c8fac91', 'a3905fd6-957c-4ccf-822f-a86bd6d5c537', 1, 'N', 'Y', NULL, NULL, 'Y', 'F', 'Y', NULL);
INSERT INTO sys_pagefield_rlt(id, pageId, fieldId, orderNum, isRequired, isReaded, isReseted, isRecorded, isShowed, layout, isValid, module)
VALUES ('a1aabad5-b600-46a2-93b6-c21158f00ae9', '8d3363fc-9221-4b71-baea-038d0c8fac91', '503cbdd8-c06d-4cef-bf35-74e4bc5f73fc', 2, 'N', 'Y', NULL, NULL, 'Y', 'F', 'Y', NULL);
INSERT INTO sys_pagefield_rlt(id, pageId, fieldId, orderNum, isRequired, isReaded, isReseted, isRecorded, isShowed, layout, isValid, module)
VALUES ('1cc970b8-0c37-4ce3-9411-377a718f12db', '8d3363fc-9221-4b71-baea-038d0c8fac91', '8a45f4fb-9cfc-43b4-a90d-cbb9a4501a1d', 3, 'N', 'Y', NULL, NULL, 'Y', 'T', 'Y', NULL);
INSERT INTO sys_pagefield_rlt(id, pageId, fieldId, orderNum, isRequired, isReaded, isReseted, isRecorded, isShowed, layout, isValid, module)
VALUES ('b3e250a1-fe29-4579-bd6c-d9453e5fd471', '8d3363fc-9221-4b71-baea-038d0c8fac91', '7daadc92-78ae-4995-8cd1-211cac156908', 4, 'N', 'Y', NULL, NULL, 'Y', 'T', 'Y', NULL);
INSERT INTO sys_pagefield_rlt(id, pageId, fieldId, orderNum, isRequired, isReaded, isReseted, isRecorded, isShowed, layout, isValid, module)
VALUES ('bfd8a1d1-0aa6-46f1-9890-07f82cb3b6f3', '8d3363fc-9221-4b71-baea-038d0c8fac91', 'fba70aec-d593-48d9-a1c0-a0217ff15abb', 5, 'N', 'Y', NULL, NULL, 'Y', 'T', 'Y', NULL);
INSERT INTO sys_pagefield_rlt(id, pageId, fieldId, orderNum, isRequired, isReaded, isReseted, isRecorded, isShowed, layout, isValid, module)
VALUES ('7fb65800-6589-40b7-8bec-84382945e715', '8d3363fc-9221-4b71-baea-038d0c8fac91', '7aeccf38-1a0f-4af5-ba56-be5b94a75dc5', 6, 'N', 'Y', NULL, NULL, 'Y', 'T', 'Y', NULL);
INSERT INTO sys_pagefield_rlt(id, pageId, fieldId, orderNum, isRequired, isReaded, isReseted, isRecorded, isShowed, layout, isValid, module)
VALUES ('fd5dd1c4-6612-4b23-9db3-b241c753b5cc', '8d3363fc-9221-4b71-baea-038d0c8fac91', 'f390ae86-493d-4da6-bff6-a73b3582de68', 7, 'N', 'Y', NULL, NULL, 'Y', 'T', 'Y', NULL);
INSERT INTO sys_pagefield_rlt(id, pageId, fieldId, orderNum, isRequired, isReaded, isReseted, isRecorded, isShowed, layout, isValid, module)
VALUES ('a38d2f80-6265-467c-9312-1a2d7563361e', '8d3363fc-9221-4b71-baea-038d0c8fac91', 'ef322de9-8be2-488e-ade4-c276f2245bb8', 8, 'N', 'Y', NULL, NULL, 'Y', 'T', 'Y', NULL);
INSERT INTO sys_pagefield_rlt(id, pageId, fieldId, orderNum, isRequired, isReaded, isReseted, isRecorded, isShowed, layout, isValid, module)
VALUES ('4c5f0a92-77fb-431a-9728-180fa886bbcf', '8d3363fc-9221-4b71-baea-038d0c8fac91', 'c3981eca-dea3-4b64-a8ff-b3e54d5ef075', 9, 'N', 'Y', NULL, NULL, 'Y', 'T', 'Y', NULL);
INSERT INTO sys_pagefield_rlt(id, pageId, fieldId, orderNum, isRequired, isReaded, isReseted, isRecorded, isShowed, layout, isValid, module)
VALUES ('429b98f1-5584-4e43-9a9f-c527c3dc82c5', '8d3363fc-9221-4b71-baea-038d0c8fac91', '8288d334-e5a4-4aa9-b7e3-f985543c6468', 10, 'N', 'Y', NULL, NULL, 'Y', 'T', 'Y', NULL);
INSERT INTO sys_pagefield_rlt(id, pageId, fieldId, orderNum, isRequired, isReaded, isReseted, isRecorded, isShowed, layout, isValid, module)
VALUES ('14283665-5826-4d3d-8e22-dfdf5431983e', '8d3363fc-9221-4b71-baea-038d0c8fac91', 'ea1c74dc-abd0-4f21-8cbd-32a4bcc9ec44', 11, 'N', 'Y', NULL, NULL, 'Y', 'T', 'Y', NULL);
INSERT INTO sys_pagefield_rlt(id, pageId, fieldId, orderNum, isRequired, isReaded, isReseted, isRecorded, isShowed, layout, isValid, module)
VALUES ('8c53138a-21ff-4e9b-a98f-8835944f1d60', '8d3363fc-9221-4b71-baea-038d0c8fac91', '763e55e8-3165-42ef-865a-a2e62a397457', 12, 'N', 'Y', NULL, NULL, 'Y', 'T', 'Y', NULL);
INSERT INTO sys_pagefield_rlt(id, pageId, fieldId, orderNum, isRequired, isReaded, isReseted, isRecorded, isShowed, layout, isValid, module)
VALUES ('ec6e7069-a6dc-4d2a-9a4e-65fff57e97e9', '8d3363fc-9221-4b71-baea-038d0c8fac91', 'dc196100-6a74-4a40-8e5d-963bdb7b2a75', 13, 'N', 'Y', NULL, NULL, 'Y', 'F', 'Y', NULL);
INSERT INTO sys_pagefield_rlt(id, pageId, fieldId, orderNum, isRequired, isReaded, isReseted, isRecorded, isShowed, layout, isValid, module)
VALUES ('86106588-108f-4903-8c65-5cadf95edd3b', '8d3363fc-9221-4b71-baea-038d0c8fac91', '6bea7786-0dc0-4e06-b795-4fbe851c8c33', 14, 'N', 'N', NULL, NULL, 'Y', 'F', 'Y', NULL);
INSERT INTO sys_pagefield_rlt(id, pageId, fieldId, orderNum, isRequired, isReaded, isReseted, isRecorded, isShowed, layout, isValid, module)
VALUES ('8f7e28c3-71a0-4e30-a61c-89bc37c55cb5', '8d3363fc-9221-4b71-baea-038d0c8fac91', '7089fd65-d911-4030-8ac1-578023398efd', 15, 'N', 'N', NULL, NULL, 'Y', 'F', 'Y', NULL);
INSERT INTO sys_pagefield_rlt(id, pageId, fieldId, orderNum, isRequired, isReaded, isReseted, isRecorded, isShowed, layout, isValid, module)
VALUES ('643b17c8-5014-4ad9-a2e2-b1ab7d2dbc0b', 'a26d27c1-c777-483c-a8ca-dbbb55d6efea', 'a3905fd6-957c-4ccf-822f-a86bd6d5c537', 1, 'N', 'Y', NULL, NULL, 'Y', 'F', 'Y', NULL);
INSERT INTO sys_pagefield_rlt(id, pageId, fieldId, orderNum, isRequired, isReaded, isReseted, isRecorded, isShowed, layout, isValid, module)
VALUES ('88bdfa79-0dcb-478a-a08d-4bc98be76eec', 'a26d27c1-c777-483c-a8ca-dbbb55d6efea', '503cbdd8-c06d-4cef-bf35-74e4bc5f73fc', 2, 'N', 'Y', NULL, NULL, 'Y', 'F', 'Y', NULL);
INSERT INTO sys_pagefield_rlt(id, pageId, fieldId, orderNum, isRequired, isReaded, isReseted, isRecorded, isShowed, layout, isValid, module)
VALUES ('85cecc53-c5d2-4483-a4b2-037867c78d26', 'a26d27c1-c777-483c-a8ca-dbbb55d6efea', '8a45f4fb-9cfc-43b4-a90d-cbb9a4501a1d', 3, 'N', 'Y', NULL, NULL, 'Y', 'T', 'Y', NULL);
INSERT INTO sys_pagefield_rlt(id, pageId, fieldId, orderNum, isRequired, isReaded, isReseted, isRecorded, isShowed, layout, isValid, module)
VALUES ('ab29c148-949e-44de-896b-e11cd269f443', 'a26d27c1-c777-483c-a8ca-dbbb55d6efea', '7daadc92-78ae-4995-8cd1-211cac156908', 4, 'N', 'Y', NULL, NULL, 'Y', 'T', 'Y', NULL);
INSERT INTO sys_pagefield_rlt(id, pageId, fieldId, orderNum, isRequired, isReaded, isReseted, isRecorded, isShowed, layout, isValid, module)
VALUES ('f1896b87-7ddb-448c-ad8c-6087326d9213', 'a26d27c1-c777-483c-a8ca-dbbb55d6efea', 'fba70aec-d593-48d9-a1c0-a0217ff15abb', 5, 'N', 'Y', NULL, NULL, 'Y', 'T', 'Y', NULL);
INSERT INTO sys_pagefield_rlt(id, pageId, fieldId, orderNum, isRequired, isReaded, isReseted, isRecorded, isShowed, layout, isValid, module)
VALUES ('601d0199-0df8-47ec-8174-9604e7648115', 'a26d27c1-c777-483c-a8ca-dbbb55d6efea', '7aeccf38-1a0f-4af5-ba56-be5b94a75dc5', 6, 'N', 'Y', NULL, NULL, 'Y', 'T', 'Y', NULL);
INSERT INTO sys_pagefield_rlt(id, pageId, fieldId, orderNum, isRequired, isReaded, isReseted, isRecorded, isShowed, layout, isValid, module)
VALUES ('4941e275-a6aa-4be0-a3b0-55d3f638a4a8', 'a26d27c1-c777-483c-a8ca-dbbb55d6efea', 'f390ae86-493d-4da6-bff6-a73b3582de68', 7, 'N', 'Y', NULL, NULL, 'Y', 'T', 'Y', NULL);
INSERT INTO sys_pagefield_rlt(id, pageId, fieldId, orderNum, isRequired, isReaded, isReseted, isRecorded, isShowed, layout, isValid, module)
VALUES ('f8170cc9-a0b8-4f40-87d1-9dcb28f81a57', 'a26d27c1-c777-483c-a8ca-dbbb55d6efea', 'ef322de9-8be2-488e-ade4-c276f2245bb8', 8, 'N', 'Y', NULL, NULL, 'Y', 'T', 'Y', NULL);
INSERT INTO sys_pagefield_rlt(id, pageId, fieldId, orderNum, isRequired, isReaded, isReseted, isRecorded, isShowed, layout, isValid, module)
VALUES ('b574d58a-fcc1-4cf8-9c25-6527b5106e58', 'a26d27c1-c777-483c-a8ca-dbbb55d6efea', 'c3981eca-dea3-4b64-a8ff-b3e54d5ef075', 9, 'N', 'Y', NULL, NULL, 'Y', 'T', 'Y', NULL);
INSERT INTO sys_pagefield_rlt(id, pageId, fieldId, orderNum, isRequired, isReaded, isReseted, isRecorded, isShowed, layout, isValid, module)
VALUES ('79b34e10-1d40-4a37-b40b-6de3a69be634', 'a26d27c1-c777-483c-a8ca-dbbb55d6efea', '8288d334-e5a4-4aa9-b7e3-f985543c6468', 10, 'N', 'Y', NULL, NULL, 'Y', 'T', 'Y', NULL);
INSERT INTO sys_pagefield_rlt(id, pageId, fieldId, orderNum, isRequired, isReaded, isReseted, isRecorded, isShowed, layout, isValid, module)
VALUES ('d117de1c-b21e-433f-921a-084da26094bb', 'a26d27c1-c777-483c-a8ca-dbbb55d6efea', '7089fd65-d911-4030-8ac1-578023398efd', 11, 'N', 'Y', NULL, NULL, 'Y', 'F', 'Y', NULL);
INSERT INTO sys_pagefield_rlt(id, pageId, fieldId, orderNum, isRequired, isReaded, isReseted, isRecorded, isShowed, layout, isValid, module)
VALUES ('dba30b9e-4c0f-413d-bacd-47b4cf23579e', 'a26d27c1-c777-483c-a8ca-dbbb55d6efea', '6bea7786-0dc0-4e06-b795-4fbe851c8c33', 12, 'N', 'Y', NULL, NULL, 'Y', 'F', 'Y', NULL);
INSERT INTO sys_pagefield_rlt(id, pageId, fieldId, orderNum, isRequired, isReaded, isReseted, isRecorded, isShowed, layout, isValid, module)
VALUES ('6c82c96c-a713-47ea-898d-960e3d4d0ffb', 'a26d27c1-c777-483c-a8ca-dbbb55d6efea', 'ea1c74dc-abd0-4f21-8cbd-32a4bcc9ec44', 13, 'N', 'Y', NULL, NULL, 'Y', 'T', 'Y', NULL);
INSERT INTO sys_pagefield_rlt(id, pageId, fieldId, orderNum, isRequired, isReaded, isReseted, isRecorded, isShowed, layout, isValid, module)
VALUES ('4e397994-42eb-472d-862d-80bfb501b644', 'a26d27c1-c777-483c-a8ca-dbbb55d6efea', '763e55e8-3165-42ef-865a-a2e62a397457', 14, 'N', 'Y', NULL, NULL, 'Y', 'T', 'Y', NULL);
INSERT INTO sys_pagefield_rlt(id, pageId, fieldId, orderNum, isRequired, isReaded, isReseted, isRecorded, isShowed, layout, isValid, module)
VALUES ('c531083f-afcb-4250-bf8e-04f364429bcc', 'a26d27c1-c777-483c-a8ca-dbbb55d6efea', '8d040a8e-4c13-41f0-8cd7-c5bfc3276396', 15, 'N', 'Y', NULL, NULL, 'Y', 'T', 'Y', NULL);
INSERT INTO sys_pagefield_rlt(id, pageId, fieldId, orderNum, isRequired, isReaded, isReseted, isRecorded, isShowed, layout, isValid, module)
VALUES ('bdcaa70e-1ed1-4b6f-8feb-39e3f06c7c17', 'a26d27c1-c777-483c-a8ca-dbbb55d6efea', '83d4dbe6-8cdf-4e2a-91d3-24169511af20', 16, 'N', 'N', NULL, NULL, 'Y', 'T', 'Y', NULL);
INSERT INTO sys_pagefield_rlt(id, pageId, fieldId, orderNum, isRequired, isReaded, isReseted, isRecorded, isShowed, layout, isValid, module)
VALUES ('7c075a8a-64a3-4325-b020-9685d0d663a6', 'a26d27c1-c777-483c-a8ca-dbbb55d6efea', 'a0d2c0f8-3919-4b3a-b78c-3956d08c8713', 17, 'Y', 'N', NULL, NULL, 'Y', 'F', 'Y', NULL);
INSERT INTO sys_pagefield_rlt(id, pageId, fieldId, orderNum, isRequired, isReaded, isReseted, isRecorded, isShowed, layout, isValid, module)
VALUES ('9694da28-7ce0-4790-aa44-27ce2396aee2', 'ae9980f0-54af-4c83-be8f-b66271f757ef', 'a3905fd6-957c-4ccf-822f-a86bd6d5c537', 1, 'N', 'Y', NULL, NULL, 'Y', 'F', 'Y', NULL);
INSERT INTO sys_pagefield_rlt(id, pageId, fieldId, orderNum, isRequired, isReaded, isReseted, isRecorded, isShowed, layout, isValid, module)
VALUES ('457e3c85-758c-4111-a981-325b850e6de4', 'ae9980f0-54af-4c83-be8f-b66271f757ef', '503cbdd8-c06d-4cef-bf35-74e4bc5f73fc', 2, 'N', 'Y', NULL, NULL, 'Y', 'F', 'Y', NULL);
INSERT INTO sys_pagefield_rlt(id, pageId, fieldId, orderNum, isRequired, isReaded, isReseted, isRecorded, isShowed, layout, isValid, module)
VALUES ('ceb265b2-9670-42d3-bab1-24134df2aac5', 'ae9980f0-54af-4c83-be8f-b66271f757ef', '8a45f4fb-9cfc-43b4-a90d-cbb9a4501a1d', 3, 'N', 'Y', NULL, NULL, 'Y', 'T', 'Y', NULL);
INSERT INTO sys_pagefield_rlt(id, pageId, fieldId, orderNum, isRequired, isReaded, isReseted, isRecorded, isShowed, layout, isValid, module)
VALUES ('3820b36a-3739-444e-b058-e850a95e1a25', 'ae9980f0-54af-4c83-be8f-b66271f757ef', '7daadc92-78ae-4995-8cd1-211cac156908', 4, 'N', 'Y', NULL, NULL, 'Y', 'T', 'Y', NULL);
INSERT INTO sys_pagefield_rlt(id, pageId, fieldId, orderNum, isRequired, isReaded, isReseted, isRecorded, isShowed, layout, isValid, module)
VALUES ('2f6be71d-000f-4660-98b4-e4e1a166fce3', 'ae9980f0-54af-4c83-be8f-b66271f757ef', 'fba70aec-d593-48d9-a1c0-a0217ff15abb', 5, 'N', 'Y', NULL, NULL, 'Y', 'T', 'Y', NULL);
INSERT INTO sys_pagefield_rlt(id, pageId, fieldId, orderNum, isRequired, isReaded, isReseted, isRecorded, isShowed, layout, isValid, module)
VALUES ('dfae7f90-30a6-4057-8ad6-32939849d0bb', 'ae9980f0-54af-4c83-be8f-b66271f757ef', '7aeccf38-1a0f-4af5-ba56-be5b94a75dc5', 6, 'N', 'Y', NULL, NULL, 'Y', 'T', 'Y', NULL);
INSERT INTO sys_pagefield_rlt(id, pageId, fieldId, orderNum, isRequired, isReaded, isReseted, isRecorded, isShowed, layout, isValid, module)
VALUES ('4dc3b7fe-e6d0-48cf-b32d-3bec0ac54515', 'ae9980f0-54af-4c83-be8f-b66271f757ef', 'f390ae86-493d-4da6-bff6-a73b3582de68', 7, 'N', 'Y', NULL, NULL, 'Y', 'T', 'Y', NULL);
INSERT INTO sys_pagefield_rlt(id, pageId, fieldId, orderNum, isRequired, isReaded, isReseted, isRecorded, isShowed, layout, isValid, module)
VALUES ('6c6c8162-9789-4b41-89c1-aa0e39753721', 'ae9980f0-54af-4c83-be8f-b66271f757ef', 'ef322de9-8be2-488e-ade4-c276f2245bb8', 8, 'N', 'Y', NULL, NULL, 'Y', 'T', 'Y', NULL);
INSERT INTO sys_pagefield_rlt(id, pageId, fieldId, orderNum, isRequired, isReaded, isReseted, isRecorded, isShowed, layout, isValid, module)
VALUES ('f20d2393-ea5b-48e6-8691-90e9312ea446', 'ae9980f0-54af-4c83-be8f-b66271f757ef', 'c3981eca-dea3-4b64-a8ff-b3e54d5ef075', 9, 'N', 'Y', NULL, NULL, 'Y', 'T', 'Y', NULL);
INSERT INTO sys_pagefield_rlt(id, pageId, fieldId, orderNum, isRequired, isReaded, isReseted, isRecorded, isShowed, layout, isValid, module)
VALUES ('c4deeeae-3bef-45f9-be55-cad0ccab1bc0', 'ae9980f0-54af-4c83-be8f-b66271f757ef', '8288d334-e5a4-4aa9-b7e3-f985543c6468', 10, 'N', 'Y', NULL, NULL, 'Y', 'T', 'Y', NULL);
INSERT INTO sys_pagefield_rlt(id, pageId, fieldId, orderNum, isRequired, isReaded, isReseted, isRecorded, isShowed, layout, isValid, module)
VALUES ('b4a45fef-80a0-472f-a668-e231111ef566', 'ae9980f0-54af-4c83-be8f-b66271f757ef', '8d040a8e-4c13-41f0-8cd7-c5bfc3276396', 11, 'N', 'Y', NULL, NULL, 'Y', 'F', 'Y', NULL);
INSERT INTO sys_pagefield_rlt(id, pageId, fieldId, orderNum, isRequired, isReaded, isReseted, isRecorded, isShowed, layout, isValid, module)
VALUES ('1e8ec0fa-c6f6-4fad-a7b1-be005f0d024a', 'ae9980f0-54af-4c83-be8f-b66271f757ef', 'dc196100-6a74-4a40-8e5d-963bdb7b2a75', 12, 'N', 'Y', NULL, NULL, 'Y', 'F', 'Y', NULL);
INSERT INTO sys_pagefield_rlt(id, pageId, fieldId, orderNum, isRequired, isReaded, isReseted, isRecorded, isShowed, layout, isValid, module)
VALUES ('a16bbca7-2178-4ea0-beb3-4cb112d2efd4', 'b75b7600-5584-4fd5-bcc0-10466839b8c8', 'a3905fd6-957c-4ccf-822f-a86bd6d5c537', 1, 'N', 'Y', NULL, NULL, 'Y', 'F', 'Y', NULL);
INSERT INTO sys_pagefield_rlt(id, pageId, fieldId, orderNum, isRequired, isReaded, isReseted, isRecorded, isShowed, layout, isValid, module)
VALUES ('2f1ba01d-4bab-4a17-8476-62498baf1257', 'b75b7600-5584-4fd5-bcc0-10466839b8c8', '503cbdd8-c06d-4cef-bf35-74e4bc5f73fc', 2, 'N', 'Y', NULL, NULL, 'Y', 'F', 'Y', NULL);
INSERT INTO sys_pagefield_rlt(id, pageId, fieldId, orderNum, isRequired, isReaded, isReseted, isRecorded, isShowed, layout, isValid, module)
VALUES ('d43dd3f3-56f4-4c81-a5c9-79867846603b', 'b75b7600-5584-4fd5-bcc0-10466839b8c8', '8a45f4fb-9cfc-43b4-a90d-cbb9a4501a1d', 3, 'N', 'Y', NULL, NULL, 'Y', 'T', 'Y', NULL);
INSERT INTO sys_pagefield_rlt(id, pageId, fieldId, orderNum, isRequired, isReaded, isReseted, isRecorded, isShowed, layout, isValid, module)
VALUES ('5a26ea65-6533-4542-95a6-875352a82883', 'b75b7600-5584-4fd5-bcc0-10466839b8c8', '7daadc92-78ae-4995-8cd1-211cac156908', 4, 'N', 'Y', NULL, NULL, 'Y', 'T', 'Y', NULL);
INSERT INTO sys_pagefield_rlt(id, pageId, fieldId, orderNum, isRequired, isReaded, isReseted, isRecorded, isShowed, layout, isValid, module)
VALUES ('59d27c5b-9783-4998-9519-bb40cac62808', 'b75b7600-5584-4fd5-bcc0-10466839b8c8', 'fba70aec-d593-48d9-a1c0-a0217ff15abb', 5, 'N', 'Y', NULL, NULL, 'Y', 'T', 'Y', NULL);
INSERT INTO sys_pagefield_rlt(id, pageId, fieldId, orderNum, isRequired, isReaded, isReseted, isRecorded, isShowed, layout, isValid, module)
VALUES ('82bc7ca0-c6bd-46f2-9079-70d013bd1e8e', 'b75b7600-5584-4fd5-bcc0-10466839b8c8', '7aeccf38-1a0f-4af5-ba56-be5b94a75dc5', 6, 'N', 'Y', NULL, NULL, 'Y', 'T', 'Y', NULL);
INSERT INTO sys_pagefield_rlt(id, pageId, fieldId, orderNum, isRequired, isReaded, isReseted, isRecorded, isShowed, layout, isValid, module)
VALUES ('4e3b09ca-ccd3-43b9-8b66-4e4204535309', 'b75b7600-5584-4fd5-bcc0-10466839b8c8', 'f390ae86-493d-4da6-bff6-a73b3582de68', 7, 'N', 'Y', NULL, NULL, 'Y', 'T', 'Y', NULL);
INSERT INTO sys_pagefield_rlt(id, pageId, fieldId, orderNum, isRequired, isReaded, isReseted, isRecorded, isShowed, layout, isValid, module)
VALUES ('2c25be08-7484-43f1-9a98-183f30a02fbe', 'b75b7600-5584-4fd5-bcc0-10466839b8c8', 'ef322de9-8be2-488e-ade4-c276f2245bb8', 8, 'N', 'Y', NULL, NULL, 'Y', 'T', 'Y', NULL);
INSERT INTO sys_pagefield_rlt(id, pageId, fieldId, orderNum, isRequired, isReaded, isReseted, isRecorded, isShowed, layout, isValid, module)
VALUES ('29bb4bf5-5983-493a-8a3a-e8074a4b3c60', 'b75b7600-5584-4fd5-bcc0-10466839b8c8', 'c3981eca-dea3-4b64-a8ff-b3e54d5ef075', 9, 'N', 'Y', NULL, NULL, 'Y', 'T', 'Y', NULL);
INSERT INTO sys_pagefield_rlt(id, pageId, fieldId, orderNum, isRequired, isReaded, isReseted, isRecorded, isShowed, layout, isValid, module)
VALUES ('13b66180-b47d-44c5-8159-4eec10a4e10b', 'b75b7600-5584-4fd5-bcc0-10466839b8c8', '8288d334-e5a4-4aa9-b7e3-f985543c6468', 10, 'N', 'Y', NULL, NULL, 'Y', 'T', 'Y', NULL);
INSERT INTO sys_pagefield_rlt(id, pageId, fieldId, orderNum, isRequired, isReaded, isReseted, isRecorded, isShowed, layout, isValid, module)
VALUES ('237c1993-7680-4018-9a10-2a753522a22d', 'b75b7600-5584-4fd5-bcc0-10466839b8c8', '7089fd65-d911-4030-8ac1-578023398efd', 11, 'N', 'Y', NULL, NULL, 'Y', 'F', 'Y', NULL);
INSERT INTO sys_pagefield_rlt(id, pageId, fieldId, orderNum, isRequired, isReaded, isReseted, isRecorded, isShowed, layout, isValid, module)
VALUES ('0131f0b4-de78-42c5-99ee-25d21024219a', 'b75b7600-5584-4fd5-bcc0-10466839b8c8', '6bea7786-0dc0-4e06-b795-4fbe851c8c33', 12, 'N', 'Y', NULL, NULL, 'Y', 'F', 'Y', NULL);
INSERT INTO sys_pagefield_rlt(id, pageId, fieldId, orderNum, isRequired, isReaded, isReseted, isRecorded, isShowed, layout, isValid, module)
VALUES ('14062d76-0f01-4c0f-afc2-4097eaafdee4', 'b75b7600-5584-4fd5-bcc0-10466839b8c8', 'ea1c74dc-abd0-4f21-8cbd-32a4bcc9ec44', 13, 'N', 'Y', NULL, NULL, 'Y', 'T', 'Y', NULL);
INSERT INTO sys_pagefield_rlt(id, pageId, fieldId, orderNum, isRequired, isReaded, isReseted, isRecorded, isShowed, layout, isValid, module)
VALUES ('170e4d94-eaf5-472c-b7c9-89712999b224', 'b75b7600-5584-4fd5-bcc0-10466839b8c8', '763e55e8-3165-42ef-865a-a2e62a397457', 14, 'N', 'Y', NULL, NULL, 'Y', 'T', 'Y', NULL);
INSERT INTO sys_pagefield_rlt(id, pageId, fieldId, orderNum, isRequired, isReaded, isReseted, isRecorded, isShowed, layout, isValid, module)
VALUES ('8852bd06-5d78-4fa7-850a-789cf5d20d4b', 'b75b7600-5584-4fd5-bcc0-10466839b8c8', 'fc13a96c-b9ce-4375-afe7-8faae53d6ded', 15, 'N', 'Y', NULL, NULL, 'Y', 'T', 'Y', NULL);
INSERT INTO sys_pagefield_rlt(id, pageId, fieldId, orderNum, isRequired, isReaded, isReseted, isRecorded, isShowed, layout, isValid, module)
VALUES ('3a509473-5302-45c8-87e2-4c41b0b1ebd7', 'b75b7600-5584-4fd5-bcc0-10466839b8c8', 'fb4719e4-1518-49ac-a9d6-0e968c35833d', 16, 'N', 'Y', NULL, NULL, 'Y', 'T', 'Y', NULL);
INSERT INTO sys_pagefield_rlt(id, pageId, fieldId, orderNum, isRequired, isReaded, isReseted, isRecorded, isShowed, layout, isValid, module)
VALUES ('4439fd7c-3dd7-471a-ba97-77211c652cdb', 'b75b7600-5584-4fd5-bcc0-10466839b8c8', '8d040a8e-4c13-41f0-8cd7-c5bfc3276396', 17, 'N', 'Y', NULL, NULL, 'Y', 'T', 'Y', NULL);
INSERT INTO sys_pagefield_rlt(id, pageId, fieldId, orderNum, isRequired, isReaded, isReseted, isRecorded, isShowed, layout, isValid, module)
VALUES ('4c231cfd-eb3d-4262-aec4-c15656604d15', 'b75b7600-5584-4fd5-bcc0-10466839b8c8', '83d4dbe6-8cdf-4e2a-91d3-24169511af20', 18, 'N', 'N', NULL, NULL, 'Y', 'T', 'Y', NULL);
INSERT INTO sys_pagefield_rlt(id, pageId, fieldId, orderNum, isRequired, isReaded, isReseted, isRecorded, isShowed, layout, isValid, module)
VALUES ('39298c9b-2240-4275-aa0c-af6fcf94cef6', 'b75b7600-5584-4fd5-bcc0-10466839b8c8', 'a0d2c0f8-3919-4b3a-b78c-3956d08c8713', 19, 'N', 'N', NULL, NULL, 'Y', 'F', 'Y', NULL);
INSERT INTO sys_pagefield_rlt(id, pageId, fieldId, orderNum, isRequired, isReaded, isReseted, isRecorded, isShowed, layout, isValid, module)
VALUES ('d6859a27-299d-472d-9caa-9452e85b6493', 'bcb9751b-0ada-4972-8e90-52de6c879d7c', 'a3905fd6-957c-4ccf-822f-a86bd6d5c537', 1, 'N', 'Y', NULL, NULL, 'Y', 'F', 'Y', NULL);
INSERT INTO sys_pagefield_rlt(id, pageId, fieldId, orderNum, isRequired, isReaded, isReseted, isRecorded, isShowed, layout, isValid, module)
VALUES ('c6b374fa-8a39-44a3-afaf-fe24f5af7ed7', 'bcb9751b-0ada-4972-8e90-52de6c879d7c', '503cbdd8-c06d-4cef-bf35-74e4bc5f73fc', 2, 'N', 'Y', NULL, NULL, 'Y', 'F', 'Y', NULL);
INSERT INTO sys_pagefield_rlt(id, pageId, fieldId, orderNum, isRequired, isReaded, isReseted, isRecorded, isShowed, layout, isValid, module)
VALUES ('2f623b76-8862-4e58-860a-526bf3ba927f', 'bcb9751b-0ada-4972-8e90-52de6c879d7c', '8a45f4fb-9cfc-43b4-a90d-cbb9a4501a1d', 3, 'N', 'Y', NULL, NULL, 'Y', 'T', 'Y', NULL);
INSERT INTO sys_pagefield_rlt(id, pageId, fieldId, orderNum, isRequired, isReaded, isReseted, isRecorded, isShowed, layout, isValid, module)
VALUES ('5f66a518-a425-45bb-8036-0388b504d69a', 'bcb9751b-0ada-4972-8e90-52de6c879d7c', '7daadc92-78ae-4995-8cd1-211cac156908', 4, 'N', 'Y', NULL, NULL, 'Y', 'T', 'Y', NULL);
INSERT INTO sys_pagefield_rlt(id, pageId, fieldId, orderNum, isRequired, isReaded, isReseted, isRecorded, isShowed, layout, isValid, module)
VALUES ('3807a565-9012-4123-a518-190766b4c890', 'bcb9751b-0ada-4972-8e90-52de6c879d7c', 'fba70aec-d593-48d9-a1c0-a0217ff15abb', 5, 'N', 'Y', NULL, NULL, 'Y', 'T', 'Y', NULL);
INSERT INTO sys_pagefield_rlt(id, pageId, fieldId, orderNum, isRequired, isReaded, isReseted, isRecorded, isShowed, layout, isValid, module)
VALUES ('709684b6-0b5a-445f-a263-ecd11261db39', 'bcb9751b-0ada-4972-8e90-52de6c879d7c', '7aeccf38-1a0f-4af5-ba56-be5b94a75dc5', 6, 'N', 'Y', NULL, NULL, 'Y', 'T', 'Y', NULL);
INSERT INTO sys_pagefield_rlt(id, pageId, fieldId, orderNum, isRequired, isReaded, isReseted, isRecorded, isShowed, layout, isValid, module)
VALUES ('6c6d71f7-5bef-4b49-a562-4fd4f1f0e244', 'bcb9751b-0ada-4972-8e90-52de6c879d7c', 'f390ae86-493d-4da6-bff6-a73b3582de68', 7, 'N', 'Y', NULL, NULL, 'Y', 'T', 'Y', NULL);
INSERT INTO sys_pagefield_rlt(id, pageId, fieldId, orderNum, isRequired, isReaded, isReseted, isRecorded, isShowed, layout, isValid, module)
VALUES ('0a45da3b-1e9e-4d3c-8e9f-2e1f979bdf5d', 'bcb9751b-0ada-4972-8e90-52de6c879d7c', 'ef322de9-8be2-488e-ade4-c276f2245bb8', 8, 'N', 'Y', NULL, NULL, 'Y', 'T', 'Y', NULL);
INSERT INTO sys_pagefield_rlt(id, pageId, fieldId, orderNum, isRequired, isReaded, isReseted, isRecorded, isShowed, layout, isValid, module)
VALUES ('80f6dc65-bd60-43e9-9491-0a9c6ced87f0', 'bcb9751b-0ada-4972-8e90-52de6c879d7c', '8d040a8e-4c13-41f0-8cd7-c5bfc3276396', 9, 'N', 'Y', NULL, NULL, 'Y', 'T', 'Y', NULL);
INSERT INTO sys_pagefield_rlt(id, pageId, fieldId, orderNum, isRequired, isReaded, isReseted, isRecorded, isShowed, layout, isValid, module)
VALUES ('16e5333e-0770-470f-a9fb-138a9c5519c2', 'bcb9751b-0ada-4972-8e90-52de6c879d7c', '8288d334-e5a4-4aa9-b7e3-f985543c6468', 10, 'N', 'Y', NULL, NULL, 'Y', 'T', 'Y', NULL);
INSERT INTO sys_pagefield_rlt(id, pageId, fieldId, orderNum, isRequired, isReaded, isReseted, isRecorded, isShowed, layout, isValid, module)
VALUES ('b1dc57cf-907e-4e50-8d08-a89a6ac693bb', 'bcb9751b-0ada-4972-8e90-52de6c879d7c', 'dc196100-6a74-4a40-8e5d-963bdb7b2a75', 11, 'N', 'Y', NULL, NULL, 'Y', 'F', 'Y', NULL);
INSERT INTO sys_pagefield_rlt(id, pageId, fieldId, orderNum, isRequired, isReaded, isReseted, isRecorded, isShowed, layout, isValid, module)
VALUES ('db613fd7-61fe-4400-8b21-b3186e93d9d9', 'bcb9751b-0ada-4972-8e90-52de6c879d7c', 'c3981eca-dea3-4b64-a8ff-b3e54d5ef075', 12, 'N', 'Y', NULL, NULL, 'Y', 'T', 'Y', NULL);
INSERT INTO sys_pagefield_rlt(id, pageId, fieldId, orderNum, isRequired, isReaded, isReseted, isRecorded, isShowed, layout, isValid, module)
VALUES ('c89b17b1-636a-4d0d-9cd0-995586da8d66', 'bcb9751b-0ada-4972-8e90-52de6c879d7c', 'ea1c74dc-abd0-4f21-8cbd-32a4bcc9ec44', 13, 'N', 'Y', NULL, NULL, 'Y', 'T', 'Y', NULL);
INSERT INTO sys_pagefield_rlt(id, pageId, fieldId, orderNum, isRequired, isReaded, isReseted, isRecorded, isShowed, layout, isValid, module)
VALUES ('fa682714-b5db-4fd2-8079-2703518fed94', 'bcb9751b-0ada-4972-8e90-52de6c879d7c', '6bea7786-0dc0-4e06-b795-4fbe851c8c33', 14, 'N', 'Y', NULL, NULL, 'Y', 'F', 'Y', NULL);
INSERT INTO sys_pagefield_rlt(id, pageId, fieldId, orderNum, isRequired, isReaded, isReseted, isRecorded, isShowed, layout, isValid, module)
VALUES ('faa2a8af-f9d2-4b6c-8974-d8ca3914c87f', 'c108a56c-f931-4a77-95e3-52b67abd2a33', 'a3905fd6-957c-4ccf-822f-a86bd6d5c537', 1, 'N', 'Y', NULL, NULL, 'Y', 'F', 'Y', NULL);
INSERT INTO sys_pagefield_rlt(id, pageId, fieldId, orderNum, isRequired, isReaded, isReseted, isRecorded, isShowed, layout, isValid, module)
VALUES ('cd80680a-7ba5-41d8-aeb1-9d44dbce1450', 'c108a56c-f931-4a77-95e3-52b67abd2a33', '503cbdd8-c06d-4cef-bf35-74e4bc5f73fc', 2, 'N', 'Y', NULL, NULL, 'Y', 'F', 'Y', NULL);
INSERT INTO sys_pagefield_rlt(id, pageId, fieldId, orderNum, isRequired, isReaded, isReseted, isRecorded, isShowed, layout, isValid, module)
VALUES ('8ece2ffb-d7c0-4fb0-9568-fad505123315', 'c108a56c-f931-4a77-95e3-52b67abd2a33', '8a45f4fb-9cfc-43b4-a90d-cbb9a4501a1d', 3, 'N', 'Y', NULL, NULL, 'Y', 'T', 'Y', NULL);
INSERT INTO sys_pagefield_rlt(id, pageId, fieldId, orderNum, isRequired, isReaded, isReseted, isRecorded, isShowed, layout, isValid, module)
VALUES ('ae2f97ce-3926-48ea-8957-6e928db2f2df', 'c108a56c-f931-4a77-95e3-52b67abd2a33', '7daadc92-78ae-4995-8cd1-211cac156908', 4, 'N', 'Y', NULL, NULL, 'Y', 'T', 'Y', NULL);
INSERT INTO sys_pagefield_rlt(id, pageId, fieldId, orderNum, isRequired, isReaded, isReseted, isRecorded, isShowed, layout, isValid, module)
VALUES ('b430cbf1-f409-40f6-9c77-7fa84e108daa', 'c108a56c-f931-4a77-95e3-52b67abd2a33', 'fba70aec-d593-48d9-a1c0-a0217ff15abb', 5, 'N', 'Y', NULL, NULL, 'Y', 'T', 'Y', NULL);
INSERT INTO sys_pagefield_rlt(id, pageId, fieldId, orderNum, isRequired, isReaded, isReseted, isRecorded, isShowed, layout, isValid, module)
VALUES ('07f3a6ed-7eb7-40a5-9fa8-a8217bbe03f3', 'c108a56c-f931-4a77-95e3-52b67abd2a33', '7aeccf38-1a0f-4af5-ba56-be5b94a75dc5', 6, 'N', 'Y', NULL, NULL, 'Y', 'T', 'Y', NULL);
INSERT INTO sys_pagefield_rlt(id, pageId, fieldId, orderNum, isRequired, isReaded, isReseted, isRecorded, isShowed, layout, isValid, module)
VALUES ('b8c70d9f-7705-4d9d-9c33-a5207a03b4bd', 'c108a56c-f931-4a77-95e3-52b67abd2a33', 'f390ae86-493d-4da6-bff6-a73b3582de68', 7, 'N', 'Y', NULL, NULL, 'Y', 'T', 'Y', NULL);
INSERT INTO sys_pagefield_rlt(id, pageId, fieldId, orderNum, isRequired, isReaded, isReseted, isRecorded, isShowed, layout, isValid, module)
VALUES ('6fe33af2-e20f-4ce4-aa83-27ba8632fade', 'c108a56c-f931-4a77-95e3-52b67abd2a33', 'ef322de9-8be2-488e-ade4-c276f2245bb8', 8, 'N', 'Y', NULL, NULL, 'Y', 'T', 'Y', NULL);
INSERT INTO sys_pagefield_rlt(id, pageId, fieldId, orderNum, isRequired, isReaded, isReseted, isRecorded, isShowed, layout, isValid, module)
VALUES ('62918639-513b-4693-a960-30c0fc262811', 'c108a56c-f931-4a77-95e3-52b67abd2a33', 'c3981eca-dea3-4b64-a8ff-b3e54d5ef075', 9, 'N', 'Y', NULL, NULL, 'Y', 'T', 'Y', NULL);
INSERT INTO sys_pagefield_rlt(id, pageId, fieldId, orderNum, isRequired, isReaded, isReseted, isRecorded, isShowed, layout, isValid, module)
VALUES ('2cc1ebec-546a-4b15-aaf5-6e2255e53f54', 'c108a56c-f931-4a77-95e3-52b67abd2a33', '8288d334-e5a4-4aa9-b7e3-f985543c6468', 10, 'N', 'Y', NULL, NULL, 'Y', 'T', 'Y', NULL);
INSERT INTO sys_pagefield_rlt(id, pageId, fieldId, orderNum, isRequired, isReaded, isReseted, isRecorded, isShowed, layout, isValid, module)
VALUES ('43041b71-6409-4132-8d4c-aa0399939ce9', 'c108a56c-f931-4a77-95e3-52b67abd2a33', 'ea1c74dc-abd0-4f21-8cbd-32a4bcc9ec44', 11, 'N', 'Y', NULL, NULL, 'Y', 'T', 'Y', NULL);
INSERT INTO sys_pagefield_rlt(id, pageId, fieldId, orderNum, isRequired, isReaded, isReseted, isRecorded, isShowed, layout, isValid, module)
VALUES ('f2e841dc-a18f-4149-9826-49d39042dbc9', 'c108a56c-f931-4a77-95e3-52b67abd2a33', '763e55e8-3165-42ef-865a-a2e62a397457', 12, 'N', 'Y', NULL, NULL, 'Y', 'T', 'Y', NULL);
INSERT INTO sys_pagefield_rlt(id, pageId, fieldId, orderNum, isRequired, isReaded, isReseted, isRecorded, isShowed, layout, isValid, module)
VALUES ('e8692de4-4e50-4650-83b7-c0f208c8ab32', 'c108a56c-f931-4a77-95e3-52b67abd2a33', 'dc196100-6a74-4a40-8e5d-963bdb7b2a75', 13, 'N', 'Y', NULL, NULL, 'Y', 'F', 'Y', NULL);
INSERT INTO sys_pagefield_rlt(id, pageId, fieldId, orderNum, isRequired, isReaded, isReseted, isRecorded, isShowed, layout, isValid, module)
VALUES ('8842c336-dee9-4d82-873b-8197fb86ab9b', 'c108a56c-f931-4a77-95e3-52b67abd2a33', '6bea7786-0dc0-4e06-b795-4fbe851c8c33', 14, 'N', 'N', NULL, NULL, 'Y', 'F', 'Y', NULL);
INSERT INTO sys_pagefield_rlt(id, pageId, fieldId, orderNum, isRequired, isReaded, isReseted, isRecorded, isShowed, layout, isValid, module)
VALUES ('e1368134-a3fb-4f61-a530-e3e3532ca804', 'c108a56c-f931-4a77-95e3-52b67abd2a33', '7089fd65-d911-4030-8ac1-578023398efd', 15, 'N', 'N', NULL, NULL, 'Y', 'F', 'Y', NULL);
INSERT INTO sys_pagefield_rlt(id, pageId, fieldId, orderNum, isRequired, isReaded, isReseted, isRecorded, isShowed, layout, isValid, module)
VALUES ('07e6354c-e0b5-44d6-ada6-c911bc9b4cc5', 'ca4fdea8-0c61-40a9-b205-31517b882f51', 'a3905fd6-957c-4ccf-822f-a86bd6d5c537', 1, 'N', 'Y', NULL, NULL, 'Y', 'F', 'Y', NULL);
INSERT INTO sys_pagefield_rlt(id, pageId, fieldId, orderNum, isRequired, isReaded, isReseted, isRecorded, isShowed, layout, isValid, module)
VALUES ('be9637a7-489c-46d4-a11b-0651a6eae2bc', 'ca4fdea8-0c61-40a9-b205-31517b882f51', '503cbdd8-c06d-4cef-bf35-74e4bc5f73fc', 2, 'N', 'Y', NULL, NULL, 'Y', 'F', 'Y', NULL);
INSERT INTO sys_pagefield_rlt(id, pageId, fieldId, orderNum, isRequired, isReaded, isReseted, isRecorded, isShowed, layout, isValid, module)
VALUES ('b34fc208-a7c3-4e9c-b2ec-410b77def714', 'ca4fdea8-0c61-40a9-b205-31517b882f51', '8a45f4fb-9cfc-43b4-a90d-cbb9a4501a1d', 3, 'N', 'Y', NULL, NULL, 'Y', 'T', 'Y', NULL);
INSERT INTO sys_pagefield_rlt(id, pageId, fieldId, orderNum, isRequired, isReaded, isReseted, isRecorded, isShowed, layout, isValid, module)
VALUES ('a2220fae-606e-4e13-bebf-b9f0b7f574d3', 'ca4fdea8-0c61-40a9-b205-31517b882f51', '7daadc92-78ae-4995-8cd1-211cac156908', 4, 'N', 'Y', NULL, NULL, 'Y', 'T', 'Y', NULL);
INSERT INTO sys_pagefield_rlt(id, pageId, fieldId, orderNum, isRequired, isReaded, isReseted, isRecorded, isShowed, layout, isValid, module)
VALUES ('62b57445-af52-490c-b13b-0e1a733e4b9f', 'ca4fdea8-0c61-40a9-b205-31517b882f51', 'fba70aec-d593-48d9-a1c0-a0217ff15abb', 5, 'N', 'Y', NULL, NULL, 'Y', 'T', 'Y', NULL);
INSERT INTO sys_pagefield_rlt(id, pageId, fieldId, orderNum, isRequired, isReaded, isReseted, isRecorded, isShowed, layout, isValid, module)
VALUES ('c93f4aa5-20a6-4427-b31f-9f65c44cb2b3', 'ca4fdea8-0c61-40a9-b205-31517b882f51', '7aeccf38-1a0f-4af5-ba56-be5b94a75dc5', 6, 'N', 'Y', NULL, NULL, 'Y', 'T', 'Y', NULL);
INSERT INTO sys_pagefield_rlt(id, pageId, fieldId, orderNum, isRequired, isReaded, isReseted, isRecorded, isShowed, layout, isValid, module)
VALUES ('f7e26ed1-cb89-4a28-8eb5-df0915a4212b', 'ca4fdea8-0c61-40a9-b205-31517b882f51', 'f390ae86-493d-4da6-bff6-a73b3582de68', 7, 'N', 'Y', NULL, NULL, 'Y', 'T', 'Y', NULL);
INSERT INTO sys_pagefield_rlt(id, pageId, fieldId, orderNum, isRequired, isReaded, isReseted, isRecorded, isShowed, layout, isValid, module)
VALUES ('422388fd-deff-4c79-b0ad-5ff0b485abfe', 'ca4fdea8-0c61-40a9-b205-31517b882f51', 'ef322de9-8be2-488e-ade4-c276f2245bb8', 8, 'N', 'Y', NULL, NULL, 'Y', 'T', 'Y', NULL);
INSERT INTO sys_pagefield_rlt(id, pageId, fieldId, orderNum, isRequired, isReaded, isReseted, isRecorded, isShowed, layout, isValid, module)
VALUES ('30875bda-3cb7-452b-9177-2ab0e65d06b6', 'ca4fdea8-0c61-40a9-b205-31517b882f51', 'c3981eca-dea3-4b64-a8ff-b3e54d5ef075', 9, 'N', 'Y', NULL, NULL, 'Y', 'T', 'Y', NULL);
INSERT INTO sys_pagefield_rlt(id, pageId, fieldId, orderNum, isRequired, isReaded, isReseted, isRecorded, isShowed, layout, isValid, module)
VALUES ('afa7e1ea-4a04-4aff-877b-960c61286d23', 'ca4fdea8-0c61-40a9-b205-31517b882f51', '8288d334-e5a4-4aa9-b7e3-f985543c6468', 10, 'N', 'Y', NULL, NULL, 'Y', 'T', 'Y', NULL);
INSERT INTO sys_pagefield_rlt(id, pageId, fieldId, orderNum, isRequired, isReaded, isReseted, isRecorded, isShowed, layout, isValid, module)
VALUES ('6f2a0eac-f533-4a62-acb0-0c0519630617', 'ca4fdea8-0c61-40a9-b205-31517b882f51', 'dc196100-6a74-4a40-8e5d-963bdb7b2a75', 11, 'N', 'Y', NULL, NULL, 'Y', 'F', 'Y', NULL);
INSERT INTO sys_pagefield_rlt(id, pageId, fieldId, orderNum, isRequired, isReaded, isReseted, isRecorded, isShowed, layout, isValid, module)
VALUES ('64e116b1-6d72-4c9d-9dd7-41bdc860557b', 'ca4fdea8-0c61-40a9-b205-31517b882f51', '6bea7786-0dc0-4e06-b795-4fbe851c8c33', 12, 'N', 'Y', NULL, NULL, 'Y', 'F', 'Y', NULL);
INSERT INTO sys_pagefield_rlt(id, pageId, fieldId, orderNum, isRequired, isReaded, isReseted, isRecorded, isShowed, layout, isValid, module)
VALUES ('b0a447b3-a6ba-4851-b6ae-43ef4602cc96', 'ca4fdea8-0c61-40a9-b205-31517b882f51', 'ea1c74dc-abd0-4f21-8cbd-32a4bcc9ec44', 13, 'N', 'Y', NULL, NULL, 'Y', 'T', 'Y', NULL);
INSERT INTO sys_pagefield_rlt(id, pageId, fieldId, orderNum, isRequired, isReaded, isReseted, isRecorded, isShowed, layout, isValid, module)
VALUES ('69ddb43d-0a17-4524-bdd4-d13975c4246f', 'ca4fdea8-0c61-40a9-b205-31517b882f51', '763e55e8-3165-42ef-865a-a2e62a397457', 14, 'N', 'Y', NULL, NULL, 'Y', 'T', 'Y', NULL);
INSERT INTO sys_pagefield_rlt(id, pageId, fieldId, orderNum, isRequired, isReaded, isReseted, isRecorded, isShowed, layout, isValid, module)
VALUES ('1f58b2e6-04ef-4c1f-9607-1a2aa9654f93', 'ca4fdea8-0c61-40a9-b205-31517b882f51', '8d040a8e-4c13-41f0-8cd7-c5bfc3276396', 15, 'N', 'Y', NULL, NULL, 'Y', 'T', 'Y', NULL);
INSERT INTO sys_pagefield_rlt(id, pageId, fieldId, orderNum, isRequired, isReaded, isReseted, isRecorded, isShowed, layout, isValid, module)
VALUES ('c3fe0052-fb9f-46a1-82ff-4aa8c945317f', 'ca4fdea8-0c61-40a9-b205-31517b882f51', '7089fd65-d911-4030-8ac1-578023398efd', 16, 'N', 'Y', NULL, NULL, 'Y', 'F', 'Y', NULL);
INSERT INTO sys_pagefield_rlt(id, pageId, fieldId, orderNum, isRequired, isReaded, isReseted, isRecorded, isShowed, layout, isValid, module)
VALUES ('5d16c1b6-2259-4f49-b874-e17bf67d4be7', 'd1a5d9e6-dfdd-44bd-88e1-8b9e7780e78a', 'a3905fd6-957c-4ccf-822f-a86bd6d5c537', 1, 'N', 'Y', NULL, NULL, 'Y', 'F', 'Y', NULL);
INSERT INTO sys_pagefield_rlt(id, pageId, fieldId, orderNum, isRequired, isReaded, isReseted, isRecorded, isShowed, layout, isValid, module)
VALUES ('2322825c-1068-4118-b622-1289a79749df', 'd1a5d9e6-dfdd-44bd-88e1-8b9e7780e78a', '503cbdd8-c06d-4cef-bf35-74e4bc5f73fc', 2, 'N', 'Y', NULL, NULL, 'Y', 'F', 'Y', NULL);
INSERT INTO sys_pagefield_rlt(id, pageId, fieldId, orderNum, isRequired, isReaded, isReseted, isRecorded, isShowed, layout, isValid, module)
VALUES ('f63716f8-44fd-4052-b1eb-8a66c2126f67', 'd1a5d9e6-dfdd-44bd-88e1-8b9e7780e78a', '8a45f4fb-9cfc-43b4-a90d-cbb9a4501a1d', 3, 'N', 'Y', NULL, NULL, 'Y', 'T', 'Y', NULL);
INSERT INTO sys_pagefield_rlt(id, pageId, fieldId, orderNum, isRequired, isReaded, isReseted, isRecorded, isShowed, layout, isValid, module)
VALUES ('77b83e3f-0e4b-4e6a-afe3-d550db730d1a', 'd1a5d9e6-dfdd-44bd-88e1-8b9e7780e78a', '7daadc92-78ae-4995-8cd1-211cac156908', 4, 'N', 'Y', NULL, NULL, 'Y', 'T', 'Y', NULL);
INSERT INTO sys_pagefield_rlt(id, pageId, fieldId, orderNum, isRequired, isReaded, isReseted, isRecorded, isShowed, layout, isValid, module)
VALUES ('4da383c2-827f-4052-af8e-deeccd9f4051', 'd1a5d9e6-dfdd-44bd-88e1-8b9e7780e78a', 'fba70aec-d593-48d9-a1c0-a0217ff15abb', 5, 'N', 'Y', NULL, NULL, 'Y', 'T', 'Y', NULL);
INSERT INTO sys_pagefield_rlt(id, pageId, fieldId, orderNum, isRequired, isReaded, isReseted, isRecorded, isShowed, layout, isValid, module)
VALUES ('5bbe2703-e921-4959-aa0c-2d41240f0286', 'd1a5d9e6-dfdd-44bd-88e1-8b9e7780e78a', '7aeccf38-1a0f-4af5-ba56-be5b94a75dc5', 6, 'N', 'Y', NULL, NULL, 'Y', 'T', 'Y', NULL);
INSERT INTO sys_pagefield_rlt(id, pageId, fieldId, orderNum, isRequired, isReaded, isReseted, isRecorded, isShowed, layout, isValid, module)
VALUES ('974a90b5-efdf-4e1f-81f7-0bce29c089e5', 'd1a5d9e6-dfdd-44bd-88e1-8b9e7780e78a', 'f390ae86-493d-4da6-bff6-a73b3582de68', 7, 'N', 'Y', NULL, NULL, 'Y', 'T', 'Y', NULL);
INSERT INTO sys_pagefield_rlt(id, pageId, fieldId, orderNum, isRequired, isReaded, isReseted, isRecorded, isShowed, layout, isValid, module)
VALUES ('27de49d6-d071-4f67-befb-f29372c1f4ae', 'd1a5d9e6-dfdd-44bd-88e1-8b9e7780e78a', 'ef322de9-8be2-488e-ade4-c276f2245bb8', 8, 'N', 'Y', NULL, NULL, 'Y', 'T', 'Y', NULL);
INSERT INTO sys_pagefield_rlt(id, pageId, fieldId, orderNum, isRequired, isReaded, isReseted, isRecorded, isShowed, layout, isValid, module)
VALUES ('3ea7d7e4-1f1c-40fd-a8e3-9d871c8291ff', 'd1a5d9e6-dfdd-44bd-88e1-8b9e7780e78a', '8d040a8e-4c13-41f0-8cd7-c5bfc3276396', 9, 'N', 'Y', NULL, NULL, 'Y', 'T', 'Y', NULL);
INSERT INTO sys_pagefield_rlt(id, pageId, fieldId, orderNum, isRequired, isReaded, isReseted, isRecorded, isShowed, layout, isValid, module)
VALUES ('a96f4a11-06e1-4d77-a92a-9b66ecbc1bdb', 'd1a5d9e6-dfdd-44bd-88e1-8b9e7780e78a', '8288d334-e5a4-4aa9-b7e3-f985543c6468', 10, 'N', 'Y', NULL, NULL, 'Y', 'T', 'Y', NULL);
INSERT INTO sys_pagefield_rlt(id, pageId, fieldId, orderNum, isRequired, isReaded, isReseted, isRecorded, isShowed, layout, isValid, module)
VALUES ('942849b8-e6a9-40dc-89ec-304c0bea8b58', 'd1a5d9e6-dfdd-44bd-88e1-8b9e7780e78a', 'dc196100-6a74-4a40-8e5d-963bdb7b2a75', 11, 'N', 'Y', NULL, NULL, 'Y', 'F', 'Y', NULL);
INSERT INTO sys_pagefield_rlt(id, pageId, fieldId, orderNum, isRequired, isReaded, isReseted, isRecorded, isShowed, layout, isValid, module)
VALUES ('a371ef5b-68d2-4374-8e57-ab7213e3bfcf', 'd1a5d9e6-dfdd-44bd-88e1-8b9e7780e78a', 'c3981eca-dea3-4b64-a8ff-b3e54d5ef075', 12, 'N', 'Y', NULL, NULL, 'Y', 'T', 'Y', NULL);
INSERT INTO sys_pagefield_rlt(id, pageId, fieldId, orderNum, isRequired, isReaded, isReseted, isRecorded, isShowed, layout, isValid, module)
VALUES ('28cd3261-f43d-4c03-bf5b-faba931c5f83', 'd1a5d9e6-dfdd-44bd-88e1-8b9e7780e78a', 'ea1c74dc-abd0-4f21-8cbd-32a4bcc9ec44', 13, 'N', 'N', NULL, NULL, 'Y', 'T', 'Y', NULL);
INSERT INTO sys_pagefield_rlt(id, pageId, fieldId, orderNum, isRequired, isReaded, isReseted, isRecorded, isShowed, layout, isValid, module)
VALUES ('15020e6e-b19f-41e7-95e0-ea2cc15b9eac', 'd1a5d9e6-dfdd-44bd-88e1-8b9e7780e78a', '6bea7786-0dc0-4e06-b795-4fbe851c8c33', 14, 'Y', 'N', NULL, NULL, 'Y', 'F', 'Y', NULL);

INSERT INTO wf_rolematch_rlt(id, pageFieldId, pageId, roleId)
VALUES ('0507688c-4c4b-41a4-abe0-83c371b087fc', '8d040a8e-4c13-41f0-8cd7-c5bfc3276396', '70c60c1f-59ec-4cca-8253-deaf8c7bbccb', '960fb540-3cef-49e8-89b6-1bisurole001');
INSERT INTO wf_rolematch_rlt(id, pageFieldId, pageId, roleId)
VALUES ('3535b8a2-fad6-4288-83b6-19f6b88c6445', 'fc13a96c-b9ce-4375-afe7-8faae53d6ded', 'b75b7600-5584-4fd5-bcc0-10466839b8c8', '960fb540-3cef-49e8-89b6-1bisurole004');
INSERT INTO wf_rolematch_rlt(id, pageFieldId, pageId, roleId)
VALUES ('38c47b92-86fa-46ac-9efa-b80ad0151280', '8288d334-e5a4-4aa9-b7e3-f985543c6468', '03df7cd2-90be-4333-b14e-cb6fce3195aa', '960fb540-3cef-49e8-89b6-1bisurole002');
INSERT INTO wf_rolematch_rlt(id, pageFieldId, pageId, roleId)
VALUES ('67c65626-478f-489f-8373-089fafd7a6b6', 'f390ae86-493d-4da6-bff6-a73b3582de68', 'b75b7600-5584-4fd5-bcc0-10466839b8c8', '960fb540-3cef-49e8-89b6-1bisurole004');
INSERT INTO wf_rolematch_rlt(id, pageFieldId, pageId, roleId)
VALUES ('8c5a192f-1e3b-4c45-9d2c-1ad8c561d349', 'c3981eca-dea3-4b64-a8ff-b3e54d5ef075', '03df7cd2-90be-4333-b14e-cb6fce3195aa', '960fb540-3cef-49e8-89b6-1bisurole001');
INSERT INTO wf_rolematch_rlt(id, pageFieldId, pageId, roleId)
VALUES ('9d0a5124-cad3-4b24-9a32-001f5f0c087e', '8288d334-e5a4-4aa9-b7e3-f985543c6468', 'd1a5d9e6-dfdd-44bd-88e1-8b9e7780e78a', '960fb540-3cef-49e8-89b6-1bisurole002');
INSERT INTO wf_rolematch_rlt(id, pageFieldId, pageId, roleId)
VALUES ('a53587cc-19fc-4356-b085-84c1685a77ef', '8d040a8e-4c13-41f0-8cd7-c5bfc3276396', '2b42cc1c-f72b-4c00-b2c1-840ed1ce1141', '960fb540-3cef-49e8-89b6-1bisurole001');
INSERT INTO wf_rolematch_rlt(id, pageFieldId, pageId, roleId)
VALUES ('c11b9331-4b8e-4765-bb3b-b4b8f4324fc0', 'f390ae86-493d-4da6-bff6-a73b3582de68', '6d71b34c-de1b-45db-b5c6-f1a0194604f2', '960fb540-3cef-49e8-89b6-1bisurole004');
INSERT INTO wf_rolematch_rlt(id, pageFieldId, pageId, roleId)
VALUES ('d12c8c27-718f-45db-b525-308b123dfd12', '8288d334-e5a4-4aa9-b7e3-f985543c6468', 'a26d27c1-c777-483c-a8ca-dbbb55d6efea', '960fb540-3cef-49e8-89b6-1bisurole002');
INSERT INTO wf_rolematch_rlt(id, pageFieldId, pageId, roleId)
VALUES ('f239b57d-fda0-434d-b19d-58b1ecb8e908', 'c3981eca-dea3-4b64-a8ff-b3e54d5ef075', 'd1a5d9e6-dfdd-44bd-88e1-8b9e7780e78a', '960fb540-3cef-49e8-89b6-1bisurole001');
INSERT INTO wf_rolematch_rlt(id, pageFieldId, pageId, roleId)
VALUES ('ff4994ad-0dd3-458a-9b2c-ba3d32499280', 'c3981eca-dea3-4b64-a8ff-b3e54d5ef075', 'a26d27c1-c777-483c-a8ca-dbbb55d6efea', '960fb540-3cef-49e8-89b6-1bisurole001');

INSERT INTO wf_authorizationrole_rlt(id, transitionId, roleId, conditions, isValid)
VALUES ('02806c14-410b-4814-926f-4b14e69438e2', 'A210A23A-7695-466A-A78A-46BDD415DD7D', '960fb540-3cef-49e8-89b6-1bisurole001', NULL, 'Y');
INSERT INTO wf_authorizationrole_rlt(id, transitionId, roleId, conditions, isValid)
VALUES ('0325de09-6697-45d1-a337-12f9304b363e', 'EAF924AF-C4E5-43E0-8702-493AF1722B9B', '960fb540-3cef-49e8-89b6-1bisurole001', NULL, 'Y');
INSERT INTO wf_authorizationrole_rlt(id, transitionId, roleId, conditions, isValid)
VALUES ('4470f0a0-0f52-48f8-b7d0-4dab6de18c32', 'F1A73C8B-2D41-4F7D-802C-A295089EF5A8', '960fb540-3cef-49e8-89b6-1bisurole002', NULL, 'Y');
INSERT INTO wf_authorizationrole_rlt(id, transitionId, roleId, conditions, isValid)
VALUES ('5e00b01f-b51e-48da-8f09-4a2673322bc7', '79C7BE65-E817-4377-B43D-9B28406D8CEC', '960fb540-3cef-49e8-89b6-1bisurole001', NULL, 'Y');
INSERT INTO wf_authorizationrole_rlt(id, transitionId, roleId, conditions, isValid)
VALUES ('763fef57-2412-4d0e-b1b4-648ab7608d17', 'F1A73C8B-2D41-4F7D-802C-A295089EF5A8', '960fb540-3cef-49e8-89b6-1bisurole001', NULL, 'Y');
INSERT INTO wf_authorizationrole_rlt(id, transitionId, roleId, conditions, isValid)
VALUES ('8431e9c1-eaba-442f-9bec-fe286a3e582a', 'A3F39F0D-7C02-4154-B271-C076A9334E9F', '960fb540-3cef-49e8-89b6-1bisurole001', NULL, 'Y');
INSERT INTO wf_authorizationrole_rlt(id, transitionId, roleId, conditions, isValid)
VALUES ('9592da05-a110-4db3-a1da-43660c222df4', '0EAAB862-27DF-4585-A98A-8EDB080CD3F8', '960fb540-3cef-49e8-89b6-1bisurole001', NULL, 'Y');
INSERT INTO wf_authorizationrole_rlt(id, transitionId, roleId, conditions, isValid)
VALUES ('a65a94c1-f540-4e75-8f80-230048f91113', 'BEB6FE52-F0F0-45A2-8CDA-DEED778420D6', '960fb540-3cef-49e8-89b6-1bisurole001', NULL, 'Y');
INSERT INTO wf_authorizationrole_rlt(id, transitionId, roleId, conditions, isValid)
VALUES ('caa8a0ae-cb77-4709-9ea7-7ec7739b7691', '6B857733-3640-4BF9-AEA1-751D661DE27E', '960fb540-3cef-49e8-89b6-1bisurole002', NULL, 'Y');
INSERT INTO wf_authorizationrole_rlt(id, transitionId, roleId, conditions, isValid)
VALUES ('ea344af1-a6d8-4b31-98f5-a8adbf36b0b2', '6B857733-3640-4BF9-AEA1-751D661DE27E', '960fb540-3cef-49e8-89b6-1bisurole001', NULL, 'Y');

INSERT INTO sys_page(id, name, objectType, pageType, parentId, workflowID, deriveWfType, deriveWfID, mapField, isStartPage, entityTypeID, extPageUrl, extPageCls, isSystem, remark, isValid, orderNum, creatorId, createdTime, modifyId, modifyTime)
VALUES ('07698511-fa9f-47e2-9f4c-kfMRQpage001', '系统视图', 'MRQ', NULL, NULL, NULL, NULL, NULL, NULL, NULL, NULL, NULL, NULL, 'Y', NULL, 'Y', 1, NULL, NULL, NULL, NULL);
INSERT INTO sys_page(id, name, objectType, pageType, parentId, workflowID, deriveWfType, deriveWfID, mapField, isStartPage, entityTypeID, extPageUrl, extPageCls, isSystem, remark, isValid, orderNum, creatorId, createdTime, modifyId, modifyTime)
VALUES ('07698511-fa9f-47e2-9f4c-kfMRQpage002', '默认视图', 'MRQ', 'LIST', '07698511-fa9f-47e2-9f4c-kfMRQpage001', NULL, NULL, NULL, NULL, NULL, NULL, NULL, NULL, 'Y', NULL, 'Y', 2, 'b8ab9427-627b-469f-bfd0-4b1buser0001', '2022-08-08', 'b8ab9427-627b-469f-bfd0-4b1buser0001', '2022-08-08');
INSERT INTO sys_page(id, name, objectType, pageType, parentId, workflowID, deriveWfType, deriveWfID, mapField, isStartPage, entityTypeID, extPageUrl, extPageCls, isSystem, remark, isValid, orderNum, creatorId, createdTime, modifyId, modifyTime)
VALUES ('07698511-fa9f-47e2-9f4c-kfMRQpage004', '导入导出视图', 'MRQ', 'IMPEXPLIST', '', NULL, NULL, NULL, NULL, NULL, NULL, NULL, NULL, 'Y', NULL, 'Y', 5, NULL, NULL, NULL, NULL);
INSERT INTO sys_page(id, name, objectType, pageType, parentId, workflowID, deriveWfType, deriveWfID, mapField, isStartPage, entityTypeID, extPageUrl, extPageCls, isSystem, remark, isValid, orderNum, creatorId, createdTime, modifyId, modifyTime)
VALUES ('07698511-fa9f-47e2-9f4c-kfMRQpage005', '导入视图', 'MRQ', 'IMPLIST', '07698511-fa9f-47e2-9f4c-kfMRQpage004', NULL, NULL, NULL, NULL, NULL, NULL, NULL, NULL, 'Y', NULL, 'Y', 6, 'b8ab9427-627b-469f-bfd0-4b1buser0001', '2022-08-08', 'b8ab9427-627b-469f-bfd0-4b1buser0001', '2022-08-08');
INSERT INTO sys_page(id, name, objectType, pageType, parentId, workflowID, deriveWfType, deriveWfID, mapField, isStartPage, entityTypeID, extPageUrl, extPageCls, isSystem, remark, isValid, orderNum, creatorId, createdTime, modifyId, modifyTime)
VALUES ('07698511-fa9f-47e2-9f4c-kfMRQpage006', '导出视图', 'MRQ', 'EXPLIST', '07698511-fa9f-47e2-9f4c-kfMRQpage004', NULL, NULL, NULL, NULL, NULL, NULL, NULL, NULL, 'Y', NULL, 'Y', 7, 'b8ab9427-627b-469f-bfd0-4b1buser0001', '2022-08-08', 'b8ab9427-627b-469f-bfd0-4b1buser0001', '2022-08-08');
INSERT INTO sys_page(id, name, objectType, pageType, parentId, workflowID, deriveWfType, deriveWfID, mapField, isStartPage, entityTypeID, extPageUrl, extPageCls, isSystem, remark, isValid, orderNum, creatorId, createdTime, modifyId, modifyTime)
VALUES ('07698511-fa9f-47e2-9f4c-kfMRQpage003', '个人视图', 'MRQ', 'CUSLIST', '', NULL, NULL, NULL, NULL, NULL, NULL, NULL, NULL, 'Y', NULL, 'Y', 8, NULL, NULL, NULL, NULL);

INSERT INTO wf_role(id, workflowType, name, val, orderNum, isSystem, isValid, creatorId, createdTime, modifyId, modifyTime)
VALUES ('960fb540-3cef-49e8-89b6-1bMRQrole001', 'MRQ', '责任人', 'OR', 1, 'Y', 'Y', 'b8ab9427-627b-469f-bfd0-4b1buser0001', '2022-08-08', 'b8ab9427-627b-469f-bfd0-4b1buser0001', '2022-08-08');
INSERT INTO wf_role(id, workflowType, name, val, orderNum, isSystem, isValid, creatorId, createdTime, modifyId, modifyTime)
VALUES ('960fb540-3cef-49e8-89b6-1bMRQrole002', 'MRQ', '参与人', 'AC', 2, 'Y', 'Y', 'b8ab9427-627b-469f-bfd0-4b1buser0001', '2022-08-08', 'b8ab9427-627b-469f-bfd0-4b1buser0001', '2022-08-08');
INSERT INTO wf_role(id, workflowType, name, val, orderNum, isSystem, isValid, creatorId, createdTime, modifyId, modifyTime)
VALUES ('960fb540-3cef-49e8-89b6-1bMRQrole003', 'MRQ', '创建人', 'CR', 3, 'Y', 'Y', 'b8ab9427-627b-469f-bfd0-4b1buser0001', '2022-08-08', 'b8ab9427-627b-469f-bfd0-4b1buser0001', '2022-08-08');
INSERT INTO wf_role(id, workflowType, name, val, orderNum, isSystem, isValid, creatorId, createdTime, modifyId, modifyTime)
VALUES ('960fb540-3cef-49e8-89b6-1bMRQrole004', 'MRQ', '读者', 'RR', 4, 'Y', 'Y', 'b8ab9427-627b-469f-bfd0-4b1buser0001', '2022-08-08', 'b8ab9427-627b-469f-bfd0-4b1buser0001', '2022-08-08');

INSERT INTO sys_pagelist_rlt(id, pageId, objectType, fieldView, filterCondition, isValid)
VALUES ('24a1ae1b-4406-4b49-ba15-66c17b91056e', '07698511-fa9f-47e2-9f4c-kfMRQpage006', 'MRQ', '{"pageSize":"20","orderBy":"","orderByType":"desc","query":"","view":[{"f":"id","a":"center","w":"60px","t":"ID","r":"","s":false,"h":false,"i":""},{"f":"name","a":"left","w":"300.0px","t":"TEXT","r":"true","s":false,"h":false,"i":"e14556cf-4fb6-4618-a647-dbc43eb72d27"},{"f":"code","a":"left","w":"120.0px","t":"TEXT","r":false,"s":false,"h":false,"i":"5b41c2a4-4c2f-4e90-8ea9-01dbd8103458"},{"f":"projectId","a":"left","w":"120.0px","t":"PJT","r":"true","s":false,"h":false,"i":"2092835a-2eb7-410d-8761-a807f5d77622"},{"f":"ownerIds","a":"left","w":"120.0px","t":"USER","r":false,"s":false,"h":false,"i":"ownerIds"},{"f":"statusId","a":"left","w":"120.0px","t":"SELECT","r":false,"s":false,"h":false,"i":"f9e0fcab-16c4-4a68-8e8c-469816e55a7f"},{"f":"creatorId","a":"left","w":"120.0px","t":"USER","r":false,"s":false,"h":false,"i":"18312419-607b-439b-954b-bb44e713fd07"},{"f":"modifyTime","a":"left","w":"120.0px","t":"DATE","r":false,"s":false,"h":false,"i":"b026b6f0-caaa-4ea9-b5d3-d36004385004"}]}', '', 'Y');
INSERT INTO sys_pagelist_rlt(id, pageId, objectType, fieldView, filterCondition, isValid)
VALUES ('339f457a-042b-4051-80de-60c31197aa4e', '07698511-fa9f-47e2-9f4c-kfMRQpage002', 'MRQ', '{"pageSize":"20","orderBy":"","orderByType":"desc","query":"","view":[{"f":"id","a":"center","w":"60px","t":"ID","r":"","s":false,"h":false,"i":""},{"f":"name","a":"left","w":"296px","t":"TEXT","r":"true","s":false,"h":"true","i":"e14556cf-4fb6-4618-a647-dbc43eb72d27"},{"f":"code","a":"left","w":"120px","t":"TEXT","r":false,"s":"true","h":false,"i":"5b41c2a4-4c2f-4e90-8ea9-01dbd8103458"},{"f":"projectId","a":"left","w":"120px","t":"PJT","r":"true","s":"true","h":"true","i":"2092835a-2eb7-410d-8761-a807f5d77622"},{"f":"ownerIds","a":"left","w":"120px","t":"USER","r":false,"s":false,"h":"true","i":"ownerIds"},{"f":"statusId","a":"left","w":"120px","t":"SELECT","r":false,"s":"true","h":"true","i":"f9e0fcab-16c4-4a68-8e8c-469816e55a7f"},{"f":"creatorId","a":"left","w":"120px","t":"USER","r":false,"s":false,"h":false,"i":"18312419-607b-439b-954b-bb44e713fd07"},{"f":"modifyTime","a":"left","w":"120px","t":"DATE","r":false,"s":"true","h":false,"i":"b026b6f0-caaa-4ea9-b5d3-d36004385004"}]}', '', 'Y');
INSERT INTO sys_pagelist_rlt(id, pageId, objectType, fieldView, filterCondition, isValid)
VALUES ('6b01b78d-1843-48b2-a297-1f9bd6db5820', '07698511-fa9f-47e2-9f4c-kfMRQpage005', 'MRQ', '{"pageSize":"20","orderBy":"","orderByType":"desc","query":"","view":[{"f":"id","a":"center","w":"60px","t":"ID","r":"","s":false,"h":false,"i":""},{"f":"name","a":"left","w":"300.0px","t":"TEXT","r":"true","s":false,"h":false,"i":"e14556cf-4fb6-4618-a647-dbc43eb72d27"},{"f":"code","a":"left","w":"120.0px","t":"TEXT","r":false,"s":false,"h":false,"i":"5b41c2a4-4c2f-4e90-8ea9-01dbd8103458"},{"f":"projectId","a":"left","w":"120.0px","t":"PJT","r":"true","s":false,"h":false,"i":"2092835a-2eb7-410d-8761-a807f5d77622"},{"f":"ownerId","a":"left","w":"120.0px","t":"USER","r":false,"s":false,"h":false,"i":"3eab3417-585d-40e8-a0b6-3473768fa6ad"},{"f":"statusId","a":"left","w":"120.0px","t":"SELECT","r":false,"s":false,"h":false,"i":"f9e0fcab-16c4-4a68-8e8c-469816e55a7f"},{"f":"creatorId","a":"left","w":"120.0px","t":"USER","r":false,"s":false,"h":false,"i":"18312419-607b-439b-954b-bb44e713fd07"},{"f":"createdTime","a":"left","w":"120.0px","t":"DATE","r":false,"s":false,"h":false,"i":"27318169-ac41-4f19-a680-90a2d0c904da"}]}', '', 'Y');

INSERT INTO sys_field(id, colName, showName, objectType, dataType, htmlType, fieldType, displayWidth, remark, defaultValue, defaultRule, extendClass, layout, showMobile, isCommon, parentId, isValid, orderNum, creatorId, createdTime, modifyId, modifyTime, isDBField)
VALUES ('e14556cf-4fb6-4618-a647-dbc43eb72d27', 'name', '名称', 'MRQ', 'varchar', 'TEXT', 'S', 300.0, '', '', '{"isRecorded":"Y","textLength":"128","isRequired":"Y"}', '', 'F', NULL, 'N', NULL, 'Y', 1, 'b8ab9427-627b-469f-bfd0-4b1buser0001', '2022-08-08', 'b8ab9427-627b-469f-bfd0-4b1buser0001', '2022-08-08', 'Y');
INSERT INTO sys_field(id, colName, showName, objectType, dataType, htmlType, fieldType, displayWidth, remark, defaultValue, defaultRule, extendClass, layout, showMobile, isCommon, parentId, isValid, orderNum, creatorId, createdTime, modifyId, modifyTime, isDBField)
VALUES ('5b41c2a4-4c2f-4e90-8ea9-01dbd8103458', 'code', '编号', 'MRQ', 'varchar', 'TEXT', 'S', 120.0, '', '', '{"isRecorded":"Y","textLength":"128","isRequired":"N"}', '', 'T', NULL, 'N', NULL, 'Y', 13, 'b8ab9427-627b-469f-bfd0-4b1buser0001', '2022-08-08', 'b8ab9427-627b-469f-bfd0-4b1buser0001', '2022-08-08', 'Y');
INSERT INTO sys_field(id, colName, showName, objectType, dataType, htmlType, fieldType, displayWidth, remark, defaultValue, defaultRule, extendClass, layout, showMobile, isCommon, parentId, isValid, orderNum, creatorId, createdTime, modifyId, modifyTime, isDBField)
VALUES ('2092835a-2eb7-410d-8761-a807f5d77622', 'projectId', '归属项目', 'MRQ', 'varchar', 'PJT', 'S', 120.0, '', NULL, '{"isRecorded":"Y","isRequired":"Y"}', '', 'T', NULL, 'N', NULL, 'Y', 14, 'b8ab9427-627b-469f-bfd0-4b1buser0001', '2022-08-08', 'b8ab9427-627b-469f-bfd0-4b1buser0001', '2022-08-08', 'Y');
INSERT INTO sys_field(id, colName, showName, objectType, dataType, htmlType, fieldType, displayWidth, remark, defaultValue, defaultRule, extendClass, layout, showMobile, isCommon, parentId, isValid, orderNum, creatorId, createdTime, modifyId, modifyTime, isDBField)
VALUES ('2a51ce62-6dcf-4f36-85fa-7e8f252d390e', 'departmentId', '归属部门', 'MRQ', 'varchar', 'DEPT', 'S', 120.0, '', NULL, '{"isRecorded":"Y","deptDefaultRule":"N","isRequired":"N"}', '', 'T', NULL, 'N', NULL, 'Y', 15, 'b8ab9427-627b-469f-bfd0-4b1buser0001', '2022-08-08', 'b8ab9427-627b-469f-bfd0-4b1buser0001', '2022-08-08', 'Y');
INSERT INTO sys_field(id, colName, showName, objectType, dataType, htmlType, fieldType, displayWidth, remark, defaultValue, defaultRule, extendClass, layout, showMobile, isCommon, parentId, isValid, orderNum, creatorId, createdTime, modifyId, modifyTime, isDBField)
VALUES ('f9e0fcab-16c4-4a68-8e8c-469816e55a7f', 'statusId', '状态', 'MRQ', 'varchar', 'SELECT', 'S', 120.0, '', '', '{"isSeached":"Y","selectSource":"","setCascade":"","isRecorded":"Y","isRequired":"N"}', '', 'T', NULL, 'N', NULL, 'Y', 16, 'b8ab9427-627b-469f-bfd0-4b1buser0001', '2022-08-08', 'b8ab9427-627b-469f-bfd0-4b1buser0001', '2022-08-08', 'Y');
INSERT INTO sys_field(id, colName, showName, objectType, dataType, htmlType, fieldType, displayWidth, remark, defaultValue, defaultRule, extendClass, layout, showMobile, isCommon, parentId, isValid, orderNum, creatorId, createdTime, modifyId, modifyTime, isDBField)
VALUES ('1ccaebec-c357-44da-b234-5baed53f3fad', 'entityStatusId', '实体状态', 'MRQ', 'varchar', 'SELECT', 'S', 120.0, '', '', '{"isSeached":"Y","selectSource":"33a9bbdc-ed42-464d-afcc-43ca44293b75","setCascade":"","isRecorded":"Y","isRequired":"N"}', '', 'T', NULL, 'N', NULL, 'Y', 17, 'b8ab9427-627b-469f-bfd0-4b1buser0001', '2022-08-08', 'b8ab9427-627b-469f-bfd0-4b1buser0001', '2022-08-08', 'Y');
INSERT INTO sys_field(id, colName, showName, objectType, dataType, htmlType, fieldType, displayWidth, remark, defaultValue, defaultRule, extendClass, layout, showMobile, isCommon, parentId, isValid, orderNum, creatorId, createdTime, modifyId, modifyTime, isDBField)
VALUES ('6d80077a-6fee-43bf-88d9-0cc4f9ebf7c8', 'remark', '描述', 'MRQ', 'varchar', 'AREA', 'S', 120.0, '', '', '{"areaLength":"1024","areaIsLimit":"Y","areaRows":"8","isRecorded":"Y","isRequired":"N"}', '', 'F', NULL, 'N', NULL, 'Y', 19, 'b8ab9427-627b-469f-bfd0-4b1buser0001', '2022-08-08', 'b8ab9427-627b-469f-bfd0-4b1buser0001', '2022-08-08', 'Y');
INSERT INTO sys_field(id, colName, showName, objectType, dataType, htmlType, fieldType, displayWidth, remark, defaultValue, defaultRule, extendClass, layout, showMobile, isCommon, parentId, isValid, orderNum, creatorId, createdTime, modifyId, modifyTime, isDBField)
VALUES ('d9cbcc9c-1b9a-4491-b3ff-ec6d76af6a80', 'auditorId', '审核人', 'MRQ', 'varchar', 'USER', 'S', 120.0, '', NULL, '{"isRecorded":"Y","userIsMul":"","isRequired":"N","userDefaultRule":"N"}', '', 'T', NULL, 'N', NULL, 'Y', 20, 'b8ab9427-627b-469f-bfd0-4b1buser0001', '2022-08-08', 'b8ab9427-627b-469f-bfd0-4b1buser0001', '2022-08-08', 'Y');
INSERT INTO sys_field(id, colName, showName, objectType, dataType, htmlType, fieldType, displayWidth, remark, defaultValue, defaultRule, extendClass, layout, showMobile, isCommon, parentId, isValid, orderNum, creatorId, createdTime, modifyId, modifyTime, isDBField)
VALUES ('30ccbf5e-0d0b-424c-8937-6e5ce4d0143c', 'auditDate', '审核日期', 'MRQ', 'datetime', 'DATE', 'S', 120.0, '', NULL, '{"isRecorded":"Y","dateFormatRule":"YMD","dateDefaultRule":"N","isRequired":"N"}', '', 'T', NULL, 'N', NULL, 'Y', 21, 'b8ab9427-627b-469f-bfd0-4b1buser0001', '2022-08-08', 'b8ab9427-627b-469f-bfd0-4b1buser0001', '2022-08-08', 'Y');
INSERT INTO sys_field(id, colName, showName, objectType, dataType, htmlType, fieldType, displayWidth, remark, defaultValue, defaultRule, extendClass, layout, showMobile, isCommon, parentId, isValid, orderNum, creatorId, createdTime, modifyId, modifyTime, isDBField)
VALUES ('0dd753d1-fc6e-4f52-b748-18b26b2551a7', 'auditRemark', '审批意见', 'MRQ', 'varchar', 'AREA', 'S', 120.0, '', '', '{"areaLength":"1024","areaIsLimit":"Y","areaRows":"8","isRecorded":"Y","isRequired":"N"}', '', 'F', NULL, 'N', NULL, 'Y', 22, 'b8ab9427-627b-469f-bfd0-4b1buser0001', '2022-08-08', 'b8ab9427-627b-469f-bfd0-4b1buser0001', '2022-08-08', 'Y');
INSERT INTO sys_field(id, colName, showName, objectType, dataType, htmlType, fieldType, displayWidth, remark, defaultValue, defaultRule, extendClass, layout, showMobile, isCommon, parentId, isValid, orderNum, creatorId, createdTime, modifyId, modifyTime, isDBField)
VALUES ('23298be0-5ea8-4cad-9433-734ed02fd774', 'presenterId', '提出人', 'MRQ', 'varchar', 'USER', 'S', 120.0, '', NULL, '{"isRecorded":"N","userIsMul":"","isRequired":"N","userDefaultRule":"N"}', '', 'T', NULL, 'N', NULL, 'Y', 23, 'b8ab9427-627b-469f-bfd0-4b1buser0001', '2022-08-08', 'b8ab9427-627b-469f-bfd0-4b1buser0001', '2022-08-08', 'Y');
INSERT INTO sys_field(id, colName, showName, objectType, dataType, htmlType, fieldType, displayWidth, remark, defaultValue, defaultRule, extendClass, layout, showMobile, isCommon, parentId, isValid, orderNum, creatorId, createdTime, modifyId, modifyTime, isDBField)
VALUES ('ddadf4ac-9491-4ad0-b834-8f70ef4b12fc', 'presentDate', '提出日期', 'MRQ', 'datetime', 'DATE', 'S', 120.0, '', NULL, '{"isRecorded":"N","dateFormatRule":"YMD","dateDefaultRule":"N","isRequired":"N"}', '', 'T', NULL, 'N', NULL, 'Y', 24, 'b8ab9427-627b-469f-bfd0-4b1buser0001', '2022-08-08', 'b8ab9427-627b-469f-bfd0-4b1buser0001', '2022-08-08', 'Y');
INSERT INTO sys_field(id, colName, showName, objectType, dataType, htmlType, fieldType, displayWidth, remark, defaultValue, defaultRule, extendClass, layout, showMobile, isCommon, parentId, isValid, orderNum, creatorId, createdTime, modifyId, modifyTime, isDBField)
VALUES ('3eab3417-585d-40e8-a0b6-3473768fa6ad', 'ownerId', '责任人', 'MRQ', 'varchar', 'USER', 'S', 120.0, '', NULL, '{"isRecorded":"N","userIsMul":"","isRequired":"N","userDefaultRule":"N"}', '', 'T', NULL, 'N', NULL, 'Y', 25, 'b8ab9427-627b-469f-bfd0-4b1buser0001', '2022-08-08', 'b8ab9427-627b-469f-bfd0-4b1buser0001', '2022-08-08', 'Y');
INSERT INTO sys_field(id, colName, showName, objectType, dataType, htmlType, fieldType, displayWidth, remark, defaultValue, defaultRule, extendClass, layout, showMobile, isCommon, parentId, isValid, orderNum, creatorId, createdTime, modifyId, modifyTime, isDBField)
VALUES ('2f8357bc-fd5e-4a52-96d4-87cb877ebbf9', 'actorId', '参与人', 'MRQ', 'varchar', 'USER', 'S', 120.0, '', NULL, '{"isRecorded":"N","userIsMul":"Y","isRequired":"N","userDefaultRule":"N"}', '', 'T', NULL, 'N', NULL, 'Y', 26, 'b8ab9427-627b-469f-bfd0-4b1buser0001', '2022-08-08', 'b8ab9427-627b-469f-bfd0-4b1buser0001', '2022-08-08', 'Y');
INSERT INTO sys_field(id, colName, showName, objectType, dataType, htmlType, fieldType, displayWidth, remark, defaultValue, defaultRule, extendClass, layout, showMobile, isCommon, parentId, isValid, orderNum, creatorId, createdTime, modifyId, modifyTime, isDBField)
VALUES ('a77893be-8475-4590-b654-d8ad7387ec3b', 'reviewerId', '评审人', 'MRQ', 'varchar', 'USER', 'S', 120.0, '', NULL, '{"isRecorded":"N","userIsMul":"","isRequired":"N","userDefaultRule":"N"}', '', 'T', NULL, 'N', NULL, 'Y', 36, 'b8ab9427-627b-469f-bfd0-4b1buser0001', '2022-08-08', 'b8ab9427-627b-469f-bfd0-4b1buser0001', '2022-08-08', 'Y');
INSERT INTO sys_field(id, colName, showName, objectType, dataType, htmlType, fieldType, displayWidth, remark, defaultValue, defaultRule, extendClass, layout, showMobile, isCommon, parentId, isValid, orderNum, creatorId, createdTime, modifyId, modifyTime, isDBField)
VALUES ('488add91-abfe-41fb-af37-505fa218a53e', 'reviewRemark', '评审意见', 'MRQ', 'varchar', 'AREA', 'S', 120.0, '', '', '{"areaLength":"1024","areaIsLimit":"Y","areaRows":"8","isRecorded":"N","isRequired":"N"}', '', 'F', NULL, 'N', NULL, 'Y', 37, 'b8ab9427-627b-469f-bfd0-4b1buser0001', '2022-08-08', 'b8ab9427-627b-469f-bfd0-4b1buser0001', '2022-08-08', 'Y');
INSERT INTO sys_field(id, colName, showName, objectType, dataType, htmlType, fieldType, displayWidth, remark, defaultValue, defaultRule, extendClass, layout, showMobile, isCommon, parentId, isValid, orderNum, creatorId, createdTime, modifyId, modifyTime, isDBField)
VALUES ('8c4307b2-268d-4da9-9626-d2587b772f8c', 'projectMngId', '项目经理', 'MRQ', 'varchar', 'USER', 'S', 120.0, '', '项目经理', '{"isRecorded":"N","userIsMul":"","isRequired":"N","userDefaultRule":"PR"}', '', 'T', NULL, 'N', NULL, 'Y', 39, 'b8ab9427-627b-469f-bfd0-4b1buser0001', '2022-08-08', 'b8ab9427-627b-469f-bfd0-4b1buser0001', '2022-08-08', 'Y');
INSERT INTO sys_field(id, colName, showName, objectType, dataType, htmlType, fieldType, displayWidth, remark, defaultValue, defaultRule, extendClass, layout, showMobile, isCommon, parentId, isValid, orderNum, creatorId, createdTime, modifyId, modifyTime, isDBField)
VALUES ('725e8ffe-5b5f-4cd1-ac6c-9aaba7516913', 'reqAnalystId', '需求分析师', 'MRQ', 'varchar', 'USER', 'S', 120.0, '', NULL, '{"isRecorded":"N","userIsMul":"","isRequired":"N","userDefaultRule":"N"}', '', 'T', NULL, 'N', NULL, 'Y', 42, 'b8ab9427-627b-469f-bfd0-4b1buser0001', '2022-08-08', 'b8ab9427-627b-469f-bfd0-4b1buser0001', '2022-08-08', 'Y');
INSERT INTO sys_field(id, colName, showName, objectType, dataType, htmlType, fieldType, displayWidth, remark, defaultValue, defaultRule, extendClass, layout, showMobile, isCommon, parentId, isValid, orderNum, creatorId, createdTime, modifyId, modifyTime, isDBField)
VALUES ('e4db2acb-aae5-4554-9eb3-dbe90281431f', 'analysisReq', '分析需求', 'MRQ', 'varchar', 'AREA', 'S', 120.0, '', '', '{"areaLength":"1024","areaIsLimit":"Y","areaRows":"8","isRecorded":"N","isRequired":"N"}', '', 'F', NULL, 'N', NULL, 'Y', 43, 'b8ab9427-627b-469f-bfd0-4b1buser0001', '2022-08-08', 'b8ab9427-627b-469f-bfd0-4b1buser0001', '2022-08-08', 'Y');
INSERT INTO sys_field(id, colName, showName, objectType, dataType, htmlType, fieldType, displayWidth, remark, defaultValue, defaultRule, extendClass, layout, showMobile, isCommon, parentId, isValid, orderNum, creatorId, createdTime, modifyId, modifyTime, isDBField)
VALUES ('724c33c8-d9a6-406e-a9a5-1a5054d9e744', 'hopeImplDate', '希望实现日期', 'MRQ', 'datetime', 'DATE', 'S', 120.0, '', NULL, '{"isRecorded":"N","dateFormatRule":"YMD","dateDefaultRule":"N","isRequired":"N"}', '', 'T', NULL, 'N', NULL, 'Y', 44, 'b8ab9427-627b-469f-bfd0-4b1buser0001', '2022-08-08', 'b8ab9427-627b-469f-bfd0-4b1buser0001', '2022-08-08', 'Y');
INSERT INTO sys_field(id, colName, showName, objectType, dataType, htmlType, fieldType, displayWidth, remark, defaultValue, defaultRule, extendClass, layout, showMobile, isCommon, parentId, isValid, orderNum, creatorId, createdTime, modifyId, modifyTime, isDBField)
VALUES ('ec7cdcc4-2de2-46de-84bb-77211582d2dc', 'planImplDate', '计划实现日期', 'MRQ', 'datetime', 'DATE', 'S', 120.0, '', NULL, '{"isRecorded":"N","dateFormatRule":"YMD","dateDefaultRule":"N","isRequired":"N"}', '', 'T', NULL, 'N', NULL, 'Y', 45, 'b8ab9427-627b-469f-bfd0-4b1buser0001', '2022-08-08', 'b8ab9427-627b-469f-bfd0-4b1buser0001', '2022-08-08', 'Y');
INSERT INTO sys_field(id, colName, showName, objectType, dataType, htmlType, fieldType, displayWidth, remark, defaultValue, defaultRule, extendClass, layout, showMobile, isCommon, parentId, isValid, orderNum, creatorId, createdTime, modifyId, modifyTime, isDBField)
VALUES ('2fc4617c-4e11-4606-8109-a9aefacb2bf9', 'realImplDate', '实际实现日期', 'MRQ', 'datetime', 'DATE', 'S', 120.0, '', NULL, '{"isRecorded":"N","dateFormatRule":"YMD","dateDefaultRule":"N","isRequired":"N"}', '', 'T', NULL, 'N', NULL, 'Y', 46, 'b8ab9427-627b-469f-bfd0-4b1buser0001', '2022-08-08', 'b8ab9427-627b-469f-bfd0-4b1buser0001', '2022-08-08', 'Y');
INSERT INTO sys_field(id, colName, showName, objectType, dataType, htmlType, fieldType, displayWidth, remark, defaultValue, defaultRule, extendClass, layout, showMobile, isCommon, parentId, isValid, orderNum, creatorId, createdTime, modifyId, modifyTime, isDBField)
VALUES ('f045f945-06bd-4535-975d-d53a0a1affa0', 'acceptId', '接纳情况', 'MRQ', 'varchar', 'SELECT', 'S', 120.0, '', '', '{"isSeached":"Y","selectSource":"4c59f95c-7aa6-40ba-a7eb-ca06453bd57a","setCascade":"","isRecorded":"N","isRequired":"N"}', '', 'T', NULL, 'N', NULL, 'Y', 47, 'b8ab9427-627b-469f-bfd0-4b1buser0001', '2022-08-08', 'b8ab9427-627b-469f-bfd0-4b1buser0001', '2022-08-08', 'Y');
INSERT INTO sys_field(id, colName, showName, objectType, dataType, htmlType, fieldType, displayWidth, remark, defaultValue, defaultRule, extendClass, layout, showMobile, isCommon, parentId, isValid, orderNum, creatorId, createdTime, modifyId, modifyTime, isDBField)
VALUES ('d14d402b-3358-401a-a662-d3773fe57cba', 'acceptRemark', '接纳描述', 'MRQ', 'varchar', 'AREA', 'S', 120.0, '', '', '{"areaLength":"1024","areaIsLimit":"Y","areaRows":"8","isRecorded":"N","isRequired":"N"}', '', 'F', NULL, 'N', NULL, 'Y', 48, 'b8ab9427-627b-469f-bfd0-4b1buser0001', '2022-08-08', 'b8ab9427-627b-469f-bfd0-4b1buser0001', '2022-08-08', 'Y');
INSERT INTO sys_field(id, colName, showName, objectType, dataType, htmlType, fieldType, displayWidth, remark, defaultValue, defaultRule, extendClass, layout, showMobile, isCommon, parentId, isValid, orderNum, creatorId, createdTime, modifyId, modifyTime, isDBField)
VALUES ('08f6a06e-1f7f-4e16-8410-8203bea55893', 'mrqSourceId', '需求来源', 'MRQ', 'varchar', 'SELECT', 'S', 120.0, '', '', '{"isSeached":"Y","selectSource":"957b4c7a-01df-4120-8765-df30a8be5aee","setCascade":"","isRecorded":"N","isRequired":"N"}', '', 'T', NULL, 'N', NULL, 'Y', 49, 'b8ab9427-627b-469f-bfd0-4b1buser0001', '2022-08-08', 'b8ab9427-627b-469f-bfd0-4b1buser0001', '2022-08-08', 'Y');
INSERT INTO sys_field(id, colName, showName, objectType, dataType, htmlType, fieldType, displayWidth, remark, defaultValue, defaultRule, extendClass, layout, showMobile, isCommon, parentId, isValid, orderNum, creatorId, createdTime, modifyId, modifyTime, isDBField)
VALUES ('957e8e6d-9a1c-4b2a-b583-b5a390b4283e', 'secLevId', '保密等级', 'MRQ', 'varchar', 'SELECT', 'S', 120.0, '', '', '{"isSeached":"Y","selectSource":"bf2a1fe0-1eac-42fd-8a72-73ab4149877c","setCascade":"","isRecorded":"N","isRequired":"N"}', '', 'T', NULL, 'N', NULL, 'Y', 52, 'b8ab9427-627b-469f-bfd0-4b1buser0001', '2022-08-08', 'b8ab9427-627b-469f-bfd0-4b1buser0001', '2022-08-08', 'Y');
INSERT INTO sys_field(id, colName, showName, objectType, dataType, htmlType, fieldType, displayWidth, remark, defaultValue, defaultRule, extendClass, layout, showMobile, isCommon, parentId, isValid, orderNum, creatorId, createdTime, modifyId, modifyTime, isDBField)
VALUES ('6d889525-fafc-4bc1-a2eb-c451945d604b', 'gradeId', '风险等级', 'MRQ', 'varchar', 'SELECT', 'S', 120.0, '', '', '{"isSeached":"Y","selectSource":"1bbe44f9-e10c-4ffb-90f0-b3e99befd065","setCascade":"","isRecorded":"N","isRequired":"N"}', '', 'T', NULL, 'N', NULL, 'Y', 53, 'b8ab9427-627b-469f-bfd0-4b1buser0001', '2022-08-08', 'b8ab9427-627b-469f-bfd0-4b1buser0001', '2022-08-08', 'Y');
INSERT INTO sys_field(id, colName, showName, objectType, dataType, htmlType, fieldType, displayWidth, remark, defaultValue, defaultRule, extendClass, layout, showMobile, isCommon, parentId, isValid, orderNum, creatorId, createdTime, modifyId, modifyTime, isDBField)
VALUES ('dfdeae83-f603-4fa5-bf83-06890d31e409', 'stabilityId', '稳定程度', 'MRQ', 'varchar', 'SELECT', 'S', 120.0, '', '', '{"isSeached":"Y","selectSource":"5bd15c4d-3e0c-49cc-a3f9-54f9d4e78ba0","setCascade":"","isRecorded":"N","isRequired":"N"}', '', 'T', NULL, 'N', NULL, 'Y', 54, 'b8ab9427-627b-469f-bfd0-4b1buser0001', '2022-08-08', 'b8ab9427-627b-469f-bfd0-4b1buser0001', '2022-08-08', 'Y');
INSERT INTO sys_field(id, colName, showName, objectType, dataType, htmlType, fieldType, displayWidth, remark, defaultValue, defaultRule, extendClass, layout, showMobile, isCommon, parentId, isValid, orderNum, creatorId, createdTime, modifyId, modifyTime, isDBField)
VALUES ('bfdd377a-24f0-4a1a-a357-912bcf4939a1', 'levelId', '优先级', 'MRQ', 'varchar', 'SELECT', 'S', 120.0, '', '', '{"isSeached":"Y","selectSource":"35f6171d-e42f-4ee1-8c26-15613dc7e3d8","setCascade":"","isRecorded":"N","isRequired":"N"}', '', 'T', NULL, 'N', NULL, 'Y', 55, 'b8ab9427-627b-469f-bfd0-4b1buser0001', '2022-08-08', 'b8ab9427-627b-469f-bfd0-4b1buser0001', '2022-08-08', 'Y');
INSERT INTO sys_field(id, colName, showName, objectType, dataType, htmlType, fieldType, displayWidth, remark, defaultValue, defaultRule, extendClass, layout, showMobile, isCommon, parentId, isValid, orderNum, creatorId, createdTime, modifyId, modifyTime, isDBField)
VALUES ('20febe6d-3cfc-4add-904a-95eedb8f32ee', 'typeId', '需求类别', 'MRQ', 'varchar', 'SELECT', 'S', 120.0, '', '', '{"isSeached":"Y","selectSource":"48fae001-4d79-44ca-93f4-46af72fcb990","setCascade":"","isRecorded":"N","isRequired":"N"}', '', 'T', NULL, 'N', NULL, 'Y', 56, 'b8ab9427-627b-469f-bfd0-4b1buser0001', '2022-08-08', 'b8ab9427-627b-469f-bfd0-4b1buser0001', '2022-08-08', 'Y');
INSERT INTO sys_field(id, colName, showName, objectType, dataType, htmlType, fieldType, displayWidth, remark, defaultValue, defaultRule, extendClass, layout, showMobile, isCommon, parentId, isValid, orderNum, creatorId, createdTime, modifyId, modifyTime, isDBField)
VALUES ('9f889b1f-a9bd-4f1f-8359-922036ff3333', 'customerInfo', '客户信息', 'MRQ', 'varchar', 'SIGN', 'S', 120.0, '', NULL, '{"isRecorded":"N","fColor":"","bgColor":"","isRequired":"N","signDefaultRule":"JJ","isShowed":"N"}', '', 'F', NULL, 'N', NULL, 'Y', 57, 'b8ab9427-627b-469f-bfd0-4b1buser0001', '2022-08-08', 'b8ab9427-627b-469f-bfd0-4b1buser0001', '2022-08-08', 'N');
INSERT INTO sys_field(id, colName, showName, objectType, dataType, htmlType, fieldType, displayWidth, remark, defaultValue, defaultRule, extendClass, layout, showMobile, isCommon, parentId, isValid, orderNum, creatorId, createdTime, modifyId, modifyTime, isDBField)
VALUES ('4c308e7d-0d39-49d9-a8a6-1587ddb47bd6', 'companyName', '公司名称', 'MRQ', 'varchar', 'TEXT', 'S', 120.0, '', '', '{"isRecorded":"N","textLength":"128","isRequired":"N"}', '', 'T', NULL, 'N', NULL, 'Y', 58, 'b8ab9427-627b-469f-bfd0-4b1buser0001', '2022-08-08', 'b8ab9427-627b-469f-bfd0-4b1buser0001', '2022-08-08', 'Y');
INSERT INTO sys_field(id, colName, showName, objectType, dataType, htmlType, fieldType, displayWidth, remark, defaultValue, defaultRule, extendClass, layout, showMobile, isCommon, parentId, isValid, orderNum, creatorId, createdTime, modifyId, modifyTime, isDBField)
VALUES ('10006cef-a890-424a-aecc-11c56d2bd75b', 'customerName', '客户姓名', 'MRQ', 'varchar', 'TEXT', 'S', 120.0, '', '', '{"isRecorded":"N","textLength":"128","isRequired":"N"}', '', 'T', NULL, 'N', NULL, 'Y', 59, 'b8ab9427-627b-469f-bfd0-4b1buser0001', '2022-08-08', 'b8ab9427-627b-469f-bfd0-4b1buser0001', '2022-08-08', 'Y');
INSERT INTO sys_field(id, colName, showName, objectType, dataType, htmlType, fieldType, displayWidth, remark, defaultValue, defaultRule, extendClass, layout, showMobile, isCommon, parentId, isValid, orderNum, creatorId, createdTime, modifyId, modifyTime, isDBField)
VALUES ('fccc1767-9979-47fd-b256-543bdec57fc6', 'customerPosition', '客户职位', 'MRQ', 'varchar', 'TEXT', 'S', 120.0, '', '', '{"isRecorded":"N","textLength":"128","isRequired":"N"}', '', 'T', NULL, 'N', NULL, 'Y', 60, 'b8ab9427-627b-469f-bfd0-4b1buser0001', '2022-08-08', 'b8ab9427-627b-469f-bfd0-4b1buser0001', '2022-08-08', 'Y');
INSERT INTO sys_field(id, colName, showName, objectType, dataType, htmlType, fieldType, displayWidth, remark, defaultValue, defaultRule, extendClass, layout, showMobile, isCommon, parentId, isValid, orderNum, creatorId, createdTime, modifyId, modifyTime, isDBField)
VALUES ('3dd6856d-4efb-4453-97df-e13360791b04', 'telephone', '联系电话', 'MRQ', 'varchar', 'TEXT', 'S', 120.0, '', '', '{"isRecorded":"N","textLength":"128","isRequired":"N"}', '', 'T', NULL, 'N', NULL, 'Y', 61, 'b8ab9427-627b-469f-bfd0-4b1buser0001', '2022-08-08', 'b8ab9427-627b-469f-bfd0-4b1buser0001', '2022-08-08', 'Y');
INSERT INTO sys_field(id, colName, showName, objectType, dataType, htmlType, fieldType, displayWidth, remark, defaultValue, defaultRule, extendClass, layout, showMobile, isCommon, parentId, isValid, orderNum, creatorId, createdTime, modifyId, modifyTime, isDBField)
VALUES ('2da0b798-80ff-440d-bdc4-0f78c9a27941', 'promiseRemark', '承诺描述', 'MRQ', 'varchar', 'AREA', 'S', 120.0, '', '', '{"areaLength":"1024","areaIsLimit":"Y","areaRows":"8","isRecorded":"N","isRequired":"N"}', '', 'F', NULL, 'N', NULL, 'Y', 62, 'b8ab9427-627b-469f-bfd0-4b1buser0001', '2022-08-08', 'b8ab9427-627b-469f-bfd0-4b1buser0001', '2022-08-08', 'Y');
INSERT INTO sys_field(id, colName, showName, objectType, dataType, htmlType, fieldType, displayWidth, remark, defaultValue, defaultRule, extendClass, layout, showMobile, isCommon, parentId, isValid, orderNum, creatorId, createdTime, modifyId, modifyTime, isDBField)
VALUES ('75905686-7e68-4337-89f2-a5d4ea069f97', 'signOpinionId', '会签意见', 'MRQ', 'varchar', 'SELECT', 'S', 120.0, '', '', '{"isSeached":"","selectSource":"b689c087-7f88-4322-b0cf-2a29bdd22344","setCascade":"","isRecorded":"N","isRequired":"N"}', '', 'T', NULL, 'N', NULL, 'Y', 63, 'b8ab9427-627b-469f-bfd0-4b1buser0001', '2022-08-08', 'b8ab9427-627b-469f-bfd0-4b1buser0001', '2022-08-08', 'Y');
INSERT INTO sys_field(id, colName, showName, objectType, dataType, htmlType, fieldType, displayWidth, remark, defaultValue, defaultRule, extendClass, layout, showMobile, isCommon, parentId, isValid, orderNum, creatorId, createdTime, modifyId, modifyTime, isDBField)
VALUES ('131ecf48-eb5a-40ab-936a-44665faac018', 'signRemark', '会签描述', 'MRQ', 'varchar', 'AREA', 'S', 120.0, '', '', '{"areaLength":"1024","areaIsLimit":"Y","areaRows":"8","isRecorded":"N","isRequired":"N"}', '', 'F', NULL, 'N', NULL, 'Y', 65, 'b8ab9427-627b-469f-bfd0-4b1buser0001', '2022-08-08', 'b8ab9427-627b-469f-bfd0-4b1buser0001', '2022-08-08', 'Y');
INSERT INTO sys_field(id, colName, showName, objectType, dataType, htmlType, fieldType, displayWidth, remark, defaultValue, defaultRule, extendClass, layout, showMobile, isCommon, parentId, isValid, orderNum, creatorId, createdTime, modifyId, modifyTime, isDBField)
VALUES ('f47222bb-c996-4752-8b6b-84beb2055490', 'trackRemark', '跟踪描述', 'MRQ', 'varchar', 'AREA', 'S', 120.0, '', '', '{"areaLength":"1024","areaIsLimit":"Y","areaRows":"8","isRecorded":"Y","isRequired":"N"}', '', 'F', NULL, 'N', NULL, 'Y', 66, 'b8ab9427-627b-469f-bfd0-4b1buser0001', '2022-08-08', 'b8ab9427-627b-469f-bfd0-4b1buser0001', '2022-08-08', 'Y');
INSERT INTO sys_field(id, colName, showName, objectType, dataType, htmlType, fieldType, displayWidth, remark, defaultValue, defaultRule, extendClass, layout, showMobile, isCommon, parentId, isValid, orderNum, creatorId, createdTime, modifyId, modifyTime, isDBField)
VALUES ('fa88aa94-d284-486a-a312-94f1c1085a25', 'lampSign', '指示灯', 'MRQ', 'float', 'NUMBER', 'S', 120.0, '', '', '{"numberFormat":"I","isRecorded":"N","isRequired":"N","redLight":"79","greenLight":"30"}', '', 'T', NULL, 'N', NULL, 'Y', 67, 'b8ab9427-627b-469f-bfd0-4b1buser0001', '2022-08-08', 'b8ab9427-627b-469f-bfd0-4b1buser0001', '2022-08-08', 'Y');
INSERT INTO sys_field(id, colName, showName, objectType, dataType, htmlType, fieldType, displayWidth, remark, defaultValue, defaultRule, extendClass, layout, showMobile, isCommon, parentId, isValid, orderNum, creatorId, createdTime, modifyId, modifyTime, isDBField)
VALUES ('72b3ee68-4a85-4762-86bb-78d1534bb5c0', 'fileSign', '附件', 'MRQ', 'varchar', 'SIGN', 'S', 120.0, '', NULL, '{"isRecorded":"N","isRequired":"N","signDefaultRule":"ZDY","isShowed":"N"}', 'com.dream.fileSign.FileSign', 'F', NULL, 'N', NULL, 'Y', 68, 'b8ab9427-627b-469f-bfd0-4b1buser0001', '2022-08-08', 'b8ab9427-627b-469f-bfd0-4b1buser0001', '2022-08-08', 'N');
INSERT INTO sys_field(id, colName, showName, objectType, dataType, htmlType, fieldType, displayWidth, remark, defaultValue, defaultRule, extendClass, layout, showMobile, isCommon, parentId, isValid, orderNum, creatorId, createdTime, modifyId, modifyTime, isDBField)
VALUES ('05bef3d7-376f-4637-b715-57c115e8e537', 'related', '关联', 'MRQ', 'varchar', 'SIGN', 'S', 120.0, '', NULL, '{"isRecorded":"N","isRequired":"N","signDefaultRule":"ZDY","isShowed":"N"}', 'com.dream.relatedSign.RelatedSign', 'F', NULL, 'N', NULL, 'Y', 69, 'b8ab9427-627b-469f-bfd0-4b1buser0001', '2022-08-08', 'b8ab9427-627b-469f-bfd0-4b1buser0001', '2022-08-08', 'N');
INSERT INTO sys_field(id, colName, showName, objectType, dataType, htmlType, fieldType, displayWidth, remark, defaultValue, defaultRule, extendClass, layout, showMobile, isCommon, parentId, isValid, orderNum, creatorId, createdTime, modifyId, modifyTime, isDBField)
VALUES ('18312419-607b-439b-954b-bb44e713fd07', 'creatorId', '创建人', 'MRQ', 'varchar', 'USER', 'S', 120.0, '', NULL, '{"isRecorded":"N","userIsMul":"Y","isRequired":"N","userDefaultRule":"N"}', 'com.dream.relatedSign.RelatedSign', 'T', NULL, 'N', NULL, 'Y', 70, 'b8ab9427-627b-469f-bfd0-4b1buser0001', '2022-08-08', 'b8ab9427-627b-469f-bfd0-4b1buser0001', '2022-08-08', 'Y');
INSERT INTO sys_field(id, colName, showName, objectType, dataType, htmlType, fieldType, displayWidth, remark, defaultValue, defaultRule, extendClass, layout, showMobile, isCommon, parentId, isValid, orderNum, creatorId, createdTime, modifyId, modifyTime, isDBField)
VALUES ('27318169-ac41-4f19-a680-90a2d0c904da', 'createdTime', '创建时间', 'MRQ', 'datetime', 'DATE', 'S', 120.0, '', NULL, '{"isRecorded":"N","dateFormatRule":"YMDHm","dateDefaultRule":"N","isRequired":"N"}', 'com.dream.relatedSign.RelatedSign', 'T', NULL, 'N', NULL, 'Y', 71, 'b8ab9427-627b-469f-bfd0-4b1buser0001', '2022-08-08', 'b8ab9427-627b-469f-bfd0-4b1buser0001', '2022-08-08', 'Y');
INSERT INTO sys_field(id, colName, showName, objectType, dataType, htmlType, fieldType, displayWidth, remark, defaultValue, defaultRule, extendClass, layout, showMobile, isCommon, parentId, isValid, orderNum, creatorId, createdTime, modifyId, modifyTime, isDBField)
VALUES ('19aeb983-01f6-4047-b8e8-c42d87c26c87', 'modifyId', '更新人', 'MRQ', 'varchar', 'USER', 'S', 120.0, '', NULL, '{"isRecorded":"N","userIsMul":"Y","isRequired":"N","userDefaultRule":"N"}', 'com.dream.relatedSign.RelatedSign', 'T', NULL, 'N', NULL, 'Y', 72, 'b8ab9427-627b-469f-bfd0-4b1buser0001', '2022-08-08', 'b8ab9427-627b-469f-bfd0-4b1buser0001', '2022-08-08', 'Y');
INSERT INTO sys_field(id, colName, showName, objectType, dataType, htmlType, fieldType, displayWidth, remark, defaultValue, defaultRule, extendClass, layout, showMobile, isCommon, parentId, isValid, orderNum, creatorId, createdTime, modifyId, modifyTime, isDBField)
VALUES ('b026b6f0-caaa-4ea9-b5d3-d36004385004', 'modifyTime', '最新更新时间', 'MRQ', 'datetime', 'DATE', 'S', 120.0, '', NULL, '{"isRecorded":"N","dateFormatRule":"YMDHm","dateDefaultRule":"N","isRequired":"N"}', 'com.dream.relatedSign.RelatedSign', 'T', NULL, 'N', NULL, 'Y', 73, 'b8ab9427-627b-469f-bfd0-4b1buser0001', '2022-08-08', 'b8ab9427-627b-469f-bfd0-4b1buser0001', '2022-08-08', 'Y');

INSERT INTO sys_fieldnum(id, objectType, fieldId, orderNum)
VALUES ('91e71511-a8f5-427d-9a4b-43ab3aa384df', 'MRQ', 'e14556cf-4fb6-4618-a647-dbc43eb72d27', 1);
INSERT INTO sys_fieldnum(id, objectType, fieldId, orderNum)
VALUES ('2b241a6c-4988-4309-aa77-7bb0f7f44d89', 'MRQ', '5b41c2a4-4c2f-4e90-8ea9-01dbd8103458', 13);
INSERT INTO sys_fieldnum(id, objectType, fieldId, orderNum)
VALUES ('8adca620-c344-41b9-890c-455ce0b4908c', 'MRQ', '2092835a-2eb7-410d-8761-a807f5d77622', 14);
INSERT INTO sys_fieldnum(id, objectType, fieldId, orderNum)
VALUES ('ccb3d888-5ee1-4fdd-81e5-828c63b5bc94', 'MRQ', '2a51ce62-6dcf-4f36-85fa-7e8f252d390e', 15);
INSERT INTO sys_fieldnum(id, objectType, fieldId, orderNum)
VALUES ('5e173193-5607-427e-b46f-842083cb4f3c', 'MRQ', 'f9e0fcab-16c4-4a68-8e8c-469816e55a7f', 16);
INSERT INTO sys_fieldnum(id, objectType, fieldId, orderNum)
VALUES ('6336f647-589b-49d4-943e-7d9e1036473e', 'MRQ', '1ccaebec-c357-44da-b234-5baed53f3fad', 17);
INSERT INTO sys_fieldnum(id, objectType, fieldId, orderNum)
VALUES ('8de25d03-9a4c-44f8-ab97-1f828a62c79e', 'MRQ', '6d80077a-6fee-43bf-88d9-0cc4f9ebf7c8', 19);
INSERT INTO sys_fieldnum(id, objectType, fieldId, orderNum)
VALUES ('0488ebca-0637-47ce-a367-2bc1d01fd49a', 'MRQ', 'd9cbcc9c-1b9a-4491-b3ff-ec6d76af6a80', 20);
INSERT INTO sys_fieldnum(id, objectType, fieldId, orderNum)
VALUES ('d8559a4a-e10e-46a7-bc28-ab7d96ce9d22', 'MRQ', '30ccbf5e-0d0b-424c-8937-6e5ce4d0143c', 21);
INSERT INTO sys_fieldnum(id, objectType, fieldId, orderNum)
VALUES ('d2e3b345-1775-4268-bee4-65743300e092', 'MRQ', '0dd753d1-fc6e-4f52-b748-18b26b2551a7', 22);
INSERT INTO sys_fieldnum(id, objectType, fieldId, orderNum)
VALUES ('9da9ef8a-4f2f-44e4-8a3f-e6580acadf01', 'MRQ', '23298be0-5ea8-4cad-9433-734ed02fd774', 23);
INSERT INTO sys_fieldnum(id, objectType, fieldId, orderNum)
VALUES ('58e67809-adf7-4b31-a429-f4eba8e27ed2', 'MRQ', 'ddadf4ac-9491-4ad0-b834-8f70ef4b12fc', 24);
INSERT INTO sys_fieldnum(id, objectType, fieldId, orderNum)
VALUES ('565b53d3-d5d5-4788-b796-61aff62eff61', 'MRQ', '3eab3417-585d-40e8-a0b6-3473768fa6ad', 25);
INSERT INTO sys_fieldnum(id, objectType, fieldId, orderNum)
VALUES ('d8da996b-0ec5-4d45-9e8e-0fb2fe044b91', 'MRQ', '2f8357bc-fd5e-4a52-96d4-87cb877ebbf9', 26);
INSERT INTO sys_fieldnum(id, objectType, fieldId, orderNum)
VALUES ('d0458d81-b3ff-4615-9bcb-834175e16c18', 'MRQ', 'a77893be-8475-4590-b654-d8ad7387ec3b', 36);
INSERT INTO sys_fieldnum(id, objectType, fieldId, orderNum)
VALUES ('8b247d01-f8c3-46a8-8038-2bb85f099610', 'MRQ', '488add91-abfe-41fb-af37-505fa218a53e', 37);
INSERT INTO sys_fieldnum(id, objectType, fieldId, orderNum)
VALUES ('f063c484-6b36-44eb-9b8c-605b8d4029f8', 'MRQ', '8c4307b2-268d-4da9-9626-d2587b772f8c', 39);
INSERT INTO sys_fieldnum(id, objectType, fieldId, orderNum)
VALUES ('6693dde0-50f9-4dc9-9423-981e291bc49a', 'MRQ', '725e8ffe-5b5f-4cd1-ac6c-9aaba7516913', 42);
INSERT INTO sys_fieldnum(id, objectType, fieldId, orderNum)
VALUES ('5c24644b-fe24-487e-96ff-d48c6a47ccdd', 'MRQ', 'e4db2acb-aae5-4554-9eb3-dbe90281431f', 43);
INSERT INTO sys_fieldnum(id, objectType, fieldId, orderNum)
VALUES ('8009d20b-de8d-444e-95c3-6b7b053a7ac7', 'MRQ', '724c33c8-d9a6-406e-a9a5-1a5054d9e744', 44);
INSERT INTO sys_fieldnum(id, objectType, fieldId, orderNum)
VALUES ('28cb698e-0412-4df3-bb3a-828af19d5fa8', 'MRQ', 'ec7cdcc4-2de2-46de-84bb-77211582d2dc', 45);
INSERT INTO sys_fieldnum(id, objectType, fieldId, orderNum)
VALUES ('9aab0e3e-ab3c-4f55-aaaf-ab846af3c109', 'MRQ', '2fc4617c-4e11-4606-8109-a9aefacb2bf9', 46);
INSERT INTO sys_fieldnum(id, objectType, fieldId, orderNum)
VALUES ('f5925f4c-e7b9-43f4-839c-7bf6379b9e2c', 'MRQ', 'f045f945-06bd-4535-975d-d53a0a1affa0', 47);
INSERT INTO sys_fieldnum(id, objectType, fieldId, orderNum)
VALUES ('787c3d7c-5b52-4ab5-b686-4d2dbcd0c2ab', 'MRQ', 'd14d402b-3358-401a-a662-d3773fe57cba', 48);
INSERT INTO sys_fieldnum(id, objectType, fieldId, orderNum)
VALUES ('de54dce4-3e5a-4fee-95e1-862f75926402', 'MRQ', '08f6a06e-1f7f-4e16-8410-8203bea55893', 49);
INSERT INTO sys_fieldnum(id, objectType, fieldId, orderNum)
VALUES ('67403916-8d62-41c4-8353-74831afa6c91', 'MRQ', '957e8e6d-9a1c-4b2a-b583-b5a390b4283e', 52);
INSERT INTO sys_fieldnum(id, objectType, fieldId, orderNum)
VALUES ('16e920a3-101c-4adb-b013-94b3d0a880e8', 'MRQ', '6d889525-fafc-4bc1-a2eb-c451945d604b', 53);
INSERT INTO sys_fieldnum(id, objectType, fieldId, orderNum)
VALUES ('8f8c5d1a-cc19-41a4-b463-1bb797dbba23', 'MRQ', 'dfdeae83-f603-4fa5-bf83-06890d31e409', 54);
INSERT INTO sys_fieldnum(id, objectType, fieldId, orderNum)
VALUES ('847b372e-8516-4ba8-8599-c87d3d8127a0', 'MRQ', 'bfdd377a-24f0-4a1a-a357-912bcf4939a1', 55);
INSERT INTO sys_fieldnum(id, objectType, fieldId, orderNum)
VALUES ('667a8bb9-e80f-46c1-9dc8-7c5953ecc2e1', 'MRQ', '20febe6d-3cfc-4add-904a-95eedb8f32ee', 56);
INSERT INTO sys_fieldnum(id, objectType, fieldId, orderNum)
VALUES ('09b6e57d-fbf5-4c8a-a414-28932082c9d3', 'MRQ', '9f889b1f-a9bd-4f1f-8359-922036ff3333', 57);
INSERT INTO sys_fieldnum(id, objectType, fieldId, orderNum)
VALUES ('9104c22c-8322-44c8-883e-7f52c142a84e', 'MRQ', '4c308e7d-0d39-49d9-a8a6-1587ddb47bd6', 58);
INSERT INTO sys_fieldnum(id, objectType, fieldId, orderNum)
VALUES ('3e57c8d9-1037-479c-9077-5995ca0d9d5c', 'MRQ', '10006cef-a890-424a-aecc-11c56d2bd75b', 59);
INSERT INTO sys_fieldnum(id, objectType, fieldId, orderNum)
VALUES ('caafe413-7d89-4781-a9d4-b933a2b4c492', 'MRQ', 'fccc1767-9979-47fd-b256-543bdec57fc6', 60);
INSERT INTO sys_fieldnum(id, objectType, fieldId, orderNum)
VALUES ('84fd6987-7d35-49a1-a393-045eb550f79c', 'MRQ', '3dd6856d-4efb-4453-97df-e13360791b04', 61);
INSERT INTO sys_fieldnum(id, objectType, fieldId, orderNum)
VALUES ('55e12ed7-d232-449a-9321-333d254389cb', 'MRQ', '2da0b798-80ff-440d-bdc4-0f78c9a27941', 62);
INSERT INTO sys_fieldnum(id, objectType, fieldId, orderNum)
VALUES ('e34f4a0a-f07d-4938-8c72-4f326ba5d135', 'MRQ', '75905686-7e68-4337-89f2-a5d4ea069f97', 63);
INSERT INTO sys_fieldnum(id, objectType, fieldId, orderNum)
VALUES ('27ccc44a-bbbc-45c4-8701-7884b0d93bd3', 'MRQ', '131ecf48-eb5a-40ab-936a-44665faac018', 65);
INSERT INTO sys_fieldnum(id, objectType, fieldId, orderNum)
VALUES ('4c725f8a-d686-40e8-bd30-0c743054b325', 'MRQ', 'f47222bb-c996-4752-8b6b-84beb2055490', 67);
INSERT INTO sys_fieldnum(id, objectType, fieldId, orderNum)
VALUES ('83ff7cbb-0dee-4c9b-acb6-ec9e62e305de', 'MRQ', 'fa88aa94-d284-486a-a312-94f1c1085a25', 68);
INSERT INTO sys_fieldnum(id, objectType, fieldId, orderNum)
VALUES ('140f5991-d3dd-4229-a9cc-928fe2191a6d', 'MRQ', '72b3ee68-4a85-4762-86bb-78d1534bb5c0', 69);
INSERT INTO sys_fieldnum(id, objectType, fieldId, orderNum)
VALUES ('2bbfcf4f-ad8f-44f4-851e-d6e54c25277d', 'MRQ', '05bef3d7-376f-4637-b715-57c115e8e537', 70);
INSERT INTO sys_fieldnum(id, objectType, fieldId, orderNum)
VALUES ('6a929f49-53eb-43ce-b636-8ed1157dc832', 'MRQ', '18312419-607b-439b-954b-bb44e713fd07', 71);
INSERT INTO sys_fieldnum(id, objectType, fieldId, orderNum)
VALUES ('a1478a12-34d0-45d6-a259-51a70f36a875', 'MRQ', '27318169-ac41-4f19-a680-90a2d0c904da', 72);
INSERT INTO sys_fieldnum(id, objectType, fieldId, orderNum)
VALUES ('ab2687b9-62c8-4d48-bd53-ca2982589327', 'MRQ', '19aeb983-01f6-4047-b8e8-c42d87c26c87', 73);
INSERT INTO sys_fieldnum(id, objectType, fieldId, orderNum)
VALUES ('325f9702-ff6f-4aa0-bb69-9b58d0631a16', 'MRQ', 'b026b6f0-caaa-4ea9-b5d3-d36004385004', 74);

INSERT INTO sys_datasource(id, objectType, name, val, isSystem, remark, isValid, orderNum, creatorId, createdTime, modifyId, modifyTime, linkFieldId)
VALUES ('33a9bbdc-ed42-464d-afcc-43ca44293b75', 'MRQ', '实体状态', NULL, 'Y', NULL, 'Y', 82, 'b8ab9427-627b-469f-bfd0-4b1buser0001', '2022-08-08', 'b8ab9427-627b-469f-bfd0-4b1buser0001', '2022-08-08', '1ccaebec-c357-44da-b234-5baed53f3fad');
INSERT INTO sys_datasource(id, objectType, name, val, isSystem, remark, isValid, orderNum, creatorId, createdTime, modifyId, modifyTime, linkFieldId)
VALUES ('48fae001-4d79-44ca-93f4-46af72fcb990', 'MRQ', '需求类别', NULL, 'Y', NULL, 'Y', 83, 'b8ab9427-627b-469f-bfd0-4b1buser0001', '2022-08-08', 'b8ab9427-627b-469f-bfd0-4b1buser0001', '2022-08-08', '20febe6d-3cfc-4add-904a-95eedb8f32ee');
INSERT INTO sys_datasource(id, objectType, name, val, isSystem, remark, isValid, orderNum, creatorId, createdTime, modifyId, modifyTime, linkFieldId)
VALUES ('35f6171d-e42f-4ee1-8c26-15613dc7e3d8', 'MRQ', '优先级', NULL, 'Y', NULL, 'Y', 84, 'b8ab9427-627b-469f-bfd0-4b1buser0001', '2022-08-08', 'b8ab9427-627b-469f-bfd0-4b1buser0001', '2022-08-08', 'bfdd377a-24f0-4a1a-a357-912bcf4939a1');
INSERT INTO sys_datasource(id, objectType, name, val, isSystem, remark, isValid, orderNum, creatorId, createdTime, modifyId, modifyTime, linkFieldId)
VALUES ('5bd15c4d-3e0c-49cc-a3f9-54f9d4e78ba0', 'MRQ', '稳定程度', NULL, 'Y', NULL, 'Y', 85, 'b8ab9427-627b-469f-bfd0-4b1buser0001', '2022-08-08', 'b8ab9427-627b-469f-bfd0-4b1buser0001', '2022-08-08', 'dfdeae83-f603-4fa5-bf83-06890d31e409');
INSERT INTO sys_datasource(id, objectType, name, val, isSystem, remark, isValid, orderNum, creatorId, createdTime, modifyId, modifyTime, linkFieldId)
VALUES ('1bbe44f9-e10c-4ffb-90f0-b3e99befd065', 'MRQ', '风险等级', NULL, 'Y', NULL, 'Y', 86, 'b8ab9427-627b-469f-bfd0-4b1buser0001', '2022-08-08', 'b8ab9427-627b-469f-bfd0-4b1buser0001', '2022-08-08', '6d889525-fafc-4bc1-a2eb-c451945d604b');
INSERT INTO sys_datasource(id, objectType, name, val, isSystem, remark, isValid, orderNum, creatorId, createdTime, modifyId, modifyTime, linkFieldId)
VALUES ('bf2a1fe0-1eac-42fd-8a72-73ab4149877c', 'MRQ', '保密等级', NULL, 'Y', NULL, 'Y', 87, 'b8ab9427-627b-469f-bfd0-4b1buser0001', '2022-08-08', 'b8ab9427-627b-469f-bfd0-4b1buser0001', '2022-08-08', '957e8e6d-9a1c-4b2a-b583-b5a390b4283e');
INSERT INTO sys_datasource(id, objectType, name, val, isSystem, remark, isValid, orderNum, creatorId, createdTime, modifyId, modifyTime, linkFieldId)
VALUES ('957b4c7a-01df-4120-8765-df30a8be5aee', 'MRQ', '发现方法', NULL, 'Y', NULL, 'Y', 88, 'b8ab9427-627b-469f-bfd0-4b1buser0001', '2022-08-08', 'b8ab9427-627b-469f-bfd0-4b1buser0001', '2022-08-08', '08f6a06e-1f7f-4e16-8410-8203bea55893');
INSERT INTO sys_datasource(id, objectType, name, val, isSystem, remark, isValid, orderNum, creatorId, createdTime, modifyId, modifyTime, linkFieldId)
VALUES ('4c59f95c-7aa6-40ba-a7eb-ca06453bd57a', 'MRQ', '接纳情况', NULL, 'Y', NULL, 'Y', 89, 'b8ab9427-627b-469f-bfd0-4b1buser0001', '2022-08-08', 'b8ab9427-627b-469f-bfd0-4b1buser0001', '2022-08-08', 'f045f945-06bd-4535-975d-d53a0a1affa0');
INSERT INTO sys_datasource(id, objectType, name, val, isSystem, remark, isValid, orderNum, creatorId, createdTime, modifyId, modifyTime, linkFieldId)
VALUES ('b689c087-7f88-4322-b0cf-2a29bdd22344', 'MRQ', '会签意见', NULL, 'Y', NULL, 'Y', 90, 'b8ab9427-627b-469f-bfd0-4b1buser0001', '2022-08-08', 'b8ab9427-627b-469f-bfd0-4b1buser0001', '2022-08-08', '75905686-7e68-4337-89f2-a5d4ea069f97');

INSERT INTO sys_dataoption(id, objectType, name, dataBaseId, parentId, isSystem, remark, bgColor, fColor, isValid, orderNum, creatorId, createdTime, modifyId, modifyTime)
VALUES ('05af173e-ad76-4407-9245-4a94a1cdc968', 'MRQ', '高', '1bbe44f9-e10c-4ffb-90f0-b3e99befd065', '', 'Y', NULL, '', '', 'Y', 306, 'b8ab9427-627b-469f-bfd0-4b1buser0001', '2022-08-08', 'b8ab9427-627b-469f-bfd0-4b1buser0001', '2022-08-08');
INSERT INTO sys_dataoption(id, objectType, name, dataBaseId, parentId, isSystem, remark, bgColor, fColor, isValid, orderNum, creatorId, createdTime, modifyId, modifyTime)
VALUES ('095b35c8-a756-4aa2-923d-e78e500119af', 'MRQ', '中', '1bbe44f9-e10c-4ffb-90f0-b3e99befd065', '', 'Y', NULL, '', '', 'Y', 307, 'b8ab9427-627b-469f-bfd0-4b1buser0001', '2022-08-08', 'b8ab9427-627b-469f-bfd0-4b1buser0001', '2022-08-08');
INSERT INTO sys_dataoption(id, objectType, name, dataBaseId, parentId, isSystem, remark, bgColor, fColor, isValid, orderNum, creatorId, createdTime, modifyId, modifyTime)
VALUES ('37588c26-b8b4-4628-899f-a0dfaf6641bf', 'MRQ', '低', '1bbe44f9-e10c-4ffb-90f0-b3e99befd065', '', 'Y', NULL, '', '', 'Y', 308, 'b8ab9427-627b-469f-bfd0-4b1buser0001', '2022-08-08', 'b8ab9427-627b-469f-bfd0-4b1buser0001', '2022-08-08');
INSERT INTO sys_dataoption(id, objectType, name, dataBaseId, parentId, isSystem, remark, bgColor, fColor, isValid, orderNum, creatorId, createdTime, modifyId, modifyTime)
VALUES ('58fde42e-5519-44ab-b702-1cd2b00b7e9b', 'MRQ', '开启', '33a9bbdc-ed42-464d-afcc-43ca44293b75', '', 'Y', NULL, '', '', 'Y', 291, 'b8ab9427-627b-469f-bfd0-4b1buser0001', '2022-08-08', 'b8ab9427-627b-469f-bfd0-4b1buser0001', '2022-08-08');
INSERT INTO sys_dataoption(id, objectType, name, dataBaseId, parentId, isSystem, remark, bgColor, fColor, isValid, orderNum, creatorId, createdTime, modifyId, modifyTime)
VALUES ('74979efa-eb8c-4d7d-bb19-a62d0fb6a4e4', 'MRQ', '待审核', '33a9bbdc-ed42-464d-afcc-43ca44293b75', '', 'Y', NULL, '', '', 'Y', 292, 'b8ab9427-627b-469f-bfd0-4b1buser0001', '2022-08-08', 'b8ab9427-627b-469f-bfd0-4b1buser0001', '2022-08-08');
INSERT INTO sys_dataoption(id, objectType, name, dataBaseId, parentId, isSystem, remark, bgColor, fColor, isValid, orderNum, creatorId, createdTime, modifyId, modifyTime)
VALUES ('bd65cbdf-6483-4251-9797-05bfa7e9b467', 'MRQ', '关闭', '33a9bbdc-ed42-464d-afcc-43ca44293b75', '', 'Y', NULL, '', '', 'Y', 293, 'b8ab9427-627b-469f-bfd0-4b1buser0001', '2022-08-08', 'b8ab9427-627b-469f-bfd0-4b1buser0001', '2022-08-08');
INSERT INTO sys_dataoption(id, objectType, name, dataBaseId, parentId, isSystem, remark, bgColor, fColor, isValid, orderNum, creatorId, createdTime, modifyId, modifyTime)
VALUES ('0641976a-94ac-402e-839d-6eee7c698908', 'MRQ', '暂停', '33a9bbdc-ed42-464d-afcc-43ca44293b75', '', 'Y', NULL, '', '', 'Y', 294, 'b8ab9427-627b-469f-bfd0-4b1buser0001', '2022-08-08', 'b8ab9427-627b-469f-bfd0-4b1buser0001', '2022-08-08');
INSERT INTO sys_dataoption(id, objectType, name, dataBaseId, parentId, isSystem, remark, bgColor, fColor, isValid, orderNum, creatorId, createdTime, modifyId, modifyTime)
VALUES ('fde7e4ed-f042-4267-b6d7-5c14686bdd8e', 'MRQ', '关键', '35f6171d-e42f-4ee1-8c26-15613dc7e3d8', '', 'Y', NULL, '', '', 'Y', 300, 'b8ab9427-627b-469f-bfd0-4b1buser0001', '2022-08-08', 'b8ab9427-627b-469f-bfd0-4b1buser0001', '2022-08-08');
INSERT INTO sys_dataoption(id, objectType, name, dataBaseId, parentId, isSystem, remark, bgColor, fColor, isValid, orderNum, creatorId, createdTime, modifyId, modifyTime)
VALUES ('ce27f7a8-1853-40d3-b58b-0a413e82a19a', 'MRQ', '重要', '35f6171d-e42f-4ee1-8c26-15613dc7e3d8', '', 'Y', NULL, '', '', 'Y', 301, 'b8ab9427-627b-469f-bfd0-4b1buser0001', '2022-08-08', 'b8ab9427-627b-469f-bfd0-4b1buser0001', '2022-08-08');
INSERT INTO sys_dataoption(id, objectType, name, dataBaseId, parentId, isSystem, remark, bgColor, fColor, isValid, orderNum, creatorId, createdTime, modifyId, modifyTime)
VALUES ('d5513738-ec3a-4f02-80a1-639c9163c515', 'MRQ', '一般', '35f6171d-e42f-4ee1-8c26-15613dc7e3d8', '', 'Y', NULL, '', '', 'Y', 302, 'b8ab9427-627b-469f-bfd0-4b1buser0001', '2022-08-08', 'b8ab9427-627b-469f-bfd0-4b1buser0001', '2022-08-08');
INSERT INTO sys_dataoption(id, objectType, name, dataBaseId, parentId, isSystem, remark, bgColor, fColor, isValid, orderNum, creatorId, createdTime, modifyId, modifyTime)
VALUES ('966564b7-4cb8-41a2-8595-7cb8f1b7b2fe', 'MRQ', '功能类', '48fae001-4d79-44ca-93f4-46af72fcb990', '', 'Y', NULL, '', '', 'Y', 295, 'b8ab9427-627b-469f-bfd0-4b1buser0001', '2022-08-08', 'b8ab9427-627b-469f-bfd0-4b1buser0001', '2022-08-08');
INSERT INTO sys_dataoption(id, objectType, name, dataBaseId, parentId, isSystem, remark, bgColor, fColor, isValid, orderNum, creatorId, createdTime, modifyId, modifyTime)
VALUES ('13db4b7a-bd0e-4180-9f03-d597a3f79b06', 'MRQ', '服务类', '48fae001-4d79-44ca-93f4-46af72fcb990', '', 'Y', NULL, '', '', 'Y', 296, 'b8ab9427-627b-469f-bfd0-4b1buser0001', '2022-08-08', 'b8ab9427-627b-469f-bfd0-4b1buser0001', '2022-08-08');
INSERT INTO sys_dataoption(id, objectType, name, dataBaseId, parentId, isSystem, remark, bgColor, fColor, isValid, orderNum, creatorId, createdTime, modifyId, modifyTime)
VALUES ('52ae9005-8d84-490e-ab75-28b8ff2773b9', 'MRQ', '业务类', '48fae001-4d79-44ca-93f4-46af72fcb990', '', 'Y', NULL, '', '', 'Y', 297, 'b8ab9427-627b-469f-bfd0-4b1buser0001', '2022-08-08', 'b8ab9427-627b-469f-bfd0-4b1buser0001', '2022-08-08');
INSERT INTO sys_dataoption(id, objectType, name, dataBaseId, parentId, isSystem, remark, bgColor, fColor, isValid, orderNum, creatorId, createdTime, modifyId, modifyTime)
VALUES ('01c51b1c-77d3-4282-bd57-9d296d4c7aba', 'MRQ', '网络类', '48fae001-4d79-44ca-93f4-46af72fcb990', '', 'Y', NULL, '', '', 'Y', 298, 'b8ab9427-627b-469f-bfd0-4b1buser0001', '2022-08-08', 'b8ab9427-627b-469f-bfd0-4b1buser0001', '2022-08-08');
INSERT INTO sys_dataoption(id, objectType, name, dataBaseId, parentId, isSystem, remark, bgColor, fColor, isValid, orderNum, creatorId, createdTime, modifyId, modifyTime)
VALUES ('502bbe5a-019f-422a-88fe-305cbd661369', 'MRQ', '其他', '48fae001-4d79-44ca-93f4-46af72fcb990', '', 'Y', NULL, '', '', 'Y', 299, 'b8ab9427-627b-469f-bfd0-4b1buser0001', '2022-08-08', 'b8ab9427-627b-469f-bfd0-4b1buser0001', '2022-08-08');
INSERT INTO sys_dataoption(id, objectType, name, dataBaseId, parentId, isSystem, remark, bgColor, fColor, isValid, orderNum, creatorId, createdTime, modifyId, modifyTime)
VALUES ('6014db0b-1c9b-4cf4-a6a8-ff4c36139c28', 'MRQ', '积极接纳', '4c59f95c-7aa6-40ba-a7eb-ca06453bd57a', '', 'Y', NULL, '', '', 'Y', 322, 'b8ab9427-627b-469f-bfd0-4b1buser0001', '2022-08-08', 'b8ab9427-627b-469f-bfd0-4b1buser0001', '2022-08-08');
INSERT INTO sys_dataoption(id, objectType, name, dataBaseId, parentId, isSystem, remark, bgColor, fColor, isValid, orderNum, creatorId, createdTime, modifyId, modifyTime)
VALUES ('eeab94cd-9757-4992-bdee-7d334ed9f06f', 'MRQ', '被动接纳', '4c59f95c-7aa6-40ba-a7eb-ca06453bd57a', '', 'Y', NULL, '', '', 'Y', 323, 'b8ab9427-627b-469f-bfd0-4b1buser0001', '2022-08-08', 'b8ab9427-627b-469f-bfd0-4b1buser0001', '2022-08-08');
INSERT INTO sys_dataoption(id, objectType, name, dataBaseId, parentId, isSystem, remark, bgColor, fColor, isValid, orderNum, creatorId, createdTime, modifyId, modifyTime)
VALUES ('c304207a-f098-4115-a770-6f2243f0a5dc', 'MRQ', '不关心', '4c59f95c-7aa6-40ba-a7eb-ca06453bd57a', '', 'Y', NULL, '', '', 'Y', 324, 'b8ab9427-627b-469f-bfd0-4b1buser0001', '2022-08-08', 'b8ab9427-627b-469f-bfd0-4b1buser0001', '2022-08-08');
INSERT INTO sys_dataoption(id, objectType, name, dataBaseId, parentId, isSystem, remark, bgColor, fColor, isValid, orderNum, creatorId, createdTime, modifyId, modifyTime)
VALUES ('1784a9ad-7736-48d8-8a5c-9e6114840fe6', 'MRQ', '消极接纳', '4c59f95c-7aa6-40ba-a7eb-ca06453bd57a', '', 'Y', NULL, '', '', 'Y', 325, 'b8ab9427-627b-469f-bfd0-4b1buser0001', '2022-08-08', 'b8ab9427-627b-469f-bfd0-4b1buser0001', '2022-08-08');
INSERT INTO sys_dataoption(id, objectType, name, dataBaseId, parentId, isSystem, remark, bgColor, fColor, isValid, orderNum, creatorId, createdTime, modifyId, modifyTime)
VALUES ('31a91778-48a6-4609-9a85-d28ecd29be94', 'MRQ', '消极反对', '4c59f95c-7aa6-40ba-a7eb-ca06453bd57a', '', 'Y', NULL, '', '', 'Y', 326, 'b8ab9427-627b-469f-bfd0-4b1buser0001', '2022-08-08', 'b8ab9427-627b-469f-bfd0-4b1buser0001', '2022-08-08');
INSERT INTO sys_dataoption(id, objectType, name, dataBaseId, parentId, isSystem, remark, bgColor, fColor, isValid, orderNum, creatorId, createdTime, modifyId, modifyTime)
VALUES ('aa1c1fff-1e89-4169-b218-4bfacf1184a9', 'MRQ', '无法决定', '4c59f95c-7aa6-40ba-a7eb-ca06453bd57a', '', 'Y', NULL, '', '', 'Y', 327, 'b8ab9427-627b-469f-bfd0-4b1buser0001', '2022-08-08', 'b8ab9427-627b-469f-bfd0-4b1buser0001', '2022-08-08');
INSERT INTO sys_dataoption(id, objectType, name, dataBaseId, parentId, isSystem, remark, bgColor, fColor, isValid, orderNum, creatorId, createdTime, modifyId, modifyTime)
VALUES ('4a817c22-92b5-418b-b18c-9870ab3c66eb', 'MRQ', '支持有条件', '4c59f95c-7aa6-40ba-a7eb-ca06453bd57a', '', 'Y', NULL, '', '', 'Y', 328, 'b8ab9427-627b-469f-bfd0-4b1buser0001', '2022-08-08', 'b8ab9427-627b-469f-bfd0-4b1buser0001', '2022-08-08');
INSERT INTO sys_dataoption(id, objectType, name, dataBaseId, parentId, isSystem, remark, bgColor, fColor, isValid, orderNum, creatorId, createdTime, modifyId, modifyTime)
VALUES ('d10b2e6c-6d60-4894-904c-4af759c1b237', 'MRQ', '冷漠', '4c59f95c-7aa6-40ba-a7eb-ca06453bd57a', '', 'Y', NULL, '', '', 'Y', 329, 'b8ab9427-627b-469f-bfd0-4b1buser0001', '2022-08-08', 'b8ab9427-627b-469f-bfd0-4b1buser0001', '2022-08-08');
INSERT INTO sys_dataoption(id, objectType, name, dataBaseId, parentId, isSystem, remark, bgColor, fColor, isValid, orderNum, creatorId, createdTime, modifyId, modifyTime)
VALUES ('ce672d06-8351-479f-ab42-ab20ec21c854', 'MRQ', '高', '5bd15c4d-3e0c-49cc-a3f9-54f9d4e78ba0', '', 'Y', NULL, '', '', 'Y', 303, 'b8ab9427-627b-469f-bfd0-4b1buser0001', '2022-08-08', 'b8ab9427-627b-469f-bfd0-4b1buser0001', '2022-08-08');
INSERT INTO sys_dataoption(id, objectType, name, dataBaseId, parentId, isSystem, remark, bgColor, fColor, isValid, orderNum, creatorId, createdTime, modifyId, modifyTime)
VALUES ('7ea60f72-80d9-4820-9ff5-8db57cdc3af3', 'MRQ', '中', '5bd15c4d-3e0c-49cc-a3f9-54f9d4e78ba0', '', 'Y', NULL, '', '', 'Y', 304, 'b8ab9427-627b-469f-bfd0-4b1buser0001', '2022-08-08', 'b8ab9427-627b-469f-bfd0-4b1buser0001', '2022-08-08');
INSERT INTO sys_dataoption(id, objectType, name, dataBaseId, parentId, isSystem, remark, bgColor, fColor, isValid, orderNum, creatorId, createdTime, modifyId, modifyTime)
VALUES ('f908d7ae-ce4e-47b9-a3c5-e6c6f5b2ee97', 'MRQ', '低', '5bd15c4d-3e0c-49cc-a3f9-54f9d4e78ba0', '', 'Y', NULL, '', '', 'Y', 305, 'b8ab9427-627b-469f-bfd0-4b1buser0001', '2022-08-08', 'b8ab9427-627b-469f-bfd0-4b1buser0001', '2022-08-08');
INSERT INTO sys_dataoption(id, objectType, name, dataBaseId, parentId, isSystem, remark, bgColor, fColor, isValid, orderNum, creatorId, createdTime, modifyId, modifyTime)
VALUES ('0c7b4154-c3cc-45fa-a0f4-4849f950027c', 'MRQ', '利益相关方分析', '957b4c7a-01df-4120-8765-df30a8be5aee', '', 'Y', NULL, '', '', 'Y', 312, 'b8ab9427-627b-469f-bfd0-4b1buser0001', '2022-08-08', 'b8ab9427-627b-469f-bfd0-4b1buser0001', '2022-08-08');
INSERT INTO sys_dataoption(id, objectType, name, dataBaseId, parentId, isSystem, remark, bgColor, fColor, isValid, orderNum, creatorId, createdTime, modifyId, modifyTime)
VALUES ('c5886323-5ce4-45da-aa2a-bc36936caf75', 'MRQ', '市场研究', '957b4c7a-01df-4120-8765-df30a8be5aee', '', 'Y', NULL, '', '', 'Y', 313, 'b8ab9427-627b-469f-bfd0-4b1buser0001', '2022-08-08', 'b8ab9427-627b-469f-bfd0-4b1buser0001', '2022-08-08');
INSERT INTO sys_dataoption(id, objectType, name, dataBaseId, parentId, isSystem, remark, bgColor, fColor, isValid, orderNum, creatorId, createdTime, modifyId, modifyTime)
VALUES ('65e53e4f-5781-41a2-8acf-81a03f663ffe', 'MRQ', '文件审查', '957b4c7a-01df-4120-8765-df30a8be5aee', '', 'Y', NULL, '', '', 'Y', 314, 'b8ab9427-627b-469f-bfd0-4b1buser0001', '2022-08-08', 'b8ab9427-627b-469f-bfd0-4b1buser0001', '2022-08-08');
INSERT INTO sys_dataoption(id, objectType, name, dataBaseId, parentId, isSystem, remark, bgColor, fColor, isValid, orderNum, creatorId, createdTime, modifyId, modifyTime)
VALUES ('e4d16fe5-c44b-42a0-93e0-da40394b8a1a', 'MRQ', '头脑风暴', '957b4c7a-01df-4120-8765-df30a8be5aee', '', 'Y', NULL, '', '', 'Y', 315, 'b8ab9427-627b-469f-bfd0-4b1buser0001', '2022-08-08', 'b8ab9427-627b-469f-bfd0-4b1buser0001', '2022-08-08');
INSERT INTO sys_dataoption(id, objectType, name, dataBaseId, parentId, isSystem, remark, bgColor, fColor, isValid, orderNum, creatorId, createdTime, modifyId, modifyTime)
VALUES ('a3f8a6df-9fa3-490d-a1d8-c24532d0a3fc', 'MRQ', '访谈', '957b4c7a-01df-4120-8765-df30a8be5aee', '', 'Y', NULL, '', '', 'Y', 316, 'b8ab9427-627b-469f-bfd0-4b1buser0001', '2022-08-08', 'b8ab9427-627b-469f-bfd0-4b1buser0001', '2022-08-08');
INSERT INTO sys_dataoption(id, objectType, name, dataBaseId, parentId, isSystem, remark, bgColor, fColor, isValid, orderNum, creatorId, createdTime, modifyId, modifyTime)
VALUES ('04865c8d-5b8d-48c7-9f01-963d69737bdb', 'MRQ', '问卷调查', '957b4c7a-01df-4120-8765-df30a8be5aee', '', 'Y', NULL, '', '', 'Y', 317, 'b8ab9427-627b-469f-bfd0-4b1buser0001', '2022-08-08', 'b8ab9427-627b-469f-bfd0-4b1buser0001', '2022-08-08');
INSERT INTO sys_dataoption(id, objectType, name, dataBaseId, parentId, isSystem, remark, bgColor, fColor, isValid, orderNum, creatorId, createdTime, modifyId, modifyTime)
VALUES ('cd126e44-3e52-44fc-a725-c266b106b71d', 'MRQ', '焦点小组', '957b4c7a-01df-4120-8765-df30a8be5aee', '', 'Y', NULL, '', '', 'Y', 318, 'b8ab9427-627b-469f-bfd0-4b1buser0001', '2022-08-08', 'b8ab9427-627b-469f-bfd0-4b1buser0001', '2022-08-08');
INSERT INTO sys_dataoption(id, objectType, name, dataBaseId, parentId, isSystem, remark, bgColor, fColor, isValid, orderNum, creatorId, createdTime, modifyId, modifyTime)
VALUES ('45c05303-e910-4ab9-ab34-3e2c20372073', 'MRQ', '原型和模型', '957b4c7a-01df-4120-8765-df30a8be5aee', '', 'Y', NULL, '', '', 'Y', 319, 'b8ab9427-627b-469f-bfd0-4b1buser0001', '2022-08-08', 'b8ab9427-627b-469f-bfd0-4b1buser0001', '2022-08-08');
INSERT INTO sys_dataoption(id, objectType, name, dataBaseId, parentId, isSystem, remark, bgColor, fColor, isValid, orderNum, creatorId, createdTime, modifyId, modifyTime)
VALUES ('9f126450-f051-4ebc-aac8-4920d2299092', 'MRQ', 'SWOT分析', '957b4c7a-01df-4120-8765-df30a8be5aee', '', 'Y', NULL, '', '', 'Y', 320, 'b8ab9427-627b-469f-bfd0-4b1buser0001', '2022-08-08', 'b8ab9427-627b-469f-bfd0-4b1buser0001', '2022-08-08');
INSERT INTO sys_dataoption(id, objectType, name, dataBaseId, parentId, isSystem, remark, bgColor, fColor, isValid, orderNum, creatorId, createdTime, modifyId, modifyTime)
VALUES ('8437d0cc-f036-468e-95d3-8d4ac4da10b1', 'MRQ', '专家判断', '957b4c7a-01df-4120-8765-df30a8be5aee', '', 'Y', NULL, '', '', 'Y', 321, 'b8ab9427-627b-469f-bfd0-4b1buser0001', '2022-08-08', 'b8ab9427-627b-469f-bfd0-4b1buser0001', '2022-08-08');
INSERT INTO sys_dataoption(id, objectType, name, dataBaseId, parentId, isSystem, remark, bgColor, fColor, isValid, orderNum, creatorId, createdTime, modifyId, modifyTime)
VALUES ('3c99a5ff-4adc-4e88-a4f9-1a06e95447ca', 'MRQ', '同意', 'b689c087-7f88-4322-b0cf-2a29bdd22344', '', 'Y', NULL, '', '', 'Y', 330, 'b8ab9427-627b-469f-bfd0-4b1buser0001', '2022-08-08', 'b8ab9427-627b-469f-bfd0-4b1buser0001', '2022-08-08');
INSERT INTO sys_dataoption(id, objectType, name, dataBaseId, parentId, isSystem, remark, bgColor, fColor, isValid, orderNum, creatorId, createdTime, modifyId, modifyTime)
VALUES ('74898d25-4058-4561-a11a-86d86971fb40', 'MRQ', '不同意', 'b689c087-7f88-4322-b0cf-2a29bdd22344', '', 'Y', NULL, '', '', 'Y', 331, 'b8ab9427-627b-469f-bfd0-4b1buser0001', '2022-08-08', 'b8ab9427-627b-469f-bfd0-4b1buser0001', '2022-08-08');
INSERT INTO sys_dataoption(id, objectType, name, dataBaseId, parentId, isSystem, remark, bgColor, fColor, isValid, orderNum, creatorId, createdTime, modifyId, modifyTime)
VALUES ('f972094f-8e68-41d0-ab14-57fbf7e350aa', 'MRQ', '保留意见', 'b689c087-7f88-4322-b0cf-2a29bdd22344', '', 'Y', NULL, '', '', 'Y', 332, 'b8ab9427-627b-469f-bfd0-4b1buser0001', '2022-08-08', 'b8ab9427-627b-469f-bfd0-4b1buser0001', '2022-08-08');
INSERT INTO sys_dataoption(id, objectType, name, dataBaseId, parentId, isSystem, remark, bgColor, fColor, isValid, orderNum, creatorId, createdTime, modifyId, modifyTime)
VALUES ('def68340-8f1b-4928-b778-d726fb9feacc', 'MRQ', '普通', 'bf2a1fe0-1eac-42fd-8a72-73ab4149877c', '', 'Y', NULL, '', '', 'Y', 309, 'b8ab9427-627b-469f-bfd0-4b1buser0001', '2022-08-08', 'b8ab9427-627b-469f-bfd0-4b1buser0001', '2022-08-08');
INSERT INTO sys_dataoption(id, objectType, name, dataBaseId, parentId, isSystem, remark, bgColor, fColor, isValid, orderNum, creatorId, createdTime, modifyId, modifyTime)
VALUES ('ee0d62d9-7d7a-42c8-b831-60535f9e525b', 'MRQ', '机密', 'bf2a1fe0-1eac-42fd-8a72-73ab4149877c', '', 'Y', NULL, '', '', 'Y', 310, 'b8ab9427-627b-469f-bfd0-4b1buser0001', '2022-08-08', 'b8ab9427-627b-469f-bfd0-4b1buser0001', '2022-08-08');
INSERT INTO sys_dataoption(id, objectType, name, dataBaseId, parentId, isSystem, remark, bgColor, fColor, isValid, orderNum, creatorId, createdTime, modifyId, modifyTime)
VALUES ('50fc2d80-2eb0-4a38-b89d-27bdc536c4b7', 'MRQ', '绝密', 'bf2a1fe0-1eac-42fd-8a72-73ab4149877c', '', 'Y', NULL, '', '', 'Y', 311, 'b8ab9427-627b-469f-bfd0-4b1buser0001', '2022-08-08', 'b8ab9427-627b-469f-bfd0-4b1buser0001', '2022-08-08');

INSERT INTO sys_reportchart(id, name, simpleName, status, isCandidate, objectType, chartType, dataFieldId, categoryFieldId, scope, remark, orderNum, isValid, creatorId, createdTime, modifyId, modifyTime, parentId, pjtStatus, isUsePjt, pjtOrderNum, height, width)
VALUES ('a91a41e4-59aa-4dd4-a839-c27c17f55357', '市场需求', '市场需求', 'RN', 'Y', 'MRQ', 'catalog', NULL, NULL, 'P', NULL, NULL, 'Y', 'b8ab9427-627b-469f-bfd0-4b1buser0001', '2022-08-08', 'b8ab9427-627b-469f-bfd0-4b1buser0001', '2022-08-08', NULL, 'RN', 'Y', 37, '1', '1');
INSERT INTO sys_reportchart(id, name, simpleName, status, isCandidate, objectType, chartType, dataFieldId, categoryFieldId, scope, remark, orderNum, isValid, creatorId, createdTime, modifyId, modifyTime, parentId, pjtStatus, isUsePjt, pjtOrderNum, height, width)
VALUES ('589ea23d-75d2-491d-9802-19ac0e18d777', '需求类别分布图', '需求类别分布', 'RN', 'Y', 'MRQ', 'pie-basic', '20febe6d-3cfc-4add-904a-95eedb8f32ee', '', 'L,P,S', '', 3, 'Y', 'b8ab9427-627b-469f-bfd0-4b1buser0001', '2022-08-08', 'b8ab9427-627b-469f-bfd0-4b1buser0001', '2022-08-08', 'a91a41e4-59aa-4dd4-a839-c27c17f55357', 'RN', 'N', 1, '1', '1');
INSERT INTO sys_reportchart(id, name, simpleName, status, isCandidate, objectType, chartType, dataFieldId, categoryFieldId, scope, remark, orderNum, isValid, creatorId, createdTime, modifyId, modifyTime, parentId, pjtStatus, isUsePjt, pjtOrderNum, height, width)
VALUES ('baf98e2f-e924-4a61-bbc5-60be07773dbb', '需求来源分布图', '需求来源分布', 'RN', 'Y', 'MRQ', 'pie-basic', '08f6a06e-1f7f-4e16-8410-8203bea55893', '', 'L,P,S', '', 4, 'Y', 'b8ab9427-627b-469f-bfd0-4b1buser0001', '2022-08-08', 'b8ab9427-627b-469f-bfd0-4b1buser0001', '2022-08-08', 'a91a41e4-59aa-4dd4-a839-c27c17f55357', 'RN', 'N', 1, '1', '1');
INSERT INTO sys_reportchart(id, name, simpleName, status, isCandidate, objectType, chartType, dataFieldId, categoryFieldId, scope, remark, orderNum, isValid, creatorId, createdTime, modifyId, modifyTime, parentId, pjtStatus, isUsePjt, pjtOrderNum, height, width)
VALUES ('535db609-b08f-4434-bc56-aa6ba7e43e68', '需求优先级分布图', '需求优先级分布', 'RN', 'Y', 'MRQ', 'pie-basic', 'bfdd377a-24f0-4a1a-a357-912bcf4939a1', '', 'L,P,S', '', 5, 'Y', 'b8ab9427-627b-469f-bfd0-4b1buser0001', '2022-08-08', 'b8ab9427-627b-469f-bfd0-4b1buser0001', '2022-08-08', 'a91a41e4-59aa-4dd4-a839-c27c17f55357', 'RN', 'N', 5, '1', '1');
INSERT INTO sys_reportchart(id, name, simpleName, status, isCandidate, objectType, chartType, dataFieldId, categoryFieldId, scope, remark, orderNum, isValid, creatorId, createdTime, modifyId, modifyTime, parentId, pjtStatus, isUsePjt, pjtOrderNum, height, width)
VALUES ('657754e8-9435-42e0-9fc3-95756a58b87b', '需求提出人分布图', '需求提出人分布', 'RN', 'Y', 'MRQ', 'pie-basic', '23298be0-5ea8-4cad-9433-734ed02fd774', '', 'L,P,S', '', 6, 'Y', 'b8ab9427-627b-469f-bfd0-4b1buser0001', '2022-08-08', 'b8ab9427-627b-469f-bfd0-4b1buser0001', '2022-08-08', 'a91a41e4-59aa-4dd4-a839-c27c17f55357', 'RN', 'N', 6, '1', '1');
INSERT INTO sys_reportchart(id, name, simpleName, status, isCandidate, objectType, chartType, dataFieldId, categoryFieldId, scope, remark, orderNum, isValid, creatorId, createdTime, modifyId, modifyTime, parentId, pjtStatus, isUsePjt, pjtOrderNum, height, width)
VALUES ('e0dd9d51-4852-463a-888d-e7b13eff5ed4', '需求接纳情况分布图', '需求接纳情况分布', 'RN', 'Y', 'MRQ', 'pie-basic', 'f045f945-06bd-4535-975d-d53a0a1affa0', '', 'L,P,S', '', 7, 'Y', 'b8ab9427-627b-469f-bfd0-4b1buser0001', '2022-08-08', 'b8ab9427-627b-469f-bfd0-4b1buser0001', '2022-08-08', 'a91a41e4-59aa-4dd4-a839-c27c17f55357', 'RN', 'N', 7, '1', '1');
INSERT INTO sys_reportchart(id, name, simpleName, status, isCandidate, objectType, chartType, dataFieldId, categoryFieldId, scope, remark, orderNum, isValid, creatorId, createdTime, modifyId, modifyTime, parentId, pjtStatus, isUsePjt, pjtOrderNum, height, width)
VALUES ('8863db5c-8572-406c-9242-e4e6c5eda287', '需求状态分布图', '需求状态分布', 'RN', 'Y', 'MRQ', 'pie-basic', 'f9e0fcab-16c4-4a68-8e8c-469816e55a7f', '', 'L,P,S', '', 8, 'Y', 'b8ab9427-627b-469f-bfd0-4b1buser0001', '2022-08-08', 'b8ab9427-627b-469f-bfd0-4b1buser0001', '2022-08-08', 'a91a41e4-59aa-4dd4-a839-c27c17f55357', 'RN', 'N', 8, '1', '1');
INSERT INTO sys_reportchart(id, name, simpleName, status, isCandidate, objectType, chartType, dataFieldId, categoryFieldId, scope, remark, orderNum, parentId, pjtOrderNum, pjtStatus, isUsePjt, height, width, isValid, creatorId, createdTime, modifyId, modifyTime) 
VALUES ('12ac3e96-5fd3-4897-b767-d3322b9fdd1e', '需求趋势图', '需求趋势图', 'RN', 'Y', 'MRQ', 'line-stack', '27318169-ac41-4f19-a680-90a2d0c904da', '23298be0-5ea8-4cad-9433-734ed02fd774', 'S', '', 13, 'a91a41e4-59aa-4dd4-a839-c27c17f55357', 1, 'RN', 'N', '1', '1', 'Y', '2373ab44-7695-465a-8c2c-47951cc70001', '2022-08-08', '2373ab44-7695-465a-8c2c-47951cc70001', '2022-08-08');

INSERT INTO wf_instance(id, name, objectType, remark, modelId, status, orderNum, isSystem, isValid, isDefault, graphView, tranExeCls, creatorId, createdTime, modifyId, modifyTime, step, title, deploymentId, tempStatus)
VALUES ('ACT1ea8c-421a-4803-9183-98246f4c5d07', '市场需求管理模型_1.0', 'MRQ', '', '19', 'IN', 10, 'Y', 'Y', 'Y', CONVERT(varbinary(max), '<svg xmlns="http://www.w3.org/2000/svg" xmlns:oryx="http://oryx-editor.org" id="sid-06134F84-7B9C-4C39-B2C7-1BB0B069283F" width="1357" height="381" xmlns:xlink="http://www.w3.org/1999/xlink" xmlns:svg="http://www.w3.org/2000/svg"><defs><marker id="sid-C707EE90-C8F8-4153-9499-82079EBCFCA5start" refX="1" refY="5" markerUnits="userSpaceOnUse" markerWidth="17" markerHeight="11" orient="auto">	  		undefined			<path id="sid-C707EE90-C8F8-4153-9499-82079EBCFCA5default" d="M 5 0 L 11 10" fill="white" stroke="#b7b5b5" stroke-width="1" display="none"/>	  	</marker><marker id="sid-C707EE90-C8F8-4153-9499-82079EBCFCA5end" refX="9" refY="5" markerUnits="userSpaceOnUse" markerWidth="11" markerHeight="10" orient="auto">	  		<path id="sid-C707EE90-C8F8-4153-9499-82079EBCFCA5arrowhead" d="M 0 1 L 10 5 L 1 9z" fill="#cfcccc" stroke="#cfcccc" stroke-linejoin="round" stroke-width="1"/>	  	</marker><marker id="sid-C8846996-0ADB-450B-BB6E-71901A402A35start" refX="1" refY="5" markerUnits="userSpaceOnUse" markerWidth="17" markerHeight="11" orient="auto">	  		undefined			<path id="sid-C8846996-0ADB-450B-BB6E-71901A402A35default" d="M 5 0 L 11 10" fill="white" stroke="#b7b5b5" stroke-width="1" display="none"/>	  	</marker><marker id="sid-C8846996-0ADB-450B-BB6E-71901A402A35end" refX="9" refY="5" markerUnits="userSpaceOnUse" markerWidth="11" markerHeight="10" orient="auto">	  		<path id="sid-C8846996-0ADB-450B-BB6E-71901A402A35arrowhead" d="M 0 1 L 10 5 L 1 9z" fill="#cfcccc" stroke="#cfcccc" stroke-linejoin="round" stroke-width="1"/>	  	</marker><marker id="sid-3972F0EB-9B8C-4C09-A6E2-7C98F12E404Estart" refX="1" refY="5" markerUnits="userSpaceOnUse" markerWidth="17" markerHeight="11" orient="auto">	  		undefined			<path id="sid-3972F0EB-9B8C-4C09-A6E2-7C98F12E404Edefault" d="M 5 0 L 11 10" fill="white" stroke="#b7b5b5" stroke-width="1" display="none"/>	  	</marker><marker id="sid-3972F0EB-9B8C-4C09-A6E2-7C98F12E404Eend" refX="9" refY="5" markerUnits="userSpaceOnUse" markerWidth="11" markerHeight="10" orient="auto">	  		<path id="sid-3972F0EB-9B8C-4C09-A6E2-7C98F12E404Earrowhead" d="M 0 1 L 10 5 L 1 9z" fill="#cfcccc" stroke="#cfcccc" stroke-linejoin="round" stroke-width="1"/>	  	</marker><marker id="sid-8E59250F-CAA7-42C3-8C1D-5FF833F446F7start" refX="1" refY="5" markerUnits="userSpaceOnUse" markerWidth="17" markerHeight="11" orient="auto">	  		undefined			<path id="sid-8E59250F-CAA7-42C3-8C1D-5FF833F446F7default" d="M 5 0 L 11 10" fill="white" stroke="#b7b5b5" stroke-width="1" display="none"/>	  	</marker><marker id="sid-8E59250F-CAA7-42C3-8C1D-5FF833F446F7end" refX="9" refY="5" markerUnits="userSpaceOnUse" markerWidth="11" markerHeight="10" orient="auto">	  		<path id="sid-8E59250F-CAA7-42C3-8C1D-5FF833F446F7arrowhead" d="M 0 1 L 10 5 L 1 9z" fill="#cfcccc" stroke="#cfcccc" stroke-linejoin="round" stroke-width="1"/>	  	</marker><marker id="sid-EF97913A-6966-4A5F-B427-E3A21BF938F0start" refX="1" refY="5" markerUnits="userSpaceOnUse" markerWidth="17" markerHeight="11" orient="auto">	  		undefined			<path id="sid-EF97913A-6966-4A5F-B427-E3A21BF938F0default" d="M 5 0 L 11 10" fill="white" stroke="#b7b5b5" stroke-width="1" display="none"/>	  	</marker><marker id="sid-EF97913A-6966-4A5F-B427-E3A21BF938F0end" refX="9" refY="5" markerUnits="userSpaceOnUse" markerWidth="11" markerHeight="10" orient="auto">	  		<path id="sid-EF97913A-6966-4A5F-B427-E3A21BF938F0arrowhead" d="M 0 1 L 10 5 L 1 9z" fill="#cfcccc" stroke="#cfcccc" stroke-linejoin="round" stroke-width="1"/>	  	</marker><marker id="sid-44966AC7-619D-4C73-8784-06A8EAF68ADBstart" refX="1" refY="5" markerUnits="userSpaceOnUse" markerWidth="17" markerHeight="11" orient="auto">	  		undefined			<path id="sid-44966AC7-619D-4C73-8784-06A8EAF68ADBdefault" d="M 5 0 L 11 10" fill="white" stroke="#b7b5b5" stroke-width="1" display="none"/>	  	</marker><marker id="sid-44966AC7-619D-4C73-8784-06A8EAF68ADBend" refX="9" refY="5" markerUnits="userSpaceOnUse" markerWidth="11" markerHeight="10" orient="auto">	  		<path id="sid-44966AC7-619D-4C73-8784-06A8EAF68ADBarrowhead" d="M 0 1 L 10 5 L 1 9z" fill="#cfcccc" stroke="#cfcccc" stroke-linejoin="round" stroke-width="1"/>	  	</marker><marker id="sid-E457B3D1-B105-48A2-B9F8-8B03AFEA3E0Astart" refX="1" refY="5" markerUnits="userSpaceOnUse" markerWidth="17" markerHeight="11" orient="auto">	  		undefined			<path id="sid-E457B3D1-B105-48A2-B9F8-8B03AFEA3E0Adefault" d="M 5 0 L 11 10" fill="white" stroke="#b7b5b5" stroke-width="1" display="none"/>	  	</marker><marker id="sid-E457B3D1-B105-48A2-B9F8-8B03AFEA3E0Aend" refX="9" refY="5" markerUnits="userSpaceOnUse" markerWidth="11" markerHeight="10" orient="auto">	  		<path id="sid-E457B3D1-B105-48A2-B9F8-8B03AFEA3E0Aarrowhead" d="M 0 1 L 10 5 L 1 9z" fill="#cfcccc" stroke="#cfcccc" stroke-linejoin="round" stroke-width="1"/>	  	</marker><marker id="sid-E97D2D78-5786-4D7E-B28D-29565FAFE7A4start" refX="1" refY="5" markerUnits="userSpaceOnUse" markerWidth="17" markerHeight="11" orient="auto">	  		undefined			<path id="sid-E97D2D78-5786-4D7E-B28D-29565FAFE7A4default" d="M 5 0 L 11 10" fill="white" stroke="#b7b5b5" stroke-width="1" display="none"/>	  	</marker><marker id="sid-E97D2D78-5786-4D7E-B28D-29565FAFE7A4end" refX="9" refY="5" markerUnits="userSpaceOnUse" markerWidth="11" markerHeight="10" orient="auto">	  		<path id="sid-E97D2D78-5786-4D7E-B28D-29565FAFE7A4arrowhead" d="M 0 1 L 10 5 L 1 9z" fill="#cfcccc" stroke="#cfcccc" stroke-linejoin="round" stroke-width="1"/>	  	</marker><marker id="sid-3604A7B9-970D-45CC-9BA1-A7273A7DCD00start" refX="1" refY="5" markerUnits="userSpaceOnUse" markerWidth="17" markerHeight="11" orient="auto">	  		undefined			<path id="sid-3604A7B9-970D-45CC-9BA1-A7273A7DCD00default" d="M 5 0 L 11 10" fill="white" stroke="#b7b5b5" stroke-width="1" display="none"/>	  	</marker><marker id="sid-3604A7B9-970D-45CC-9BA1-A7273A7DCD00end" refX="9" refY="5" markerUnits="userSpaceOnUse" markerWidth="11" markerHeight="10" orient="auto">	  		<path id="sid-3604A7B9-970D-45CC-9BA1-A7273A7DCD00arrowhead" d="M 0 1 L 10 5 L 1 9z" fill="#cfcccc" stroke="#cfcccc" stroke-linejoin="round" stroke-width="1"/>	  	</marker><marker id="sid-EC26DE37-6EE9-4E0F-B6ED-DC03F4D2DEDAstart" refX="1" refY="5" markerUnits="userSpaceOnUse" markerWidth="17" markerHeight="11" orient="auto">	  		undefined			<path id="sid-EC26DE37-6EE9-4E0F-B6ED-DC03F4D2DEDAdefault" d="M 5 0 L 11 10" fill="white" stroke="#b7b5b5" stroke-width="1" display="none"/>	  	</marker><marker id="sid-EC26DE37-6EE9-4E0F-B6ED-DC03F4D2DEDAend" refX="9" refY="5" markerUnits="userSpaceOnUse" markerWidth="11" markerHeight="10" orient="auto">	  		<path id="sid-EC26DE37-6EE9-4E0F-B6ED-DC03F4D2DEDAarrowhead" d="M 0 1 L 10 5 L 1 9z" fill="#cfcccc" stroke="#cfcccc" stroke-linejoin="round" stroke-width="1"/>	  	</marker><marker id="sid-5E69A2F6-7134-4A5D-82AA-1964B73D09FCstart" refX="1" refY="5" markerUnits="userSpaceOnUse" markerWidth="17" markerHeight="11" orient="auto">	  		undefined			<path id="sid-5E69A2F6-7134-4A5D-82AA-1964B73D09FCdefault" d="M 5 0 L 11 10" fill="white" stroke="#b7b5b5" stroke-width="1" display="none"/>	  	</marker><marker id="sid-5E69A2F6-7134-4A5D-82AA-1964B73D09FCend" refX="9" refY="5" markerUnits="userSpaceOnUse" markerWidth="11" markerHeight="10" orient="auto">	  		<path id="sid-5E69A2F6-7134-4A5D-82AA-1964B73D09FCarrowhead" d="M 0 1 L 10 5 L 1 9z" fill="#cfcccc" stroke="#cfcccc" stroke-linejoin="round" stroke-width="1"/>	  	</marker></defs><svg id="underlay-container"/><g stroke="none" font-family="Verdana, sans-serif" font-size-adjust="none" font-style="normal" font-variant="normal" font-weight="normal" line-heigth="normal" font-size="12"><g class="stencils"><g class="me"/><g class="children"><g id="svg-sid-A0689C4B-DDE6-4111-ABD7-750C3ECA9262"><g class="stencils" transform="translate(207.5, 179)"><g class="me"><g pointer-events="fill" id="sid-F952CCBD-9D3C-4655-81FA-3E4D78BD6F51" title="开始">    <circle id="sid-F952CCBD-9D3C-4655-81FA-3E4D78BD6F51bg_frame" cx="16" cy="16" r="16" stroke="none" fill="url(#sid-F952CCBD-9D3C-4655-81FA-3E4D78BD6F51image1)" stroke-width="0"/><defs id="sid-F952CCBD-9D3C-4655-81FA-3E4D78BD6F51_sid-F952CCBD-9D3C-4655-81FA-3E4D78BD6F51_5"><pattern width="32" height="32" patternUnits="userSpaceOnUse" y="0" x="0" id="sid-F952CCBD-9D3C-4655-81FA-3E4D78BD6F51image1"><image href="editor-app/images/start.png" height="32" width="32" y="0" x="0" id="sid-F952CCBD-9D3C-4655-81FA-3E4D78BD6F51_sid-F952CCBD-9D3C-4655-81FA-3E4D78BD6F51_6"/></pattern></defs> 	<text font-size="11" id="sid-F952CCBD-9D3C-4655-81FA-3E4D78BD6F51text_name" x="16" y="38" oryx:align="top center" stroke="#373e48" stroke-width="0pt" letter-spacing="-0.01px" transform="rotate(0 16 38)" oryx:fontSize="11" text-anchor="middle"><tspan dy="11" x="16" y="38">开始</tspan></text>  </g></g><g class="children" style="overflow:hidden"/><g class="edge"/></g><g class="controls"><g class="dockers"/><g class="magnets" transform="translate(207.5, 179)"><g pointer-events="all" display="none" transform="translate(8, 8)"><circle cx="8" cy="8" r="4" stroke="none" fill="red" fill-opacity="0.3"/></g></g></g></g><g id="svg-sid-90AD9D5B-587F-4E38-8820-A5BC2FC76242"><g class="stencils" transform="translate(359.5, 179)"><g class="me"><g pointer-events="fill" id="sid-88ED9BB8-3C8E-421C-B9CB-880CE01555FB" title="步骤">    <circle id="sid-88ED9BB8-3C8E-421C-B9CB-880CE01555FBbg_frame" cx="16" cy="16" r="16" stroke="none" fill="url(#sid-88ED9BB8-3C8E-421C-B9CB-880CE01555FBimage2)" stroke-width="0"/><defs id="sid-88ED9BB8-3C8E-421C-B9CB-880CE01555FB_sid-88ED9BB8-3C8E-421C-B9CB-880CE01555FB_5"><pattern width="32" height="32" patternUnits="userSpaceOnUse" y="0" x="0" id="sid-88ED9BB8-3C8E-421C-B9CB-880CE01555FBimage2"><image href="editor-app/images/status.png" height="32" width="32" y="0" x="0" id="sid-88ED9BB8-3C8E-421C-B9CB-880CE01555FB_sid-88ED9BB8-3C8E-421C-B9CB-880CE01555FB_6"/></pattern></defs>	<text font-size="11" id="sid-88ED9BB8-3C8E-421C-B9CB-880CE01555FBtext_name" x="16" y="38" oryx:align="top center" stroke="#373e48" stroke-width="0pt" letter-spacing="-0.01px" transform="rotate(0 16 38)" oryx:fontSize="11" text-anchor="middle"><tspan dy="11" x="16" y="38">需求识别</tspan></text>  </g></g><g class="children" style="overflow:hidden"/><g class="edge"/></g><g class="controls"><g class="dockers"/><g class="magnets" transform="translate(359.5, 179)"><g pointer-events="all" display="none" transform="translate(8, 8)"><circle cx="8" cy="8" r="4" stroke="none" fill="red" fill-opacity="0.3"/></g></g></g></g><g id="svg-sid-808F3897-FB49-4537-91F0-6D3BB5F1DAE6"><g class="stencils" transform="translate(511.5, 179)"><g class="me"><g pointer-events="fill" id="sid-04AA27B6-A567-4AA9-9BCD-8BE511C7B1FA" title="步骤">    <circle id="sid-04AA27B6-A567-4AA9-9BCD-8BE511C7B1FAbg_frame" cx="16" cy="16" r="16" stroke="none" fill="url(#sid-04AA27B6-A567-4AA9-9BCD-8BE511C7B1FAimage2)" stroke-width="0"/><defs id="sid-04AA27B6-A567-4AA9-9BCD-8BE511C7B1FA_sid-04AA27B6-A567-4AA9-9BCD-8BE511C7B1FA_5"><pattern width="32" height="32" patternUnits="userSpaceOnUse" y="0" x="0" id="sid-04AA27B6-A567-4AA9-9BCD-8BE511C7B1FAimage2"><image href="editor-app/images/status.png" height="32" width="32" y="0" x="0" id="sid-04AA27B6-A567-4AA9-9BCD-8BE511C7B1FA_sid-04AA27B6-A567-4AA9-9BCD-8BE511C7B1FA_6"/></pattern></defs>	<text font-size="11" id="sid-04AA27B6-A567-4AA9-9BCD-8BE511C7B1FAtext_name" x="16" y="38" oryx:align="top center" stroke="#373e48" stroke-width="0pt" letter-spacing="-0.01px" transform="rotate(0 16 38)" oryx:fontSize="11" text-anchor="middle"><tspan dy="11" x="16" y="38">需求分析</tspan></text>  </g></g><g class="children" style="overflow:hidden"/><g class="edge"/></g><g class="controls"><g class="dockers"/><g class="magnets" transform="translate(511.5, 179)"><g pointer-events="all" display="none" transform="translate(8, 8)"><circle cx="8" cy="8" r="4" stroke="none" fill="red" fill-opacity="0.3"/></g></g></g></g><g id="svg-sid-AC19B946-A24A-4977-B58F-F13D8E3220DC"><g class="stencils" transform="translate(663.5, 179)"><g class="me"><g pointer-events="fill" id="sid-9FBE8D35-7BD5-4265-B95A-315A77FA7FA9" title="步骤">    <circle id="sid-9FBE8D35-7BD5-4265-B95A-315A77FA7FA9bg_frame" cx="16" cy="16" r="16" stroke="none" fill="url(#sid-9FBE8D35-7BD5-4265-B95A-315A77FA7FA9image2)" stroke-width="0"/><defs id="sid-9FBE8D35-7BD5-4265-B95A-315A77FA7FA9_sid-9FBE8D35-7BD5-4265-B95A-315A77FA7FA9_5"><pattern width="32" height="32" patternUnits="userSpaceOnUse" y="0" x="0" id="sid-9FBE8D35-7BD5-4265-B95A-315A77FA7FA9image2"><image href="editor-app/images/status.png" height="32" width="32" y="0" x="0" id="sid-9FBE8D35-7BD5-4265-B95A-315A77FA7FA9_sid-9FBE8D35-7BD5-4265-B95A-315A77FA7FA9_6"/></pattern></defs>	<text font-size="11" id="sid-9FBE8D35-7BD5-4265-B95A-315A77FA7FA9text_name" x="16" y="38" oryx:align="top center" stroke="#373e48" stroke-width="0pt" letter-spacing="-0.01px" transform="rotate(0 16 38)" oryx:fontSize="11" text-anchor="middle"><tspan dy="11" x="16" y="38">需求文档化</tspan></text>  </g></g><g class="children" style="overflow:hidden"/><g class="edge"/></g><g class="controls"><g class="dockers"/><g class="magnets" transform="translate(663.5, 179)"><g pointer-events="all" display="none" transform="translate(8, 8)"><circle cx="8" cy="8" r="4" stroke="none" fill="red" fill-opacity="0.3"/></g></g></g></g><g id="svg-sid-0BF25603-DD29-4951-8D63-BCAC28E5F05B"><g class="stencils" transform="translate(815.5, 179)"><g class="me"><g pointer-events="fill" id="sid-51FA3CC2-EA89-4F5A-9B9A-F85D9ABBF9D9" title="步骤">    <circle id="sid-51FA3CC2-EA89-4F5A-9B9A-F85D9ABBF9D9bg_frame" cx="16" cy="16" r="16" stroke="none" fill="url(#sid-51FA3CC2-EA89-4F5A-9B9A-F85D9ABBF9D9image2)" stroke-width="0"/><defs id="sid-51FA3CC2-EA89-4F5A-9B9A-F85D9ABBF9D9_sid-51FA3CC2-EA89-4F5A-9B9A-F85D9ABBF9D9_5"><pattern width="32" height="32" patternUnits="userSpaceOnUse" y="0" x="0" id="sid-51FA3CC2-EA89-4F5A-9B9A-F85D9ABBF9D9image2"><image href="editor-app/images/status.png" height="32" width="32" y="0" x="0" id="sid-51FA3CC2-EA89-4F5A-9B9A-F85D9ABBF9D9_sid-51FA3CC2-EA89-4F5A-9B9A-F85D9ABBF9D9_6"/></pattern></defs>	<text font-size="11" id="sid-51FA3CC2-EA89-4F5A-9B9A-F85D9ABBF9D9text_name" x="16" y="38" oryx:align="top center" stroke="#373e48" stroke-width="0pt" letter-spacing="-0.01px" transform="rotate(0 16 38)" oryx:fontSize="11" text-anchor="middle"><tspan dy="11" x="16" y="38">需求确认</tspan></text>  </g></g><g class="children" style="overflow:hidden"/><g class="edge"/></g><g class="controls"><g class="dockers"/><g class="magnets" transform="translate(815.5, 179)"><g pointer-events="all" display="none" transform="translate(8, 8)"><circle cx="8" cy="8" r="4" stroke="none" fill="red" fill-opacity="0.3"/></g></g></g></g><g id="svg-sid-ACEE593E-D8BC-4057-856F-C3FE95DD0998"><g class="stencils" transform="translate(967.5, 179)"><g class="me"><g pointer-events="fill" id="sid-0B75ACEB-D727-4DA2-BEBE-2051EB97597B" title="步骤">    <circle id="sid-0B75ACEB-D727-4DA2-BEBE-2051EB97597Bbg_frame" cx="16" cy="16" r="16" stroke="none" fill="url(#sid-0B75ACEB-D727-4DA2-BEBE-2051EB97597Bimage2)" stroke-width="0"/><defs id="sid-0B75ACEB-D727-4DA2-BEBE-2051EB97597B_sid-0B75ACEB-D727-4DA2-BEBE-2051EB97597B_5"><pattern width="32" height="32" patternUnits="userSpaceOnUse" y="0" x="0" id="sid-0B75ACEB-D727-4DA2-BEBE-2051EB97597Bimage2"><image href="editor-app/images/status.png" height="32" width="32" y="0" x="0" id="sid-0B75ACEB-D727-4DA2-BEBE-2051EB97597B_sid-0B75ACEB-D727-4DA2-BEBE-2051EB97597B_6"/></pattern></defs>	<text font-size="11" id="sid-0B75ACEB-D727-4DA2-BEBE-2051EB97597Btext_name" x="16" y="38" oryx:align="top center" stroke="#373e48" stroke-width="0pt" letter-spacing="-0.01px" transform="rotate(0 16 38)" oryx:fontSize="11" text-anchor="middle"><tspan dy="11" x="16" y="38">需求跟踪</tspan></text>  </g></g><g class="children" style="overflow:hidden"/><g class="edge"/></g><g class="controls"><g class="dockers"/><g class="magnets" transform="translate(967.5, 179)"><g pointer-events="all" display="none" transform="translate(8, 8)"><circle cx="8" cy="8" r="4" stroke="none" fill="red" fill-opacity="0.3"/></g></g></g></g><g id="svg-sid-0A993E05-20EB-4EF8-AB11-1470D75AD1C2"><g class="stencils" transform="translate(1119.5, 179)"><g class="me"><g pointer-events="fill" id="sid-EA52F1FF-D09C-450C-A230-BAFD175D2B67" title="步骤">    <circle id="sid-EA52F1FF-D09C-450C-A230-BAFD175D2B67bg_frame" cx="16" cy="16" r="16" stroke="none" fill="url(#sid-EA52F1FF-D09C-450C-A230-BAFD175D2B67image2)" stroke-width="0"/><defs id="sid-EA52F1FF-D09C-450C-A230-BAFD175D2B67_sid-EA52F1FF-D09C-450C-A230-BAFD175D2B67_5"><pattern width="32" height="32" patternUnits="userSpaceOnUse" y="0" x="0" id="sid-EA52F1FF-D09C-450C-A230-BAFD175D2B67image2"><image href="editor-app/images/status.png" height="32" width="32" y="0" x="0" id="sid-EA52F1FF-D09C-450C-A230-BAFD175D2B67_sid-EA52F1FF-D09C-450C-A230-BAFD175D2B67_6"/></pattern></defs>	<text font-size="11" id="sid-EA52F1FF-D09C-450C-A230-BAFD175D2B67text_name" x="16" y="38" oryx:align="top center" stroke="#373e48" stroke-width="0pt" letter-spacing="-0.01px" transform="rotate(0 16 38)" oryx:fontSize="11" text-anchor="middle"><tspan dy="11" x="16" y="38">需求审核</tspan></text>  </g></g><g class="children" style="overflow:hidden"/><g class="edge"/></g><g class="controls"><g class="dockers"/><g class="magnets" transform="translate(1119.5, 179)"><g pointer-events="all" display="none" transform="translate(8, 8)"><circle cx="8" cy="8" r="4" stroke="none" fill="red" fill-opacity="0.3"/></g></g></g></g><g id="svg-sid-9C7A087D-BD85-44A9-A2AE-432DD371779E"><g class="stencils" transform="translate(1275, 179)"><g class="me"><g pointer-events="fill" id="sid-A3A26833-6721-4480-9887-2D79E3EDEB88" title="结束">    <circle id="sid-A3A26833-6721-4480-9887-2D79E3EDEB88bg_frame" cx="16" cy="16" r="16" stroke="none" fill="url(#sid-A3A26833-6721-4480-9887-2D79E3EDEB88image1)" stroke-width="0"/><defs id="sid-A3A26833-6721-4480-9887-2D79E3EDEB88_sid-A3A26833-6721-4480-9887-2D79E3EDEB88_5"><pattern width="32" height="32" patternUnits="userSpaceOnUse" y="0" x="0" id="sid-A3A26833-6721-4480-9887-2D79E3EDEB88image1"><image href="editor-app/images/end.png" height="32" width="32" y="0" x="0" id="sid-A3A26833-6721-4480-9887-2D79E3EDEB88_sid-A3A26833-6721-4480-9887-2D79E3EDEB88_6"/></pattern></defs> 	<text font-size="11" id="sid-A3A26833-6721-4480-9887-2D79E3EDEB88text_name" x="16" y="38" oryx:align="top center" stroke="#373e48" stroke-width="0pt" letter-spacing="-0.01px" transform="rotate(0 16 38)" oryx:fontSize="11" text-anchor="middle"><tspan dy="11" x="16" y="38">结束</tspan></text>  </g></g><g class="children" style="overflow:hidden"/><g class="edge"/></g><g class="controls"><g class="dockers"/><g class="magnets" transform="translate(1275, 179)"><g pointer-events="all" display="none" transform="translate(8, 8)"><circle cx="8" cy="8" r="4" stroke="none" fill="red" fill-opacity="0.3"/></g></g></g></g><g id="svg-sid-35E6A285-C273-4A4E-92F6-5AE6BF49C512"><g class="stencils" transform="translate(671.5, 315)"><g class="me"><g pointer-events="fill" id="sid-859D2A62-D7F3-4F57-B54F-4FCDD88347CD" title="派生">    <circle id="sid-859D2A62-D7F3-4F57-B54F-4FCDD88347CDbg_frame" cx="8" cy="8" r="8" stroke="none" fill="url(#sid-859D2A62-D7F3-4F57-B54F-4FCDD88347CDimage1)" stroke-width="0"/><defs id="sid-859D2A62-D7F3-4F57-B54F-4FCDD88347CD_sid-859D2A62-D7F3-4F57-B54F-4FCDD88347CD_5"><pattern width="16" height="16" patternUnits="userSpaceOnUse" y="0" x="0" id="sid-859D2A62-D7F3-4F57-B54F-4FCDD88347CDimage1"><image href="editor-app/images/derive.png" height="16" width="16" y="0" x="0" id="sid-859D2A62-D7F3-4F57-B54F-4FCDD88347CD_sid-859D2A62-D7F3-4F57-B54F-4FCDD88347CD_6"/></pattern></defs> 	<text font-size="11" id="sid-859D2A62-D7F3-4F57-B54F-4FCDD88347CDtext_name" x="7" y="23" oryx:align="top center" stroke="#373e48" class="samll-derive-text" stroke-width="0pt" letter-spacing="-0.01px" transform="rotate(0 7 23)" oryx:fontSize="11" text-anchor="middle" style="display: inline;"><tspan dy="11" x="7" y="23">测试用例</tspan></text>  </g></g><g class="children" style="overflow:hidden"/><g class="edge"/></g><g class="controls"><g class="dockers"/><g class="magnets" transform="translate(671.5, 315)"><g pointer-events="all" display="none" transform="translate(0, 0)"><circle cx="8" cy="8" r="4" stroke="none" fill="red" fill-opacity="0.3"/></g></g></g></g><g id="svg-sid-FA2E8C07-D400-472E-A87C-57C8851A64DA"><g class="stencils" transform="translate(975.5, 315)"><g class="me"><g pointer-events="fill" id="sid-9B54E92C-E08C-4D6A-BF35-275FF894A9B9" title="会签">    <circle id="sid-9B54E92C-E08C-4D6A-BF35-275FF894A9B9bg_frame" cx="8" cy="8" r="8" stroke="none" fill="url(#sid-9B54E92C-E08C-4D6A-BF35-275FF894A9B9image1)" stroke-width="0"/><defs id="sid-9B54E92C-E08C-4D6A-BF35-275FF894A9B9_sid-9B54E92C-E08C-4D6A-BF35-275FF894A9B9_5"><pattern width="16" height="16" patternUnits="userSpaceOnUse" y="0" x="0" id="sid-9B54E92C-E08C-4D6A-BF35-275FF894A9B9image1"><image href="editor-app/images/countSign.png" height="16" width="16" y="0" x="0" id="sid-9B54E92C-E08C-4D6A-BF35-275FF894A9B9_sid-9B54E92C-E08C-4D6A-BF35-275FF894A9B9_6"/></pattern></defs> 	<text font-size="11" id="sid-9B54E92C-E08C-4D6A-BF35-275FF894A9B9text_name" x="7" y="23" oryx:align="top center" stroke="#373e48" class="samll-text" stroke-width="0pt" letter-spacing="-0.01px" transform="rotate(0 7 23)" oryx:fontSize="11" text-anchor="middle"><tspan dy="11" x="7" y="23">步骤</tspan></text>  </g></g><g class="children" style="overflow:hidden"/><g class="edge"/></g><g class="controls"><g class="dockers"/><g class="magnets" transform="translate(975.5, 315)"><g pointer-events="all" display="none" transform="translate(0, 0)"><circle cx="8" cy="8" r="4" stroke="none" fill="red" fill-opacity="0.3"/></g></g></g></g></g><g class="edge"><g id="svg-sid-5CA07267-FE98-4E1A-82BC-D7CF2D2A10E9"><g class="stencils"><g class="me"><g pointer-events="painted"><path id="sid-C707EE90-C8F8-4153-9499-82079EBCFCA5_1" d="M239.9375 195L359.0625 195 " stroke="#b7b5b5" fill="none" stroke-width="1" stroke-linecap="round" stroke-linejoin="round" marker-start="url(#sid-C707EE90-C8F8-4153-9499-82079EBCFCA5start)" marker-end="url(#sid-C707EE90-C8F8-4153-9499-82079EBCFCA5end)"/></g><text id="sid-C707EE90-C8F8-4153-9499-82079EBCFCA5text_name" x="299" y="198" oryx:edgePosition="midbottom" stroke-width="0pt" letter-spacing="-0.01px" transform="rotate(0 299 198)" oryx:fontSize="12" text-anchor="middle"><tspan dy="0" x="299" y="198">提交</tspan></text></g><g class="children" style="overflow:hidden"/><g class="edge"/></g><g class="controls"><g class="dockers"/><g class="magnets"/></g></g><g id="svg-sid-4EBC1E68-E2D6-4FE0-85B3-0120677860EA"><g class="stencils"><g class="me"><g pointer-events="painted"><path id="sid-C8846996-0ADB-450B-BB6E-71901A402A35_1" d="M391.9375 195L511.0625 195 " stroke="#b7b5b5" fill="none" stroke-width="1" stroke-linecap="round" stroke-linejoin="round" marker-start="url(#sid-C8846996-0ADB-450B-BB6E-71901A402A35start)" marker-end="url(#sid-C8846996-0ADB-450B-BB6E-71901A402A35end)"/></g><text id="sid-C8846996-0ADB-450B-BB6E-71901A402A35text_name" x="451" y="198" oryx:edgePosition="midbottom" stroke-width="0pt" letter-spacing="-0.01px" transform="rotate(0 451 198)" oryx:fontSize="12" text-anchor="middle"><tspan dy="0" x="451" y="198">识别需求</tspan></text></g><g class="children" style="overflow:hidden"/><g class="edge"/></g><g class="controls"><g class="dockers"/><g class="magnets"/></g></g><g id="svg-sid-08CEF66D-383A-4DD6-9052-83AFE8250D60"><g class="stencils"><g class="me"><g pointer-events="painted"><path id="sid-3972F0EB-9B8C-4C09-A6E2-7C98F12E404E_1" d="M543.9375 195L663.0625 195 " stroke="#b7b5b5" fill="none" stroke-width="1" stroke-linecap="round" stroke-linejoin="round" marker-start="url(#sid-3972F0EB-9B8C-4C09-A6E2-7C98F12E404Estart)" marker-end="url(#sid-3972F0EB-9B8C-4C09-A6E2-7C98F12E404Eend)"/></g><text id="sid-3972F0EB-9B8C-4C09-A6E2-7C98F12E404Etext_name" x="603" y="198" oryx:edgePosition="midbottom" stroke-width="0pt" letter-spacing="-0.01px" transform="rotate(0 603 198)" oryx:fontSize="12" text-anchor="middle"><tspan dy="0" x="603" y="198">分析需求</tspan></text></g><g class="children" style="overflow:hidden"/><g class="edge"/></g><g class="controls"><g class="dockers"/><g class="magnets"/></g></g><g id="svg-sid-C3FFEAA3-ADBF-4313-B9D3-A91355E0DD2C"><g class="stencils"><g class="me"><g pointer-events="painted"><path id="sid-8E59250F-CAA7-42C3-8C1D-5FF833F446F7_1" d="M695.9375 195L815.0625 195 " stroke="#b7b5b5" fill="none" stroke-width="1" stroke-linecap="round" stroke-linejoin="round" marker-start="url(#sid-8E59250F-CAA7-42C3-8C1D-5FF833F446F7start)" marker-end="url(#sid-8E59250F-CAA7-42C3-8C1D-5FF833F446F7end)"/></g><text id="sid-8E59250F-CAA7-42C3-8C1D-5FF833F446F7text_name" x="755" y="198" oryx:edgePosition="midbottom" stroke-width="0pt" letter-spacing="-0.01px" transform="rotate(0 755 198)" oryx:fontSize="12" text-anchor="middle"><tspan dy="0" x="755" y="198">文档化需求</tspan></text></g><g class="children" style="overflow:hidden"/><g class="edge"/></g><g class="controls"><g class="dockers"/><g class="magnets"/></g></g><g id="svg-sid-CF223DB9-47D4-4CD0-A10A-D121BCEEC7BE"><g class="stencils"><g class="me"><g pointer-events="painted"><path id="sid-EF97913A-6966-4A5F-B427-E3A21BF938F0_1" d="M847.9375 195L967.0625 195 " stroke="#b7b5b5" fill="none" stroke-width="1" stroke-linecap="round" stroke-linejoin="round" marker-start="url(#sid-EF97913A-6966-4A5F-B427-E3A21BF938F0start)" marker-end="url(#sid-EF97913A-6966-4A5F-B427-E3A21BF938F0end)"/></g><text id="sid-EF97913A-6966-4A5F-B427-E3A21BF938F0text_name" x="907" y="198" oryx:edgePosition="midbottom" stroke-width="0pt" letter-spacing="-0.01px" transform="rotate(0 907 198)" oryx:fontSize="12" text-anchor="middle"><tspan dy="0" x="907" y="198">确认需求</tspan></text></g><g class="children" style="overflow:hidden"/><g class="edge"/></g><g class="controls"><g class="dockers"/><g class="magnets"/></g></g><g id="svg-sid-7D834E5D-F163-4F54-B780-530CC96B4BA0"><g class="stencils"><g class="me"><g pointer-events="painted"><path id="sid-44966AC7-619D-4C73-8784-06A8EAF68ADB_1" d="M999.9375 195L1119.0625 195 " stroke="#b7b5b5" fill="none" stroke-width="1" stroke-linecap="round" stroke-linejoin="round" marker-start="url(#sid-44966AC7-619D-4C73-8784-06A8EAF68ADBstart)" marker-end="url(#sid-44966AC7-619D-4C73-8784-06A8EAF68ADBend)"/></g><text id="sid-44966AC7-619D-4C73-8784-06A8EAF68ADBtext_name" x="1059" y="198" oryx:edgePosition="midbottom" stroke-width="0pt" letter-spacing="-0.01px" transform="rotate(0 1059 198)" oryx:fontSize="12" text-anchor="middle"><tspan dy="0" x="1059" y="198">提交审核</tspan></text></g><g class="children" style="overflow:hidden"/><g class="edge"/></g><g class="controls"><g class="dockers"/><g class="magnets"/></g></g><g id="svg-sid-11ADDA75-6143-4A8E-B852-1424B057B02D"><g class="stencils"><g class="me"><g pointer-events="painted"><path id="sid-E457B3D1-B105-48A2-B9F8-8B03AFEA3E0A_1" d="M1152.29296875 195L1274.20703125 195 " stroke="#b7b5b5" fill="none" stroke-width="1" stroke-linecap="round" stroke-linejoin="round" marker-start="url(#sid-E457B3D1-B105-48A2-B9F8-8B03AFEA3E0Astart)" marker-end="url(#sid-E457B3D1-B105-48A2-B9F8-8B03AFEA3E0Aend)"/></g><text id="sid-E457B3D1-B105-48A2-B9F8-8B03AFEA3E0Atext_name" x="1213" y="198" oryx:edgePosition="midbottom" stroke-width="0pt" letter-spacing="-0.01px" transform="rotate(0 1213 198)" oryx:fontSize="12" text-anchor="middle"><tspan dy="0" x="1213" y="198">审核通过</tspan></text></g><g class="children" style="overflow:hidden"/><g class="edge"/></g><g class="controls"><g class="dockers"/><g class="magnets"/></g></g><g id="svg-sid-669D78BF-64FB-4A5B-9D2F-F0C6310676CA"><g class="stencils"><g class="me"><g pointer-events="painted"><path id="sid-E97D2D78-5786-4D7E-B28D-29565FAFE7A4_1" d="M679.5 212L679.5 315 " stroke="#b7b5b5" fill="none" stroke-width="1" stroke-linecap="round" stroke-linejoin="round" marker-start="url(#sid-E97D2D78-5786-4D7E-B28D-29565FAFE7A4start)" marker-end="url(#sid-E97D2D78-5786-4D7E-B28D-29565FAFE7A4end)"/></g><text id="sid-E97D2D78-5786-4D7E-B28D-29565FAFE7A4text_name" x="679" y="266" oryx:edgePosition="midbottom" stroke-width="0pt" letter-spacing="-0.01px" transform="rotate(0 679 266)" oryx:fontSize="12" text-anchor="middle"><tspan dy="0" x="679" y="266">派生用例</tspan></text></g><g class="children" style="overflow:hidden"/><g class="edge"/></g><g class="controls"><g class="dockers"/><g class="magnets"/></g></g><g id="svg-sid-CB5D015E-D604-4A35-890D-19ACEC4F72F5"><g class="stencils"><g class="me"><g pointer-events="painted"><path id="sid-3604A7B9-970D-45CC-9BA1-A7273A7DCD00_1" d="M983.5 212L983.5 315 " stroke="#b7b5b5" fill="none" stroke-width="1" stroke-linecap="round" stroke-linejoin="round" marker-start="url(#sid-3604A7B9-970D-45CC-9BA1-A7273A7DCD00start)" marker-end="url(#sid-3604A7B9-970D-45CC-9BA1-A7273A7DCD00end)"/></g><text id="sid-3604A7B9-970D-45CC-9BA1-A7273A7DCD00text_name" x="983" y="266" oryx:edgePosition="midbottom" stroke-width="0pt" letter-spacing="-0.01px" transform="rotate(0 983 266)" oryx:fontSize="12" text-anchor="middle"><tspan dy="0" x="983" y="266">需求跟踪</tspan></text></g><g class="children" style="overflow:hidden"/><g class="edge"/></g><g class="controls"><g class="dockers"/><g class="magnets"/></g></g><g id="svg-sid-48CB871E-D9D4-413E-B59E-1C42B22AC8B8"><g class="stencils"><g class="me"><g pointer-events="painted"><path id="sid-EC26DE37-6EE9-4E0F-B6ED-DC03F4D2DEDA_1" d="M1135.5 178.8125L1135.5 87 L527.5 87 L527.5 178.8125 " stroke="#b7b5b5" fill="none" stroke-width="1" stroke-linecap="round" stroke-linejoin="round" marker-start="url(#sid-EC26DE37-6EE9-4E0F-B6ED-DC03F4D2DEDAstart)" marker-end="url(#sid-EC26DE37-6EE9-4E0F-B6ED-DC03F4D2DEDAend)"/></g><text id="sid-EC26DE37-6EE9-4E0F-B6ED-DC03F4D2DEDAtext_name" x="831" y="90" oryx:edgePosition="midbottom" stroke-width="0pt" letter-spacing="-0.01px" transform="rotate(0 831 90)" oryx:fontSize="12" text-anchor="middle"><tspan dy="0" x="831" y="90">审核不通过</tspan></text></g><g class="children" style="overflow:hidden"/><g class="edge"/></g><g class="controls"><g class="dockers"/><g class="magnets"/></g></g><g id="svg-sid-3BB84B19-3BD4-4217-93C3-ABB7447AF448"><g class="stencils"><g class="me"><g pointer-events="painted"><path id="sid-5E69A2F6-7134-4A5D-82AA-1964B73D09FC_1" d="M543.9275666968607 183.4563044832871L638.5 117 L1291 117 L1291 178.15625 " stroke="#b7b5b5" fill="none" stroke-width="1" stroke-linecap="round" stroke-linejoin="round" marker-start="url(#sid-5E69A2F6-7134-4A5D-82AA-1964B73D09FCstart)" marker-end="url(#sid-5E69A2F6-7134-4A5D-82AA-1964B73D09FCend)"/></g><text id="sid-5E69A2F6-7134-4A5D-82AA-1964B73D09FCtext_name" x="964" y="120" oryx:edgePosition="midbottom" stroke-width="0pt" letter-spacing="-0.01px" transform="rotate(0 964 120)" oryx:fontSize="12" text-anchor="middle"><tspan dy="0" x="964" y="120">拒绝需求</tspan></text></g><g class="children" style="overflow:hidden"/><g class="edge"/></g><g class="controls"><g class="dockers"/><g class="magnets"/></g></g></g></g><g class="svgcontainer"><g display="none"><rect x="0" y="0" stroke-width="1" stroke="#777777" fill="none" stroke-dasharray="2,2" pointer-events="none"/></g><g display="none"><path stroke-width="1" stroke="silver" fill="none" stroke-dasharray="5,5" pointer-events="none"/></g><g display="none"><path stroke-width="1" stroke="silver" fill="none" stroke-dasharray="5,5" pointer-events="none"/></g><g/></g></g></svg>'), NULL, 'b8ab9427-627b-469f-bfd0-4b1buser0001', '2022-08-08', 'b8ab9427-627b-469f-bfd0-4b1buser0001', '2022-08-08', '4', '新建市场需求', NULL, NULL);
INSERT INTO wf_node(id, name, workflowId, type, property, linkedStatusId, workflowPageId, emailRole, notifyRole, isEmailFile, tranType, phaseRule, lagMode, autoToId, exeCls, entityOpRul, isSynEntity, canWrite, canUpdateFile, canUpdateRelate, rejectRole, remark, orderNum, isSystem, isValid, creatorId, createdTime, modifyId, modifyTime, canRollback)
VALUES ('A0689C4B-DDE6-4111-ABD7-750C3ECA9262', '开始', 'ACT1ea8c-421a-4803-9183-98246f4c5d07', 'start-state', NULL, NULL, '166805a5-6c3e-4e71-8b48-b1d5796714e1', NULL, NULL, NULL, NULL, NULL, NULL, NULL, NULL, NULL, NULL, NULL, 'N', 'N', NULL, NULL, 1, 'Y', 'Y', 'b8ab9427-627b-469f-bfd0-4b1buser0001', '2022-08-08', 'b8ab9427-627b-469f-bfd0-4b1buser0001', '2022-08-08', 'Y');
INSERT INTO wf_node(id, name, workflowId, type, property, linkedStatusId, workflowPageId, emailRole, notifyRole, isEmailFile, tranType, phaseRule, lagMode, autoToId, exeCls, entityOpRul, isSynEntity, canWrite, canUpdateFile, canUpdateRelate, rejectRole, remark, orderNum, isSystem, isValid, creatorId, createdTime, modifyId, modifyTime, canRollback)
VALUES ('90AD9D5B-587F-4E38-8820-A5BC2FC76242', '需求识别', 'ACT1ea8c-421a-4803-9183-98246f4c5d07', 'state', NULL, 'd54ece04-3c6a-41b3-9841-27d7fbc74a49', '0d0a06a8-064d-4e89-9e4d-f111bd5d5e44', '960fb540-3cef-49e8-89b6-1bMRQrole001', ',960fb540-3cef-49e8-89b6-1bMRQrole001', NULL, NULL, NULL, NULL, NULL, '', NULL, NULL, NULL, 'Y', 'Y', '', NULL, 2, 'Y', 'Y', 'b8ab9427-627b-469f-bfd0-4b1buser0001', '2022-08-08', 'b8ab9427-627b-469f-bfd0-4b1buser0001', '2022-08-08', 'Y');
INSERT INTO wf_node(id, name, workflowId, type, property, linkedStatusId, workflowPageId, emailRole, notifyRole, isEmailFile, tranType, phaseRule, lagMode, autoToId, exeCls, entityOpRul, isSynEntity, canWrite, canUpdateFile, canUpdateRelate, rejectRole, remark, orderNum, isSystem, isValid, creatorId, createdTime, modifyId, modifyTime, canRollback)
VALUES ('808F3897-FB49-4537-91F0-6D3BB5F1DAE6', '需求分析', 'ACT1ea8c-421a-4803-9183-98246f4c5d07', 'state', NULL, 'dc263970-2e74-447e-a1e0-01d686b50385', 'f3440cd8-ea74-49f8-9bd3-6f0fe3e8b88e', '960fb540-3cef-49e8-89b6-1bMRQrole001', ',960fb540-3cef-49e8-89b6-1bMRQrole001', NULL, NULL, NULL, NULL, NULL, '', NULL, NULL, NULL, 'N', 'N', '', NULL, 3, 'Y', 'Y', 'b8ab9427-627b-469f-bfd0-4b1buser0001', '2022-08-08', 'b8ab9427-627b-469f-bfd0-4b1buser0001', '2022-08-08', 'Y');
INSERT INTO wf_node(id, name, workflowId, type, property, linkedStatusId, workflowPageId, emailRole, notifyRole, isEmailFile, tranType, phaseRule, lagMode, autoToId, exeCls, entityOpRul, isSynEntity, canWrite, canUpdateFile, canUpdateRelate, rejectRole, remark, orderNum, isSystem, isValid, creatorId, createdTime, modifyId, modifyTime, canRollback)
VALUES ('AC19B946-A24A-4977-B58F-F13D8E3220DC', '需求文档化', 'ACT1ea8c-421a-4803-9183-98246f4c5d07', 'state', NULL, '0196a87d-221d-4a95-b4b0-2624e929bbc6', '72a6bb6f-70e2-4e76-be48-4af168ea059d', '960fb540-3cef-49e8-89b6-1bMRQrole001', ',960fb540-3cef-49e8-89b6-1bMRQrole001', NULL, NULL, NULL, NULL, NULL, '', NULL, NULL, NULL, 'Y', 'Y', '', NULL, 4, 'Y', 'Y', 'b8ab9427-627b-469f-bfd0-4b1buser0001', '2022-08-08', 'b8ab9427-627b-469f-bfd0-4b1buser0001', '2022-08-08', 'Y');
INSERT INTO wf_node(id, name, workflowId, type, property, linkedStatusId, workflowPageId, emailRole, notifyRole, isEmailFile, tranType, phaseRule, lagMode, autoToId, exeCls, entityOpRul, isSynEntity, canWrite, canUpdateFile, canUpdateRelate, rejectRole, remark, orderNum, isSystem, isValid, creatorId, createdTime, modifyId, modifyTime, canRollback)
VALUES ('0BF25603-DD29-4951-8D63-BCAC28E5F05B', '需求确认', 'ACT1ea8c-421a-4803-9183-98246f4c5d07', 'state', NULL, '36acdb8f-2a10-4408-8ed3-c36320721efd', '8b16b478-3804-42e4-a117-7f65e6512c19', '960fb540-3cef-49e8-89b6-1bMRQrole001,960fb540-3cef-49e8-89b6-1bMRQrole002', ',960fb540-3cef-49e8-89b6-1bMRQrole001,960fb540-3cef-49e8-89b6-1bMRQrole002', NULL, NULL, NULL, NULL, NULL, '', NULL, NULL, NULL, 'Y', 'Y', '', NULL, 5, 'Y', 'Y', 'b8ab9427-627b-469f-bfd0-4b1buser0001', '2022-08-08', 'b8ab9427-627b-469f-bfd0-4b1buser0001', '2022-08-08', 'Y');
INSERT INTO wf_node(id, name, workflowId, type, property, linkedStatusId, workflowPageId, emailRole, notifyRole, isEmailFile, tranType, phaseRule, lagMode, autoToId, exeCls, entityOpRul, isSynEntity, canWrite, canUpdateFile, canUpdateRelate, rejectRole, remark, orderNum, isSystem, isValid, creatorId, createdTime, modifyId, modifyTime, canRollback)
VALUES ('ACEE593E-D8BC-4057-856F-C3FE95DD0998', '需求跟踪', 'ACT1ea8c-421a-4803-9183-98246f4c5d07', 'state', NULL, 'd64cda9e-775d-4508-9e68-8769f723d141', '39368670-ddaa-4ac8-a1bd-06a27d58dea8', '960fb540-3cef-49e8-89b6-1bMRQrole001,960fb540-3cef-49e8-89b6-1bMRQrole002', ',960fb540-3cef-49e8-89b6-1bMRQrole001,960fb540-3cef-49e8-89b6-1bMRQrole002', NULL, NULL, NULL, NULL, NULL, '', NULL, NULL, NULL, 'Y', 'Y', '', NULL, 6, 'Y', 'Y', 'b8ab9427-627b-469f-bfd0-4b1buser0001', '2022-08-08', 'b8ab9427-627b-469f-bfd0-4b1buser0001', '2022-08-08', 'Y');
INSERT INTO wf_node(id, name, workflowId, type, property, linkedStatusId, workflowPageId, emailRole, notifyRole, isEmailFile, tranType, phaseRule, lagMode, autoToId, exeCls, entityOpRul, isSynEntity, canWrite, canUpdateFile, canUpdateRelate, rejectRole, remark, orderNum, isSystem, isValid, creatorId, createdTime, modifyId, modifyTime, canRollback)
VALUES ('0A993E05-20EB-4EF8-AB11-1470D75AD1C2', '需求审核', 'ACT1ea8c-421a-4803-9183-98246f4c5d07', 'state', NULL, '90b5172b-b7dc-4b97-b8b1-92040a0784d3', 'c33d1812-d4c1-4b2b-a802-0235c5f2959a', '960fb540-3cef-49e8-89b6-1bMRQrole001,960fb540-3cef-49e8-89b6-1bMRQrole002', ',960fb540-3cef-49e8-89b6-1bMRQrole001,960fb540-3cef-49e8-89b6-1bMRQrole002', NULL, NULL, NULL, NULL, NULL, '', NULL, NULL, NULL, 'N', 'N', '', NULL, 7, 'Y', 'Y', 'b8ab9427-627b-469f-bfd0-4b1buser0001', '2022-08-08', 'b8ab9427-627b-469f-bfd0-4b1buser0001', '2022-08-08', 'Y');
INSERT INTO wf_node(id, name, workflowId, type, property, linkedStatusId, workflowPageId, emailRole, notifyRole, isEmailFile, tranType, phaseRule, lagMode, autoToId, exeCls, entityOpRul, isSynEntity, canWrite, canUpdateFile, canUpdateRelate, rejectRole, remark, orderNum, isSystem, isValid, creatorId, createdTime, modifyId, modifyTime, canRollback)
VALUES ('9C7A087D-BD85-44A9-A2AE-432DD371779E', '结束', 'ACT1ea8c-421a-4803-9183-98246f4c5d07', 'end-state', NULL, '4bbe8585-7169-4a31-a026-900e67a89342', '286a5a93-70c7-4870-8535-26bb7c3085be', '', '', NULL, NULL, NULL, NULL, NULL, NULL, NULL, NULL, NULL, 'N', 'N', '', NULL, 8, 'Y', 'Y', 'b8ab9427-627b-469f-bfd0-4b1buser0001', '2022-08-08', 'b8ab9427-627b-469f-bfd0-4b1buser0001', '2022-08-08', 'Y');

INSERT INTO wf_transition(id, name, nodeId, toNodeId, workflowPageId, deriveWorkflowType, toDeriveNodeId, conditions, type, isOnlyOnce, isSaveNodeUser, SynCondition, exeCls, workflowId, deriveWorkflowId, isDelPageUser, hasSave, pageTo, isMulTask, functionRight, mapField, deriveMode, emailRemindAgain, remark, orderNum, isSystem, isValid, creatorId, createdTime, modifyId, modifyTime, isForking, isDefaultForking)
VALUES ('5CA07267-FE98-4E1A-82BC-D7CF2D2A10E9', '提交', 'A0689C4B-DDE6-4111-ABD7-750C3ECA9262', '90AD9D5B-587F-4E38-8820-A5BC2FC76242', NULL, NULL, NULL, NULL, 'COMMON', 'N', 'N', '1', NULL, 'ACT1ea8c-421a-4803-9183-98246f4c5d07', NULL, NULL, 'N', '1', NULL, NULL, NULL, NULL, NULL, NULL, 1, 'Y', 'Y', 'b8ab9427-627b-469f-bfd0-4b1buser0001', '2022-08-08', 'b8ab9427-627b-469f-bfd0-4b1buser0001', '2022-08-08', 'N', 'N');
INSERT INTO wf_transition(id, name, nodeId, toNodeId, workflowPageId, deriveWorkflowType, toDeriveNodeId, conditions, type, isOnlyOnce, isSaveNodeUser, SynCondition, exeCls, workflowId, deriveWorkflowId, isDelPageUser, hasSave, pageTo, isMulTask, functionRight, mapField, deriveMode, emailRemindAgain, remark, orderNum, isSystem, isValid, creatorId, createdTime, modifyId, modifyTime, isForking, isDefaultForking)
VALUES ('4EBC1E68-E2D6-4FE0-85B3-0120677860EA', '识别需求', '90AD9D5B-587F-4E38-8820-A5BC2FC76242', '808F3897-FB49-4537-91F0-6D3BB5F1DAE6', '193d5d17-3835-4d3a-ba9f-c392eea5d898', NULL, NULL, NULL, 'COMMON', 'N', 'Y', '1', '', 'ACT1ea8c-421a-4803-9183-98246f4c5d07', NULL, NULL, 'N', '1', NULL, NULL, NULL, NULL, NULL, NULL, 2, 'Y', 'Y', 'b8ab9427-627b-469f-bfd0-4b1buser0001', '2022-08-08', 'b8ab9427-627b-469f-bfd0-4b1buser0001', '2022-08-08', 'N', 'N');
INSERT INTO wf_transition(id, name, nodeId, toNodeId, workflowPageId, deriveWorkflowType, toDeriveNodeId, conditions, type, isOnlyOnce, isSaveNodeUser, SynCondition, exeCls, workflowId, deriveWorkflowId, isDelPageUser, hasSave, pageTo, isMulTask, functionRight, mapField, deriveMode, emailRemindAgain, remark, orderNum, isSystem, isValid, creatorId, createdTime, modifyId, modifyTime, isForking, isDefaultForking)
VALUES ('08CEF66D-383A-4DD6-9052-83AFE8250D60', '分析需求', '808F3897-FB49-4537-91F0-6D3BB5F1DAE6', 'AC19B946-A24A-4977-B58F-F13D8E3220DC', '0fb04ac9-a3df-4112-bb2d-91c10f51a285', NULL, NULL, NULL, 'COMMON', 'N', 'Y', '1', '', 'ACT1ea8c-421a-4803-9183-98246f4c5d07', NULL, NULL, 'N', '1', NULL, NULL, NULL, NULL, NULL, NULL, 3, 'Y', 'Y', 'b8ab9427-627b-469f-bfd0-4b1buser0001', '2022-08-08', 'b8ab9427-627b-469f-bfd0-4b1buser0001', '2022-08-08', 'N', 'N');
INSERT INTO wf_transition(id, name, nodeId, toNodeId, workflowPageId, deriveWorkflowType, toDeriveNodeId, conditions, type, isOnlyOnce, isSaveNodeUser, SynCondition, exeCls, workflowId, deriveWorkflowId, isDelPageUser, hasSave, pageTo, isMulTask, functionRight, mapField, deriveMode, emailRemindAgain, remark, orderNum, isSystem, isValid, creatorId, createdTime, modifyId, modifyTime, isForking, isDefaultForking)
VALUES ('C3FFEAA3-ADBF-4313-B9D3-A91355E0DD2C', '文档化需求', 'AC19B946-A24A-4977-B58F-F13D8E3220DC', '0BF25603-DD29-4951-8D63-BCAC28E5F05B', 'ae2b426f-3c2d-440d-a999-dc3d0afa848f', NULL, NULL, NULL, 'COMMON', 'N', 'N', '1', '', 'ACT1ea8c-421a-4803-9183-98246f4c5d07', NULL, NULL, 'N', '1', NULL, NULL, NULL, NULL, NULL, NULL, 4, 'Y', 'Y', 'b8ab9427-627b-469f-bfd0-4b1buser0001', '2022-08-08', 'b8ab9427-627b-469f-bfd0-4b1buser0001', '2022-08-08', 'N', 'N');
INSERT INTO wf_transition(id, name, nodeId, toNodeId, workflowPageId, deriveWorkflowType, toDeriveNodeId, conditions, type, isOnlyOnce, isSaveNodeUser, SynCondition, exeCls, workflowId, deriveWorkflowId, isDelPageUser, hasSave, pageTo, isMulTask, functionRight, mapField, deriveMode, emailRemindAgain, remark, orderNum, isSystem, isValid, creatorId, createdTime, modifyId, modifyTime, isForking, isDefaultForking)
VALUES ('CF223DB9-47D4-4CD0-A10A-D121BCEEC7BE', '确认需求', '0BF25603-DD29-4951-8D63-BCAC28E5F05B', 'ACEE593E-D8BC-4057-856F-C3FE95DD0998', '5cf59f64-5962-4781-bccc-c10a2f0171ad', NULL, NULL, NULL, 'COMMON', 'N', 'N', '1', '', 'ACT1ea8c-421a-4803-9183-98246f4c5d07', NULL, NULL, 'N', '1', NULL, NULL, NULL, NULL, NULL, NULL, 5, 'Y', 'Y', 'b8ab9427-627b-469f-bfd0-4b1buser0001', '2022-08-08', 'b8ab9427-627b-469f-bfd0-4b1buser0001', '2022-08-08', 'N', 'N');
INSERT INTO wf_transition(id, name, nodeId, toNodeId, workflowPageId, deriveWorkflowType, toDeriveNodeId, conditions, type, isOnlyOnce, isSaveNodeUser, SynCondition, exeCls, workflowId, deriveWorkflowId, isDelPageUser, hasSave, pageTo, isMulTask, functionRight, mapField, deriveMode, emailRemindAgain, remark, orderNum, isSystem, isValid, creatorId, createdTime, modifyId, modifyTime, isForking, isDefaultForking)
VALUES ('7D834E5D-F163-4F54-B780-530CC96B4BA0', '提交审核', 'ACEE593E-D8BC-4057-856F-C3FE95DD0998', '0A993E05-20EB-4EF8-AB11-1470D75AD1C2', '5e305ee5-17b4-4525-9edf-31c52df616d1', NULL, NULL, NULL, 'COMMON', 'N', 'Y', '1', '', 'ACT1ea8c-421a-4803-9183-98246f4c5d07', NULL, NULL, 'Y', '1', NULL, NULL, NULL, NULL, NULL, NULL, 6, 'Y', 'Y', 'b8ab9427-627b-469f-bfd0-4b1buser0001', '2022-08-08', 'b8ab9427-627b-469f-bfd0-4b1buser0001', '2022-08-08', 'N', 'N');
INSERT INTO wf_transition(id, name, nodeId, toNodeId, workflowPageId, deriveWorkflowType, toDeriveNodeId, conditions, type, isOnlyOnce, isSaveNodeUser, SynCondition, exeCls, workflowId, deriveWorkflowId, isDelPageUser, hasSave, pageTo, isMulTask, functionRight, mapField, deriveMode, emailRemindAgain, remark, orderNum, isSystem, isValid, creatorId, createdTime, modifyId, modifyTime, isForking, isDefaultForking)
VALUES ('11ADDA75-6143-4A8E-B852-1424B057B02D', '审核通过', '0A993E05-20EB-4EF8-AB11-1470D75AD1C2', '9C7A087D-BD85-44A9-A2AE-432DD371779E', 'a3532277-4cbb-48f8-955a-87751e791b0f', NULL, NULL, NULL, 'COMMON', 'N', 'N', '1', '', 'ACT1ea8c-421a-4803-9183-98246f4c5d07', NULL, NULL, 'N', '1', NULL, NULL, NULL, NULL, NULL, NULL, 7, 'Y', 'Y', 'b8ab9427-627b-469f-bfd0-4b1buser0001', '2022-08-08', 'b8ab9427-627b-469f-bfd0-4b1buser0001', '2022-08-08', 'N', 'N');
INSERT INTO wf_transition(id, name, nodeId, toNodeId, workflowPageId, deriveWorkflowType, toDeriveNodeId, conditions, type, isOnlyOnce, isSaveNodeUser, SynCondition, exeCls, workflowId, deriveWorkflowId, isDelPageUser, hasSave, pageTo, isMulTask, functionRight, mapField, deriveMode, emailRemindAgain, remark, orderNum, isSystem, isValid, creatorId, createdTime, modifyId, modifyTime, isForking, isDefaultForking)
VALUES ('669D78BF-64FB-4A5B-9D2F-F0C6310676CA', '派生用例', 'AC19B946-A24A-4977-B58F-F13D8E3220DC', '35E6A285-C273-4A4E-92F6-5AE6BF49C512', '30f33bca-fabc-407d-9abd-d7d305f56f76', 'TSC', '5323666d-bd9e-4f84-ad6d-40b29b8d2440', NULL, 'DERIVE', 'Y', 'N', '1', '', 'ACT1ea8c-421a-4803-9183-98246f4c5d07', '5a49ceef-34bd-429b-80fa-1c210f7719ed', NULL, 'N', '1', NULL, NULL, '{"deriveType":"TSC","mappingField":"name:name,code;ownerId:presenterId;projectId:projectId;departmentId:departmentId"}', NULL, NULL, NULL, 8, 'Y', 'Y', 'b8ab9427-627b-469f-bfd0-4b1buser0001', '2022-08-08', 'b8ab9427-627b-469f-bfd0-4b1buser0001', '2022-08-08', 'N', 'N');
INSERT INTO wf_transition(id, name, nodeId, toNodeId, workflowPageId, deriveWorkflowType, toDeriveNodeId, conditions, type, isOnlyOnce, isSaveNodeUser, SynCondition, exeCls, workflowId, deriveWorkflowId, isDelPageUser, hasSave, pageTo, isMulTask, functionRight, mapField, deriveMode, emailRemindAgain, remark, orderNum, isSystem, isValid, creatorId, createdTime, modifyId, modifyTime, isForking, isDefaultForking)
VALUES ('CB5D015E-D604-4A35-890D-19ACEC4F72F5', '需求跟踪', 'ACEE593E-D8BC-4057-856F-C3FE95DD0998', 'FA2E8C07-D400-472E-A87C-57C8851A64DA', 'b68404f4-d428-4581-8cb8-b0ffdd045922', NULL, NULL, NULL, 'COUNTSIGN', 'N', 'N', '1', '', 'ACT1ea8c-421a-4803-9183-98246f4c5d07', NULL, NULL, 'N', '1', NULL, NULL, NULL, NULL, NULL, NULL, 9, 'Y', 'Y', 'b8ab9427-627b-469f-bfd0-4b1buser0001', '2022-08-08', 'b8ab9427-627b-469f-bfd0-4b1buser0001', '2022-08-08', 'N', 'N');
INSERT INTO wf_transition(id, name, nodeId, toNodeId, workflowPageId, deriveWorkflowType, toDeriveNodeId, conditions, type, isOnlyOnce, isSaveNodeUser, SynCondition, exeCls, workflowId, deriveWorkflowId, isDelPageUser, hasSave, pageTo, isMulTask, functionRight, mapField, deriveMode, emailRemindAgain, remark, orderNum, isSystem, isValid, creatorId, createdTime, modifyId, modifyTime, isForking, isDefaultForking)
VALUES ('48CB871E-D9D4-413E-B59E-1C42B22AC8B8', '审核不通过', '0A993E05-20EB-4EF8-AB11-1470D75AD1C2', '808F3897-FB49-4537-91F0-6D3BB5F1DAE6', '4a32a830-01a5-4e57-bb87-b1eccd0b9cb3', NULL, NULL, NULL, 'COMMON', 'N', 'N', '1', '', 'ACT1ea8c-421a-4803-9183-98246f4c5d07', NULL, NULL, 'N', '1', NULL, NULL, NULL, NULL, NULL, NULL, 10, 'Y', 'Y', 'b8ab9427-627b-469f-bfd0-4b1buser0001', '2022-08-08', 'b8ab9427-627b-469f-bfd0-4b1buser0001', '2022-08-08', 'N', 'N');
INSERT INTO wf_transition(id, name, nodeId, toNodeId, workflowPageId, deriveWorkflowType, toDeriveNodeId, conditions, type, isOnlyOnce, isSaveNodeUser, SynCondition, exeCls, workflowId, deriveWorkflowId, isDelPageUser, hasSave, pageTo, isMulTask, functionRight, mapField, deriveMode, emailRemindAgain, remark, orderNum, isSystem, isValid, creatorId, createdTime, modifyId, modifyTime, isForking, isDefaultForking)
VALUES ('3BB84B19-3BD4-4217-93C3-ABB7447AF448', '拒绝需求', '808F3897-FB49-4537-91F0-6D3BB5F1DAE6', '9C7A087D-BD85-44A9-A2AE-432DD371779E', '1bf41edf-29f5-44b3-bbcc-0b1a92d9290c', NULL, NULL, NULL, 'COMMON', 'N', 'N', '1', '', 'ACT1ea8c-421a-4803-9183-98246f4c5d07', NULL, NULL, 'N', '1', NULL, NULL, NULL, NULL, NULL, NULL, 11, 'Y', 'Y', 'b8ab9427-627b-469f-bfd0-4b1buser0001', '2022-08-08', 'b8ab9427-627b-469f-bfd0-4b1buser0001', '2022-08-08', 'N', 'N');

INSERT INTO sys_status(id, objectType, Name, Remark, bgColor, fColor, isCalcLag, isEnd, isValid, orderNum, creatorId, createdTime, modifyId, modifyTime, workflowId)
VALUES ('d54ece04-3c6a-41b3-9841-27d7fbc74a49', 'MRQ', '需求识别', NULL, NULL, NULL, 'Y', 'N', 'Y', 2, 'b8ab9427-627b-469f-bfd0-4b1buser0001', '2022-08-08', 'b8ab9427-627b-469f-bfd0-4b1buser0001', '2022-08-08', 'ACT1ea8c-421a-4803-9183-98246f4c5d07');
INSERT INTO sys_status(id, objectType, Name, Remark, bgColor, fColor, isCalcLag, isEnd, isValid, orderNum, creatorId, createdTime, modifyId, modifyTime, workflowId)
VALUES ('dc263970-2e74-447e-a1e0-01d686b50385', 'MRQ', '需求分析', NULL, NULL, NULL, 'Y', 'N', 'Y', 3, 'b8ab9427-627b-469f-bfd0-4b1buser0001', '2022-08-08', 'b8ab9427-627b-469f-bfd0-4b1buser0001', '2022-08-08', 'ACT1ea8c-421a-4803-9183-98246f4c5d07');
INSERT INTO sys_status(id, objectType, Name, Remark, bgColor, fColor, isCalcLag, isEnd, isValid, orderNum, creatorId, createdTime, modifyId, modifyTime, workflowId)
VALUES ('0196a87d-221d-4a95-b4b0-2624e929bbc6', 'MRQ', '需求文档化', NULL, NULL, NULL, 'Y', 'N', 'Y', 4, 'b8ab9427-627b-469f-bfd0-4b1buser0001', '2022-08-08', 'b8ab9427-627b-469f-bfd0-4b1buser0001', '2022-08-08', 'ACT1ea8c-421a-4803-9183-98246f4c5d07');
INSERT INTO sys_status(id, objectType, Name, Remark, bgColor, fColor, isCalcLag, isEnd, isValid, orderNum, creatorId, createdTime, modifyId, modifyTime, workflowId)
VALUES ('36acdb8f-2a10-4408-8ed3-c36320721efd', 'MRQ', '需求确认', NULL, NULL, NULL, 'Y', 'N', 'Y', 5, 'b8ab9427-627b-469f-bfd0-4b1buser0001', '2022-08-08', 'b8ab9427-627b-469f-bfd0-4b1buser0001', '2022-08-08', 'ACT1ea8c-421a-4803-9183-98246f4c5d07');
INSERT INTO sys_status(id, objectType, Name, Remark, bgColor, fColor, isCalcLag, isEnd, isValid, orderNum, creatorId, createdTime, modifyId, modifyTime, workflowId)
VALUES ('d64cda9e-775d-4508-9e68-8769f723d141', 'MRQ', '需求跟踪', NULL, NULL, NULL, 'Y', 'N', 'Y', 6, 'b8ab9427-627b-469f-bfd0-4b1buser0001', '2022-08-08', 'b8ab9427-627b-469f-bfd0-4b1buser0001', '2022-08-08', 'ACT1ea8c-421a-4803-9183-98246f4c5d07');
INSERT INTO sys_status(id, objectType, Name, Remark, bgColor, fColor, isCalcLag, isEnd, isValid, orderNum, creatorId, createdTime, modifyId, modifyTime, workflowId)
VALUES ('90b5172b-b7dc-4b97-b8b1-92040a0784d3', 'MRQ', '需求审核', NULL, NULL, NULL, 'Y', 'N', 'Y', 7, 'b8ab9427-627b-469f-bfd0-4b1buser0001', '2022-08-08', 'b8ab9427-627b-469f-bfd0-4b1buser0001', '2022-08-08', 'ACT1ea8c-421a-4803-9183-98246f4c5d07');
INSERT INTO sys_status(id, objectType, Name, Remark, bgColor, fColor, isCalcLag, isEnd, isValid, orderNum, creatorId, createdTime, modifyId, modifyTime, workflowId)
VALUES ('4bbe8585-7169-4a31-a026-900e67a89342', 'MRQ', '结束', NULL, NULL, NULL, 'Y', 'Y', 'Y', 8, 'b8ab9427-627b-469f-bfd0-4b1buser0001', '2022-08-08', 'b8ab9427-627b-469f-bfd0-4b1buser0001', '2022-08-08', 'ACT1ea8c-421a-4803-9183-98246f4c5d07');

INSERT INTO sys_page(id, name, objectType, pageType, parentId, workflowID, deriveWfType, deriveWfID, mapField, isStartPage, entityTypeID, extPageUrl, extPageCls, isSystem, remark, isValid, orderNum, creatorId, createdTime, modifyId, modifyTime, subType)
VALUES ('166805a5-6c3e-4e71-8b48-b1d5796714e1', '开始', 'MRQ', 'FORM', NULL, 'ACT1ea8c-421a-4803-9183-98246f4c5d07', NULL, NULL, NULL, NULL, '', NULL, NULL, 'N', NULL, 'Y', 2, 'b8ab9427-627b-469f-bfd0-4b1buser0001', '2022-08-08', 'b8ab9427-627b-469f-bfd0-4b1buser0001', '2022-08-08', 'ADD');
INSERT INTO sys_page(id, name, objectType, pageType, parentId, workflowID, deriveWfType, deriveWfID, mapField, isStartPage, entityTypeID, extPageUrl, extPageCls, isSystem, remark, isValid, orderNum, creatorId, createdTime, modifyId, modifyTime, subType)
VALUES ('0d0a06a8-064d-4e89-9e4d-f111bd5d5e44', '需求识别', 'MRQ', 'FORM', NULL, 'ACT1ea8c-421a-4803-9183-98246f4c5d07', NULL, NULL, 'tab_Y_detail,tab_Y_workflowChart,tab_Y_workflowProcess,tab_Y_relate,tab_Y_file', NULL, '', NULL, NULL, 'N', NULL, 'Y', 3, 'b8ab9427-627b-469f-bfd0-4b1buser0001', '2022-08-08', 'b8ab9427-627b-469f-bfd0-4b1buser0001', '2022-08-08', 'VIEW');
INSERT INTO sys_page(id, name, objectType, pageType, parentId, workflowID, deriveWfType, deriveWfID, mapField, isStartPage, entityTypeID, extPageUrl, extPageCls, isSystem, remark, isValid, orderNum, creatorId, createdTime, modifyId, modifyTime, subType)
VALUES ('193d5d17-3835-4d3a-ba9f-c392eea5d898', '识别需求', 'MRQ', 'FORM', NULL, 'ACT1ea8c-421a-4803-9183-98246f4c5d07', NULL, NULL, 'tab_Y_detail,tab_Y_workflowChart,tab_Y_workflowProcess,tab_Y_relate,tab_Y_file', NULL, '', NULL, NULL, 'N', NULL, 'Y', 3, 'b8ab9427-627b-469f-bfd0-4b1buser0001', '2022-08-08', 'b8ab9427-627b-469f-bfd0-4b1buser0001', '2022-08-08', 'EDIT');
INSERT INTO sys_page(id, name, objectType, pageType, parentId, workflowID, deriveWfType, deriveWfID, mapField, isStartPage, entityTypeID, extPageUrl, extPageCls, isSystem, remark, isValid, orderNum, creatorId, createdTime, modifyId, modifyTime, subType)
VALUES ('0fb04ac9-a3df-4112-bb2d-91c10f51a285', '分析需求', 'MRQ', 'FORM', NULL, 'ACT1ea8c-421a-4803-9183-98246f4c5d07', NULL, NULL, 'tab_Y_detail,tab_Y_workflowChart,tab_Y_workflowProcess,tab_Y_relate,tab_Y_file', NULL, '', NULL, NULL, 'N', NULL, 'Y', 4, 'b8ab9427-627b-469f-bfd0-4b1buser0001', '2022-08-08', 'b8ab9427-627b-469f-bfd0-4b1buser0001', '2022-08-08', 'EDIT');
INSERT INTO sys_page(id, name, objectType, pageType, parentId, workflowID, deriveWfType, deriveWfID, mapField, isStartPage, entityTypeID, extPageUrl, extPageCls, isSystem, remark, isValid, orderNum, creatorId, createdTime, modifyId, modifyTime, subType)
VALUES ('f3440cd8-ea74-49f8-9bd3-6f0fe3e8b88e', '需求分析', 'MRQ', 'FORM', NULL, 'ACT1ea8c-421a-4803-9183-98246f4c5d07', NULL, NULL, NULL, NULL, NULL, NULL, NULL, 'N', NULL, 'Y', 4, 'b8ab9427-627b-469f-bfd0-4b1buser0001', '2022-08-08', 'b8ab9427-627b-469f-bfd0-4b1buser0001', '2022-08-08', 'VIEW');
INSERT INTO sys_page(id, name, objectType, pageType, parentId, workflowID, deriveWfType, deriveWfID, mapField, isStartPage, entityTypeID, extPageUrl, extPageCls, isSystem, remark, isValid, orderNum, creatorId, createdTime, modifyId, modifyTime, subType)
VALUES ('72a6bb6f-70e2-4e76-be48-4af168ea059d', '需求文档化', 'MRQ', 'FORM', NULL, 'ACT1ea8c-421a-4803-9183-98246f4c5d07', NULL, NULL, 'tab_Y_detail,tab_Y_workflowChart,tab_Y_workflowProcess,tab_Y_relate,tab_Y_file', NULL, '', NULL, NULL, 'N', NULL, 'Y', 5, 'b8ab9427-627b-469f-bfd0-4b1buser0001', '2022-08-08', 'b8ab9427-627b-469f-bfd0-4b1buser0001', '2022-08-08', 'VIEW');
INSERT INTO sys_page(id, name, objectType, pageType, parentId, workflowID, deriveWfType, deriveWfID, mapField, isStartPage, entityTypeID, extPageUrl, extPageCls, isSystem, remark, isValid, orderNum, creatorId, createdTime, modifyId, modifyTime, subType)
VALUES ('ae2b426f-3c2d-440d-a999-dc3d0afa848f', '文档化需求', 'MRQ', 'FORM', NULL, 'ACT1ea8c-421a-4803-9183-98246f4c5d07', NULL, NULL, 'tab_Y_detail,tab_Y_workflowChart,tab_Y_workflowProcess,tab_Y_relate,tab_Y_file', NULL, '', NULL, NULL, 'N', NULL, 'Y', 5, 'b8ab9427-627b-469f-bfd0-4b1buser0001', '2022-08-08', 'b8ab9427-627b-469f-bfd0-4b1buser0001', '2022-08-08', 'EDIT');
INSERT INTO sys_page(id, name, objectType, pageType, parentId, workflowID, deriveWfType, deriveWfID, mapField, isStartPage, entityTypeID, extPageUrl, extPageCls, isSystem, remark, isValid, orderNum, creatorId, createdTime, modifyId, modifyTime, subType)
VALUES ('5cf59f64-5962-4781-bccc-c10a2f0171ad', '确认需求', 'MRQ', 'FORM', NULL, 'ACT1ea8c-421a-4803-9183-98246f4c5d07', NULL, NULL, 'tab_Y_detail,tab_Y_workflowChart,tab_Y_workflowProcess,tab_Y_relate,tab_Y_file', NULL, '', NULL, NULL, 'N', NULL, 'Y', 6, 'b8ab9427-627b-469f-bfd0-4b1buser0001', '2022-08-08', 'b8ab9427-627b-469f-bfd0-4b1buser0001', '2022-08-08', 'EDIT');
INSERT INTO sys_page(id, name, objectType, pageType, parentId, workflowID, deriveWfType, deriveWfID, mapField, isStartPage, entityTypeID, extPageUrl, extPageCls, isSystem, remark, isValid, orderNum, creatorId, createdTime, modifyId, modifyTime, subType)
VALUES ('5e305ee5-17b4-4525-9edf-31c52df616d1', '提交审核', 'MRQ', 'FORM', NULL, 'ACT1ea8c-421a-4803-9183-98246f4c5d07', NULL, NULL, 'tab_Y_detail,tab_Y_workflowChart,tab_Y_workflowProcess,tab_Y_relate,tab_Y_file', NULL, '', NULL, NULL, 'N', NULL, 'Y', 6, 'b8ab9427-627b-469f-bfd0-4b1buser0001', '2022-08-08', 'b8ab9427-627b-469f-bfd0-4b1buser0001', '2022-08-08', 'EDIT');
INSERT INTO sys_page(id, name, objectType, pageType, parentId, workflowID, deriveWfType, deriveWfID, mapField, isStartPage, entityTypeID, extPageUrl, extPageCls, isSystem, remark, isValid, orderNum, creatorId, createdTime, modifyId, modifyTime, subType)
VALUES ('8b16b478-3804-42e4-a117-7f65e6512c19', '需求确认', 'MRQ', 'FORM', NULL, 'ACT1ea8c-421a-4803-9183-98246f4c5d07', NULL, NULL, 'tab_Y_detail,tab_Y_workflowChart,tab_Y_workflowProcess,tab_Y_relate,tab_Y_file', NULL, '', NULL, NULL, 'N', NULL, 'Y', 6, 'b8ab9427-627b-469f-bfd0-4b1buser0001', '2022-08-08', 'b8ab9427-627b-469f-bfd0-4b1buser0001', '2022-08-08', 'VIEW');
INSERT INTO sys_page(id, name, objectType, pageType, parentId, workflowID, deriveWfType, deriveWfID, mapField, isStartPage, entityTypeID, extPageUrl, extPageCls, isSystem, remark, isValid, orderNum, creatorId, createdTime, modifyId, modifyTime, subType)
VALUES ('39368670-ddaa-4ac8-a1bd-06a27d58dea8', '需求跟踪', 'MRQ', 'FORM', NULL, 'ACT1ea8c-421a-4803-9183-98246f4c5d07', NULL, NULL, 'tab_Y_detail,tab_Y_workflowChart,tab_Y_workflowProcess,tab_Y_relate,tab_Y_file', NULL, '', NULL, NULL, 'N', NULL, 'Y', 7, 'b8ab9427-627b-469f-bfd0-4b1buser0001', '2022-08-08', 'b8ab9427-627b-469f-bfd0-4b1buser0001', '2022-08-08', 'VIEW');
INSERT INTO sys_page(id, name, objectType, pageType, parentId, workflowID, deriveWfType, deriveWfID, mapField, isStartPage, entityTypeID, extPageUrl, extPageCls, isSystem, remark, isValid, orderNum, creatorId, createdTime, modifyId, modifyTime, subType)
VALUES ('a3532277-4cbb-48f8-955a-87751e791b0f', '审核通过', 'MRQ', 'FORM', NULL, 'ACT1ea8c-421a-4803-9183-98246f4c5d07', NULL, NULL, 'tab_Y_detail,tab_Y_workflowChart,tab_Y_workflowProcess,tab_Y_relate,tab_Y_file', NULL, '', NULL, NULL, 'N', NULL, 'Y', 8, 'b8ab9427-627b-469f-bfd0-4b1buser0001', '2022-08-08', 'b8ab9427-627b-469f-bfd0-4b1buser0001', '2022-08-08', 'EDIT');
INSERT INTO sys_page(id, name, objectType, pageType, parentId, workflowID, deriveWfType, deriveWfID, mapField, isStartPage, entityTypeID, extPageUrl, extPageCls, isSystem, remark, isValid, orderNum, creatorId, createdTime, modifyId, modifyTime, subType)
VALUES ('c33d1812-d4c1-4b2b-a802-0235c5f2959a', '需求审核', 'MRQ', 'FORM', NULL, 'ACT1ea8c-421a-4803-9183-98246f4c5d07', NULL, NULL, 'tab_Y_detail,tab_Y_workflowChart,tab_Y_workflowProcess,tab_Y_relate,tab_Y_file', NULL, '', NULL, NULL, 'N', NULL, 'Y', 8, 'b8ab9427-627b-469f-bfd0-4b1buser0001', '2022-08-08', 'b8ab9427-627b-469f-bfd0-4b1buser0001', '2022-08-08', 'VIEW');
INSERT INTO sys_page(id, name, objectType, pageType, parentId, workflowID, deriveWfType, deriveWfID, mapField, isStartPage, entityTypeID, extPageUrl, extPageCls, isSystem, remark, isValid, orderNum, creatorId, createdTime, modifyId, modifyTime, subType)
VALUES ('286a5a93-70c7-4870-8535-26bb7c3085be', '结束', 'MRQ', 'FORM', NULL, 'ACT1ea8c-421a-4803-9183-98246f4c5d07', NULL, NULL, NULL, NULL, NULL, NULL, NULL, 'N', NULL, 'Y', 9, 'b8ab9427-627b-469f-bfd0-4b1buser0001', '2022-08-08', 'b8ab9427-627b-469f-bfd0-4b1buser0001', '2022-08-08', 'VIEW');
INSERT INTO sys_page(id, name, objectType, pageType, parentId, workflowID, deriveWfType, deriveWfID, mapField, isStartPage, entityTypeID, extPageUrl, extPageCls, isSystem, remark, isValid, orderNum, creatorId, createdTime, modifyId, modifyTime, subType)
VALUES ('4a32a830-01a5-4e57-bb87-b1eccd0b9cb3', '审核不通过', 'MRQ', 'FORM', NULL, 'ACT1ea8c-421a-4803-9183-98246f4c5d07', NULL, NULL, 'tab_Y_detail,tab_Y_workflowChart,tab_Y_workflowProcess,tab_Y_relate,tab_Y_file', NULL, '', NULL, NULL, 'N', NULL, 'Y', 9, 'b8ab9427-627b-469f-bfd0-4b1buser0001', '2022-08-08', 'b8ab9427-627b-469f-bfd0-4b1buser0001', '2022-08-08', 'EDIT');
INSERT INTO sys_page(id, name, objectType, pageType, parentId, workflowID, deriveWfType, deriveWfID, mapField, isStartPage, entityTypeID, extPageUrl, extPageCls, isSystem, remark, isValid, orderNum, creatorId, createdTime, modifyId, modifyTime, subType)
VALUES ('1bf41edf-29f5-44b3-bbcc-0b1a92d9290c', '拒绝需求', 'MRQ', 'FORM', NULL, 'ACT1ea8c-421a-4803-9183-98246f4c5d07', NULL, NULL, 'tab_Y_detail,tab_Y_workflowChart,tab_Y_workflowProcess,tab_Y_relate,tab_Y_file', NULL, '', NULL, NULL, 'N', NULL, 'Y', 10, 'b8ab9427-627b-469f-bfd0-4b1buser0001', '2022-08-08', 'b8ab9427-627b-469f-bfd0-4b1buser0001', '2022-08-08', 'EDIT');
INSERT INTO sys_page(id, name, objectType, pageType, parentId, workflowID, deriveWfType, deriveWfID, mapField, isStartPage, entityTypeID, extPageUrl, extPageCls, isSystem, remark, isValid, orderNum, creatorId, createdTime, modifyId, modifyTime, subType)
VALUES ('30f33bca-fabc-407d-9abd-d7d305f56f76', '派生用例', 'TSC', 'FORM', NULL, 'ACT1ea8c-421a-4803-9183-98246f4c5d07', NULL, NULL, '', NULL, '', NULL, NULL, 'N', NULL, 'N', 10, 'b8ab9427-627b-469f-bfd0-4b1buser0001', '2022-08-08', 'b8ab9427-627b-469f-bfd0-4b1buser0001', '2022-08-08', 'ADD');
INSERT INTO sys_page(id, name, objectType, pageType, parentId, workflowID, deriveWfType, deriveWfID, mapField, isStartPage, entityTypeID, extPageUrl, extPageCls, isSystem, remark, isValid, orderNum, creatorId, createdTime, modifyId, modifyTime, subType)
VALUES ('b68404f4-d428-4581-8cb8-b0ffdd045922', '需求跟踪', 'MRQ', 'FORM', NULL, 'ACT1ea8c-421a-4803-9183-98246f4c5d07', NULL, NULL, 'tab_Y_detail,tab_Y_workflowChart,tab_Y_workflowProcess,tab_Y_relate,tab_Y_file', NULL, '', NULL, NULL, 'N', NULL, 'Y', 12, 'b8ab9427-627b-469f-bfd0-4b1buser0001', '2022-08-08', 'b8ab9427-627b-469f-bfd0-4b1buser0001', '2022-08-08', 'EDIT');

INSERT INTO sys_pagefield_rlt(id, pageId, fieldId, orderNum, isRequired, isReaded, isReseted, isRecorded, isShowed, layout, isValid, module)
VALUES ('ea264354-bcab-493f-8952-ed5524a00c77', '0d0a06a8-064d-4e89-9e4d-f111bd5d5e44', 'e14556cf-4fb6-4618-a647-dbc43eb72d27', 1, 'Y', 'Y', NULL, NULL, 'Y', 'F', 'Y', NULL);
INSERT INTO sys_pagefield_rlt(id, pageId, fieldId, orderNum, isRequired, isReaded, isReseted, isRecorded, isShowed, layout, isValid, module)
VALUES ('9d17b292-c709-4f41-8108-31c5061b4448', '0d0a06a8-064d-4e89-9e4d-f111bd5d5e44', '08f6a06e-1f7f-4e16-8410-8203bea55893', 2, 'Y', 'Y', NULL, NULL, 'Y', 'T', 'Y', NULL);
INSERT INTO sys_pagefield_rlt(id, pageId, fieldId, orderNum, isRequired, isReaded, isReseted, isRecorded, isShowed, layout, isValid, module)
VALUES ('05210234-dee3-4519-bf0c-42e96f014ff5', '0d0a06a8-064d-4e89-9e4d-f111bd5d5e44', '20febe6d-3cfc-4add-904a-95eedb8f32ee', 3, 'Y', 'Y', NULL, NULL, 'Y', 'T', 'Y', NULL);
INSERT INTO sys_pagefield_rlt(id, pageId, fieldId, orderNum, isRequired, isReaded, isReseted, isRecorded, isShowed, layout, isValid, module)
VALUES ('60cc94da-fcca-4296-b80b-b194ab246402', '0d0a06a8-064d-4e89-9e4d-f111bd5d5e44', '957e8e6d-9a1c-4b2a-b583-b5a390b4283e', 4, 'Y', 'Y', NULL, NULL, 'Y', 'T', 'Y', NULL);
INSERT INTO sys_pagefield_rlt(id, pageId, fieldId, orderNum, isRequired, isReaded, isReseted, isRecorded, isShowed, layout, isValid, module)
VALUES ('3d9d9ec7-4528-44b2-a7c4-8d24fcbe4ef7', '0d0a06a8-064d-4e89-9e4d-f111bd5d5e44', '6d889525-fafc-4bc1-a2eb-c451945d604b', 5, 'Y', 'Y', NULL, NULL, 'Y', 'T', 'Y', NULL);
INSERT INTO sys_pagefield_rlt(id, pageId, fieldId, orderNum, isRequired, isReaded, isReseted, isRecorded, isShowed, layout, isValid, module)
VALUES ('9dfd0642-e74f-4372-9905-5782df465e93', '0d0a06a8-064d-4e89-9e4d-f111bd5d5e44', '2092835a-2eb7-410d-8761-a807f5d77622', 6, 'Y', 'Y', NULL, NULL, 'Y', 'T', 'Y', NULL);
INSERT INTO sys_pagefield_rlt(id, pageId, fieldId, orderNum, isRequired, isReaded, isReseted, isRecorded, isShowed, layout, isValid, module)
VALUES ('1749cba6-6ad4-4a03-a699-5868703e92c7', '0d0a06a8-064d-4e89-9e4d-f111bd5d5e44', '725e8ffe-5b5f-4cd1-ac6c-9aaba7516913', 7, 'Y', 'Y', NULL, NULL, 'Y', 'T', 'Y', NULL);
INSERT INTO sys_pagefield_rlt(id, pageId, fieldId, orderNum, isRequired, isReaded, isReseted, isRecorded, isShowed, layout, isValid, module)
VALUES ('1a7e84cf-a382-431b-8bc4-51036f95e69e', '0d0a06a8-064d-4e89-9e4d-f111bd5d5e44', '23298be0-5ea8-4cad-9433-734ed02fd774', 8, 'N', 'Y', NULL, NULL, 'Y', 'T', 'Y', NULL);
INSERT INTO sys_pagefield_rlt(id, pageId, fieldId, orderNum, isRequired, isReaded, isReseted, isRecorded, isShowed, layout, isValid, module)
VALUES ('2bae5ab2-4739-4921-b3cc-e732ebb786c5', '0d0a06a8-064d-4e89-9e4d-f111bd5d5e44', 'ddadf4ac-9491-4ad0-b834-8f70ef4b12fc', 9, 'N', 'Y', NULL, NULL, 'Y', 'T', 'Y', NULL);
INSERT INTO sys_pagefield_rlt(id, pageId, fieldId, orderNum, isRequired, isReaded, isReseted, isRecorded, isShowed, layout, isValid, module)
VALUES ('b8df648d-dcf0-47cf-8a2f-75466f847c8b', '0d0a06a8-064d-4e89-9e4d-f111bd5d5e44', '6d80077a-6fee-43bf-88d9-0cc4f9ebf7c8', 10, 'N', 'Y', NULL, NULL, 'Y', 'F', 'Y', NULL);
INSERT INTO sys_pagefield_rlt(id, pageId, fieldId, orderNum, isRequired, isReaded, isReseted, isRecorded, isShowed, layout, isValid, module)
VALUES ('fb64315c-7123-4743-ac5e-6a76aea27b6d', '0d0a06a8-064d-4e89-9e4d-f111bd5d5e44', '9f889b1f-a9bd-4f1f-8359-922036ff3333', 11, 'N', 'Y', NULL, NULL, 'Y', 'F', 'Y', NULL);
INSERT INTO sys_pagefield_rlt(id, pageId, fieldId, orderNum, isRequired, isReaded, isReseted, isRecorded, isShowed, layout, isValid, module)
VALUES ('8c4b7bbb-8c60-4119-8de2-aeb84f9ae058', '0d0a06a8-064d-4e89-9e4d-f111bd5d5e44', '4c308e7d-0d39-49d9-a8a6-1587ddb47bd6', 12, 'N', 'Y', NULL, NULL, 'Y', 'T', 'Y', NULL);
INSERT INTO sys_pagefield_rlt(id, pageId, fieldId, orderNum, isRequired, isReaded, isReseted, isRecorded, isShowed, layout, isValid, module)
VALUES ('bb9d8db5-d2ef-4182-b20d-65516c928aa6', '0d0a06a8-064d-4e89-9e4d-f111bd5d5e44', '10006cef-a890-424a-aecc-11c56d2bd75b', 13, 'N', 'Y', NULL, NULL, 'Y', 'T', 'Y', NULL);
INSERT INTO sys_pagefield_rlt(id, pageId, fieldId, orderNum, isRequired, isReaded, isReseted, isRecorded, isShowed, layout, isValid, module)
VALUES ('1523d21f-1875-43c7-998d-b2d1c8142a3d', '0d0a06a8-064d-4e89-9e4d-f111bd5d5e44', 'fccc1767-9979-47fd-b256-543bdec57fc6', 14, 'N', 'Y', NULL, NULL, 'Y', 'T', 'Y', NULL);
INSERT INTO sys_pagefield_rlt(id, pageId, fieldId, orderNum, isRequired, isReaded, isReseted, isRecorded, isShowed, layout, isValid, module)
VALUES ('951a8fe3-0f31-4a77-bf92-b9f423765635', '0d0a06a8-064d-4e89-9e4d-f111bd5d5e44', '3dd6856d-4efb-4453-97df-e13360791b04', 15, 'N', 'Y', NULL, NULL, 'Y', 'T', 'Y', NULL);
INSERT INTO sys_pagefield_rlt(id, pageId, fieldId, orderNum, isRequired, isReaded, isReseted, isRecorded, isShowed, layout, isValid, module)
VALUES ('50ce9924-3e2a-474b-a732-33c5b082abcf', '0d0a06a8-064d-4e89-9e4d-f111bd5d5e44', '2da0b798-80ff-440d-bdc4-0f78c9a27941', 16, 'N', 'Y', NULL, NULL, 'Y', 'F', 'Y', NULL);
INSERT INTO sys_pagefield_rlt(id, pageId, fieldId, orderNum, isRequired, isReaded, isReseted, isRecorded, isShowed, layout, isValid, module)
VALUES ('488c54d8-0845-4383-bdc8-cc9110f92645', '0d0a06a8-064d-4e89-9e4d-f111bd5d5e44', '72b3ee68-4a85-4762-86bb-78d1534bb5c0', 17, 'N', 'Y', NULL, NULL, 'Y', 'F', 'Y', NULL);
INSERT INTO sys_pagefield_rlt(id, pageId, fieldId, orderNum, isRequired, isReaded, isReseted, isRecorded, isShowed, layout, isValid, module)
VALUES ('7550e646-c32d-4774-9afa-3348cbefb4dc', '0fb04ac9-a3df-4112-bb2d-91c10f51a285', 'e14556cf-4fb6-4618-a647-dbc43eb72d27', 1, 'N', 'Y', NULL, NULL, 'Y', 'F', 'Y', NULL);
INSERT INTO sys_pagefield_rlt(id, pageId, fieldId, orderNum, isRequired, isReaded, isReseted, isRecorded, isShowed, layout, isValid, module)
VALUES ('cf0addba-c6a7-4bd1-a054-bbabdeed042a', '0fb04ac9-a3df-4112-bb2d-91c10f51a285', '08f6a06e-1f7f-4e16-8410-8203bea55893', 2, 'N', 'Y', NULL, NULL, 'Y', 'T', 'Y', NULL);
INSERT INTO sys_pagefield_rlt(id, pageId, fieldId, orderNum, isRequired, isReaded, isReseted, isRecorded, isShowed, layout, isValid, module)
VALUES ('da703d61-34e5-4bde-8c58-cfcdc870cb1a', '0fb04ac9-a3df-4112-bb2d-91c10f51a285', '20febe6d-3cfc-4add-904a-95eedb8f32ee', 3, 'Y', 'N', NULL, NULL, 'Y', 'T', 'Y', NULL);
INSERT INTO sys_pagefield_rlt(id, pageId, fieldId, orderNum, isRequired, isReaded, isReseted, isRecorded, isShowed, layout, isValid, module)
VALUES ('5796efdb-653e-4dce-b88d-5fbecc557c12', '0fb04ac9-a3df-4112-bb2d-91c10f51a285', '957e8e6d-9a1c-4b2a-b583-b5a390b4283e', 4, 'Y', 'N', NULL, NULL, 'Y', 'T', 'Y', NULL);
INSERT INTO sys_pagefield_rlt(id, pageId, fieldId, orderNum, isRequired, isReaded, isReseted, isRecorded, isShowed, layout, isValid, module)
VALUES ('89a5b38e-8c8d-4f79-912c-0f4c8568f76e', '0fb04ac9-a3df-4112-bb2d-91c10f51a285', '6d889525-fafc-4bc1-a2eb-c451945d604b', 5, 'Y', 'N', NULL, NULL, 'Y', 'T', 'Y', NULL);
INSERT INTO sys_pagefield_rlt(id, pageId, fieldId, orderNum, isRequired, isReaded, isReseted, isRecorded, isShowed, layout, isValid, module)
VALUES ('fe2627a6-44b8-4b42-8202-c7df85bdf619', '0fb04ac9-a3df-4112-bb2d-91c10f51a285', '2092835a-2eb7-410d-8761-a807f5d77622', 6, 'N', 'Y', NULL, NULL, 'Y', 'T', 'Y', NULL);
INSERT INTO sys_pagefield_rlt(id, pageId, fieldId, orderNum, isRequired, isReaded, isReseted, isRecorded, isShowed, layout, isValid, module)
VALUES ('49ba5100-f64f-4ba7-8328-c9398dd9c464', '0fb04ac9-a3df-4112-bb2d-91c10f51a285', '725e8ffe-5b5f-4cd1-ac6c-9aaba7516913', 7, 'N', 'Y', NULL, NULL, 'Y', 'T', 'Y', NULL);
INSERT INTO sys_pagefield_rlt(id, pageId, fieldId, orderNum, isRequired, isReaded, isReseted, isRecorded, isShowed, layout, isValid, module)
VALUES ('2f7d5713-afb0-4fd8-ad0a-72a753374d43', '0fb04ac9-a3df-4112-bb2d-91c10f51a285', '23298be0-5ea8-4cad-9433-734ed02fd774', 8, 'Y', 'N', NULL, NULL, 'Y', 'T', 'Y', NULL);
INSERT INTO sys_pagefield_rlt(id, pageId, fieldId, orderNum, isRequired, isReaded, isReseted, isRecorded, isShowed, layout, isValid, module)
VALUES ('aad61b40-803a-4eb8-9208-53168f6740bd', '0fb04ac9-a3df-4112-bb2d-91c10f51a285', 'ddadf4ac-9491-4ad0-b834-8f70ef4b12fc', 9, 'N', 'Y', NULL, NULL, 'Y', 'T', 'Y', NULL);
INSERT INTO sys_pagefield_rlt(id, pageId, fieldId, orderNum, isRequired, isReaded, isReseted, isRecorded, isShowed, layout, isValid, module)
VALUES ('d1f47a50-689a-4f2d-b63f-e6eb6a39f060', '0fb04ac9-a3df-4112-bb2d-91c10f51a285', '6d80077a-6fee-43bf-88d9-0cc4f9ebf7c8', 10, 'N', 'N', NULL, NULL, 'Y', 'F', 'Y', NULL);
INSERT INTO sys_pagefield_rlt(id, pageId, fieldId, orderNum, isRequired, isReaded, isReseted, isRecorded, isShowed, layout, isValid, module)
VALUES ('7425bba7-eaf1-440b-aabe-cd4217e592e2', '0fb04ac9-a3df-4112-bb2d-91c10f51a285', '9f889b1f-a9bd-4f1f-8359-922036ff3333', 11, 'N', 'N', NULL, NULL, 'Y', 'F', 'Y', NULL);
INSERT INTO sys_pagefield_rlt(id, pageId, fieldId, orderNum, isRequired, isReaded, isReseted, isRecorded, isShowed, layout, isValid, module)
VALUES ('0acdbade-5be9-4f4c-b93e-b01ac9a8b32d', '0fb04ac9-a3df-4112-bb2d-91c10f51a285', '4c308e7d-0d39-49d9-a8a6-1587ddb47bd6', 12, 'N', 'Y', NULL, NULL, 'Y', 'T', 'Y', NULL);
INSERT INTO sys_pagefield_rlt(id, pageId, fieldId, orderNum, isRequired, isReaded, isReseted, isRecorded, isShowed, layout, isValid, module)
VALUES ('f6cfa3b2-4d56-42be-91d5-180a827f479e', '0fb04ac9-a3df-4112-bb2d-91c10f51a285', '10006cef-a890-424a-aecc-11c56d2bd75b', 13, 'N', 'Y', NULL, NULL, 'Y', 'T', 'Y', NULL);
INSERT INTO sys_pagefield_rlt(id, pageId, fieldId, orderNum, isRequired, isReaded, isReseted, isRecorded, isShowed, layout, isValid, module)
VALUES ('ae91c905-fe28-4a85-a4b9-fee4799e63ed', '0fb04ac9-a3df-4112-bb2d-91c10f51a285', 'fccc1767-9979-47fd-b256-543bdec57fc6', 14, 'N', 'Y', NULL, NULL, 'Y', 'T', 'Y', NULL);
INSERT INTO sys_pagefield_rlt(id, pageId, fieldId, orderNum, isRequired, isReaded, isReseted, isRecorded, isShowed, layout, isValid, module)
VALUES ('12592c51-d43f-4a18-bfcd-5b4d74669e1e', '0fb04ac9-a3df-4112-bb2d-91c10f51a285', '3dd6856d-4efb-4453-97df-e13360791b04', 15, 'N', 'Y', NULL, NULL, 'Y', 'T', 'Y', NULL);
INSERT INTO sys_pagefield_rlt(id, pageId, fieldId, orderNum, isRequired, isReaded, isReseted, isRecorded, isShowed, layout, isValid, module)
VALUES ('5563e080-0489-430c-a242-82dcc4e2ec1f', '0fb04ac9-a3df-4112-bb2d-91c10f51a285', '2da0b798-80ff-440d-bdc4-0f78c9a27941', 16, 'N', 'Y', NULL, NULL, 'Y', 'F', 'Y', NULL);
INSERT INTO sys_pagefield_rlt(id, pageId, fieldId, orderNum, isRequired, isReaded, isReseted, isRecorded, isShowed, layout, isValid, module)
VALUES ('ddc31185-8903-40cf-baa8-2d626866c978', '0fb04ac9-a3df-4112-bb2d-91c10f51a285', '72b3ee68-4a85-4762-86bb-78d1534bb5c0', 17, 'N', 'N', NULL, NULL, 'Y', 'F', 'Y', NULL);
INSERT INTO sys_pagefield_rlt(id, pageId, fieldId, orderNum, isRequired, isReaded, isReseted, isRecorded, isShowed, layout, isValid, module)
VALUES ('1a337c3c-02fb-4785-9514-344fe924b6f1', '0fb04ac9-a3df-4112-bb2d-91c10f51a285', 'e4db2acb-aae5-4554-9eb3-dbe90281431f', 18, 'Y', 'N', NULL, NULL, 'Y', 'F', 'Y', NULL);
INSERT INTO sys_pagefield_rlt(id, pageId, fieldId, orderNum, isRequired, isReaded, isReseted, isRecorded, isShowed, layout, isValid, module)
VALUES ('3e7b766b-e6b1-4795-8779-e3b441437940', '166805a5-6c3e-4e71-8b48-b1d5796714e1', 'e14556cf-4fb6-4618-a647-dbc43eb72d27', 1, 'Y', 'N', NULL, NULL, 'Y', 'F', 'Y', NULL);
INSERT INTO sys_pagefield_rlt(id, pageId, fieldId, orderNum, isRequired, isReaded, isReseted, isRecorded, isShowed, layout, isValid, module)
VALUES ('72b5024b-7dea-4965-ad9a-292670ff6b98', '166805a5-6c3e-4e71-8b48-b1d5796714e1', '08f6a06e-1f7f-4e16-8410-8203bea55893', 2, 'Y', 'N', NULL, NULL, 'Y', 'T', 'Y', NULL);
INSERT INTO sys_pagefield_rlt(id, pageId, fieldId, orderNum, isRequired, isReaded, isReseted, isRecorded, isShowed, layout, isValid, module)
VALUES ('9a7331f3-6912-4336-bd1b-fa2c1cc85f7d', '166805a5-6c3e-4e71-8b48-b1d5796714e1', '20febe6d-3cfc-4add-904a-95eedb8f32ee', 3, 'Y', 'N', NULL, NULL, 'Y', 'T', 'Y', NULL);
INSERT INTO sys_pagefield_rlt(id, pageId, fieldId, orderNum, isRequired, isReaded, isReseted, isRecorded, isShowed, layout, isValid, module)
VALUES ('1d4e7d63-f36c-4441-b2f2-aeed03ab1909', '166805a5-6c3e-4e71-8b48-b1d5796714e1', '957e8e6d-9a1c-4b2a-b583-b5a390b4283e', 4, 'Y', 'N', NULL, NULL, 'Y', 'T', 'Y', NULL);
INSERT INTO sys_pagefield_rlt(id, pageId, fieldId, orderNum, isRequired, isReaded, isReseted, isRecorded, isShowed, layout, isValid, module)
VALUES ('7b5135c2-3ca1-48c5-bf36-8e30a315f887', '166805a5-6c3e-4e71-8b48-b1d5796714e1', '6d889525-fafc-4bc1-a2eb-c451945d604b', 5, 'Y', 'N', NULL, NULL, 'Y', 'T', 'Y', NULL);
INSERT INTO sys_pagefield_rlt(id, pageId, fieldId, orderNum, isRequired, isReaded, isReseted, isRecorded, isShowed, layout, isValid, module)
VALUES ('f17f4aab-7c6b-4200-9a5e-27b369bc9c5b', '166805a5-6c3e-4e71-8b48-b1d5796714e1', '2092835a-2eb7-410d-8761-a807f5d77622', 6, 'Y', 'N', NULL, NULL, 'Y', 'T', 'Y', NULL);
INSERT INTO sys_pagefield_rlt(id, pageId, fieldId, orderNum, isRequired, isReaded, isReseted, isRecorded, isShowed, layout, isValid, module)
VALUES ('8f4f89dc-2dc3-45c3-9911-821472d19494', '166805a5-6c3e-4e71-8b48-b1d5796714e1', '725e8ffe-5b5f-4cd1-ac6c-9aaba7516913', 7, 'Y', 'N', NULL, NULL, 'Y', 'T', 'Y', NULL);
INSERT INTO sys_pagefield_rlt(id, pageId, fieldId, orderNum, isRequired, isReaded, isReseted, isRecorded, isShowed, layout, isValid, module)
VALUES ('9c9259c7-dc6f-46fa-8960-8b848e0f8d41', '166805a5-6c3e-4e71-8b48-b1d5796714e1', '23298be0-5ea8-4cad-9433-734ed02fd774', 8, 'N', 'N', NULL, NULL, 'Y', 'T', 'Y', NULL);
INSERT INTO sys_pagefield_rlt(id, pageId, fieldId, orderNum, isRequired, isReaded, isReseted, isRecorded, isShowed, layout, isValid, module)
VALUES ('4dad0e84-b813-4516-a5b3-9bcbcd05a03e', '166805a5-6c3e-4e71-8b48-b1d5796714e1', 'ddadf4ac-9491-4ad0-b834-8f70ef4b12fc', 9, 'N', 'N', NULL, NULL, 'Y', 'T', 'Y', NULL);
INSERT INTO sys_pagefield_rlt(id, pageId, fieldId, orderNum, isRequired, isReaded, isReseted, isRecorded, isShowed, layout, isValid, module)
VALUES ('bffc28f7-cb71-4d87-9f5f-4113430cae6d', '166805a5-6c3e-4e71-8b48-b1d5796714e1', '6d80077a-6fee-43bf-88d9-0cc4f9ebf7c8', 10, 'N', 'N', NULL, NULL, 'Y', 'F', 'Y', NULL);
INSERT INTO sys_pagefield_rlt(id, pageId, fieldId, orderNum, isRequired, isReaded, isReseted, isRecorded, isShowed, layout, isValid, module)
VALUES ('8d002e22-290d-4a57-9831-3eb7850175d3', '166805a5-6c3e-4e71-8b48-b1d5796714e1', '9f889b1f-a9bd-4f1f-8359-922036ff3333', 11, 'N', 'N', NULL, NULL, 'Y', 'F', 'Y', NULL);
INSERT INTO sys_pagefield_rlt(id, pageId, fieldId, orderNum, isRequired, isReaded, isReseted, isRecorded, isShowed, layout, isValid, module)
VALUES ('02468495-a242-486b-a508-7665f253d7dc', '166805a5-6c3e-4e71-8b48-b1d5796714e1', '4c308e7d-0d39-49d9-a8a6-1587ddb47bd6', 12, 'N', 'N', NULL, NULL, 'Y', 'T', 'Y', NULL);
INSERT INTO sys_pagefield_rlt(id, pageId, fieldId, orderNum, isRequired, isReaded, isReseted, isRecorded, isShowed, layout, isValid, module)
VALUES ('24fa4b61-e74d-4c5a-9d25-a91a8a91b6fa', '166805a5-6c3e-4e71-8b48-b1d5796714e1', '10006cef-a890-424a-aecc-11c56d2bd75b', 13, 'N', 'N', NULL, NULL, 'Y', 'T', 'Y', NULL);
INSERT INTO sys_pagefield_rlt(id, pageId, fieldId, orderNum, isRequired, isReaded, isReseted, isRecorded, isShowed, layout, isValid, module)
VALUES ('024aef6e-b266-4ee0-b70f-dfabb3684a46', '166805a5-6c3e-4e71-8b48-b1d5796714e1', 'fccc1767-9979-47fd-b256-543bdec57fc6', 14, 'N', 'N', NULL, NULL, 'Y', 'T', 'Y', NULL);
INSERT INTO sys_pagefield_rlt(id, pageId, fieldId, orderNum, isRequired, isReaded, isReseted, isRecorded, isShowed, layout, isValid, module)
VALUES ('c8ac1c92-b0bd-4cad-b93f-7874b839da2e', '166805a5-6c3e-4e71-8b48-b1d5796714e1', '3dd6856d-4efb-4453-97df-e13360791b04', 15, 'N', 'N', NULL, NULL, 'Y', 'T', 'Y', NULL);
INSERT INTO sys_pagefield_rlt(id, pageId, fieldId, orderNum, isRequired, isReaded, isReseted, isRecorded, isShowed, layout, isValid, module)
VALUES ('3c7e5430-3794-448a-bb82-d37cbebb21fa', '166805a5-6c3e-4e71-8b48-b1d5796714e1', '2da0b798-80ff-440d-bdc4-0f78c9a27941', 16, 'N', 'N', NULL, NULL, 'Y', 'F', 'Y', NULL);
INSERT INTO sys_pagefield_rlt(id, pageId, fieldId, orderNum, isRequired, isReaded, isReseted, isRecorded, isShowed, layout, isValid, module)
VALUES ('8c28986b-a735-4f01-8881-a7200bc95a7b', '166805a5-6c3e-4e71-8b48-b1d5796714e1', '72b3ee68-4a85-4762-86bb-78d1534bb5c0', 17, 'N', 'N', NULL, NULL, 'Y', 'F', 'Y', NULL);
INSERT INTO sys_pagefield_rlt(id, pageId, fieldId, orderNum, isRequired, isReaded, isReseted, isRecorded, isShowed, layout, isValid, module)
VALUES ('78be2374-d440-4c42-856f-8638ce471167', '193d5d17-3835-4d3a-ba9f-c392eea5d898', 'e14556cf-4fb6-4618-a647-dbc43eb72d27', 1, 'N', 'Y', NULL, NULL, 'Y', 'F', 'Y', NULL);
INSERT INTO sys_pagefield_rlt(id, pageId, fieldId, orderNum, isRequired, isReaded, isReseted, isRecorded, isShowed, layout, isValid, module)
VALUES ('946d082f-59df-419b-a359-e7e4c0e67e0e', '193d5d17-3835-4d3a-ba9f-c392eea5d898', '08f6a06e-1f7f-4e16-8410-8203bea55893', 2, 'N', 'Y', NULL, NULL, 'Y', 'T', 'Y', NULL);
INSERT INTO sys_pagefield_rlt(id, pageId, fieldId, orderNum, isRequired, isReaded, isReseted, isRecorded, isShowed, layout, isValid, module)
VALUES ('ebd626f2-2a55-4f63-aaba-7d493f2048c1', '193d5d17-3835-4d3a-ba9f-c392eea5d898', '20febe6d-3cfc-4add-904a-95eedb8f32ee', 3, 'Y', 'N', NULL, NULL, 'Y', 'T', 'Y', NULL);
INSERT INTO sys_pagefield_rlt(id, pageId, fieldId, orderNum, isRequired, isReaded, isReseted, isRecorded, isShowed, layout, isValid, module)
VALUES ('bd818193-2d44-4f36-8e68-c407a115ffe4', '193d5d17-3835-4d3a-ba9f-c392eea5d898', '957e8e6d-9a1c-4b2a-b583-b5a390b4283e', 4, 'Y', 'N', NULL, NULL, 'Y', 'T', 'Y', NULL);
INSERT INTO sys_pagefield_rlt(id, pageId, fieldId, orderNum, isRequired, isReaded, isReseted, isRecorded, isShowed, layout, isValid, module)
VALUES ('9608d6a7-f5a4-4a26-af59-d546e6be5bcf', '193d5d17-3835-4d3a-ba9f-c392eea5d898', '6d889525-fafc-4bc1-a2eb-c451945d604b', 5, 'Y', 'N', NULL, NULL, 'Y', 'T', 'Y', NULL);
INSERT INTO sys_pagefield_rlt(id, pageId, fieldId, orderNum, isRequired, isReaded, isReseted, isRecorded, isShowed, layout, isValid, module)
VALUES ('fe04f851-b910-4328-bb3e-5e8b099c851b', '193d5d17-3835-4d3a-ba9f-c392eea5d898', '2092835a-2eb7-410d-8761-a807f5d77622', 6, 'N', 'Y', NULL, NULL, 'Y', 'T', 'Y', NULL);
INSERT INTO sys_pagefield_rlt(id, pageId, fieldId, orderNum, isRequired, isReaded, isReseted, isRecorded, isShowed, layout, isValid, module)
VALUES ('77155a75-041b-4845-b039-f383b91b8b3b', '193d5d17-3835-4d3a-ba9f-c392eea5d898', '725e8ffe-5b5f-4cd1-ac6c-9aaba7516913', 7, 'Y', 'N', NULL, NULL, 'Y', 'T', 'Y', NULL);
INSERT INTO sys_pagefield_rlt(id, pageId, fieldId, orderNum, isRequired, isReaded, isReseted, isRecorded, isShowed, layout, isValid, module)
VALUES ('74a11e2c-60c4-44fd-b8ad-2d7c784a008d', '193d5d17-3835-4d3a-ba9f-c392eea5d898', '23298be0-5ea8-4cad-9433-734ed02fd774', 8, 'N', 'Y', NULL, NULL, 'Y', 'T', 'Y', NULL);
INSERT INTO sys_pagefield_rlt(id, pageId, fieldId, orderNum, isRequired, isReaded, isReseted, isRecorded, isShowed, layout, isValid, module)
VALUES ('12e284d9-3837-4649-9d6a-ee371cc71b05', '193d5d17-3835-4d3a-ba9f-c392eea5d898', 'ddadf4ac-9491-4ad0-b834-8f70ef4b12fc', 9, 'N', 'Y', NULL, NULL, 'Y', 'T', 'Y', NULL);
INSERT INTO sys_pagefield_rlt(id, pageId, fieldId, orderNum, isRequired, isReaded, isReseted, isRecorded, isShowed, layout, isValid, module)
VALUES ('018a6a23-0e6f-4c7d-b6e2-4c7b4e525fb0', '193d5d17-3835-4d3a-ba9f-c392eea5d898', '6d80077a-6fee-43bf-88d9-0cc4f9ebf7c8', 10, 'N', 'N', NULL, NULL, 'Y', 'F', 'Y', NULL);
INSERT INTO sys_pagefield_rlt(id, pageId, fieldId, orderNum, isRequired, isReaded, isReseted, isRecorded, isShowed, layout, isValid, module)
VALUES ('c4c8d2af-be95-405d-a619-314a268d58bc', '193d5d17-3835-4d3a-ba9f-c392eea5d898', '9f889b1f-a9bd-4f1f-8359-922036ff3333', 11, 'N', 'N', NULL, NULL, 'Y', 'F', 'Y', NULL);
INSERT INTO sys_pagefield_rlt(id, pageId, fieldId, orderNum, isRequired, isReaded, isReseted, isRecorded, isShowed, layout, isValid, module)
VALUES ('412cc980-0d53-48ed-855a-fed00da83fd7', '193d5d17-3835-4d3a-ba9f-c392eea5d898', '4c308e7d-0d39-49d9-a8a6-1587ddb47bd6', 12, 'N', 'Y', NULL, NULL, 'Y', 'T', 'Y', NULL);
INSERT INTO sys_pagefield_rlt(id, pageId, fieldId, orderNum, isRequired, isReaded, isReseted, isRecorded, isShowed, layout, isValid, module)
VALUES ('811de37a-75ad-4261-b452-88120006e25a', '193d5d17-3835-4d3a-ba9f-c392eea5d898', '10006cef-a890-424a-aecc-11c56d2bd75b', 13, 'N', 'Y', NULL, NULL, 'Y', 'T', 'Y', NULL);
INSERT INTO sys_pagefield_rlt(id, pageId, fieldId, orderNum, isRequired, isReaded, isReseted, isRecorded, isShowed, layout, isValid, module)
VALUES ('e082262a-9c6f-4c29-80c7-a5792b8d4b75', '193d5d17-3835-4d3a-ba9f-c392eea5d898', 'fccc1767-9979-47fd-b256-543bdec57fc6', 14, 'N', 'Y', NULL, NULL, 'Y', 'T', 'Y', NULL);
INSERT INTO sys_pagefield_rlt(id, pageId, fieldId, orderNum, isRequired, isReaded, isReseted, isRecorded, isShowed, layout, isValid, module)
VALUES ('eec76d30-59b2-4151-b656-95ae62590b11', '193d5d17-3835-4d3a-ba9f-c392eea5d898', '3dd6856d-4efb-4453-97df-e13360791b04', 15, 'N', 'Y', NULL, NULL, 'Y', 'T', 'Y', NULL);
INSERT INTO sys_pagefield_rlt(id, pageId, fieldId, orderNum, isRequired, isReaded, isReseted, isRecorded, isShowed, layout, isValid, module)
VALUES ('93d16590-6e1e-4bc0-90cf-62aa709055a0', '193d5d17-3835-4d3a-ba9f-c392eea5d898', '2da0b798-80ff-440d-bdc4-0f78c9a27941', 16, 'N', 'Y', NULL, NULL, 'Y', 'F', 'Y', NULL);
INSERT INTO sys_pagefield_rlt(id, pageId, fieldId, orderNum, isRequired, isReaded, isReseted, isRecorded, isShowed, layout, isValid, module)
VALUES ('81ffe9fc-ced6-4f39-ab3c-ff4073f9bedb', '193d5d17-3835-4d3a-ba9f-c392eea5d898', '72b3ee68-4a85-4762-86bb-78d1534bb5c0', 17, 'N', 'N', NULL, NULL, 'Y', 'F', 'Y', NULL);
INSERT INTO sys_pagefield_rlt(id, pageId, fieldId, orderNum, isRequired, isReaded, isReseted, isRecorded, isShowed, layout, isValid, module)
VALUES ('ff8c8273-7a47-49da-b672-43e34d2b8670', '1bf41edf-29f5-44b3-bbcc-0b1a92d9290c', 'e14556cf-4fb6-4618-a647-dbc43eb72d27', 1, 'N', 'Y', NULL, NULL, 'Y', 'F', 'Y', NULL);
INSERT INTO sys_pagefield_rlt(id, pageId, fieldId, orderNum, isRequired, isReaded, isReseted, isRecorded, isShowed, layout, isValid, module)
VALUES ('c3698e7a-9a6c-4d69-93ae-c3a328ce7f00', '1bf41edf-29f5-44b3-bbcc-0b1a92d9290c', '08f6a06e-1f7f-4e16-8410-8203bea55893', 2, 'N', 'Y', NULL, NULL, 'Y', 'T', 'Y', NULL);
INSERT INTO sys_pagefield_rlt(id, pageId, fieldId, orderNum, isRequired, isReaded, isReseted, isRecorded, isShowed, layout, isValid, module)
VALUES ('2eeafd1e-9918-4255-bf5b-e209a70f9056', '1bf41edf-29f5-44b3-bbcc-0b1a92d9290c', '20febe6d-3cfc-4add-904a-95eedb8f32ee', 3, 'Y', 'N', NULL, NULL, 'Y', 'T', 'Y', NULL);
INSERT INTO sys_pagefield_rlt(id, pageId, fieldId, orderNum, isRequired, isReaded, isReseted, isRecorded, isShowed, layout, isValid, module)
VALUES ('ab9c110d-78a4-4b72-8fe4-c29442099737', '1bf41edf-29f5-44b3-bbcc-0b1a92d9290c', '957e8e6d-9a1c-4b2a-b583-b5a390b4283e', 4, 'Y', 'N', NULL, NULL, 'Y', 'T', 'Y', NULL);
INSERT INTO sys_pagefield_rlt(id, pageId, fieldId, orderNum, isRequired, isReaded, isReseted, isRecorded, isShowed, layout, isValid, module)
VALUES ('8e6fb8cb-0253-46b1-a8cd-d815b3c606a0', '1bf41edf-29f5-44b3-bbcc-0b1a92d9290c', '6d889525-fafc-4bc1-a2eb-c451945d604b', 5, 'Y', 'N', NULL, NULL, 'Y', 'T', 'Y', NULL);
INSERT INTO sys_pagefield_rlt(id, pageId, fieldId, orderNum, isRequired, isReaded, isReseted, isRecorded, isShowed, layout, isValid, module)
VALUES ('67f12e45-fbfc-40cd-906d-7d3cbc692040', '1bf41edf-29f5-44b3-bbcc-0b1a92d9290c', '2092835a-2eb7-410d-8761-a807f5d77622', 6, 'N', 'Y', NULL, NULL, 'Y', 'T', 'Y', NULL);
INSERT INTO sys_pagefield_rlt(id, pageId, fieldId, orderNum, isRequired, isReaded, isReseted, isRecorded, isShowed, layout, isValid, module)
VALUES ('2eb9f6e0-0b63-4d21-a640-3457dd48ab44', '1bf41edf-29f5-44b3-bbcc-0b1a92d9290c', '725e8ffe-5b5f-4cd1-ac6c-9aaba7516913', 7, 'N', 'Y', NULL, NULL, 'Y', 'T', 'Y', NULL);
INSERT INTO sys_pagefield_rlt(id, pageId, fieldId, orderNum, isRequired, isReaded, isReseted, isRecorded, isShowed, layout, isValid, module)
VALUES ('b9d903e8-22cf-461b-a244-11ed12191048', '1bf41edf-29f5-44b3-bbcc-0b1a92d9290c', '23298be0-5ea8-4cad-9433-734ed02fd774', 8, 'Y', 'N', NULL, NULL, 'Y', 'T', 'Y', NULL);
INSERT INTO sys_pagefield_rlt(id, pageId, fieldId, orderNum, isRequired, isReaded, isReseted, isRecorded, isShowed, layout, isValid, module)
VALUES ('e9db250d-ace0-4b97-8b18-025e8da48db6', '1bf41edf-29f5-44b3-bbcc-0b1a92d9290c', 'ddadf4ac-9491-4ad0-b834-8f70ef4b12fc', 9, 'N', 'Y', NULL, NULL, 'Y', 'T', 'Y', NULL);
INSERT INTO sys_pagefield_rlt(id, pageId, fieldId, orderNum, isRequired, isReaded, isReseted, isRecorded, isShowed, layout, isValid, module)
VALUES ('b384c19a-94ef-4b0a-88e4-5805f24391db', '1bf41edf-29f5-44b3-bbcc-0b1a92d9290c', '6d80077a-6fee-43bf-88d9-0cc4f9ebf7c8', 10, 'N', 'N', NULL, NULL, 'Y', 'F', 'Y', NULL);
INSERT INTO sys_pagefield_rlt(id, pageId, fieldId, orderNum, isRequired, isReaded, isReseted, isRecorded, isShowed, layout, isValid, module)
VALUES ('e4310842-cd1d-46af-8a47-2cc0832ea9dc', '1bf41edf-29f5-44b3-bbcc-0b1a92d9290c', '9f889b1f-a9bd-4f1f-8359-922036ff3333', 11, 'N', 'N', NULL, NULL, 'Y', 'F', 'Y', NULL);
INSERT INTO sys_pagefield_rlt(id, pageId, fieldId, orderNum, isRequired, isReaded, isReseted, isRecorded, isShowed, layout, isValid, module)
VALUES ('394b9720-0c82-4694-a235-1449a2382388', '1bf41edf-29f5-44b3-bbcc-0b1a92d9290c', '4c308e7d-0d39-49d9-a8a6-1587ddb47bd6', 12, 'N', 'Y', NULL, NULL, 'Y', 'T', 'Y', NULL);
INSERT INTO sys_pagefield_rlt(id, pageId, fieldId, orderNum, isRequired, isReaded, isReseted, isRecorded, isShowed, layout, isValid, module)
VALUES ('abed1487-80c8-4402-8f58-6be41dd33cf5', '1bf41edf-29f5-44b3-bbcc-0b1a92d9290c', '10006cef-a890-424a-aecc-11c56d2bd75b', 13, 'N', 'Y', NULL, NULL, 'Y', 'T', 'Y', NULL);
INSERT INTO sys_pagefield_rlt(id, pageId, fieldId, orderNum, isRequired, isReaded, isReseted, isRecorded, isShowed, layout, isValid, module)
VALUES ('9fbd7bdf-874b-4253-93ce-1a915f626dad', '1bf41edf-29f5-44b3-bbcc-0b1a92d9290c', 'fccc1767-9979-47fd-b256-543bdec57fc6', 14, 'N', 'Y', NULL, NULL, 'Y', 'T', 'Y', NULL);
INSERT INTO sys_pagefield_rlt(id, pageId, fieldId, orderNum, isRequired, isReaded, isReseted, isRecorded, isShowed, layout, isValid, module)
VALUES ('b977f890-bcdf-41f7-a47b-07d087637397', '1bf41edf-29f5-44b3-bbcc-0b1a92d9290c', '3dd6856d-4efb-4453-97df-e13360791b04', 15, 'N', 'Y', NULL, NULL, 'Y', 'T', 'Y', NULL);
INSERT INTO sys_pagefield_rlt(id, pageId, fieldId, orderNum, isRequired, isReaded, isReseted, isRecorded, isShowed, layout, isValid, module)
VALUES ('555f9bf1-f0a6-4ef2-bddd-a9d581ad1af7', '1bf41edf-29f5-44b3-bbcc-0b1a92d9290c', '2da0b798-80ff-440d-bdc4-0f78c9a27941', 16, 'N', 'Y', NULL, NULL, 'Y', 'F', 'Y', NULL);
INSERT INTO sys_pagefield_rlt(id, pageId, fieldId, orderNum, isRequired, isReaded, isReseted, isRecorded, isShowed, layout, isValid, module)
VALUES ('8dd8695e-1a55-44f3-b493-8892a5c4adec', '1bf41edf-29f5-44b3-bbcc-0b1a92d9290c', '72b3ee68-4a85-4762-86bb-78d1534bb5c0', 17, 'N', 'N', NULL, NULL, 'Y', 'F', 'Y', NULL);
INSERT INTO sys_pagefield_rlt(id, pageId, fieldId, orderNum, isRequired, isReaded, isReseted, isRecorded, isShowed, layout, isValid, module)
VALUES ('f0e18f22-94e9-49de-a14b-32f5a89f808e', '1bf41edf-29f5-44b3-bbcc-0b1a92d9290c', 'e4db2acb-aae5-4554-9eb3-dbe90281431f', 18, 'N', 'Y', NULL, NULL, 'Y', 'F', 'Y', NULL);
INSERT INTO sys_pagefield_rlt(id, pageId, fieldId, orderNum, isRequired, isReaded, isReseted, isRecorded, isShowed, layout, isValid, module)
VALUES ('33de0a77-53f3-4041-8bf3-c0156e310328', '1bf41edf-29f5-44b3-bbcc-0b1a92d9290c', 'f045f945-06bd-4535-975d-d53a0a1affa0', 19, 'N', 'N', NULL, NULL, 'Y', 'F', 'Y', NULL);
INSERT INTO sys_pagefield_rlt(id, pageId, fieldId, orderNum, isRequired, isReaded, isReseted, isRecorded, isShowed, layout, isValid, module)
VALUES ('824135a3-7a46-43fb-bb71-d7c346745ee6', '1bf41edf-29f5-44b3-bbcc-0b1a92d9290c', 'd14d402b-3358-401a-a662-d3773fe57cba', 20, 'N', 'N', NULL, NULL, 'Y', 'F', 'Y', NULL);
INSERT INTO sys_pagefield_rlt(id, pageId, fieldId, orderNum, isRequired, isReaded, isReseted, isRecorded, isShowed, layout, isValid, module)
VALUES ('886793cb-206b-4e16-b5af-40a8aa89fc27', '286a5a93-70c7-4870-8535-26bb7c3085be', 'e14556cf-4fb6-4618-a647-dbc43eb72d27', 1, 'N', 'Y', NULL, NULL, 'Y', 'F', 'Y', NULL);
INSERT INTO sys_pagefield_rlt(id, pageId, fieldId, orderNum, isRequired, isReaded, isReseted, isRecorded, isShowed, layout, isValid, module)
VALUES ('06b580c5-668f-4212-9d24-6bd3e1403e4e', '286a5a93-70c7-4870-8535-26bb7c3085be', '08f6a06e-1f7f-4e16-8410-8203bea55893', 2, 'N', 'Y', NULL, NULL, 'Y', 'T', 'Y', NULL);
INSERT INTO sys_pagefield_rlt(id, pageId, fieldId, orderNum, isRequired, isReaded, isReseted, isRecorded, isShowed, layout, isValid, module)
VALUES ('b7a79b32-85ee-42eb-a7cf-bbc76b73c427', '286a5a93-70c7-4870-8535-26bb7c3085be', '20febe6d-3cfc-4add-904a-95eedb8f32ee', 3, 'Y', 'Y', NULL, NULL, 'Y', 'T', 'Y', NULL);
INSERT INTO sys_pagefield_rlt(id, pageId, fieldId, orderNum, isRequired, isReaded, isReseted, isRecorded, isShowed, layout, isValid, module)
VALUES ('100f9dc2-f9b6-413e-9a51-d46baacc11f6', '286a5a93-70c7-4870-8535-26bb7c3085be', '957e8e6d-9a1c-4b2a-b583-b5a390b4283e', 4, 'Y', 'Y', NULL, NULL, 'Y', 'T', 'Y', NULL);
INSERT INTO sys_pagefield_rlt(id, pageId, fieldId, orderNum, isRequired, isReaded, isReseted, isRecorded, isShowed, layout, isValid, module)
VALUES ('e9e8f1ca-679f-436c-b86a-56e5e0ad5b5b', '286a5a93-70c7-4870-8535-26bb7c3085be', '6d889525-fafc-4bc1-a2eb-c451945d604b', 5, 'Y', 'Y', NULL, NULL, 'Y', 'T', 'Y', NULL);
INSERT INTO sys_pagefield_rlt(id, pageId, fieldId, orderNum, isRequired, isReaded, isReseted, isRecorded, isShowed, layout, isValid, module)
VALUES ('d3e2533e-fa8a-4a15-a53d-5b6347ca1b3b', '286a5a93-70c7-4870-8535-26bb7c3085be', '2092835a-2eb7-410d-8761-a807f5d77622', 6, 'N', 'Y', NULL, NULL, 'Y', 'T', 'Y', NULL);
INSERT INTO sys_pagefield_rlt(id, pageId, fieldId, orderNum, isRequired, isReaded, isReseted, isRecorded, isShowed, layout, isValid, module)
VALUES ('a13e81c3-c021-4c3d-831f-51ad938b99ee', '286a5a93-70c7-4870-8535-26bb7c3085be', '725e8ffe-5b5f-4cd1-ac6c-9aaba7516913', 7, 'N', 'Y', NULL, NULL, 'Y', 'T', 'Y', NULL);
INSERT INTO sys_pagefield_rlt(id, pageId, fieldId, orderNum, isRequired, isReaded, isReseted, isRecorded, isShowed, layout, isValid, module)
VALUES ('ec5d1893-9012-4a4d-86ed-7507ce7d133c', '286a5a93-70c7-4870-8535-26bb7c3085be', '23298be0-5ea8-4cad-9433-734ed02fd774', 8, 'N', 'Y', NULL, NULL, 'Y', 'T', 'Y', NULL);
INSERT INTO sys_pagefield_rlt(id, pageId, fieldId, orderNum, isRequired, isReaded, isReseted, isRecorded, isShowed, layout, isValid, module)
VALUES ('cbbf9f54-c2ec-4cd5-839a-e3c8e2bdb52b', '286a5a93-70c7-4870-8535-26bb7c3085be', 'ddadf4ac-9491-4ad0-b834-8f70ef4b12fc', 9, 'N', 'Y', NULL, NULL, 'Y', 'T', 'Y', NULL);
INSERT INTO sys_pagefield_rlt(id, pageId, fieldId, orderNum, isRequired, isReaded, isReseted, isRecorded, isShowed, layout, isValid, module)
VALUES ('6af491e4-1e05-4a4f-bd7f-c052aa9abc7b', '286a5a93-70c7-4870-8535-26bb7c3085be', '6d80077a-6fee-43bf-88d9-0cc4f9ebf7c8', 10, 'N', 'Y', NULL, NULL, 'Y', 'F', 'Y', NULL);
INSERT INTO sys_pagefield_rlt(id, pageId, fieldId, orderNum, isRequired, isReaded, isReseted, isRecorded, isShowed, layout, isValid, module)
VALUES ('2f56cc05-a073-4cf0-a736-5e045d4a0fb7', '286a5a93-70c7-4870-8535-26bb7c3085be', '9f889b1f-a9bd-4f1f-8359-922036ff3333', 11, 'N', 'Y', NULL, NULL, 'Y', 'F', 'Y', NULL);
INSERT INTO sys_pagefield_rlt(id, pageId, fieldId, orderNum, isRequired, isReaded, isReseted, isRecorded, isShowed, layout, isValid, module)
VALUES ('79e7eab9-d715-4e27-91e7-3bfcc500c4da', '286a5a93-70c7-4870-8535-26bb7c3085be', '4c308e7d-0d39-49d9-a8a6-1587ddb47bd6', 12, 'N', 'Y', NULL, NULL, 'Y', 'T', 'Y', NULL);
INSERT INTO sys_pagefield_rlt(id, pageId, fieldId, orderNum, isRequired, isReaded, isReseted, isRecorded, isShowed, layout, isValid, module)
VALUES ('cc854358-59a3-4531-80d3-66f7c26c8010', '286a5a93-70c7-4870-8535-26bb7c3085be', '10006cef-a890-424a-aecc-11c56d2bd75b', 13, 'N', 'Y', NULL, NULL, 'Y', 'T', 'Y', NULL);
INSERT INTO sys_pagefield_rlt(id, pageId, fieldId, orderNum, isRequired, isReaded, isReseted, isRecorded, isShowed, layout, isValid, module)
VALUES ('fa025ac2-9f48-4fab-a547-ff74634fc78c', '286a5a93-70c7-4870-8535-26bb7c3085be', 'fccc1767-9979-47fd-b256-543bdec57fc6', 14, 'N', 'Y', NULL, NULL, 'Y', 'T', 'Y', NULL);
INSERT INTO sys_pagefield_rlt(id, pageId, fieldId, orderNum, isRequired, isReaded, isReseted, isRecorded, isShowed, layout, isValid, module)
VALUES ('82031a16-60a8-432c-9b8b-bc895f51f7c0', '286a5a93-70c7-4870-8535-26bb7c3085be', '3dd6856d-4efb-4453-97df-e13360791b04', 15, 'N', 'Y', NULL, NULL, 'Y', 'T', 'Y', NULL);
INSERT INTO sys_pagefield_rlt(id, pageId, fieldId, orderNum, isRequired, isReaded, isReseted, isRecorded, isShowed, layout, isValid, module)
VALUES ('9188dcf3-e3b1-41b4-858d-a4e76905bfec', '286a5a93-70c7-4870-8535-26bb7c3085be', '2da0b798-80ff-440d-bdc4-0f78c9a27941', 16, 'N', 'Y', NULL, NULL, 'Y', 'F', 'Y', NULL);
INSERT INTO sys_pagefield_rlt(id, pageId, fieldId, orderNum, isRequired, isReaded, isReseted, isRecorded, isShowed, layout, isValid, module)
VALUES ('37b4127c-7241-4fd8-8f75-162cd1860c5d', '286a5a93-70c7-4870-8535-26bb7c3085be', '72b3ee68-4a85-4762-86bb-78d1534bb5c0', 17, 'N', 'Y', NULL, NULL, 'Y', 'F', 'Y', NULL);
INSERT INTO sys_pagefield_rlt(id, pageId, fieldId, orderNum, isRequired, isReaded, isReseted, isRecorded, isShowed, layout, isValid, module)
VALUES ('11eadd53-896e-4cc3-b197-dbeb6a09e292', '286a5a93-70c7-4870-8535-26bb7c3085be', 'e4db2acb-aae5-4554-9eb3-dbe90281431f', 18, 'N', 'Y', NULL, NULL, 'Y', 'F', 'Y', NULL);
INSERT INTO sys_pagefield_rlt(id, pageId, fieldId, orderNum, isRequired, isReaded, isReseted, isRecorded, isShowed, layout, isValid, module)
VALUES ('0453bcfa-197f-402e-9b82-cab3f6838d4e', '286a5a93-70c7-4870-8535-26bb7c3085be', 'f045f945-06bd-4535-975d-d53a0a1affa0', 19, 'N', 'Y', NULL, NULL, 'Y', 'F', 'Y', NULL);
INSERT INTO sys_pagefield_rlt(id, pageId, fieldId, orderNum, isRequired, isReaded, isReseted, isRecorded, isShowed, layout, isValid, module)
VALUES ('f7c38240-8473-407d-811a-19f4e5db22cc', '286a5a93-70c7-4870-8535-26bb7c3085be', 'd14d402b-3358-401a-a662-d3773fe57cba', 20, 'N', 'Y', NULL, NULL, 'Y', 'F', 'Y', NULL);
INSERT INTO sys_pagefield_rlt(id, pageId, fieldId, orderNum, isRequired, isReaded, isReseted, isRecorded, isShowed, layout, isValid, module)
VALUES ('be09a71e-d127-4b2d-92cf-edbfbb20e5ab', '286a5a93-70c7-4870-8535-26bb7c3085be', '488add91-abfe-41fb-af37-505fa218a53e', 21, 'N', 'Y', NULL, NULL, 'Y', 'F', 'Y', NULL);
INSERT INTO sys_pagefield_rlt(id, pageId, fieldId, orderNum, isRequired, isReaded, isReseted, isRecorded, isShowed, layout, isValid, module)
VALUES ('0ec60d72-2368-43a2-a89f-4316ab749668', '286a5a93-70c7-4870-8535-26bb7c3085be', 'd9cbcc9c-1b9a-4491-b3ff-ec6d76af6a80', 22, 'N', 'Y', NULL, NULL, 'Y', 'T', 'Y', NULL);
INSERT INTO sys_pagefield_rlt(id, pageId, fieldId, orderNum, isRequired, isReaded, isReseted, isRecorded, isShowed, layout, isValid, module)
VALUES ('0cfeb0dd-284e-4c22-835d-32925d97f369', '286a5a93-70c7-4870-8535-26bb7c3085be', '0dd753d1-fc6e-4f52-b748-18b26b2551a7', 23, 'Y', 'Y', NULL, NULL, 'Y', 'F', 'Y', NULL);
INSERT INTO sys_pagefield_rlt(id, pageId, fieldId, orderNum, isRequired, isReaded, isReseted, isRecorded, isShowed, layout, isValid, module)
VALUES ('2c6129cd-8cb0-451e-ace6-2683c956061c', '30f33bca-fabc-407d-9abd-d7d305f56f76', '1e1a2469-dedc-49da-9549-6bac79fd1aa1', 1, 'Y', 'N', NULL, NULL, 'Y', 'F', 'Y', NULL);
INSERT INTO sys_pagefield_rlt(id, pageId, fieldId, orderNum, isRequired, isReaded, isReseted, isRecorded, isShowed, layout, isValid, module)
VALUES ('c48a3b1b-d4f6-4c7f-9abd-6e959d17d535', '30f33bca-fabc-407d-9abd-d7d305f56f76', '2e3ab689-2f7d-4bec-b531-efd883483131', 2, 'Y', 'N', NULL, NULL, 'Y', 'T', 'Y', NULL);
INSERT INTO sys_pagefield_rlt(id, pageId, fieldId, orderNum, isRequired, isReaded, isReseted, isRecorded, isShowed, layout, isValid, module)
VALUES ('c3318d72-3dbc-4986-8149-16ec0eb7fc65', '30f33bca-fabc-407d-9abd-d7d305f56f76', '1156aaf8-244c-48c4-ad81-0fb241cf703e', 3, 'N', 'N', NULL, NULL, 'Y', 'T', 'Y', NULL);
INSERT INTO sys_pagefield_rlt(id, pageId, fieldId, orderNum, isRequired, isReaded, isReseted, isRecorded, isShowed, layout, isValid, module)
VALUES ('a836c21f-6f3d-45f5-afd1-8a9e3787a453', '30f33bca-fabc-407d-9abd-d7d305f56f76', 'b3085334-4de9-420d-a504-a65a775e7b67', 4, 'Y', 'N', NULL, NULL, 'Y', 'T', 'Y', NULL);
INSERT INTO sys_pagefield_rlt(id, pageId, fieldId, orderNum, isRequired, isReaded, isReseted, isRecorded, isShowed, layout, isValid, module)
VALUES ('5f7fc9d0-abb8-4ace-b8fc-232dfceeca93', '30f33bca-fabc-407d-9abd-d7d305f56f76', '750d149e-e636-4922-82db-b99630c2d7d1', 5, 'N', 'N', NULL, NULL, 'Y', 'T', 'Y', NULL);
INSERT INTO sys_pagefield_rlt(id, pageId, fieldId, orderNum, isRequired, isReaded, isReseted, isRecorded, isShowed, layout, isValid, module)
VALUES ('c2853cbc-4ee4-41bf-9224-f8a080d76973', '30f33bca-fabc-407d-9abd-d7d305f56f76', '382ed71c-5f36-4558-932c-1e1e6b758bfb', 6, 'N', 'N', NULL, NULL, 'Y', 'F', 'Y', NULL);
INSERT INTO sys_pagefield_rlt(id, pageId, fieldId, orderNum, isRequired, isReaded, isReseted, isRecorded, isShowed, layout, isValid, module)
VALUES ('8e4a9995-ef0f-47bc-acf7-938201493dc9', '30f33bca-fabc-407d-9abd-d7d305f56f76', 'd3ade007-bb10-40e2-b0d7-f169658640eb', 7, 'N', 'N', NULL, NULL, 'Y', 'F', 'Y', NULL);
INSERT INTO sys_pagefield_rlt(id, pageId, fieldId, orderNum, isRequired, isReaded, isReseted, isRecorded, isShowed, layout, isValid, module)
VALUES ('27c0eb2d-f3a8-4d4c-a1c1-4dec00195af7', '30f33bca-fabc-407d-9abd-d7d305f56f76', '9c11d5de-612f-4cd2-8a27-affd18d33fa2', 8, 'N', 'N', NULL, NULL, 'Y', 'F', 'Y', NULL);
INSERT INTO sys_pagefield_rlt(id, pageId, fieldId, orderNum, isRequired, isReaded, isReseted, isRecorded, isShowed, layout, isValid, module)
VALUES ('8f6df5cc-3158-42d0-8b0e-04c03397cfe7', '30f33bca-fabc-407d-9abd-d7d305f56f76', '3215cea0-f055-4384-92b8-3ea064936a9c', 9, 'Y', 'N', NULL, NULL, 'Y', 'T', 'Y', NULL);
INSERT INTO sys_pagefield_rlt(id, pageId, fieldId, orderNum, isRequired, isReaded, isReseted, isRecorded, isShowed, layout, isValid, module)
VALUES ('eba838bf-9611-40b4-bdab-164c63676ecc', '30f33bca-fabc-407d-9abd-d7d305f56f76', '20724668-eb56-45e3-a762-9ddcf3a524f1', 10, 'N', 'N', NULL, NULL, 'Y', 'T', 'Y', NULL);
INSERT INTO sys_pagefield_rlt(id, pageId, fieldId, orderNum, isRequired, isReaded, isReseted, isRecorded, isShowed, layout, isValid, module)
VALUES ('816168ce-1762-49bb-83a5-f082eafb64a1', '39368670-ddaa-4ac8-a1bd-06a27d58dea8', 'e14556cf-4fb6-4618-a647-dbc43eb72d27', 1, 'N', 'Y', NULL, NULL, 'Y', 'F', 'Y', NULL);
INSERT INTO sys_pagefield_rlt(id, pageId, fieldId, orderNum, isRequired, isReaded, isReseted, isRecorded, isShowed, layout, isValid, module)
VALUES ('a19a80c4-48ee-4706-830d-53862afa6b4f', '39368670-ddaa-4ac8-a1bd-06a27d58dea8', '08f6a06e-1f7f-4e16-8410-8203bea55893', 2, 'N', 'Y', NULL, NULL, 'Y', 'T', 'Y', NULL);
INSERT INTO sys_pagefield_rlt(id, pageId, fieldId, orderNum, isRequired, isReaded, isReseted, isRecorded, isShowed, layout, isValid, module)
VALUES ('3b381ded-31d3-47df-a296-d120b1efa698', '39368670-ddaa-4ac8-a1bd-06a27d58dea8', '20febe6d-3cfc-4add-904a-95eedb8f32ee', 3, 'Y', 'Y', NULL, NULL, 'Y', 'T', 'Y', NULL);
INSERT INTO sys_pagefield_rlt(id, pageId, fieldId, orderNum, isRequired, isReaded, isReseted, isRecorded, isShowed, layout, isValid, module)
VALUES ('af005c9a-2eba-4953-9244-651fc16f6bb8', '39368670-ddaa-4ac8-a1bd-06a27d58dea8', '957e8e6d-9a1c-4b2a-b583-b5a390b4283e', 4, 'Y', 'Y', NULL, NULL, 'Y', 'T', 'Y', NULL);
INSERT INTO sys_pagefield_rlt(id, pageId, fieldId, orderNum, isRequired, isReaded, isReseted, isRecorded, isShowed, layout, isValid, module)
VALUES ('a76c8b9d-3341-4b82-becc-e54a13f2937b', '39368670-ddaa-4ac8-a1bd-06a27d58dea8', '6d889525-fafc-4bc1-a2eb-c451945d604b', 5, 'Y', 'Y', NULL, NULL, 'Y', 'T', 'Y', NULL);
INSERT INTO sys_pagefield_rlt(id, pageId, fieldId, orderNum, isRequired, isReaded, isReseted, isRecorded, isShowed, layout, isValid, module)
VALUES ('b7f2eaa1-2e31-4426-86be-2757a54fa9d4', '39368670-ddaa-4ac8-a1bd-06a27d58dea8', '2092835a-2eb7-410d-8761-a807f5d77622', 6, 'N', 'Y', NULL, NULL, 'Y', 'T', 'Y', NULL);
INSERT INTO sys_pagefield_rlt(id, pageId, fieldId, orderNum, isRequired, isReaded, isReseted, isRecorded, isShowed, layout, isValid, module)
VALUES ('f2a0d38b-17cb-4ba7-abc9-2191b3dc9162', '39368670-ddaa-4ac8-a1bd-06a27d58dea8', '725e8ffe-5b5f-4cd1-ac6c-9aaba7516913', 7, 'N', 'Y', NULL, NULL, 'Y', 'T', 'Y', NULL);
INSERT INTO sys_pagefield_rlt(id, pageId, fieldId, orderNum, isRequired, isReaded, isReseted, isRecorded, isShowed, layout, isValid, module)
VALUES ('5457abdb-1a5e-4932-8507-b98ab3446a7c', '39368670-ddaa-4ac8-a1bd-06a27d58dea8', '23298be0-5ea8-4cad-9433-734ed02fd774', 8, 'N', 'Y', NULL, NULL, 'Y', 'T', 'Y', NULL);
INSERT INTO sys_pagefield_rlt(id, pageId, fieldId, orderNum, isRequired, isReaded, isReseted, isRecorded, isShowed, layout, isValid, module)
VALUES ('32049c0a-0dbc-4dd0-80ba-77c8a2157b9a', '39368670-ddaa-4ac8-a1bd-06a27d58dea8', 'ddadf4ac-9491-4ad0-b834-8f70ef4b12fc', 9, 'N', 'Y', NULL, NULL, 'Y', 'T', 'Y', NULL);
INSERT INTO sys_pagefield_rlt(id, pageId, fieldId, orderNum, isRequired, isReaded, isReseted, isRecorded, isShowed, layout, isValid, module)
VALUES ('ad8221e5-cf9f-4713-b7d8-e832e9915383', '39368670-ddaa-4ac8-a1bd-06a27d58dea8', '6d80077a-6fee-43bf-88d9-0cc4f9ebf7c8', 10, 'N', 'Y', NULL, NULL, 'Y', 'F', 'Y', NULL);
INSERT INTO sys_pagefield_rlt(id, pageId, fieldId, orderNum, isRequired, isReaded, isReseted, isRecorded, isShowed, layout, isValid, module)
VALUES ('e0a9cc14-8617-4802-adbc-4e115ade808f', '39368670-ddaa-4ac8-a1bd-06a27d58dea8', '9f889b1f-a9bd-4f1f-8359-922036ff3333', 11, 'N', 'Y', NULL, NULL, 'Y', 'F', 'Y', NULL);
INSERT INTO sys_pagefield_rlt(id, pageId, fieldId, orderNum, isRequired, isReaded, isReseted, isRecorded, isShowed, layout, isValid, module)
VALUES ('f0516d63-fbd4-4b9d-9696-9f5511d57ac8', '39368670-ddaa-4ac8-a1bd-06a27d58dea8', '4c308e7d-0d39-49d9-a8a6-1587ddb47bd6', 12, 'N', 'Y', NULL, NULL, 'Y', 'T', 'Y', NULL);
INSERT INTO sys_pagefield_rlt(id, pageId, fieldId, orderNum, isRequired, isReaded, isReseted, isRecorded, isShowed, layout, isValid, module)
VALUES ('deedc30e-3647-4e42-9bd1-717b8205e044', '39368670-ddaa-4ac8-a1bd-06a27d58dea8', '10006cef-a890-424a-aecc-11c56d2bd75b', 13, 'N', 'Y', NULL, NULL, 'Y', 'T', 'Y', NULL);
INSERT INTO sys_pagefield_rlt(id, pageId, fieldId, orderNum, isRequired, isReaded, isReseted, isRecorded, isShowed, layout, isValid, module)
VALUES ('d850772c-f544-4c79-a765-304145e8bdc2', '39368670-ddaa-4ac8-a1bd-06a27d58dea8', 'fccc1767-9979-47fd-b256-543bdec57fc6', 14, 'N', 'Y', NULL, NULL, 'Y', 'T', 'Y', NULL);
INSERT INTO sys_pagefield_rlt(id, pageId, fieldId, orderNum, isRequired, isReaded, isReseted, isRecorded, isShowed, layout, isValid, module)
VALUES ('10dbc8e0-bbc1-428e-9a9a-0cedd59c04e7', '39368670-ddaa-4ac8-a1bd-06a27d58dea8', '3dd6856d-4efb-4453-97df-e13360791b04', 15, 'N', 'Y', NULL, NULL, 'Y', 'T', 'Y', NULL);
INSERT INTO sys_pagefield_rlt(id, pageId, fieldId, orderNum, isRequired, isReaded, isReseted, isRecorded, isShowed, layout, isValid, module)
VALUES ('b0f3a2e3-abd9-4294-b472-9c53e1654572', '39368670-ddaa-4ac8-a1bd-06a27d58dea8', '2da0b798-80ff-440d-bdc4-0f78c9a27941', 16, 'N', 'Y', NULL, NULL, 'Y', 'F', 'Y', NULL);
INSERT INTO sys_pagefield_rlt(id, pageId, fieldId, orderNum, isRequired, isReaded, isReseted, isRecorded, isShowed, layout, isValid, module)
VALUES ('5c37691a-71df-481d-80a3-98375476cdc8', '39368670-ddaa-4ac8-a1bd-06a27d58dea8', '72b3ee68-4a85-4762-86bb-78d1534bb5c0', 17, 'N', 'Y', NULL, NULL, 'Y', 'F', 'Y', NULL);
INSERT INTO sys_pagefield_rlt(id, pageId, fieldId, orderNum, isRequired, isReaded, isReseted, isRecorded, isShowed, layout, isValid, module)
VALUES ('ba23fa99-bd77-41d4-ab06-a2a63c6c5789', '39368670-ddaa-4ac8-a1bd-06a27d58dea8', 'e4db2acb-aae5-4554-9eb3-dbe90281431f', 18, 'N', 'Y', NULL, NULL, 'Y', 'F', 'Y', NULL);
INSERT INTO sys_pagefield_rlt(id, pageId, fieldId, orderNum, isRequired, isReaded, isReseted, isRecorded, isShowed, layout, isValid, module)
VALUES ('846da8e7-2f4d-4c74-9aa3-de4c4450516f', '39368670-ddaa-4ac8-a1bd-06a27d58dea8', 'f045f945-06bd-4535-975d-d53a0a1affa0', 19, 'N', 'Y', NULL, NULL, 'Y', 'F', 'Y', NULL);
INSERT INTO sys_pagefield_rlt(id, pageId, fieldId, orderNum, isRequired, isReaded, isReseted, isRecorded, isShowed, layout, isValid, module)
VALUES ('12200a78-8537-401f-b187-c584637619e1', '39368670-ddaa-4ac8-a1bd-06a27d58dea8', 'd14d402b-3358-401a-a662-d3773fe57cba', 20, 'N', 'Y', NULL, NULL, 'Y', 'F', 'Y', NULL);
INSERT INTO sys_pagefield_rlt(id, pageId, fieldId, orderNum, isRequired, isReaded, isReseted, isRecorded, isShowed, layout, isValid, module)
VALUES ('30600f49-5785-40fc-ab30-d694638f27d5', '39368670-ddaa-4ac8-a1bd-06a27d58dea8', '488add91-abfe-41fb-af37-505fa218a53e', 21, 'N', 'Y', NULL, NULL, 'Y', 'F', 'Y', NULL);
INSERT INTO sys_pagefield_rlt(id, pageId, fieldId, orderNum, isRequired, isReaded, isReseted, isRecorded, isShowed, layout, isValid, module)
VALUES ('831f8dbf-70a7-4e2f-a6bb-f6edef57af3a', '4a32a830-01a5-4e57-bb87-b1eccd0b9cb3', 'e14556cf-4fb6-4618-a647-dbc43eb72d27', 1, 'N', 'Y', NULL, NULL, 'Y', 'F', 'Y', NULL);
INSERT INTO sys_pagefield_rlt(id, pageId, fieldId, orderNum, isRequired, isReaded, isReseted, isRecorded, isShowed, layout, isValid, module)
VALUES ('634017f3-68aa-4c81-89f5-7aefa2aa4560', '4a32a830-01a5-4e57-bb87-b1eccd0b9cb3', '08f6a06e-1f7f-4e16-8410-8203bea55893', 2, 'N', 'Y', NULL, NULL, 'Y', 'T', 'Y', NULL);
INSERT INTO sys_pagefield_rlt(id, pageId, fieldId, orderNum, isRequired, isReaded, isReseted, isRecorded, isShowed, layout, isValid, module)
VALUES ('f72b6606-2005-4e8d-b53a-d7ad34f7d65a', '4a32a830-01a5-4e57-bb87-b1eccd0b9cb3', '20febe6d-3cfc-4add-904a-95eedb8f32ee', 3, 'Y', 'N', NULL, NULL, 'Y', 'T', 'Y', NULL);
INSERT INTO sys_pagefield_rlt(id, pageId, fieldId, orderNum, isRequired, isReaded, isReseted, isRecorded, isShowed, layout, isValid, module)
VALUES ('3dad9d8a-0353-4731-b6a1-c4e78ceadeb9', '4a32a830-01a5-4e57-bb87-b1eccd0b9cb3', '957e8e6d-9a1c-4b2a-b583-b5a390b4283e', 4, 'Y', 'N', NULL, NULL, 'Y', 'T', 'Y', NULL);
INSERT INTO sys_pagefield_rlt(id, pageId, fieldId, orderNum, isRequired, isReaded, isReseted, isRecorded, isShowed, layout, isValid, module)
VALUES ('e27b47e1-daeb-4482-ab2a-90e16583e025', '4a32a830-01a5-4e57-bb87-b1eccd0b9cb3', '6d889525-fafc-4bc1-a2eb-c451945d604b', 5, 'Y', 'N', NULL, NULL, 'Y', 'T', 'Y', NULL);
INSERT INTO sys_pagefield_rlt(id, pageId, fieldId, orderNum, isRequired, isReaded, isReseted, isRecorded, isShowed, layout, isValid, module)
VALUES ('487b6dff-e677-4511-8e7c-5fbcdf8a3151', '4a32a830-01a5-4e57-bb87-b1eccd0b9cb3', '2092835a-2eb7-410d-8761-a807f5d77622', 6, 'N', 'Y', NULL, NULL, 'Y', 'T', 'Y', NULL);
INSERT INTO sys_pagefield_rlt(id, pageId, fieldId, orderNum, isRequired, isReaded, isReseted, isRecorded, isShowed, layout, isValid, module)
VALUES ('4bd5c519-ed45-40b8-8d5e-8e6bf237b867', '4a32a830-01a5-4e57-bb87-b1eccd0b9cb3', '725e8ffe-5b5f-4cd1-ac6c-9aaba7516913', 7, 'N', 'Y', NULL, NULL, 'Y', 'T', 'Y', NULL);
INSERT INTO sys_pagefield_rlt(id, pageId, fieldId, orderNum, isRequired, isReaded, isReseted, isRecorded, isShowed, layout, isValid, module)
VALUES ('882869c5-cd6d-4e5a-925b-f622d6840859', '4a32a830-01a5-4e57-bb87-b1eccd0b9cb3', '23298be0-5ea8-4cad-9433-734ed02fd774', 8, 'N', 'Y', NULL, NULL, 'Y', 'T', 'Y', NULL);
INSERT INTO sys_pagefield_rlt(id, pageId, fieldId, orderNum, isRequired, isReaded, isReseted, isRecorded, isShowed, layout, isValid, module)
VALUES ('fe6e7ada-c5b2-4073-a8b8-04e12241e5a8', '4a32a830-01a5-4e57-bb87-b1eccd0b9cb3', 'ddadf4ac-9491-4ad0-b834-8f70ef4b12fc', 9, 'N', 'Y', NULL, NULL, 'Y', 'T', 'Y', NULL);
INSERT INTO sys_pagefield_rlt(id, pageId, fieldId, orderNum, isRequired, isReaded, isReseted, isRecorded, isShowed, layout, isValid, module)
VALUES ('e93e075e-3ed1-452e-9162-24bad4841f36', '4a32a830-01a5-4e57-bb87-b1eccd0b9cb3', '6d80077a-6fee-43bf-88d9-0cc4f9ebf7c8', 10, 'N', 'N', NULL, NULL, 'Y', 'F', 'Y', NULL);
INSERT INTO sys_pagefield_rlt(id, pageId, fieldId, orderNum, isRequired, isReaded, isReseted, isRecorded, isShowed, layout, isValid, module)
VALUES ('77333b8d-00ef-4fa9-9415-071ca4d0abce', '4a32a830-01a5-4e57-bb87-b1eccd0b9cb3', '9f889b1f-a9bd-4f1f-8359-922036ff3333', 11, 'N', 'N', NULL, NULL, 'Y', 'F', 'Y', NULL);
INSERT INTO sys_pagefield_rlt(id, pageId, fieldId, orderNum, isRequired, isReaded, isReseted, isRecorded, isShowed, layout, isValid, module)
VALUES ('ed4b61a9-a38e-45d6-9a0f-27d1de855fab', '4a32a830-01a5-4e57-bb87-b1eccd0b9cb3', '4c308e7d-0d39-49d9-a8a6-1587ddb47bd6', 12, 'N', 'Y', NULL, NULL, 'Y', 'T', 'Y', NULL);
INSERT INTO sys_pagefield_rlt(id, pageId, fieldId, orderNum, isRequired, isReaded, isReseted, isRecorded, isShowed, layout, isValid, module)
VALUES ('3d8323bb-4ee2-407d-90b2-5de72d537945', '4a32a830-01a5-4e57-bb87-b1eccd0b9cb3', '10006cef-a890-424a-aecc-11c56d2bd75b', 13, 'N', 'Y', NULL, NULL, 'Y', 'T', 'Y', NULL);
INSERT INTO sys_pagefield_rlt(id, pageId, fieldId, orderNum, isRequired, isReaded, isReseted, isRecorded, isShowed, layout, isValid, module)
VALUES ('f38e3e6d-495f-44f7-8d35-6172af53d6a1', '4a32a830-01a5-4e57-bb87-b1eccd0b9cb3', 'fccc1767-9979-47fd-b256-543bdec57fc6', 14, 'N', 'Y', NULL, NULL, 'Y', 'T', 'Y', NULL);
INSERT INTO sys_pagefield_rlt(id, pageId, fieldId, orderNum, isRequired, isReaded, isReseted, isRecorded, isShowed, layout, isValid, module)
VALUES ('01d4d1e5-2ad5-4a4d-9b0b-50bf9d17fe2b', '4a32a830-01a5-4e57-bb87-b1eccd0b9cb3', '3dd6856d-4efb-4453-97df-e13360791b04', 15, 'N', 'Y', NULL, NULL, 'Y', 'T', 'Y', NULL);
INSERT INTO sys_pagefield_rlt(id, pageId, fieldId, orderNum, isRequired, isReaded, isReseted, isRecorded, isShowed, layout, isValid, module)
VALUES ('d12ebf79-c3b0-4165-a3c8-c4e9e4187182', '4a32a830-01a5-4e57-bb87-b1eccd0b9cb3', '2da0b798-80ff-440d-bdc4-0f78c9a27941', 16, 'N', 'Y', NULL, NULL, 'Y', 'F', 'Y', NULL);
INSERT INTO sys_pagefield_rlt(id, pageId, fieldId, orderNum, isRequired, isReaded, isReseted, isRecorded, isShowed, layout, isValid, module)
VALUES ('3f223cf4-4273-4840-9025-5b52e115d620', '4a32a830-01a5-4e57-bb87-b1eccd0b9cb3', '72b3ee68-4a85-4762-86bb-78d1534bb5c0', 17, 'N', 'N', NULL, NULL, 'Y', 'F', 'Y', NULL);
INSERT INTO sys_pagefield_rlt(id, pageId, fieldId, orderNum, isRequired, isReaded, isReseted, isRecorded, isShowed, layout, isValid, module)
VALUES ('5bd0d9e6-eb91-43e8-bf0f-c8fca5c58d35', '4a32a830-01a5-4e57-bb87-b1eccd0b9cb3', 'e4db2acb-aae5-4554-9eb3-dbe90281431f', 18, 'N', 'Y', NULL, NULL, 'Y', 'F', 'Y', NULL);
INSERT INTO sys_pagefield_rlt(id, pageId, fieldId, orderNum, isRequired, isReaded, isReseted, isRecorded, isShowed, layout, isValid, module)
VALUES ('c568aae5-e62f-4673-9bac-4d871413e8fc', '4a32a830-01a5-4e57-bb87-b1eccd0b9cb3', 'f045f945-06bd-4535-975d-d53a0a1affa0', 19, 'N', 'Y', NULL, NULL, 'Y', 'F', 'Y', NULL);
INSERT INTO sys_pagefield_rlt(id, pageId, fieldId, orderNum, isRequired, isReaded, isReseted, isRecorded, isShowed, layout, isValid, module)
VALUES ('c765cde2-0e39-43c9-bbd4-570463bd558b', '4a32a830-01a5-4e57-bb87-b1eccd0b9cb3', 'd14d402b-3358-401a-a662-d3773fe57cba', 20, 'N', 'Y', NULL, NULL, 'Y', 'F', 'Y', NULL);
INSERT INTO sys_pagefield_rlt(id, pageId, fieldId, orderNum, isRequired, isReaded, isReseted, isRecorded, isShowed, layout, isValid, module)
VALUES ('e7a3f3b2-2341-45e1-b3c2-07967327675d', '4a32a830-01a5-4e57-bb87-b1eccd0b9cb3', '488add91-abfe-41fb-af37-505fa218a53e', 21, 'N', 'Y', NULL, NULL, 'Y', 'F', 'Y', NULL);
INSERT INTO sys_pagefield_rlt(id, pageId, fieldId, orderNum, isRequired, isReaded, isReseted, isRecorded, isShowed, layout, isValid, module)
VALUES ('3b101564-5684-4967-8b05-4b1243a5ca24', '4a32a830-01a5-4e57-bb87-b1eccd0b9cb3', 'd9cbcc9c-1b9a-4491-b3ff-ec6d76af6a80', 22, 'N', 'N', NULL, NULL, 'Y', 'T', 'Y', NULL);
INSERT INTO sys_pagefield_rlt(id, pageId, fieldId, orderNum, isRequired, isReaded, isReseted, isRecorded, isShowed, layout, isValid, module)
VALUES ('bbf87a45-3c82-43d9-84e7-d667f9e22ee5', '4a32a830-01a5-4e57-bb87-b1eccd0b9cb3', '0dd753d1-fc6e-4f52-b748-18b26b2551a7', 23, 'Y', 'N', NULL, NULL, 'Y', 'F', 'Y', NULL);
INSERT INTO sys_pagefield_rlt(id, pageId, fieldId, orderNum, isRequired, isReaded, isReseted, isRecorded, isShowed, layout, isValid, module)
VALUES ('8c5750aa-3278-4429-b974-fb50752d35f1', '5cf59f64-5962-4781-bccc-c10a2f0171ad', 'e14556cf-4fb6-4618-a647-dbc43eb72d27', 1, 'N', 'Y', NULL, NULL, 'Y', 'F', 'Y', NULL);
INSERT INTO sys_pagefield_rlt(id, pageId, fieldId, orderNum, isRequired, isReaded, isReseted, isRecorded, isShowed, layout, isValid, module)
VALUES ('fcb8f7df-6f17-4e5e-abd9-898107919d29', '5cf59f64-5962-4781-bccc-c10a2f0171ad', '08f6a06e-1f7f-4e16-8410-8203bea55893', 2, 'N', 'Y', NULL, NULL, 'Y', 'T', 'Y', NULL);
INSERT INTO sys_pagefield_rlt(id, pageId, fieldId, orderNum, isRequired, isReaded, isReseted, isRecorded, isShowed, layout, isValid, module)
VALUES ('bc0ca635-6cc4-41c8-948e-5e2af7f64cd7', '5cf59f64-5962-4781-bccc-c10a2f0171ad', '20febe6d-3cfc-4add-904a-95eedb8f32ee', 3, 'Y', 'N', NULL, NULL, 'Y', 'T', 'Y', NULL);
INSERT INTO sys_pagefield_rlt(id, pageId, fieldId, orderNum, isRequired, isReaded, isReseted, isRecorded, isShowed, layout, isValid, module)
VALUES ('d1a162f6-0460-42a6-bec9-e6fce5888c80', '5cf59f64-5962-4781-bccc-c10a2f0171ad', '957e8e6d-9a1c-4b2a-b583-b5a390b4283e', 4, 'Y', 'N', NULL, NULL, 'Y', 'T', 'Y', NULL);
INSERT INTO sys_pagefield_rlt(id, pageId, fieldId, orderNum, isRequired, isReaded, isReseted, isRecorded, isShowed, layout, isValid, module)
VALUES ('2235fd83-cdef-45e4-bf16-213004f88d9b', '5cf59f64-5962-4781-bccc-c10a2f0171ad', '6d889525-fafc-4bc1-a2eb-c451945d604b', 5, 'Y', 'N', NULL, NULL, 'Y', 'T', 'Y', NULL);
INSERT INTO sys_pagefield_rlt(id, pageId, fieldId, orderNum, isRequired, isReaded, isReseted, isRecorded, isShowed, layout, isValid, module)
VALUES ('80058b4d-920f-4f82-9d2f-83b4f60d6f9f', '5cf59f64-5962-4781-bccc-c10a2f0171ad', '2092835a-2eb7-410d-8761-a807f5d77622', 6, 'N', 'Y', NULL, NULL, 'Y', 'T', 'Y', NULL);
INSERT INTO sys_pagefield_rlt(id, pageId, fieldId, orderNum, isRequired, isReaded, isReseted, isRecorded, isShowed, layout, isValid, module)
VALUES ('2361de72-392d-4a75-9261-fbc43b85c1ff', '5cf59f64-5962-4781-bccc-c10a2f0171ad', '725e8ffe-5b5f-4cd1-ac6c-9aaba7516913', 7, 'N', 'Y', NULL, NULL, 'Y', 'T', 'Y', NULL);
INSERT INTO sys_pagefield_rlt(id, pageId, fieldId, orderNum, isRequired, isReaded, isReseted, isRecorded, isShowed, layout, isValid, module)
VALUES ('aff48311-fecf-43e1-9952-fe1dcdd62f55', '5cf59f64-5962-4781-bccc-c10a2f0171ad', '23298be0-5ea8-4cad-9433-734ed02fd774', 8, 'N', 'Y', NULL, NULL, 'Y', 'T', 'Y', NULL);
INSERT INTO sys_pagefield_rlt(id, pageId, fieldId, orderNum, isRequired, isReaded, isReseted, isRecorded, isShowed, layout, isValid, module)
VALUES ('7c59f567-9c84-495c-bc36-4a7d5252a253', '5cf59f64-5962-4781-bccc-c10a2f0171ad', 'ddadf4ac-9491-4ad0-b834-8f70ef4b12fc', 9, 'N', 'Y', NULL, NULL, 'Y', 'T', 'Y', NULL);
INSERT INTO sys_pagefield_rlt(id, pageId, fieldId, orderNum, isRequired, isReaded, isReseted, isRecorded, isShowed, layout, isValid, module)
VALUES ('8042432e-01d2-4322-849e-9c04258c1a70', '5cf59f64-5962-4781-bccc-c10a2f0171ad', '6d80077a-6fee-43bf-88d9-0cc4f9ebf7c8', 10, 'N', 'N', NULL, NULL, 'Y', 'F', 'Y', NULL);
INSERT INTO sys_pagefield_rlt(id, pageId, fieldId, orderNum, isRequired, isReaded, isReseted, isRecorded, isShowed, layout, isValid, module)
VALUES ('c9d3adf9-746b-42f7-95c6-1e15a85cc950', '5cf59f64-5962-4781-bccc-c10a2f0171ad', '9f889b1f-a9bd-4f1f-8359-922036ff3333', 11, 'N', 'N', NULL, NULL, 'Y', 'F', 'Y', NULL);
INSERT INTO sys_pagefield_rlt(id, pageId, fieldId, orderNum, isRequired, isReaded, isReseted, isRecorded, isShowed, layout, isValid, module)
VALUES ('2d715109-825d-40a2-866b-3398de985b14', '5cf59f64-5962-4781-bccc-c10a2f0171ad', '4c308e7d-0d39-49d9-a8a6-1587ddb47bd6', 12, 'N', 'Y', NULL, NULL, 'Y', 'T', 'Y', NULL);
INSERT INTO sys_pagefield_rlt(id, pageId, fieldId, orderNum, isRequired, isReaded, isReseted, isRecorded, isShowed, layout, isValid, module)
VALUES ('8f2512a0-2d75-46ec-a4d9-f09e1580712e', '5cf59f64-5962-4781-bccc-c10a2f0171ad', '10006cef-a890-424a-aecc-11c56d2bd75b', 13, 'N', 'Y', NULL, NULL, 'Y', 'T', 'Y', NULL);
INSERT INTO sys_pagefield_rlt(id, pageId, fieldId, orderNum, isRequired, isReaded, isReseted, isRecorded, isShowed, layout, isValid, module)
VALUES ('faa3bea1-4a5c-4e8a-9031-b52c1ca18cd6', '5cf59f64-5962-4781-bccc-c10a2f0171ad', 'fccc1767-9979-47fd-b256-543bdec57fc6', 14, 'N', 'Y', NULL, NULL, 'Y', 'T', 'Y', NULL);
INSERT INTO sys_pagefield_rlt(id, pageId, fieldId, orderNum, isRequired, isReaded, isReseted, isRecorded, isShowed, layout, isValid, module)
VALUES ('3793ef7a-c395-46e9-96c0-3f20bf19728e', '5cf59f64-5962-4781-bccc-c10a2f0171ad', '3dd6856d-4efb-4453-97df-e13360791b04', 15, 'N', 'Y', NULL, NULL, 'Y', 'T', 'Y', NULL);
INSERT INTO sys_pagefield_rlt(id, pageId, fieldId, orderNum, isRequired, isReaded, isReseted, isRecorded, isShowed, layout, isValid, module)
VALUES ('eda74478-8283-4c18-8cb6-d1c7ed52a7c9', '5cf59f64-5962-4781-bccc-c10a2f0171ad', '2da0b798-80ff-440d-bdc4-0f78c9a27941', 16, 'N', 'Y', NULL, NULL, 'Y', 'F', 'Y', NULL);
INSERT INTO sys_pagefield_rlt(id, pageId, fieldId, orderNum, isRequired, isReaded, isReseted, isRecorded, isShowed, layout, isValid, module)
VALUES ('2a232b24-7db5-4f8e-8cab-219c6c1c5d11', '5cf59f64-5962-4781-bccc-c10a2f0171ad', '72b3ee68-4a85-4762-86bb-78d1534bb5c0', 17, 'N', 'N', NULL, NULL, 'Y', 'F', 'Y', NULL);
INSERT INTO sys_pagefield_rlt(id, pageId, fieldId, orderNum, isRequired, isReaded, isReseted, isRecorded, isShowed, layout, isValid, module)
VALUES ('ab902cfa-bf8b-47a5-a07c-08cd6244e908', '5cf59f64-5962-4781-bccc-c10a2f0171ad', 'e4db2acb-aae5-4554-9eb3-dbe90281431f', 18, 'N', 'Y', NULL, NULL, 'Y', 'F', 'Y', NULL);
INSERT INTO sys_pagefield_rlt(id, pageId, fieldId, orderNum, isRequired, isReaded, isReseted, isRecorded, isShowed, layout, isValid, module)
VALUES ('8c71b0f4-dd75-4a6a-8cbe-e607625fb29b', '5cf59f64-5962-4781-bccc-c10a2f0171ad', 'f045f945-06bd-4535-975d-d53a0a1affa0', 19, 'N', 'Y', NULL, NULL, 'Y', 'F', 'Y', NULL);
INSERT INTO sys_pagefield_rlt(id, pageId, fieldId, orderNum, isRequired, isReaded, isReseted, isRecorded, isShowed, layout, isValid, module)
VALUES ('24b84512-7e55-43f6-b631-fc3ea10a537a', '5cf59f64-5962-4781-bccc-c10a2f0171ad', 'd14d402b-3358-401a-a662-d3773fe57cba', 20, 'N', 'Y', NULL, NULL, 'Y', 'F', 'Y', NULL);
INSERT INTO sys_pagefield_rlt(id, pageId, fieldId, orderNum, isRequired, isReaded, isReseted, isRecorded, isShowed, layout, isValid, module)
VALUES ('fa190c77-d5fb-41f6-a018-12320a96d41d', '5cf59f64-5962-4781-bccc-c10a2f0171ad', '488add91-abfe-41fb-af37-505fa218a53e', 21, 'N', 'N', NULL, NULL, 'Y', 'F', 'Y', NULL);
INSERT INTO sys_pagefield_rlt(id, pageId, fieldId, orderNum, isRequired, isReaded, isReseted, isRecorded, isShowed, layout, isValid, module)
VALUES ('523ce228-74eb-4707-b5bb-41add07b0c55', '5e305ee5-17b4-4525-9edf-31c52df616d1', 'e14556cf-4fb6-4618-a647-dbc43eb72d27', 1, 'N', 'Y', NULL, NULL, 'Y', 'F', 'Y', NULL);
INSERT INTO sys_pagefield_rlt(id, pageId, fieldId, orderNum, isRequired, isReaded, isReseted, isRecorded, isShowed, layout, isValid, module)
VALUES ('69d096c0-2a2e-431e-804d-4aaa08d43e41', '5e305ee5-17b4-4525-9edf-31c52df616d1', '08f6a06e-1f7f-4e16-8410-8203bea55893', 2, 'N', 'Y', NULL, NULL, 'Y', 'T', 'Y', NULL);
INSERT INTO sys_pagefield_rlt(id, pageId, fieldId, orderNum, isRequired, isReaded, isReseted, isRecorded, isShowed, layout, isValid, module)
VALUES ('bbba3d34-db7e-441d-a912-00d0b283f6f6', '5e305ee5-17b4-4525-9edf-31c52df616d1', '20febe6d-3cfc-4add-904a-95eedb8f32ee', 3, 'Y', 'N', NULL, NULL, 'Y', 'T', 'Y', NULL);
INSERT INTO sys_pagefield_rlt(id, pageId, fieldId, orderNum, isRequired, isReaded, isReseted, isRecorded, isShowed, layout, isValid, module)
VALUES ('fe351a33-b6af-4156-a9f3-a55bcc446031', '5e305ee5-17b4-4525-9edf-31c52df616d1', '957e8e6d-9a1c-4b2a-b583-b5a390b4283e', 4, 'Y', 'N', NULL, NULL, 'Y', 'T', 'Y', NULL);
INSERT INTO sys_pagefield_rlt(id, pageId, fieldId, orderNum, isRequired, isReaded, isReseted, isRecorded, isShowed, layout, isValid, module)
VALUES ('b3827632-fde4-4090-b1e9-9090310505ba', '5e305ee5-17b4-4525-9edf-31c52df616d1', '6d889525-fafc-4bc1-a2eb-c451945d604b', 5, 'Y', 'N', NULL, NULL, 'Y', 'T', 'Y', NULL);
INSERT INTO sys_pagefield_rlt(id, pageId, fieldId, orderNum, isRequired, isReaded, isReseted, isRecorded, isShowed, layout, isValid, module)
VALUES ('ccb0b389-d1c7-4142-bbaa-ab2175d006f3', '5e305ee5-17b4-4525-9edf-31c52df616d1', '2092835a-2eb7-410d-8761-a807f5d77622', 6, 'N', 'Y', NULL, NULL, 'Y', 'T', 'Y', NULL);
INSERT INTO sys_pagefield_rlt(id, pageId, fieldId, orderNum, isRequired, isReaded, isReseted, isRecorded, isShowed, layout, isValid, module)
VALUES ('2e4b92b4-c717-4223-a017-b3738d04d5de', '5e305ee5-17b4-4525-9edf-31c52df616d1', '725e8ffe-5b5f-4cd1-ac6c-9aaba7516913', 7, 'N', 'Y', NULL, NULL, 'Y', 'T', 'Y', NULL);
INSERT INTO sys_pagefield_rlt(id, pageId, fieldId, orderNum, isRequired, isReaded, isReseted, isRecorded, isShowed, layout, isValid, module)
VALUES ('6869d0b9-1625-401d-9e19-c8a03e5bd45e', '5e305ee5-17b4-4525-9edf-31c52df616d1', '23298be0-5ea8-4cad-9433-734ed02fd774', 8, 'N', 'Y', NULL, NULL, 'Y', 'T', 'Y', NULL);
INSERT INTO sys_pagefield_rlt(id, pageId, fieldId, orderNum, isRequired, isReaded, isReseted, isRecorded, isShowed, layout, isValid, module)
VALUES ('fd98c05f-57ae-4dad-90ba-6acde9b44f44', '5e305ee5-17b4-4525-9edf-31c52df616d1', 'ddadf4ac-9491-4ad0-b834-8f70ef4b12fc', 9, 'N', 'Y', NULL, NULL, 'Y', 'T', 'Y', NULL);
INSERT INTO sys_pagefield_rlt(id, pageId, fieldId, orderNum, isRequired, isReaded, isReseted, isRecorded, isShowed, layout, isValid, module)
VALUES ('93fc8db9-d2b4-4e6e-83da-408e81bdbcf6', '5e305ee5-17b4-4525-9edf-31c52df616d1', '6d80077a-6fee-43bf-88d9-0cc4f9ebf7c8', 10, 'N', 'N', NULL, NULL, 'Y', 'F', 'Y', NULL);
INSERT INTO sys_pagefield_rlt(id, pageId, fieldId, orderNum, isRequired, isReaded, isReseted, isRecorded, isShowed, layout, isValid, module)
VALUES ('4ff508f3-1b9d-48f2-92b9-2be440b4978b', '5e305ee5-17b4-4525-9edf-31c52df616d1', '9f889b1f-a9bd-4f1f-8359-922036ff3333', 11, 'N', 'N', NULL, NULL, 'Y', 'F', 'Y', NULL);
INSERT INTO sys_pagefield_rlt(id, pageId, fieldId, orderNum, isRequired, isReaded, isReseted, isRecorded, isShowed, layout, isValid, module)
VALUES ('c63291b0-1b5a-432a-be2e-a3a63f3e3b80', '5e305ee5-17b4-4525-9edf-31c52df616d1', '4c308e7d-0d39-49d9-a8a6-1587ddb47bd6', 12, 'N', 'Y', NULL, NULL, 'Y', 'T', 'Y', NULL);
INSERT INTO sys_pagefield_rlt(id, pageId, fieldId, orderNum, isRequired, isReaded, isReseted, isRecorded, isShowed, layout, isValid, module)
VALUES ('05111d04-6556-49de-9e1f-d248d7a74144', '5e305ee5-17b4-4525-9edf-31c52df616d1', '10006cef-a890-424a-aecc-11c56d2bd75b', 13, 'N', 'Y', NULL, NULL, 'Y', 'T', 'Y', NULL);
INSERT INTO sys_pagefield_rlt(id, pageId, fieldId, orderNum, isRequired, isReaded, isReseted, isRecorded, isShowed, layout, isValid, module)
VALUES ('e3b6a0d0-3a0e-48aa-9efe-e80609fec723', '5e305ee5-17b4-4525-9edf-31c52df616d1', 'fccc1767-9979-47fd-b256-543bdec57fc6', 14, 'N', 'Y', NULL, NULL, 'Y', 'T', 'Y', NULL);
INSERT INTO sys_pagefield_rlt(id, pageId, fieldId, orderNum, isRequired, isReaded, isReseted, isRecorded, isShowed, layout, isValid, module)
VALUES ('a2782b69-ecc2-43ba-a5fe-495a0633d2b8', '5e305ee5-17b4-4525-9edf-31c52df616d1', '3dd6856d-4efb-4453-97df-e13360791b04', 15, 'N', 'Y', NULL, NULL, 'Y', 'T', 'Y', NULL);
INSERT INTO sys_pagefield_rlt(id, pageId, fieldId, orderNum, isRequired, isReaded, isReseted, isRecorded, isShowed, layout, isValid, module)
VALUES ('55015e7d-6bb1-45f3-af05-80b5afca554a', '5e305ee5-17b4-4525-9edf-31c52df616d1', '2da0b798-80ff-440d-bdc4-0f78c9a27941', 16, 'N', 'Y', NULL, NULL, 'Y', 'F', 'Y', NULL);
INSERT INTO sys_pagefield_rlt(id, pageId, fieldId, orderNum, isRequired, isReaded, isReseted, isRecorded, isShowed, layout, isValid, module)
VALUES ('f886463a-3a14-466d-8a6a-6ed17df45463', '5e305ee5-17b4-4525-9edf-31c52df616d1', '72b3ee68-4a85-4762-86bb-78d1534bb5c0', 17, 'N', 'N', NULL, NULL, 'Y', 'F', 'Y', NULL);
INSERT INTO sys_pagefield_rlt(id, pageId, fieldId, orderNum, isRequired, isReaded, isReseted, isRecorded, isShowed, layout, isValid, module)
VALUES ('5567078a-8091-4405-9749-72fd5fe75c68', '5e305ee5-17b4-4525-9edf-31c52df616d1', 'e4db2acb-aae5-4554-9eb3-dbe90281431f', 18, 'N', 'Y', NULL, NULL, 'Y', 'F', 'Y', NULL);
INSERT INTO sys_pagefield_rlt(id, pageId, fieldId, orderNum, isRequired, isReaded, isReseted, isRecorded, isShowed, layout, isValid, module)
VALUES ('6dfcb827-7123-4657-aaff-ab204e24ad19', '5e305ee5-17b4-4525-9edf-31c52df616d1', 'f045f945-06bd-4535-975d-d53a0a1affa0', 19, 'N', 'Y', NULL, NULL, 'Y', 'F', 'Y', NULL);
INSERT INTO sys_pagefield_rlt(id, pageId, fieldId, orderNum, isRequired, isReaded, isReseted, isRecorded, isShowed, layout, isValid, module)
VALUES ('7e5cc5ce-870d-4566-9ec3-fb7f1a2e7a30', '5e305ee5-17b4-4525-9edf-31c52df616d1', 'd14d402b-3358-401a-a662-d3773fe57cba', 20, 'N', 'Y', NULL, NULL, 'Y', 'F', 'Y', NULL);
INSERT INTO sys_pagefield_rlt(id, pageId, fieldId, orderNum, isRequired, isReaded, isReseted, isRecorded, isShowed, layout, isValid, module)
VALUES ('dfd4be3c-8ff1-46ff-95a2-f93c5ac0a4e2', '5e305ee5-17b4-4525-9edf-31c52df616d1', '488add91-abfe-41fb-af37-505fa218a53e', 21, 'N', 'N', NULL, NULL, 'Y', 'F', 'Y', NULL);
INSERT INTO sys_pagefield_rlt(id, pageId, fieldId, orderNum, isRequired, isReaded, isReseted, isRecorded, isShowed, layout, isValid, module)
VALUES ('a987fa2b-6b9f-4b25-9bab-9958665d0005', '5e305ee5-17b4-4525-9edf-31c52df616d1', 'd9cbcc9c-1b9a-4491-b3ff-ec6d76af6a80', 22, 'Y', 'N', NULL, NULL, 'Y', 'T', 'Y', NULL);
INSERT INTO sys_pagefield_rlt(id, pageId, fieldId, orderNum, isRequired, isReaded, isReseted, isRecorded, isShowed, layout, isValid, module)
VALUES ('56eaac60-94c5-4ea2-8feb-a824805cfd57', '72a6bb6f-70e2-4e76-be48-4af168ea059d', 'e14556cf-4fb6-4618-a647-dbc43eb72d27', 1, 'N', 'Y', NULL, NULL, 'Y', 'F', 'Y', NULL);
INSERT INTO sys_pagefield_rlt(id, pageId, fieldId, orderNum, isRequired, isReaded, isReseted, isRecorded, isShowed, layout, isValid, module)
VALUES ('787f9388-bcd0-4731-9c03-696e77be9338', '72a6bb6f-70e2-4e76-be48-4af168ea059d', '08f6a06e-1f7f-4e16-8410-8203bea55893', 2, 'N', 'Y', NULL, NULL, 'Y', 'T', 'Y', NULL);
INSERT INTO sys_pagefield_rlt(id, pageId, fieldId, orderNum, isRequired, isReaded, isReseted, isRecorded, isShowed, layout, isValid, module)
VALUES ('0ff58c6f-ff61-401b-a04f-1126a4461f02', '72a6bb6f-70e2-4e76-be48-4af168ea059d', '20febe6d-3cfc-4add-904a-95eedb8f32ee', 3, 'Y', 'Y', NULL, NULL, 'Y', 'T', 'Y', NULL);
INSERT INTO sys_pagefield_rlt(id, pageId, fieldId, orderNum, isRequired, isReaded, isReseted, isRecorded, isShowed, layout, isValid, module)
VALUES ('b66a62f6-ce58-42df-ac1b-0865f5ec23f3', '72a6bb6f-70e2-4e76-be48-4af168ea059d', '957e8e6d-9a1c-4b2a-b583-b5a390b4283e', 4, 'Y', 'Y', NULL, NULL, 'Y', 'T', 'Y', NULL);
INSERT INTO sys_pagefield_rlt(id, pageId, fieldId, orderNum, isRequired, isReaded, isReseted, isRecorded, isShowed, layout, isValid, module)
VALUES ('d390f4e4-c5c7-4f79-ad14-24f5b50be28b', '72a6bb6f-70e2-4e76-be48-4af168ea059d', '6d889525-fafc-4bc1-a2eb-c451945d604b', 5, 'Y', 'Y', NULL, NULL, 'Y', 'T', 'Y', NULL);
INSERT INTO sys_pagefield_rlt(id, pageId, fieldId, orderNum, isRequired, isReaded, isReseted, isRecorded, isShowed, layout, isValid, module)
VALUES ('f77c2e1b-e903-455c-b156-a3a25944b0f2', '72a6bb6f-70e2-4e76-be48-4af168ea059d', '2092835a-2eb7-410d-8761-a807f5d77622', 6, 'N', 'Y', NULL, NULL, 'Y', 'T', 'Y', NULL);
INSERT INTO sys_pagefield_rlt(id, pageId, fieldId, orderNum, isRequired, isReaded, isReseted, isRecorded, isShowed, layout, isValid, module)
VALUES ('b07b0503-765c-480f-bca2-097e3b38cd88', '72a6bb6f-70e2-4e76-be48-4af168ea059d', '725e8ffe-5b5f-4cd1-ac6c-9aaba7516913', 7, 'Y', 'Y', NULL, NULL, 'Y', 'T', 'Y', NULL);
INSERT INTO sys_pagefield_rlt(id, pageId, fieldId, orderNum, isRequired, isReaded, isReseted, isRecorded, isShowed, layout, isValid, module)
VALUES ('a5849dde-7b56-47f4-8a2e-1205d05a75a9', '72a6bb6f-70e2-4e76-be48-4af168ea059d', '23298be0-5ea8-4cad-9433-734ed02fd774', 8, 'N', 'Y', NULL, NULL, 'Y', 'T', 'Y', NULL);
INSERT INTO sys_pagefield_rlt(id, pageId, fieldId, orderNum, isRequired, isReaded, isReseted, isRecorded, isShowed, layout, isValid, module)
VALUES ('1e630422-f72d-4489-896f-6b54d49f77b0', '72a6bb6f-70e2-4e76-be48-4af168ea059d', 'ddadf4ac-9491-4ad0-b834-8f70ef4b12fc', 9, 'N', 'Y', NULL, NULL, 'Y', 'T', 'Y', NULL);
INSERT INTO sys_pagefield_rlt(id, pageId, fieldId, orderNum, isRequired, isReaded, isReseted, isRecorded, isShowed, layout, isValid, module)
VALUES ('29d224b6-cfb5-4d5f-9e6c-f7123710b03a', '72a6bb6f-70e2-4e76-be48-4af168ea059d', '6d80077a-6fee-43bf-88d9-0cc4f9ebf7c8', 10, 'N', 'Y', NULL, NULL, 'Y', 'F', 'Y', NULL);
INSERT INTO sys_pagefield_rlt(id, pageId, fieldId, orderNum, isRequired, isReaded, isReseted, isRecorded, isShowed, layout, isValid, module)
VALUES ('2d020af8-72ba-43ac-ac26-8da599b58b85', '72a6bb6f-70e2-4e76-be48-4af168ea059d', '9f889b1f-a9bd-4f1f-8359-922036ff3333', 11, 'N', 'Y', NULL, NULL, 'Y', 'F', 'Y', NULL);
INSERT INTO sys_pagefield_rlt(id, pageId, fieldId, orderNum, isRequired, isReaded, isReseted, isRecorded, isShowed, layout, isValid, module)
VALUES ('7585da73-6b27-4412-9f9c-e6365a32a256', '72a6bb6f-70e2-4e76-be48-4af168ea059d', '4c308e7d-0d39-49d9-a8a6-1587ddb47bd6', 12, 'N', 'Y', NULL, NULL, 'Y', 'T', 'Y', NULL);
INSERT INTO sys_pagefield_rlt(id, pageId, fieldId, orderNum, isRequired, isReaded, isReseted, isRecorded, isShowed, layout, isValid, module)
VALUES ('028573ee-6fa7-4b25-a630-45ad370fb92c', '72a6bb6f-70e2-4e76-be48-4af168ea059d', '10006cef-a890-424a-aecc-11c56d2bd75b', 13, 'N', 'Y', NULL, NULL, 'Y', 'T', 'Y', NULL);
INSERT INTO sys_pagefield_rlt(id, pageId, fieldId, orderNum, isRequired, isReaded, isReseted, isRecorded, isShowed, layout, isValid, module)
VALUES ('32a51601-1691-4ca3-a402-4a892d34f30c', '72a6bb6f-70e2-4e76-be48-4af168ea059d', 'fccc1767-9979-47fd-b256-543bdec57fc6', 14, 'N', 'Y', NULL, NULL, 'Y', 'T', 'Y', NULL);
INSERT INTO sys_pagefield_rlt(id, pageId, fieldId, orderNum, isRequired, isReaded, isReseted, isRecorded, isShowed, layout, isValid, module)
VALUES ('141560e1-84a2-4959-b1a8-fd6916151268', '72a6bb6f-70e2-4e76-be48-4af168ea059d', '3dd6856d-4efb-4453-97df-e13360791b04', 15, 'N', 'Y', NULL, NULL, 'Y', 'T', 'Y', NULL);
INSERT INTO sys_pagefield_rlt(id, pageId, fieldId, orderNum, isRequired, isReaded, isReseted, isRecorded, isShowed, layout, isValid, module)
VALUES ('49ba28ec-89b2-4ca5-9184-5951154c1c12', '72a6bb6f-70e2-4e76-be48-4af168ea059d', '2da0b798-80ff-440d-bdc4-0f78c9a27941', 16, 'N', 'Y', NULL, NULL, 'Y', 'F', 'Y', NULL);
INSERT INTO sys_pagefield_rlt(id, pageId, fieldId, orderNum, isRequired, isReaded, isReseted, isRecorded, isShowed, layout, isValid, module)
VALUES ('0b55b43f-5d3a-4d71-ae6e-e0704cae7ceb', '72a6bb6f-70e2-4e76-be48-4af168ea059d', '72b3ee68-4a85-4762-86bb-78d1534bb5c0', 17, 'N', 'Y', NULL, NULL, 'Y', 'F', 'Y', NULL);
INSERT INTO sys_pagefield_rlt(id, pageId, fieldId, orderNum, isRequired, isReaded, isReseted, isRecorded, isShowed, layout, isValid, module)
VALUES ('3823f73e-d8bc-40ee-bd27-f9e8404b7874', '72a6bb6f-70e2-4e76-be48-4af168ea059d', 'e4db2acb-aae5-4554-9eb3-dbe90281431f', 18, 'Y', 'Y', NULL, NULL, 'Y', 'F', 'Y', NULL);
INSERT INTO sys_pagefield_rlt(id, pageId, fieldId, orderNum, isRequired, isReaded, isReseted, isRecorded, isShowed, layout, isValid, module)
VALUES ('6cefb967-daeb-4858-b5b7-5d16868065d9', '8b16b478-3804-42e4-a117-7f65e6512c19', 'e14556cf-4fb6-4618-a647-dbc43eb72d27', 1, 'N', 'Y', NULL, NULL, 'Y', 'F', 'Y', NULL);
INSERT INTO sys_pagefield_rlt(id, pageId, fieldId, orderNum, isRequired, isReaded, isReseted, isRecorded, isShowed, layout, isValid, module)
VALUES ('c64d4e1f-4a92-4aa2-87d0-2be127eb6e06', '8b16b478-3804-42e4-a117-7f65e6512c19', '08f6a06e-1f7f-4e16-8410-8203bea55893', 2, 'N', 'Y', NULL, NULL, 'Y', 'T', 'Y', NULL);
INSERT INTO sys_pagefield_rlt(id, pageId, fieldId, orderNum, isRequired, isReaded, isReseted, isRecorded, isShowed, layout, isValid, module)
VALUES ('71310832-a7c5-49f7-89d1-ec34ae81c660', '8b16b478-3804-42e4-a117-7f65e6512c19', '20febe6d-3cfc-4add-904a-95eedb8f32ee', 3, 'Y', 'Y', NULL, NULL, 'Y', 'T', 'Y', NULL);
INSERT INTO sys_pagefield_rlt(id, pageId, fieldId, orderNum, isRequired, isReaded, isReseted, isRecorded, isShowed, layout, isValid, module)
VALUES ('b33aa539-7922-4eb1-b691-61acbd8039b9', '8b16b478-3804-42e4-a117-7f65e6512c19', '957e8e6d-9a1c-4b2a-b583-b5a390b4283e', 4, 'Y', 'Y', NULL, NULL, 'Y', 'T', 'Y', NULL);
INSERT INTO sys_pagefield_rlt(id, pageId, fieldId, orderNum, isRequired, isReaded, isReseted, isRecorded, isShowed, layout, isValid, module)
VALUES ('d7c94cbe-9aef-4bbe-bd54-b1b88d4f84ef', '8b16b478-3804-42e4-a117-7f65e6512c19', '6d889525-fafc-4bc1-a2eb-c451945d604b', 5, 'Y', 'Y', NULL, NULL, 'Y', 'T', 'Y', NULL);
INSERT INTO sys_pagefield_rlt(id, pageId, fieldId, orderNum, isRequired, isReaded, isReseted, isRecorded, isShowed, layout, isValid, module)
VALUES ('a495959b-83ab-4556-8e81-d679d3a9d812', '8b16b478-3804-42e4-a117-7f65e6512c19', '2092835a-2eb7-410d-8761-a807f5d77622', 6, 'N', 'Y', NULL, NULL, 'Y', 'T', 'Y', NULL);
INSERT INTO sys_pagefield_rlt(id, pageId, fieldId, orderNum, isRequired, isReaded, isReseted, isRecorded, isShowed, layout, isValid, module)
VALUES ('561dbc5e-5466-40d0-b91d-1e19586d4833', '8b16b478-3804-42e4-a117-7f65e6512c19', '725e8ffe-5b5f-4cd1-ac6c-9aaba7516913', 7, 'N', 'Y', NULL, NULL, 'Y', 'T', 'Y', NULL);
INSERT INTO sys_pagefield_rlt(id, pageId, fieldId, orderNum, isRequired, isReaded, isReseted, isRecorded, isShowed, layout, isValid, module)
VALUES ('0eda035a-a4a0-40c4-b359-25c105b1c8cb', '8b16b478-3804-42e4-a117-7f65e6512c19', '23298be0-5ea8-4cad-9433-734ed02fd774', 8, 'Y', 'Y', NULL, NULL, 'Y', 'T', 'Y', NULL);
INSERT INTO sys_pagefield_rlt(id, pageId, fieldId, orderNum, isRequired, isReaded, isReseted, isRecorded, isShowed, layout, isValid, module)
VALUES ('ee59913b-9c9c-41d3-856f-c0fe02fc9b2b', '8b16b478-3804-42e4-a117-7f65e6512c19', 'ddadf4ac-9491-4ad0-b834-8f70ef4b12fc', 9, 'N', 'Y', NULL, NULL, 'Y', 'T', 'Y', NULL);
INSERT INTO sys_pagefield_rlt(id, pageId, fieldId, orderNum, isRequired, isReaded, isReseted, isRecorded, isShowed, layout, isValid, module)
VALUES ('aa76d304-83c0-48ca-87da-7254f6963eb1', '8b16b478-3804-42e4-a117-7f65e6512c19', '6d80077a-6fee-43bf-88d9-0cc4f9ebf7c8', 10, 'N', 'Y', NULL, NULL, 'Y', 'F', 'Y', NULL);
INSERT INTO sys_pagefield_rlt(id, pageId, fieldId, orderNum, isRequired, isReaded, isReseted, isRecorded, isShowed, layout, isValid, module)
VALUES ('73c49bfa-3a9d-49c8-8ac6-8b82f4f49aaf', '8b16b478-3804-42e4-a117-7f65e6512c19', '9f889b1f-a9bd-4f1f-8359-922036ff3333', 11, 'N', 'Y', NULL, NULL, 'Y', 'F', 'Y', NULL);
INSERT INTO sys_pagefield_rlt(id, pageId, fieldId, orderNum, isRequired, isReaded, isReseted, isRecorded, isShowed, layout, isValid, module)
VALUES ('15159d4c-0103-4bd9-a0a1-8cf6a3e9c94a', '8b16b478-3804-42e4-a117-7f65e6512c19', '4c308e7d-0d39-49d9-a8a6-1587ddb47bd6', 12, 'N', 'Y', NULL, NULL, 'Y', 'T', 'Y', NULL);
INSERT INTO sys_pagefield_rlt(id, pageId, fieldId, orderNum, isRequired, isReaded, isReseted, isRecorded, isShowed, layout, isValid, module)
VALUES ('366826e5-8772-4227-895e-8a20b2506d43', '8b16b478-3804-42e4-a117-7f65e6512c19', '10006cef-a890-424a-aecc-11c56d2bd75b', 13, 'N', 'Y', NULL, NULL, 'Y', 'T', 'Y', NULL);
INSERT INTO sys_pagefield_rlt(id, pageId, fieldId, orderNum, isRequired, isReaded, isReseted, isRecorded, isShowed, layout, isValid, module)
VALUES ('9ba10567-4703-4349-859d-fd9747664dfc', '8b16b478-3804-42e4-a117-7f65e6512c19', 'fccc1767-9979-47fd-b256-543bdec57fc6', 14, 'N', 'Y', NULL, NULL, 'Y', 'T', 'Y', NULL);
INSERT INTO sys_pagefield_rlt(id, pageId, fieldId, orderNum, isRequired, isReaded, isReseted, isRecorded, isShowed, layout, isValid, module)
VALUES ('90bc1cb8-9412-4919-8189-96b1ad3b51ca', '8b16b478-3804-42e4-a117-7f65e6512c19', '3dd6856d-4efb-4453-97df-e13360791b04', 15, 'N', 'Y', NULL, NULL, 'Y', 'T', 'Y', NULL);
INSERT INTO sys_pagefield_rlt(id, pageId, fieldId, orderNum, isRequired, isReaded, isReseted, isRecorded, isShowed, layout, isValid, module)
VALUES ('bb7f2c65-da61-48d0-a4c6-92a1355367fd', '8b16b478-3804-42e4-a117-7f65e6512c19', '2da0b798-80ff-440d-bdc4-0f78c9a27941', 16, 'N', 'Y', NULL, NULL, 'Y', 'F', 'Y', NULL);
INSERT INTO sys_pagefield_rlt(id, pageId, fieldId, orderNum, isRequired, isReaded, isReseted, isRecorded, isShowed, layout, isValid, module)
VALUES ('99ef9f87-8a7e-4635-a99c-d17f4cb4557c', '8b16b478-3804-42e4-a117-7f65e6512c19', '72b3ee68-4a85-4762-86bb-78d1534bb5c0', 17, 'N', 'Y', NULL, NULL, 'Y', 'F', 'Y', NULL);
INSERT INTO sys_pagefield_rlt(id, pageId, fieldId, orderNum, isRequired, isReaded, isReseted, isRecorded, isShowed, layout, isValid, module)
VALUES ('30b96893-4420-45c2-8288-4dbf7837d94f', '8b16b478-3804-42e4-a117-7f65e6512c19', 'e4db2acb-aae5-4554-9eb3-dbe90281431f', 18, 'N', 'Y', NULL, NULL, 'Y', 'F', 'Y', NULL);
INSERT INTO sys_pagefield_rlt(id, pageId, fieldId, orderNum, isRequired, isReaded, isReseted, isRecorded, isShowed, layout, isValid, module)
VALUES ('1de069f2-7a79-4b49-8597-2abb556ab45b', '8b16b478-3804-42e4-a117-7f65e6512c19', 'f045f945-06bd-4535-975d-d53a0a1affa0', 19, 'N', 'Y', NULL, NULL, 'Y', 'F', 'Y', NULL);
INSERT INTO sys_pagefield_rlt(id, pageId, fieldId, orderNum, isRequired, isReaded, isReseted, isRecorded, isShowed, layout, isValid, module)
VALUES ('e78c6576-5b65-4a63-a424-4a7e2cc1a767', '8b16b478-3804-42e4-a117-7f65e6512c19', 'd14d402b-3358-401a-a662-d3773fe57cba', 20, 'N', 'Y', NULL, NULL, 'Y', 'F', 'Y', NULL);
INSERT INTO sys_pagefield_rlt(id, pageId, fieldId, orderNum, isRequired, isReaded, isReseted, isRecorded, isShowed, layout, isValid, module)
VALUES ('8d05e554-73eb-421f-ba5f-927ee97d3fef', 'a3532277-4cbb-48f8-955a-87751e791b0f', 'e14556cf-4fb6-4618-a647-dbc43eb72d27', 1, 'N', 'Y', NULL, NULL, 'Y', 'F', 'Y', NULL);
INSERT INTO sys_pagefield_rlt(id, pageId, fieldId, orderNum, isRequired, isReaded, isReseted, isRecorded, isShowed, layout, isValid, module)
VALUES ('1a013d35-b1b1-4a1b-b90d-88eb321aeea4', 'a3532277-4cbb-48f8-955a-87751e791b0f', '08f6a06e-1f7f-4e16-8410-8203bea55893', 2, 'N', 'Y', NULL, NULL, 'Y', 'T', 'Y', NULL);
INSERT INTO sys_pagefield_rlt(id, pageId, fieldId, orderNum, isRequired, isReaded, isReseted, isRecorded, isShowed, layout, isValid, module)
VALUES ('28dfa4d2-ff18-4640-a13e-b9b3d70340d2', 'a3532277-4cbb-48f8-955a-87751e791b0f', '20febe6d-3cfc-4add-904a-95eedb8f32ee', 3, 'Y', 'N', NULL, NULL, 'Y', 'T', 'Y', NULL);
INSERT INTO sys_pagefield_rlt(id, pageId, fieldId, orderNum, isRequired, isReaded, isReseted, isRecorded, isShowed, layout, isValid, module)
VALUES ('7aca8f9b-ce09-4237-8162-ff729434638c', 'a3532277-4cbb-48f8-955a-87751e791b0f', '957e8e6d-9a1c-4b2a-b583-b5a390b4283e', 4, 'Y', 'N', NULL, NULL, 'Y', 'T', 'Y', NULL);
INSERT INTO sys_pagefield_rlt(id, pageId, fieldId, orderNum, isRequired, isReaded, isReseted, isRecorded, isShowed, layout, isValid, module)
VALUES ('9545f867-2bb2-4f3e-ac24-74a9142d44d0', 'a3532277-4cbb-48f8-955a-87751e791b0f', '6d889525-fafc-4bc1-a2eb-c451945d604b', 5, 'Y', 'N', NULL, NULL, 'Y', 'T', 'Y', NULL);
INSERT INTO sys_pagefield_rlt(id, pageId, fieldId, orderNum, isRequired, isReaded, isReseted, isRecorded, isShowed, layout, isValid, module)
VALUES ('4c49eb7b-dbc7-4dd1-a214-edcdd56a1bec', 'a3532277-4cbb-48f8-955a-87751e791b0f', '2092835a-2eb7-410d-8761-a807f5d77622', 6, 'N', 'Y', NULL, NULL, 'Y', 'T', 'Y', NULL);
INSERT INTO sys_pagefield_rlt(id, pageId, fieldId, orderNum, isRequired, isReaded, isReseted, isRecorded, isShowed, layout, isValid, module)
VALUES ('c724160b-1677-4044-b7f2-e486a0407a86', 'a3532277-4cbb-48f8-955a-87751e791b0f', '725e8ffe-5b5f-4cd1-ac6c-9aaba7516913', 7, 'N', 'Y', NULL, NULL, 'Y', 'T', 'Y', NULL);
INSERT INTO sys_pagefield_rlt(id, pageId, fieldId, orderNum, isRequired, isReaded, isReseted, isRecorded, isShowed, layout, isValid, module)
VALUES ('9b4148eb-5ccb-4a43-a71e-3c8318877ebe', 'a3532277-4cbb-48f8-955a-87751e791b0f', '23298be0-5ea8-4cad-9433-734ed02fd774', 8, 'N', 'Y', NULL, NULL, 'Y', 'T', 'Y', NULL);
INSERT INTO sys_pagefield_rlt(id, pageId, fieldId, orderNum, isRequired, isReaded, isReseted, isRecorded, isShowed, layout, isValid, module)
VALUES ('505417f9-9535-4425-b35b-90fce25a2a32', 'a3532277-4cbb-48f8-955a-87751e791b0f', 'ddadf4ac-9491-4ad0-b834-8f70ef4b12fc', 9, 'N', 'Y', NULL, NULL, 'Y', 'T', 'Y', NULL);
INSERT INTO sys_pagefield_rlt(id, pageId, fieldId, orderNum, isRequired, isReaded, isReseted, isRecorded, isShowed, layout, isValid, module)
VALUES ('c1e79e1c-81aa-49cb-8ff3-5e93912f8794', 'a3532277-4cbb-48f8-955a-87751e791b0f', '6d80077a-6fee-43bf-88d9-0cc4f9ebf7c8', 10, 'N', 'N', NULL, NULL, 'Y', 'F', 'Y', NULL);
INSERT INTO sys_pagefield_rlt(id, pageId, fieldId, orderNum, isRequired, isReaded, isReseted, isRecorded, isShowed, layout, isValid, module)
VALUES ('f26567bd-01af-4160-9509-9ee424efc6cc', 'a3532277-4cbb-48f8-955a-87751e791b0f', '9f889b1f-a9bd-4f1f-8359-922036ff3333', 11, 'N', 'N', NULL, NULL, 'Y', 'F', 'Y', NULL);
INSERT INTO sys_pagefield_rlt(id, pageId, fieldId, orderNum, isRequired, isReaded, isReseted, isRecorded, isShowed, layout, isValid, module)
VALUES ('da4a3e25-ad6d-4367-825c-fc9197e92859', 'a3532277-4cbb-48f8-955a-87751e791b0f', '4c308e7d-0d39-49d9-a8a6-1587ddb47bd6', 12, 'N', 'Y', NULL, NULL, 'Y', 'T', 'Y', NULL);
INSERT INTO sys_pagefield_rlt(id, pageId, fieldId, orderNum, isRequired, isReaded, isReseted, isRecorded, isShowed, layout, isValid, module)
VALUES ('dca7085c-b96e-4915-9a3d-0a6eeb6f4031', 'a3532277-4cbb-48f8-955a-87751e791b0f', '10006cef-a890-424a-aecc-11c56d2bd75b', 13, 'N', 'Y', NULL, NULL, 'Y', 'T', 'Y', NULL);
INSERT INTO sys_pagefield_rlt(id, pageId, fieldId, orderNum, isRequired, isReaded, isReseted, isRecorded, isShowed, layout, isValid, module)
VALUES ('eb2838cf-f951-4789-9341-f1ca3ab81551', 'a3532277-4cbb-48f8-955a-87751e791b0f', 'fccc1767-9979-47fd-b256-543bdec57fc6', 14, 'N', 'Y', NULL, NULL, 'Y', 'T', 'Y', NULL);
INSERT INTO sys_pagefield_rlt(id, pageId, fieldId, orderNum, isRequired, isReaded, isReseted, isRecorded, isShowed, layout, isValid, module)
VALUES ('e9f865fe-a7ab-4a67-bdad-54eee463ad83', 'a3532277-4cbb-48f8-955a-87751e791b0f', '3dd6856d-4efb-4453-97df-e13360791b04', 15, 'N', 'Y', NULL, NULL, 'Y', 'T', 'Y', NULL);
INSERT INTO sys_pagefield_rlt(id, pageId, fieldId, orderNum, isRequired, isReaded, isReseted, isRecorded, isShowed, layout, isValid, module)
VALUES ('717be320-bf60-4a00-84e2-8d78f4d51bcb', 'a3532277-4cbb-48f8-955a-87751e791b0f', '2da0b798-80ff-440d-bdc4-0f78c9a27941', 16, 'N', 'Y', NULL, NULL, 'Y', 'F', 'Y', NULL);
INSERT INTO sys_pagefield_rlt(id, pageId, fieldId, orderNum, isRequired, isReaded, isReseted, isRecorded, isShowed, layout, isValid, module)
VALUES ('90c72398-9c3c-406a-beca-ca34eae31c2c', 'a3532277-4cbb-48f8-955a-87751e791b0f', '72b3ee68-4a85-4762-86bb-78d1534bb5c0', 17, 'N', 'N', NULL, NULL, 'Y', 'F', 'Y', NULL);
INSERT INTO sys_pagefield_rlt(id, pageId, fieldId, orderNum, isRequired, isReaded, isReseted, isRecorded, isShowed, layout, isValid, module)
VALUES ('ba83e704-c851-42ba-8a53-6c2a8bdee0f9', 'a3532277-4cbb-48f8-955a-87751e791b0f', 'e4db2acb-aae5-4554-9eb3-dbe90281431f', 18, 'N', 'Y', NULL, NULL, 'Y', 'F', 'Y', NULL);
INSERT INTO sys_pagefield_rlt(id, pageId, fieldId, orderNum, isRequired, isReaded, isReseted, isRecorded, isShowed, layout, isValid, module)
VALUES ('71da3403-736d-4be0-9863-62656bef48e5', 'a3532277-4cbb-48f8-955a-87751e791b0f', 'f045f945-06bd-4535-975d-d53a0a1affa0', 19, 'N', 'Y', NULL, NULL, 'Y', 'F', 'Y', NULL);
INSERT INTO sys_pagefield_rlt(id, pageId, fieldId, orderNum, isRequired, isReaded, isReseted, isRecorded, isShowed, layout, isValid, module)
VALUES ('7f5d1cd5-10b9-42c0-b8e9-a8deb3ad2229', 'a3532277-4cbb-48f8-955a-87751e791b0f', 'd14d402b-3358-401a-a662-d3773fe57cba', 20, 'N', 'Y', NULL, NULL, 'Y', 'F', 'Y', NULL);
INSERT INTO sys_pagefield_rlt(id, pageId, fieldId, orderNum, isRequired, isReaded, isReseted, isRecorded, isShowed, layout, isValid, module)
VALUES ('bbae638e-34d3-456d-8967-6c17649b2a6a', 'a3532277-4cbb-48f8-955a-87751e791b0f', '488add91-abfe-41fb-af37-505fa218a53e', 21, 'N', 'Y', NULL, NULL, 'Y', 'F', 'Y', NULL);
INSERT INTO sys_pagefield_rlt(id, pageId, fieldId, orderNum, isRequired, isReaded, isReseted, isRecorded, isShowed, layout, isValid, module)
VALUES ('1e01beab-d55b-40df-95be-46152834876e', 'a3532277-4cbb-48f8-955a-87751e791b0f', 'd9cbcc9c-1b9a-4491-b3ff-ec6d76af6a80', 22, 'N', 'N', NULL, NULL, 'Y', 'T', 'Y', NULL);
INSERT INTO sys_pagefield_rlt(id, pageId, fieldId, orderNum, isRequired, isReaded, isReseted, isRecorded, isShowed, layout, isValid, module)
VALUES ('61150d87-980e-4f67-b6a4-48d2882b32cc', 'a3532277-4cbb-48f8-955a-87751e791b0f', '0dd753d1-fc6e-4f52-b748-18b26b2551a7', 23, 'Y', 'N', NULL, NULL, 'Y', 'F', 'Y', NULL);
INSERT INTO sys_pagefield_rlt(id, pageId, fieldId, orderNum, isRequired, isReaded, isReseted, isRecorded, isShowed, layout, isValid, module)
VALUES ('6dda4d7e-6659-49c7-b480-a63dadbed019', 'ae2b426f-3c2d-440d-a999-dc3d0afa848f', 'e14556cf-4fb6-4618-a647-dbc43eb72d27', 1, 'N', 'Y', NULL, NULL, 'Y', 'F', 'Y', NULL);
INSERT INTO sys_pagefield_rlt(id, pageId, fieldId, orderNum, isRequired, isReaded, isReseted, isRecorded, isShowed, layout, isValid, module)
VALUES ('a68a599f-b9c7-46a4-a2c0-bcc8b11819ce', 'ae2b426f-3c2d-440d-a999-dc3d0afa848f', '08f6a06e-1f7f-4e16-8410-8203bea55893', 2, 'N', 'Y', NULL, NULL, 'Y', 'T', 'Y', NULL);
INSERT INTO sys_pagefield_rlt(id, pageId, fieldId, orderNum, isRequired, isReaded, isReseted, isRecorded, isShowed, layout, isValid, module)
VALUES ('f916f326-7914-42d3-86ad-9a5f9cf9a897', 'ae2b426f-3c2d-440d-a999-dc3d0afa848f', '20febe6d-3cfc-4add-904a-95eedb8f32ee', 3, 'Y', 'N', NULL, NULL, 'Y', 'T', 'Y', NULL);
INSERT INTO sys_pagefield_rlt(id, pageId, fieldId, orderNum, isRequired, isReaded, isReseted, isRecorded, isShowed, layout, isValid, module)
VALUES ('6f9568d9-ab5a-4fe7-b55e-dbcb708791ba', 'ae2b426f-3c2d-440d-a999-dc3d0afa848f', '957e8e6d-9a1c-4b2a-b583-b5a390b4283e', 4, 'Y', 'N', NULL, NULL, 'Y', 'T', 'Y', NULL);
INSERT INTO sys_pagefield_rlt(id, pageId, fieldId, orderNum, isRequired, isReaded, isReseted, isRecorded, isShowed, layout, isValid, module)
VALUES ('0a173f46-2786-4632-929d-9343fd08f4dd', 'ae2b426f-3c2d-440d-a999-dc3d0afa848f', '6d889525-fafc-4bc1-a2eb-c451945d604b', 5, 'Y', 'N', NULL, NULL, 'Y', 'T', 'Y', NULL);
INSERT INTO sys_pagefield_rlt(id, pageId, fieldId, orderNum, isRequired, isReaded, isReseted, isRecorded, isShowed, layout, isValid, module)
VALUES ('9efe3933-53c2-4790-8be4-6fad09c3cc68', 'ae2b426f-3c2d-440d-a999-dc3d0afa848f', '2092835a-2eb7-410d-8761-a807f5d77622', 6, 'N', 'Y', NULL, NULL, 'Y', 'T', 'Y', NULL);
INSERT INTO sys_pagefield_rlt(id, pageId, fieldId, orderNum, isRequired, isReaded, isReseted, isRecorded, isShowed, layout, isValid, module)
VALUES ('e2541b33-f859-43f3-bb6b-72f6b66c0bad', 'ae2b426f-3c2d-440d-a999-dc3d0afa848f', '725e8ffe-5b5f-4cd1-ac6c-9aaba7516913', 7, 'N', 'Y', NULL, NULL, 'Y', 'T', 'Y', NULL);
INSERT INTO sys_pagefield_rlt(id, pageId, fieldId, orderNum, isRequired, isReaded, isReseted, isRecorded, isShowed, layout, isValid, module)
VALUES ('4fd18f3f-e794-475a-a6b7-4dff750c3f7c', 'ae2b426f-3c2d-440d-a999-dc3d0afa848f', '23298be0-5ea8-4cad-9433-734ed02fd774', 8, 'Y', 'N', NULL, NULL, 'Y', 'T', 'Y', NULL);
INSERT INTO sys_pagefield_rlt(id, pageId, fieldId, orderNum, isRequired, isReaded, isReseted, isRecorded, isShowed, layout, isValid, module)
VALUES ('322baa71-271a-4253-a619-88cb080744f1', 'ae2b426f-3c2d-440d-a999-dc3d0afa848f', 'ddadf4ac-9491-4ad0-b834-8f70ef4b12fc', 9, 'N', 'Y', NULL, NULL, 'Y', 'T', 'Y', NULL);
INSERT INTO sys_pagefield_rlt(id, pageId, fieldId, orderNum, isRequired, isReaded, isReseted, isRecorded, isShowed, layout, isValid, module)
VALUES ('96b0ed4c-2485-4051-ad1c-ec535400dfdd', 'ae2b426f-3c2d-440d-a999-dc3d0afa848f', '6d80077a-6fee-43bf-88d9-0cc4f9ebf7c8', 10, 'N', 'N', NULL, NULL, 'Y', 'F', 'Y', NULL);
INSERT INTO sys_pagefield_rlt(id, pageId, fieldId, orderNum, isRequired, isReaded, isReseted, isRecorded, isShowed, layout, isValid, module)
VALUES ('fece68e4-05dc-4791-bdbb-79eea6457584', 'ae2b426f-3c2d-440d-a999-dc3d0afa848f', '9f889b1f-a9bd-4f1f-8359-922036ff3333', 11, 'N', 'N', NULL, NULL, 'Y', 'F', 'Y', NULL);
INSERT INTO sys_pagefield_rlt(id, pageId, fieldId, orderNum, isRequired, isReaded, isReseted, isRecorded, isShowed, layout, isValid, module)
VALUES ('e4394868-ae4a-4191-8e27-21e4b851ccbe', 'ae2b426f-3c2d-440d-a999-dc3d0afa848f', '4c308e7d-0d39-49d9-a8a6-1587ddb47bd6', 12, 'N', 'Y', NULL, NULL, 'Y', 'T', 'Y', NULL);
INSERT INTO sys_pagefield_rlt(id, pageId, fieldId, orderNum, isRequired, isReaded, isReseted, isRecorded, isShowed, layout, isValid, module)
VALUES ('3ea72e4b-2acf-402d-a860-f97f5f3ad306', 'ae2b426f-3c2d-440d-a999-dc3d0afa848f', '10006cef-a890-424a-aecc-11c56d2bd75b', 13, 'N', 'Y', NULL, NULL, 'Y', 'T', 'Y', NULL);
INSERT INTO sys_pagefield_rlt(id, pageId, fieldId, orderNum, isRequired, isReaded, isReseted, isRecorded, isShowed, layout, isValid, module)
VALUES ('1ba8c8a6-98b2-4708-8fd1-d616ed26bd36', 'ae2b426f-3c2d-440d-a999-dc3d0afa848f', 'fccc1767-9979-47fd-b256-543bdec57fc6', 14, 'N', 'Y', NULL, NULL, 'Y', 'T', 'Y', NULL);
INSERT INTO sys_pagefield_rlt(id, pageId, fieldId, orderNum, isRequired, isReaded, isReseted, isRecorded, isShowed, layout, isValid, module)
VALUES ('77be8e50-b494-4eab-a29a-f37b0a2c02e1', 'ae2b426f-3c2d-440d-a999-dc3d0afa848f', '3dd6856d-4efb-4453-97df-e13360791b04', 15, 'N', 'Y', NULL, NULL, 'Y', 'T', 'Y', NULL);
INSERT INTO sys_pagefield_rlt(id, pageId, fieldId, orderNum, isRequired, isReaded, isReseted, isRecorded, isShowed, layout, isValid, module)
VALUES ('2960f720-155a-4075-8289-6772b3fd3bf1', 'ae2b426f-3c2d-440d-a999-dc3d0afa848f', '2da0b798-80ff-440d-bdc4-0f78c9a27941', 16, 'N', 'Y', NULL, NULL, 'Y', 'F', 'Y', NULL);
INSERT INTO sys_pagefield_rlt(id, pageId, fieldId, orderNum, isRequired, isReaded, isReseted, isRecorded, isShowed, layout, isValid, module)
VALUES ('d69feee0-c5ab-4e2c-936d-d782e5fa4fa3', 'ae2b426f-3c2d-440d-a999-dc3d0afa848f', '72b3ee68-4a85-4762-86bb-78d1534bb5c0', 17, 'N', 'N', NULL, NULL, 'Y', 'F', 'Y', NULL);
INSERT INTO sys_pagefield_rlt(id, pageId, fieldId, orderNum, isRequired, isReaded, isReseted, isRecorded, isShowed, layout, isValid, module)
VALUES ('78539f5d-212c-424a-89ac-d4cafa970983', 'ae2b426f-3c2d-440d-a999-dc3d0afa848f', 'e4db2acb-aae5-4554-9eb3-dbe90281431f', 18, 'N', 'Y', NULL, NULL, 'Y', 'F', 'Y', NULL);
INSERT INTO sys_pagefield_rlt(id, pageId, fieldId, orderNum, isRequired, isReaded, isReseted, isRecorded, isShowed, layout, isValid, module)
VALUES ('efd8b4d6-b36a-4ad4-a1c0-2167b68a0c20', 'ae2b426f-3c2d-440d-a999-dc3d0afa848f', 'f045f945-06bd-4535-975d-d53a0a1affa0', 19, 'N', 'N', NULL, NULL, 'Y', 'F', 'Y', NULL);
INSERT INTO sys_pagefield_rlt(id, pageId, fieldId, orderNum, isRequired, isReaded, isReseted, isRecorded, isShowed, layout, isValid, module)
VALUES ('662710c8-bfb1-48bd-8a3b-77b00a8bcaff', 'ae2b426f-3c2d-440d-a999-dc3d0afa848f', 'd14d402b-3358-401a-a662-d3773fe57cba', 20, 'N', 'N', NULL, NULL, 'Y', 'F', 'Y', NULL);
INSERT INTO sys_pagefield_rlt(id, pageId, fieldId, orderNum, isRequired, isReaded, isReseted, isRecorded, isShowed, layout, isValid, module)
VALUES ('973e86af-5ce5-4478-b47b-2a1deb329a30', 'b68404f4-d428-4581-8cb8-b0ffdd045922', 'e14556cf-4fb6-4618-a647-dbc43eb72d27', 1, 'N', 'Y', NULL, NULL, 'Y', 'F', 'Y', NULL);
INSERT INTO sys_pagefield_rlt(id, pageId, fieldId, orderNum, isRequired, isReaded, isReseted, isRecorded, isShowed, layout, isValid, module)
VALUES ('ddee3c53-4ae4-4bbe-914f-802adba53295', 'b68404f4-d428-4581-8cb8-b0ffdd045922', '08f6a06e-1f7f-4e16-8410-8203bea55893', 2, 'N', 'Y', NULL, NULL, 'Y', 'T', 'Y', NULL);
INSERT INTO sys_pagefield_rlt(id, pageId, fieldId, orderNum, isRequired, isReaded, isReseted, isRecorded, isShowed, layout, isValid, module)
VALUES ('917d0bb7-2f64-456f-9cc9-701d14ebcc1d', 'b68404f4-d428-4581-8cb8-b0ffdd045922', '20febe6d-3cfc-4add-904a-95eedb8f32ee', 3, 'Y', 'N', NULL, NULL, 'Y', 'T', 'Y', NULL);
INSERT INTO sys_pagefield_rlt(id, pageId, fieldId, orderNum, isRequired, isReaded, isReseted, isRecorded, isShowed, layout, isValid, module)
VALUES ('cb98b0a6-0acf-480e-b1b3-51254f23066d', 'b68404f4-d428-4581-8cb8-b0ffdd045922', '957e8e6d-9a1c-4b2a-b583-b5a390b4283e', 4, 'Y', 'N', NULL, NULL, 'Y', 'T', 'Y', NULL);
INSERT INTO sys_pagefield_rlt(id, pageId, fieldId, orderNum, isRequired, isReaded, isReseted, isRecorded, isShowed, layout, isValid, module)
VALUES ('f7e274bc-86f2-464c-bebd-dfcd45807461', 'b68404f4-d428-4581-8cb8-b0ffdd045922', '6d889525-fafc-4bc1-a2eb-c451945d604b', 5, 'Y', 'N', NULL, NULL, 'Y', 'T', 'Y', NULL);
INSERT INTO sys_pagefield_rlt(id, pageId, fieldId, orderNum, isRequired, isReaded, isReseted, isRecorded, isShowed, layout, isValid, module)
VALUES ('8fd17e6f-d944-4090-b1ef-cf3317e66bcf', 'b68404f4-d428-4581-8cb8-b0ffdd045922', '2092835a-2eb7-410d-8761-a807f5d77622', 6, 'N', 'Y', NULL, NULL, 'Y', 'T', 'Y', NULL);
INSERT INTO sys_pagefield_rlt(id, pageId, fieldId, orderNum, isRequired, isReaded, isReseted, isRecorded, isShowed, layout, isValid, module)
VALUES ('5b70fce1-0ca5-4c8f-a06b-4ae65a4b8fb6', 'b68404f4-d428-4581-8cb8-b0ffdd045922', '725e8ffe-5b5f-4cd1-ac6c-9aaba7516913', 7, 'N', 'Y', NULL, NULL, 'Y', 'T', 'Y', NULL);
INSERT INTO sys_pagefield_rlt(id, pageId, fieldId, orderNum, isRequired, isReaded, isReseted, isRecorded, isShowed, layout, isValid, module)
VALUES ('af0266fd-499a-4849-8a70-3981aaca0cba', 'b68404f4-d428-4581-8cb8-b0ffdd045922', '23298be0-5ea8-4cad-9433-734ed02fd774', 8, 'N', 'Y', NULL, NULL, 'Y', 'T', 'Y', NULL);
INSERT INTO sys_pagefield_rlt(id, pageId, fieldId, orderNum, isRequired, isReaded, isReseted, isRecorded, isShowed, layout, isValid, module)
VALUES ('3ba06d97-a0e4-4f3b-bd78-fc2943effbac', 'b68404f4-d428-4581-8cb8-b0ffdd045922', 'ddadf4ac-9491-4ad0-b834-8f70ef4b12fc', 9, 'N', 'Y', NULL, NULL, 'Y', 'T', 'Y', NULL);
INSERT INTO sys_pagefield_rlt(id, pageId, fieldId, orderNum, isRequired, isReaded, isReseted, isRecorded, isShowed, layout, isValid, module)
VALUES ('dea97083-67f0-4469-9804-add48a1faeae', 'b68404f4-d428-4581-8cb8-b0ffdd045922', '6d80077a-6fee-43bf-88d9-0cc4f9ebf7c8', 10, 'N', 'N', NULL, NULL, 'Y', 'F', 'Y', NULL);
INSERT INTO sys_pagefield_rlt(id, pageId, fieldId, orderNum, isRequired, isReaded, isReseted, isRecorded, isShowed, layout, isValid, module)
VALUES ('74e2e3d3-9db1-4584-a3d5-e3d289de5a05', 'b68404f4-d428-4581-8cb8-b0ffdd045922', '9f889b1f-a9bd-4f1f-8359-922036ff3333', 11, 'N', 'N', NULL, NULL, 'Y', 'F', 'Y', NULL);
INSERT INTO sys_pagefield_rlt(id, pageId, fieldId, orderNum, isRequired, isReaded, isReseted, isRecorded, isShowed, layout, isValid, module)
VALUES ('bf53ebdf-b5e7-49be-8c2f-fb2d0d24cadf', 'b68404f4-d428-4581-8cb8-b0ffdd045922', '4c308e7d-0d39-49d9-a8a6-1587ddb47bd6', 12, 'N', 'Y', NULL, NULL, 'Y', 'T', 'Y', NULL);
INSERT INTO sys_pagefield_rlt(id, pageId, fieldId, orderNum, isRequired, isReaded, isReseted, isRecorded, isShowed, layout, isValid, module)
VALUES ('679c9724-4007-4456-a90b-b77da2af5604', 'b68404f4-d428-4581-8cb8-b0ffdd045922', '10006cef-a890-424a-aecc-11c56d2bd75b', 13, 'N', 'Y', NULL, NULL, 'Y', 'T', 'Y', NULL);
INSERT INTO sys_pagefield_rlt(id, pageId, fieldId, orderNum, isRequired, isReaded, isReseted, isRecorded, isShowed, layout, isValid, module)
VALUES ('8a3f2a31-3670-4dc4-a2e0-0dba393aacfe', 'b68404f4-d428-4581-8cb8-b0ffdd045922', 'fccc1767-9979-47fd-b256-543bdec57fc6', 14, 'N', 'Y', NULL, NULL, 'Y', 'T', 'Y', NULL);
INSERT INTO sys_pagefield_rlt(id, pageId, fieldId, orderNum, isRequired, isReaded, isReseted, isRecorded, isShowed, layout, isValid, module)
VALUES ('8ab9af1c-03e0-407a-bf20-19f9bcf147ef', 'b68404f4-d428-4581-8cb8-b0ffdd045922', '3dd6856d-4efb-4453-97df-e13360791b04', 15, 'N', 'Y', NULL, NULL, 'Y', 'T', 'Y', NULL);
INSERT INTO sys_pagefield_rlt(id, pageId, fieldId, orderNum, isRequired, isReaded, isReseted, isRecorded, isShowed, layout, isValid, module)
VALUES ('3be2b856-cddf-4e37-8edf-f2108f44827b', 'b68404f4-d428-4581-8cb8-b0ffdd045922', '2da0b798-80ff-440d-bdc4-0f78c9a27941', 16, 'N', 'Y', NULL, NULL, 'Y', 'F', 'Y', NULL);
INSERT INTO sys_pagefield_rlt(id, pageId, fieldId, orderNum, isRequired, isReaded, isReseted, isRecorded, isShowed, layout, isValid, module)
VALUES ('5817ce7a-be5d-4d00-9507-7e6580a6ff96', 'b68404f4-d428-4581-8cb8-b0ffdd045922', '72b3ee68-4a85-4762-86bb-78d1534bb5c0', 17, 'N', 'N', NULL, NULL, 'Y', 'F', 'Y', NULL);
INSERT INTO sys_pagefield_rlt(id, pageId, fieldId, orderNum, isRequired, isReaded, isReseted, isRecorded, isShowed, layout, isValid, module)
VALUES ('db59fbff-7900-4d6c-a208-7c761775c777', 'b68404f4-d428-4581-8cb8-b0ffdd045922', 'e4db2acb-aae5-4554-9eb3-dbe90281431f', 18, 'N', 'Y', NULL, NULL, 'Y', 'F', 'Y', NULL);
INSERT INTO sys_pagefield_rlt(id, pageId, fieldId, orderNum, isRequired, isReaded, isReseted, isRecorded, isShowed, layout, isValid, module)
VALUES ('ad347931-6e33-4ddb-857e-8a42880bdb00', 'b68404f4-d428-4581-8cb8-b0ffdd045922', 'f045f945-06bd-4535-975d-d53a0a1affa0', 19, 'N', 'Y', NULL, NULL, 'Y', 'F', 'Y', NULL);
INSERT INTO sys_pagefield_rlt(id, pageId, fieldId, orderNum, isRequired, isReaded, isReseted, isRecorded, isShowed, layout, isValid, module)
VALUES ('6c50e6a1-4eef-46d0-ad06-aa0eb94c84ea', 'b68404f4-d428-4581-8cb8-b0ffdd045922', 'd14d402b-3358-401a-a662-d3773fe57cba', 20, 'N', 'Y', NULL, NULL, 'Y', 'F', 'Y', NULL);
INSERT INTO sys_pagefield_rlt(id, pageId, fieldId, orderNum, isRequired, isReaded, isReseted, isRecorded, isShowed, layout, isValid, module)
VALUES ('0bd5336e-2be8-4d31-9a88-c546b74d1474', 'b68404f4-d428-4581-8cb8-b0ffdd045922', '488add91-abfe-41fb-af37-505fa218a53e', 21, 'N', 'Y', NULL, NULL, 'Y', 'F', 'Y', NULL);
INSERT INTO sys_pagefield_rlt(id, pageId, fieldId, orderNum, isRequired, isReaded, isReseted, isRecorded, isShowed, layout, isValid, module)
VALUES ('a12025ba-58a4-4591-b930-0557401e6750', 'b68404f4-d428-4581-8cb8-b0ffdd045922', 'f47222bb-c996-4752-8b6b-84beb2055490', 22, 'Y', 'N', NULL, NULL, 'Y', 'F', 'Y', NULL);
INSERT INTO sys_pagefield_rlt(id, pageId, fieldId, orderNum, isRequired, isReaded, isReseted, isRecorded, isShowed, layout, isValid, module)
VALUES ('da2e22a4-e419-40a6-a963-6fc601a770be', 'c33d1812-d4c1-4b2b-a802-0235c5f2959a', 'e14556cf-4fb6-4618-a647-dbc43eb72d27', 1, 'N', 'Y', NULL, NULL, 'Y', 'F', 'Y', NULL);
INSERT INTO sys_pagefield_rlt(id, pageId, fieldId, orderNum, isRequired, isReaded, isReseted, isRecorded, isShowed, layout, isValid, module)
VALUES ('9a1581bd-b820-4eca-a2e1-a6385d863335', 'c33d1812-d4c1-4b2b-a802-0235c5f2959a', '08f6a06e-1f7f-4e16-8410-8203bea55893', 2, 'N', 'Y', NULL, NULL, 'Y', 'T', 'Y', NULL);
INSERT INTO sys_pagefield_rlt(id, pageId, fieldId, orderNum, isRequired, isReaded, isReseted, isRecorded, isShowed, layout, isValid, module)
VALUES ('6adfecf4-b97d-4487-8466-25fe9dade874', 'c33d1812-d4c1-4b2b-a802-0235c5f2959a', '20febe6d-3cfc-4add-904a-95eedb8f32ee', 3, 'Y', 'Y', NULL, NULL, 'Y', 'T', 'Y', NULL);
INSERT INTO sys_pagefield_rlt(id, pageId, fieldId, orderNum, isRequired, isReaded, isReseted, isRecorded, isShowed, layout, isValid, module)
VALUES ('95b86d80-1bef-4767-ae37-28628463c0a9', 'c33d1812-d4c1-4b2b-a802-0235c5f2959a', '957e8e6d-9a1c-4b2a-b583-b5a390b4283e', 4, 'Y', 'Y', NULL, NULL, 'Y', 'T', 'Y', NULL);
INSERT INTO sys_pagefield_rlt(id, pageId, fieldId, orderNum, isRequired, isReaded, isReseted, isRecorded, isShowed, layout, isValid, module)
VALUES ('f127bacf-8114-4ae5-a93a-89b49ff4ce04', 'c33d1812-d4c1-4b2b-a802-0235c5f2959a', '6d889525-fafc-4bc1-a2eb-c451945d604b', 5, 'Y', 'Y', NULL, NULL, 'Y', 'T', 'Y', NULL);
INSERT INTO sys_pagefield_rlt(id, pageId, fieldId, orderNum, isRequired, isReaded, isReseted, isRecorded, isShowed, layout, isValid, module)
VALUES ('64e82d2b-2bc4-4be9-a63c-985c0d54c2cb', 'c33d1812-d4c1-4b2b-a802-0235c5f2959a', '2092835a-2eb7-410d-8761-a807f5d77622', 6, 'N', 'Y', NULL, NULL, 'Y', 'T', 'Y', NULL);
INSERT INTO sys_pagefield_rlt(id, pageId, fieldId, orderNum, isRequired, isReaded, isReseted, isRecorded, isShowed, layout, isValid, module)
VALUES ('6d11e59d-f9ac-4b6b-8b8d-466efd67fdf4', 'c33d1812-d4c1-4b2b-a802-0235c5f2959a', '725e8ffe-5b5f-4cd1-ac6c-9aaba7516913', 7, 'N', 'Y', NULL, NULL, 'Y', 'T', 'Y', NULL);
INSERT INTO sys_pagefield_rlt(id, pageId, fieldId, orderNum, isRequired, isReaded, isReseted, isRecorded, isShowed, layout, isValid, module)
VALUES ('e4fbd9d3-cf4e-4903-984e-a77e5db4a058', 'c33d1812-d4c1-4b2b-a802-0235c5f2959a', '23298be0-5ea8-4cad-9433-734ed02fd774', 8, 'N', 'Y', NULL, NULL, 'Y', 'T', 'Y', NULL);
INSERT INTO sys_pagefield_rlt(id, pageId, fieldId, orderNum, isRequired, isReaded, isReseted, isRecorded, isShowed, layout, isValid, module)
VALUES ('6585911e-6e3a-4bd0-bb62-e6eff9490d4e', 'c33d1812-d4c1-4b2b-a802-0235c5f2959a', 'ddadf4ac-9491-4ad0-b834-8f70ef4b12fc', 9, 'N', 'Y', NULL, NULL, 'Y', 'T', 'Y', NULL);
INSERT INTO sys_pagefield_rlt(id, pageId, fieldId, orderNum, isRequired, isReaded, isReseted, isRecorded, isShowed, layout, isValid, module)
VALUES ('8f418793-8655-4d87-8ee3-c09ca26d441b', 'c33d1812-d4c1-4b2b-a802-0235c5f2959a', '6d80077a-6fee-43bf-88d9-0cc4f9ebf7c8', 10, 'N', 'Y', NULL, NULL, 'Y', 'F', 'Y', NULL);
INSERT INTO sys_pagefield_rlt(id, pageId, fieldId, orderNum, isRequired, isReaded, isReseted, isRecorded, isShowed, layout, isValid, module)
VALUES ('511895ba-8243-439f-b5fe-74b0e75de6bb', 'c33d1812-d4c1-4b2b-a802-0235c5f2959a', '9f889b1f-a9bd-4f1f-8359-922036ff3333', 11, 'N', 'Y', NULL, NULL, 'Y', 'F', 'Y', NULL);
INSERT INTO sys_pagefield_rlt(id, pageId, fieldId, orderNum, isRequired, isReaded, isReseted, isRecorded, isShowed, layout, isValid, module)
VALUES ('616cb84c-8a38-41c0-914c-e62cfd873021', 'c33d1812-d4c1-4b2b-a802-0235c5f2959a', '4c308e7d-0d39-49d9-a8a6-1587ddb47bd6', 12, 'N', 'Y', NULL, NULL, 'Y', 'T', 'Y', NULL);
INSERT INTO sys_pagefield_rlt(id, pageId, fieldId, orderNum, isRequired, isReaded, isReseted, isRecorded, isShowed, layout, isValid, module)
VALUES ('79daa2ea-d3f6-4100-bb87-ae70f8e9a4db', 'c33d1812-d4c1-4b2b-a802-0235c5f2959a', '10006cef-a890-424a-aecc-11c56d2bd75b', 13, 'N', 'Y', NULL, NULL, 'Y', 'T', 'Y', NULL);
INSERT INTO sys_pagefield_rlt(id, pageId, fieldId, orderNum, isRequired, isReaded, isReseted, isRecorded, isShowed, layout, isValid, module)
VALUES ('df5626eb-3717-4cc1-99ad-4cd4742ca7fd', 'c33d1812-d4c1-4b2b-a802-0235c5f2959a', 'fccc1767-9979-47fd-b256-543bdec57fc6', 14, 'N', 'Y', NULL, NULL, 'Y', 'T', 'Y', NULL);
INSERT INTO sys_pagefield_rlt(id, pageId, fieldId, orderNum, isRequired, isReaded, isReseted, isRecorded, isShowed, layout, isValid, module)
VALUES ('42261743-89b0-43dd-9d7b-20395201d95a', 'c33d1812-d4c1-4b2b-a802-0235c5f2959a', '3dd6856d-4efb-4453-97df-e13360791b04', 15, 'N', 'Y', NULL, NULL, 'Y', 'T', 'Y', NULL);
INSERT INTO sys_pagefield_rlt(id, pageId, fieldId, orderNum, isRequired, isReaded, isReseted, isRecorded, isShowed, layout, isValid, module)
VALUES ('309137d4-6ad4-4ba3-ba4e-3e02b9b1bf1f', 'c33d1812-d4c1-4b2b-a802-0235c5f2959a', '2da0b798-80ff-440d-bdc4-0f78c9a27941', 16, 'N', 'Y', NULL, NULL, 'Y', 'F', 'Y', NULL);
INSERT INTO sys_pagefield_rlt(id, pageId, fieldId, orderNum, isRequired, isReaded, isReseted, isRecorded, isShowed, layout, isValid, module)
VALUES ('ac9f1e12-6185-4abc-9da0-7ef09c5c4169', 'c33d1812-d4c1-4b2b-a802-0235c5f2959a', '72b3ee68-4a85-4762-86bb-78d1534bb5c0', 17, 'N', 'Y', NULL, NULL, 'Y', 'F', 'Y', NULL);
INSERT INTO sys_pagefield_rlt(id, pageId, fieldId, orderNum, isRequired, isReaded, isReseted, isRecorded, isShowed, layout, isValid, module)
VALUES ('a97f6285-0048-46e9-add5-31adf09ff6e5', 'c33d1812-d4c1-4b2b-a802-0235c5f2959a', 'e4db2acb-aae5-4554-9eb3-dbe90281431f', 18, 'N', 'Y', NULL, NULL, 'Y', 'F', 'Y', NULL);
INSERT INTO sys_pagefield_rlt(id, pageId, fieldId, orderNum, isRequired, isReaded, isReseted, isRecorded, isShowed, layout, isValid, module)
VALUES ('7f573720-540a-4a47-b15d-40685a91f37e', 'c33d1812-d4c1-4b2b-a802-0235c5f2959a', 'f045f945-06bd-4535-975d-d53a0a1affa0', 19, 'N', 'Y', NULL, NULL, 'Y', 'F', 'Y', NULL);
INSERT INTO sys_pagefield_rlt(id, pageId, fieldId, orderNum, isRequired, isReaded, isReseted, isRecorded, isShowed, layout, isValid, module)
VALUES ('ec20dc74-b92d-45e5-a6af-ccffb9ca54a5', 'c33d1812-d4c1-4b2b-a802-0235c5f2959a', 'd14d402b-3358-401a-a662-d3773fe57cba', 20, 'N', 'Y', NULL, NULL, 'Y', 'F', 'Y', NULL);
INSERT INTO sys_pagefield_rlt(id, pageId, fieldId, orderNum, isRequired, isReaded, isReseted, isRecorded, isShowed, layout, isValid, module)
VALUES ('6dc9fcf1-7342-4531-bb16-7f317085e95f', 'c33d1812-d4c1-4b2b-a802-0235c5f2959a', '488add91-abfe-41fb-af37-505fa218a53e', 21, 'N', 'Y', NULL, NULL, 'Y', 'F', 'Y', NULL);
INSERT INTO sys_pagefield_rlt(id, pageId, fieldId, orderNum, isRequired, isReaded, isReseted, isRecorded, isShowed, layout, isValid, module)
VALUES ('5c6036c1-7871-4fc3-9be0-e29525003c67', 'c33d1812-d4c1-4b2b-a802-0235c5f2959a', 'd9cbcc9c-1b9a-4491-b3ff-ec6d76af6a80', 22, 'N', 'Y', NULL, NULL, 'Y', 'T', 'Y', NULL);
INSERT INTO sys_pagefield_rlt(id, pageId, fieldId, orderNum, isRequired, isReaded, isReseted, isRecorded, isShowed, layout, isValid, module)
VALUES ('67c7c444-9324-456d-ab5f-0fb39980115c', 'f3440cd8-ea74-49f8-9bd3-6f0fe3e8b88e', 'e14556cf-4fb6-4618-a647-dbc43eb72d27', 1, 'N', 'Y', NULL, NULL, 'Y', 'F', 'Y', NULL);
INSERT INTO sys_pagefield_rlt(id, pageId, fieldId, orderNum, isRequired, isReaded, isReseted, isRecorded, isShowed, layout, isValid, module)
VALUES ('4cdbf6f9-d976-4f2f-b159-1787a5cbbc28', 'f3440cd8-ea74-49f8-9bd3-6f0fe3e8b88e', '08f6a06e-1f7f-4e16-8410-8203bea55893', 2, 'N', 'Y', NULL, NULL, 'Y', 'T', 'Y', NULL);
INSERT INTO sys_pagefield_rlt(id, pageId, fieldId, orderNum, isRequired, isReaded, isReseted, isRecorded, isShowed, layout, isValid, module)
VALUES ('11b58f1e-342b-4543-81b7-277d38462cbe', 'f3440cd8-ea74-49f8-9bd3-6f0fe3e8b88e', '20febe6d-3cfc-4add-904a-95eedb8f32ee', 3, 'Y', 'Y', NULL, NULL, 'Y', 'T', 'Y', NULL);
INSERT INTO sys_pagefield_rlt(id, pageId, fieldId, orderNum, isRequired, isReaded, isReseted, isRecorded, isShowed, layout, isValid, module)
VALUES ('37bd1341-1f15-4cba-9c03-260ee1b3a946', 'f3440cd8-ea74-49f8-9bd3-6f0fe3e8b88e', '957e8e6d-9a1c-4b2a-b583-b5a390b4283e', 4, 'Y', 'Y', NULL, NULL, 'Y', 'T', 'Y', NULL);
INSERT INTO sys_pagefield_rlt(id, pageId, fieldId, orderNum, isRequired, isReaded, isReseted, isRecorded, isShowed, layout, isValid, module)
VALUES ('ff577b09-0952-4d39-819f-bfe461603dbb', 'f3440cd8-ea74-49f8-9bd3-6f0fe3e8b88e', '6d889525-fafc-4bc1-a2eb-c451945d604b', 5, 'Y', 'Y', NULL, NULL, 'Y', 'T', 'Y', NULL);
INSERT INTO sys_pagefield_rlt(id, pageId, fieldId, orderNum, isRequired, isReaded, isReseted, isRecorded, isShowed, layout, isValid, module)
VALUES ('ed088909-4195-4b9a-b021-eb08b497310a', 'f3440cd8-ea74-49f8-9bd3-6f0fe3e8b88e', '2092835a-2eb7-410d-8761-a807f5d77622', 6, 'N', 'Y', NULL, NULL, 'Y', 'T', 'Y', NULL);
INSERT INTO sys_pagefield_rlt(id, pageId, fieldId, orderNum, isRequired, isReaded, isReseted, isRecorded, isShowed, layout, isValid, module)
VALUES ('f025d258-824b-4da4-915e-c39dff53651f', 'f3440cd8-ea74-49f8-9bd3-6f0fe3e8b88e', '725e8ffe-5b5f-4cd1-ac6c-9aaba7516913', 7, 'Y', 'Y', NULL, NULL, 'Y', 'T', 'Y', NULL);
INSERT INTO sys_pagefield_rlt(id, pageId, fieldId, orderNum, isRequired, isReaded, isReseted, isRecorded, isShowed, layout, isValid, module)
VALUES ('0af57ac8-1865-47c6-a6cb-7378c4a0e80e', 'f3440cd8-ea74-49f8-9bd3-6f0fe3e8b88e', '23298be0-5ea8-4cad-9433-734ed02fd774', 8, 'N', 'Y', NULL, NULL, 'Y', 'T', 'Y', NULL);
INSERT INTO sys_pagefield_rlt(id, pageId, fieldId, orderNum, isRequired, isReaded, isReseted, isRecorded, isShowed, layout, isValid, module)
VALUES ('dde8003f-8924-4c36-9bb0-62e6641d83a1', 'f3440cd8-ea74-49f8-9bd3-6f0fe3e8b88e', 'ddadf4ac-9491-4ad0-b834-8f70ef4b12fc', 9, 'N', 'Y', NULL, NULL, 'Y', 'T', 'Y', NULL);
INSERT INTO sys_pagefield_rlt(id, pageId, fieldId, orderNum, isRequired, isReaded, isReseted, isRecorded, isShowed, layout, isValid, module)
VALUES ('78e16818-456b-47f9-8596-1251f5806323', 'f3440cd8-ea74-49f8-9bd3-6f0fe3e8b88e', '6d80077a-6fee-43bf-88d9-0cc4f9ebf7c8', 10, 'N', 'Y', NULL, NULL, 'Y', 'F', 'Y', NULL);
INSERT INTO sys_pagefield_rlt(id, pageId, fieldId, orderNum, isRequired, isReaded, isReseted, isRecorded, isShowed, layout, isValid, module)
VALUES ('48f0492e-1cef-42d5-86b0-2fdca5aaf9f4', 'f3440cd8-ea74-49f8-9bd3-6f0fe3e8b88e', '9f889b1f-a9bd-4f1f-8359-922036ff3333', 11, 'N', 'Y', NULL, NULL, 'Y', 'F', 'Y', NULL);
INSERT INTO sys_pagefield_rlt(id, pageId, fieldId, orderNum, isRequired, isReaded, isReseted, isRecorded, isShowed, layout, isValid, module)
VALUES ('0c752298-f69c-4d6e-aa55-6cc9e4549d01', 'f3440cd8-ea74-49f8-9bd3-6f0fe3e8b88e', '4c308e7d-0d39-49d9-a8a6-1587ddb47bd6', 12, 'N', 'Y', NULL, NULL, 'Y', 'T', 'Y', NULL);
INSERT INTO sys_pagefield_rlt(id, pageId, fieldId, orderNum, isRequired, isReaded, isReseted, isRecorded, isShowed, layout, isValid, module)
VALUES ('1d3b4876-2510-44b8-b095-1ce06dbfa09c', 'f3440cd8-ea74-49f8-9bd3-6f0fe3e8b88e', '10006cef-a890-424a-aecc-11c56d2bd75b', 13, 'N', 'Y', NULL, NULL, 'Y', 'T', 'Y', NULL);
INSERT INTO sys_pagefield_rlt(id, pageId, fieldId, orderNum, isRequired, isReaded, isReseted, isRecorded, isShowed, layout, isValid, module)
VALUES ('181bab46-e08e-47b3-b6de-1a69143d75bf', 'f3440cd8-ea74-49f8-9bd3-6f0fe3e8b88e', 'fccc1767-9979-47fd-b256-543bdec57fc6', 14, 'N', 'Y', NULL, NULL, 'Y', 'T', 'Y', NULL);
INSERT INTO sys_pagefield_rlt(id, pageId, fieldId, orderNum, isRequired, isReaded, isReseted, isRecorded, isShowed, layout, isValid, module)
VALUES ('1c33ed90-ae42-402e-a3fb-3828948ee941', 'f3440cd8-ea74-49f8-9bd3-6f0fe3e8b88e', '3dd6856d-4efb-4453-97df-e13360791b04', 15, 'N', 'Y', NULL, NULL, 'Y', 'T', 'Y', NULL);
INSERT INTO sys_pagefield_rlt(id, pageId, fieldId, orderNum, isRequired, isReaded, isReseted, isRecorded, isShowed, layout, isValid, module)
VALUES ('ccd54aaf-5847-4d2e-b79e-ae535058c0a7', 'f3440cd8-ea74-49f8-9bd3-6f0fe3e8b88e', '2da0b798-80ff-440d-bdc4-0f78c9a27941', 16, 'N', 'Y', NULL, NULL, 'Y', 'F', 'Y', NULL);
INSERT INTO sys_pagefield_rlt(id, pageId, fieldId, orderNum, isRequired, isReaded, isReseted, isRecorded, isShowed, layout, isValid, module)
VALUES ('53f5c6a1-ec1e-4d9b-8a30-b0a76a29075b', 'f3440cd8-ea74-49f8-9bd3-6f0fe3e8b88e', '72b3ee68-4a85-4762-86bb-78d1534bb5c0', 17, 'N', 'Y', NULL, NULL, 'Y', 'F', 'Y', NULL);

INSERT INTO wf_rolematch_rlt(id, pageFieldId, pageId, roleId)
VALUES ('039c6fd3-0d66-4b34-82f5-e4a1921ebd32', '725e8ffe-5b5f-4cd1-ac6c-9aaba7516913', '5e305ee5-17b4-4525-9edf-31c52df616d1', '960fb540-3cef-49e8-89b6-1bMRQrole002');
INSERT INTO wf_rolematch_rlt(id, pageFieldId, pageId, roleId)
VALUES ('0bbec618-c0a4-4d49-bbd3-27db41f13df5', '23298be0-5ea8-4cad-9433-734ed02fd774', 'ae2b426f-3c2d-440d-a999-dc3d0afa848f', '960fb540-3cef-49e8-89b6-1bMRQrole002');
INSERT INTO wf_rolematch_rlt(id, pageFieldId, pageId, roleId)
VALUES ('11fe458c-5052-4618-a9ed-b358aa919cdb', '725e8ffe-5b5f-4cd1-ac6c-9aaba7516913', 'a3532277-4cbb-48f8-955a-87751e791b0f', '960fb540-3cef-49e8-89b6-1bMRQrole002');
INSERT INTO wf_rolematch_rlt(id, pageFieldId, pageId, roleId)
VALUES ('1eacf2ed-9c3d-4029-8918-f080cf988437', '23298be0-5ea8-4cad-9433-734ed02fd774', '4a32a830-01a5-4e57-bb87-b1eccd0b9cb3', '960fb540-3cef-49e8-89b6-1bMRQrole001');
INSERT INTO wf_rolematch_rlt(id, pageFieldId, pageId, roleId)
VALUES ('28ff8adf-1f9a-4e4d-ba8c-3e995b5d3ac7', '23298be0-5ea8-4cad-9433-734ed02fd774', '5cf59f64-5962-4781-bccc-c10a2f0171ad', '960fb540-3cef-49e8-89b6-1bMRQrole001');
INSERT INTO wf_rolematch_rlt(id, pageFieldId, pageId, roleId)
VALUES ('417e02f4-a642-4722-ae90-40c2afd8b7ef', 'd9cbcc9c-1b9a-4491-b3ff-ec6d76af6a80', '4a32a830-01a5-4e57-bb87-b1eccd0b9cb3', '960fb540-3cef-49e8-89b6-1bMRQrole001');
INSERT INTO wf_rolematch_rlt(id, pageFieldId, pageId, roleId)
VALUES ('59a163e0-73ee-4a51-bcb9-e93da91b518c', '725e8ffe-5b5f-4cd1-ac6c-9aaba7516913', '5cf59f64-5962-4781-bccc-c10a2f0171ad', '960fb540-3cef-49e8-89b6-1bMRQrole002');
INSERT INTO wf_rolematch_rlt(id, pageFieldId, pageId, roleId)
VALUES ('5f261da6-1955-4478-820e-c7cd181d804b', '23298be0-5ea8-4cad-9433-734ed02fd774', 'a3532277-4cbb-48f8-955a-87751e791b0f', '960fb540-3cef-49e8-89b6-1bMRQrole001');
INSERT INTO wf_rolematch_rlt(id, pageFieldId, pageId, roleId)
VALUES ('7e8b3bee-fd44-4235-b99e-194363406418', '725e8ffe-5b5f-4cd1-ac6c-9aaba7516913', '4a32a830-01a5-4e57-bb87-b1eccd0b9cb3', '960fb540-3cef-49e8-89b6-1bMRQrole002');
INSERT INTO wf_rolematch_rlt(id, pageFieldId, pageId, roleId)
VALUES ('8b399f39-eaaa-4485-bfe5-ac30f7ee9fff', '725e8ffe-5b5f-4cd1-ac6c-9aaba7516913', '1bf41edf-29f5-44b3-bbcc-0b1a92d9290c', '960fb540-3cef-49e8-89b6-1bMRQrole001');
INSERT INTO wf_rolematch_rlt(id, pageFieldId, pageId, roleId)
VALUES ('ac827da2-eda0-434e-ac79-c36af63657ee', '725e8ffe-5b5f-4cd1-ac6c-9aaba7516913', 'ae2b426f-3c2d-440d-a999-dc3d0afa848f', '960fb540-3cef-49e8-89b6-1bMRQrole001');
INSERT INTO wf_rolematch_rlt(id, pageFieldId, pageId, roleId)
VALUES ('bcb864ea-c813-4149-b223-547305b8fe80', 'd9cbcc9c-1b9a-4491-b3ff-ec6d76af6a80', 'a3532277-4cbb-48f8-955a-87751e791b0f', '960fb540-3cef-49e8-89b6-1bMRQrole001');
INSERT INTO wf_rolematch_rlt(id, pageFieldId, pageId, roleId)
VALUES ('c515b07b-7cc3-433e-b341-0b935f968f8d', '23298be0-5ea8-4cad-9433-734ed02fd774', '0fb04ac9-a3df-4112-bb2d-91c10f51a285', '960fb540-3cef-49e8-89b6-1bMRQrole001');
INSERT INTO wf_rolematch_rlt(id, pageFieldId, pageId, roleId)
VALUES ('d7271aed-417d-41cf-a710-0da9843bbd0c', '725e8ffe-5b5f-4cd1-ac6c-9aaba7516913', '193d5d17-3835-4d3a-ba9f-c392eea5d898', '960fb540-3cef-49e8-89b6-1bMRQrole001');
INSERT INTO wf_rolematch_rlt(id, pageFieldId, pageId, roleId)
VALUES ('e2140554-d31f-4e0e-b92d-78e302862755', '725e8ffe-5b5f-4cd1-ac6c-9aaba7516913', '166805a5-6c3e-4e71-8b48-b1d5796714e1', '960fb540-3cef-49e8-89b6-1bMRQrole001');
INSERT INTO wf_rolematch_rlt(id, pageFieldId, pageId, roleId)
VALUES ('ead93fe4-7142-437b-95d2-bf4a5e8e3016', '23298be0-5ea8-4cad-9433-734ed02fd774', '1bf41edf-29f5-44b3-bbcc-0b1a92d9290c', '960fb540-3cef-49e8-89b6-1bMRQrole002');
INSERT INTO wf_rolematch_rlt(id, pageFieldId, pageId, roleId)
VALUES ('eec64785-7257-4171-af4b-bd990aa2e5fb', '725e8ffe-5b5f-4cd1-ac6c-9aaba7516913', '0fb04ac9-a3df-4112-bb2d-91c10f51a285', '960fb540-3cef-49e8-89b6-1bMRQrole002');
INSERT INTO wf_rolematch_rlt(id, pageFieldId, pageId, roleId)
VALUES ('f5e0192f-32a1-4b9d-bed0-8c879ee91a43', '23298be0-5ea8-4cad-9433-734ed02fd774', '5e305ee5-17b4-4525-9edf-31c52df616d1', '960fb540-3cef-49e8-89b6-1bMRQrole001');
INSERT INTO wf_rolematch_rlt(id, pageFieldId, pageId, roleId)
VALUES ('f932d8e3-c805-47c5-b2ce-f3f89af074d6', 'd9cbcc9c-1b9a-4491-b3ff-ec6d76af6a80', '5e305ee5-17b4-4525-9edf-31c52df616d1', '960fb540-3cef-49e8-89b6-1bMRQrole001');

INSERT INTO wf_authorizationrole_rlt(id, transitionId, roleId, conditions, isValid)
VALUES ('5044cbb4-f21b-47db-9142-ad39ce7519cb', 'C3FFEAA3-ADBF-4313-B9D3-A91355E0DD2C', '960fb540-3cef-49e8-89b6-1bMRQrole001', NULL, 'Y');
INSERT INTO wf_authorizationrole_rlt(id, transitionId, roleId, conditions, isValid)
VALUES ('5a6e0df5-e761-40c9-816a-28ae56090d9d', '48CB871E-D9D4-413E-B59E-1C42B22AC8B8', '960fb540-3cef-49e8-89b6-1bMRQrole001', NULL, 'Y');
INSERT INTO wf_authorizationrole_rlt(id, transitionId, roleId, conditions, isValid)
VALUES ('78ed3fde-7c7a-4a92-b16f-c37cf87369da', 'CB5D015E-D604-4A35-890D-19ACEC4F72F5', '960fb540-3cef-49e8-89b6-1bMRQrole001', NULL, 'Y');
INSERT INTO wf_authorizationrole_rlt(id, transitionId, roleId, conditions, isValid)
VALUES ('83d6f40c-35f8-4012-a50f-3ade3b97b74f', '11ADDA75-6143-4A8E-B852-1424B057B02D', '960fb540-3cef-49e8-89b6-1bMRQrole001', NULL, 'Y');
INSERT INTO wf_authorizationrole_rlt(id, transitionId, roleId, conditions, isValid)
VALUES ('882b8218-51f7-496d-9c9e-f6e33f417c63', '08CEF66D-383A-4DD6-9052-83AFE8250D60', '960fb540-3cef-49e8-89b6-1bMRQrole001', NULL, 'Y');
INSERT INTO wf_authorizationrole_rlt(id, transitionId, roleId, conditions, isValid)
VALUES ('8b04e711-bd29-4ff3-ba50-d37e01790886', 'CF223DB9-47D4-4CD0-A10A-D121BCEEC7BE', '960fb540-3cef-49e8-89b6-1bMRQrole001', NULL, 'Y');
INSERT INTO wf_authorizationrole_rlt(id, transitionId, roleId, conditions, isValid)
VALUES ('986efbe0-9449-429e-97c9-20693f1c67de', '669D78BF-64FB-4A5B-9D2F-F0C6310676CA', '960fb540-3cef-49e8-89b6-1bMRQrole001', NULL, 'Y');
INSERT INTO wf_authorizationrole_rlt(id, transitionId, roleId, conditions, isValid)
VALUES ('9947d38f-4806-42e6-82e1-f4b3ac616f2a', '4EBC1E68-E2D6-4FE0-85B3-0120677860EA', '960fb540-3cef-49e8-89b6-1bMRQrole001', NULL, 'Y');
INSERT INTO wf_authorizationrole_rlt(id, transitionId, roleId, conditions, isValid)
VALUES ('a5516732-2fd9-4301-9660-3cab5deb7846', '7D834E5D-F163-4F54-B780-530CC96B4BA0', '960fb540-3cef-49e8-89b6-1bMRQrole001', NULL, 'Y');
INSERT INTO wf_authorizationrole_rlt(id, transitionId, roleId, conditions, isValid)
VALUES ('ab893c0b-f9ef-42d3-bbb8-94cff7078add', '7D834E5D-F163-4F54-B780-530CC96B4BA0', '960fb540-3cef-49e8-89b6-1bMRQrole002', NULL, 'Y');
INSERT INTO wf_authorizationrole_rlt(id, transitionId, roleId, conditions, isValid)
VALUES ('bde34cd5-5523-4044-affa-9e07ecfa6889', '3BB84B19-3BD4-4217-93C3-ABB7447AF448', '960fb540-3cef-49e8-89b6-1bMRQrole001', NULL, 'Y');

INSERT INTO sys_page(id, name, objectType, pageType, parentId, workflowID, deriveWfType, deriveWfID, mapField, isStartPage, entityTypeID, extPageUrl, extPageCls, isSystem, remark, isValid, orderNum, creatorId, createdTime, modifyId, modifyTime)
VALUES ('07698511-fa9f-47e2-9f4c-kfPMCpage001', '系统视图', 'PMC', NULL, NULL, NULL, NULL, NULL, NULL, NULL, NULL, NULL, NULL, 'Y', NULL, 'Y', 1, NULL, NULL, NULL, NULL);
INSERT INTO sys_page(id, name, objectType, pageType, parentId, workflowID, deriveWfType, deriveWfID, mapField, isStartPage, entityTypeID, extPageUrl, extPageCls, isSystem, remark, isValid, orderNum, creatorId, createdTime, modifyId, modifyTime)
VALUES ('07698511-fa9f-47e2-9f4c-kfPMCpage002', '默认视图', 'PMC', 'LIST', '07698511-fa9f-47e2-9f4c-kfPMCpage001', NULL, NULL, NULL, NULL, NULL, NULL, NULL, NULL, 'Y', NULL, 'Y', 2, 'b8ab9427-627b-469f-bfd0-4b1buser0001', '2022-08-08', 'b8ab9427-627b-469f-bfd0-4b1buser0001', '2022-08-08');
INSERT INTO sys_page(id, name, objectType, pageType, parentId, workflowID, deriveWfType, deriveWfID, mapField, isStartPage, entityTypeID, extPageUrl, extPageCls, isSystem, remark, isValid, orderNum, creatorId, createdTime, modifyId, modifyTime)
VALUES ('07698511-fa9f-47e2-9f4c-kfPMCpage004', '导入导出视图', 'PMC', 'IMPEXPLIST', '', NULL, NULL, NULL, NULL, NULL, NULL, NULL, NULL, 'Y', NULL, 'Y', 5, NULL, NULL, NULL, NULL);
INSERT INTO sys_page(id, name, objectType, pageType, parentId, workflowID, deriveWfType, deriveWfID, mapField, isStartPage, entityTypeID, extPageUrl, extPageCls, isSystem, remark, isValid, orderNum, creatorId, createdTime, modifyId, modifyTime)
VALUES ('07698511-fa9f-47e2-9f4c-kfPMCpage005', '导入视图', 'PMC', 'IMPLIST', '07698511-fa9f-47e2-9f4c-kfPMCpage004', NULL, NULL, NULL, NULL, NULL, NULL, NULL, NULL, 'Y', NULL, 'Y', 6, 'b8ab9427-627b-469f-bfd0-4b1buser0001', '2022-08-08', 'b8ab9427-627b-469f-bfd0-4b1buser0001', '2022-08-08');
INSERT INTO sys_page(id, name, objectType, pageType, parentId, workflowID, deriveWfType, deriveWfID, mapField, isStartPage, entityTypeID, extPageUrl, extPageCls, isSystem, remark, isValid, orderNum, creatorId, createdTime, modifyId, modifyTime)
VALUES ('07698511-fa9f-47e2-9f4c-kfPMCpage006', '导出视图', 'PMC', 'EXPLIST', '07698511-fa9f-47e2-9f4c-kfPMCpage004', NULL, NULL, NULL, NULL, NULL, NULL, NULL, NULL, 'Y', NULL, 'Y', 7, 'b8ab9427-627b-469f-bfd0-4b1buser0001', '2022-08-08', 'b8ab9427-627b-469f-bfd0-4b1buser0001', '2022-08-08');
INSERT INTO sys_page(id, name, objectType, pageType, parentId, workflowID, deriveWfType, deriveWfID, mapField, isStartPage, entityTypeID, extPageUrl, extPageCls, isSystem, remark, isValid, orderNum, creatorId, createdTime, modifyId, modifyTime)
VALUES ('07698511-fa9f-47e2-9f4c-kfPMCpage003', '个人视图', 'PMC', 'CUSLIST', '', NULL, NULL, NULL, NULL, NULL, NULL, NULL, NULL, 'Y', NULL, 'Y', 8, NULL, NULL, NULL, NULL);

INSERT INTO wf_role(id, workflowType, name, val, orderNum, isSystem, isValid, creatorId, createdTime, modifyId, modifyTime)
VALUES ('960fb540-3cef-49e8-89b6-1bPMCrole001', 'PMC', '责任人', 'OR', 1, 'Y', 'Y', 'b8ab9427-627b-469f-bfd0-4b1buser0001', '2022-08-08', 'b8ab9427-627b-469f-bfd0-4b1buser0001', '2022-08-08');
INSERT INTO wf_role(id, workflowType, name, val, orderNum, isSystem, isValid, creatorId, createdTime, modifyId, modifyTime)
VALUES ('960fb540-3cef-49e8-89b6-1bPMCrole002', 'PMC', '参与人', 'AC', 2, 'Y', 'Y', 'b8ab9427-627b-469f-bfd0-4b1buser0001', '2022-08-08', 'b8ab9427-627b-469f-bfd0-4b1buser0001', '2022-08-08');
INSERT INTO wf_role(id, workflowType, name, val, orderNum, isSystem, isValid, creatorId, createdTime, modifyId, modifyTime)
VALUES ('960fb540-3cef-49e8-89b6-1bPMCrole003', 'PMC', '创建人', 'CR', 3, 'Y', 'Y', 'b8ab9427-627b-469f-bfd0-4b1buser0001', '2022-08-08', 'b8ab9427-627b-469f-bfd0-4b1buser0001', '2022-08-08');
INSERT INTO wf_role(id, workflowType, name, val, orderNum, isSystem, isValid, creatorId, createdTime, modifyId, modifyTime)
VALUES ('960fb540-3cef-49e8-89b6-1bPMCrole004', 'PMC', '读者', 'RR', 4, 'Y', 'Y', 'b8ab9427-627b-469f-bfd0-4b1buser0001', '2022-08-08', 'b8ab9427-627b-469f-bfd0-4b1buser0001', '2022-08-08');

INSERT INTO sys_pagelist_rlt(id, pageId, objectType, fieldView, filterCondition, isValid)
VALUES ('004e55cf-6413-49a8-9b8f-a30e5bb18fa3', '07698511-fa9f-47e2-9f4c-kfPMCpage005', 'PMC', '{"pageSize":"20","orderBy":"","orderByType":"desc","query":"","view":[{"f":"id","a":"center","w":"60px","t":"ID","r":"","s":false,"h":false,"i":""},{"f":"name","a":"left","w":"300px","t":"TEXT","r":"true","s":false,"h":false,"i":"3efca3a0-7753-47d1-bf4a-899c53e2367f"},{"f":"code","a":"left","w":"120px","t":"TEXT","r":false,"s":false,"h":false,"i":"1c018e73-45ae-4f1f-bcf1-1b4820c95a5f"},{"f":"projectId","a":"left","w":"120px","t":"PJT","r":"true","s":false,"h":false,"i":"fb5c2556-0924-4b94-8f26-dec08c64894f"},{"f":"ownerIds","a":"left","w":"120px","t":"USER","r":false,"s":false,"h":false,"i":"ownerIds"},{"f":"statusId","a":"left","w":"120px","t":"SELECT","r":false,"s":false,"h":false,"i":"ca1abbf9-01c4-4b19-8995-d0bec79bc4ca"},{"f":"creatorId","a":"left","w":"120px","t":"USER","r":false,"s":false,"h":false,"i":"d737b354-45d2-4188-994f-71c778fbcf3a"},{"f":"createdTime","a":"left","w":"120px","t":"DATE","r":false,"s":false,"h":false,"i":"7dde7f23-e10c-43f5-bea6-bbeb0fa4eae9"}]}', '', 'Y');
INSERT INTO sys_pagelist_rlt(id, pageId, objectType, fieldView, filterCondition, isValid)
VALUES ('c1778f41-c998-4cd2-927e-08d719157587', '07698511-fa9f-47e2-9f4c-kfPMCpage006', 'PMC', '{"pageSize":"20","orderBy":"","orderByType":"desc","query":"","view":[{"f":"id","a":"center","w":"60px","t":"ID","r":"","s":false,"h":false,"i":""},{"f":"name","a":"left","w":"300.0px","t":"TEXT","r":"true","s":false,"h":false,"i":"3efca3a0-7753-47d1-bf4a-899c53e2367f"},{"f":"code","a":"left","w":"120.0px","t":"TEXT","r":false,"s":false,"h":false,"i":"1c018e73-45ae-4f1f-bcf1-1b4820c95a5f"},{"f":"projectId","a":"left","w":"120.0px","t":"PJT","r":"true","s":false,"h":false,"i":"fb5c2556-0924-4b94-8f26-dec08c64894f"},{"f":"ownerIds","a":"left","w":"120.0px","t":"USER","r":false,"s":false,"h":false,"i":"ownerIds"},{"f":"statusId","a":"left","w":"120.0px","t":"SELECT","r":false,"s":false,"h":false,"i":"ca1abbf9-01c4-4b19-8995-d0bec79bc4ca"},{"f":"creatorId","a":"left","w":"120.0px","t":"USER","r":false,"s":false,"h":false,"i":"d737b354-45d2-4188-994f-71c778fbcf3a"},{"f":"modifyTime","a":"left","w":"120.0px","t":"DATE","r":false,"s":false,"h":false,"i":"28489cb8-8ee6-4cd9-96b3-ffe8ca443058"}]}', '', 'Y');
INSERT INTO sys_pagelist_rlt(id, pageId, objectType, fieldView, filterCondition, isValid)
VALUES ('ca7d6082-9c01-40d2-8b85-8fca828ca37b', '07698511-fa9f-47e2-9f4c-kfPMCpage002', 'PMC', '{"pageSize":"20","orderBy":"","orderByType":"desc","query":"","view":[{"f":"id","a":"center","w":"60px","t":"ID","r":"","s":false,"h":false,"i":""},{"f":"name","a":"left","w":"300.0px","t":"TEXT","r":"true","s":false,"h":false,"i":"3efca3a0-7753-47d1-bf4a-899c53e2367f"},{"f":"code","a":"left","w":"120.0px","t":"TEXT","r":false,"s":false,"h":false,"i":"1c018e73-45ae-4f1f-bcf1-1b4820c95a5f"},{"f":"projectId","a":"left","w":"120.0px","t":"PJT","r":"true","s":false,"h":false,"i":"fb5c2556-0924-4b94-8f26-dec08c64894f"},{"f":"ownerIds","a":"left","w":"120.0px","t":"USER","r":false,"s":false,"h":false,"i":"ownerIds"},{"f":"statusId","a":"left","w":"120.0px","t":"SELECT","r":false,"s":false,"h":false,"i":"ca1abbf9-01c4-4b19-8995-d0bec79bc4ca"},{"f":"modifyId","a":"left","w":"120.0px","t":"USER","r":false,"s":false,"h":false,"i":"7a3b0565-57cb-40e9-ab15-a42964489d14"},{"f":"modifyTime","a":"left","w":"120.0px","t":"DATE","r":false,"s":false,"h":false,"i":"28489cb8-8ee6-4cd9-96b3-ffe8ca443058"}]}', '', 'Y');

INSERT INTO sys_field(id, colName, showName, objectType, dataType, htmlType, fieldType, displayWidth, remark, defaultValue, defaultRule, extendClass, layout, showMobile, isCommon, parentId, isValid, orderNum, creatorId, createdTime, modifyId, modifyTime, isDBField)
VALUES ('3efca3a0-7753-47d1-bf4a-899c53e2367f', 'name', '名称', 'PMC', 'varchar', 'TEXT', 'S', 300.0, '', '', '{"isRecorded":"Y","textLength":"128","isRequired":"Y"}', '', 'F', NULL, 'N', NULL, 'Y', 2, 'b8ab9427-627b-469f-bfd0-4b1buser0001', '2022-08-08', 'b8ab9427-627b-469f-bfd0-4b1buser0001', '2022-08-08', 'Y');
INSERT INTO sys_field(id, colName, showName, objectType, dataType, htmlType, fieldType, displayWidth, remark, defaultValue, defaultRule, extendClass, layout, showMobile, isCommon, parentId, isValid, orderNum, creatorId, createdTime, modifyId, modifyTime, isDBField)
VALUES ('1c018e73-45ae-4f1f-bcf1-1b4820c95a5f', 'code', '编号', 'PMC', 'varchar', 'TEXT', 'S', 120.0, '', '', '{"isRecorded":"N","textLength":"128","isRequired":"N"}', '', 'T', NULL, 'N', NULL, 'Y', 3, 'b8ab9427-627b-469f-bfd0-4b1buser0001', '2022-08-08', 'b8ab9427-627b-469f-bfd0-4b1buser0001', '2022-08-08', 'Y');
INSERT INTO sys_field(id, colName, showName, objectType, dataType, htmlType, fieldType, displayWidth, remark, defaultValue, defaultRule, extendClass, layout, showMobile, isCommon, parentId, isValid, orderNum, creatorId, createdTime, modifyId, modifyTime, isDBField)
VALUES ('fb5c2556-0924-4b94-8f26-dec08c64894f', 'projectId', '归属项目', 'PMC', 'varchar', 'PJT', 'S', 120.0, '', NULL, '{"isRecorded":"Y","isRequired":"Y"}', '', 'T', NULL, 'N', NULL, 'Y', 4, 'b8ab9427-627b-469f-bfd0-4b1buser0001', '2022-08-08', 'b8ab9427-627b-469f-bfd0-4b1buser0001', '2022-08-08', 'Y');
INSERT INTO sys_field(id, colName, showName, objectType, dataType, htmlType, fieldType, displayWidth, remark, defaultValue, defaultRule, extendClass, layout, showMobile, isCommon, parentId, isValid, orderNum, creatorId, createdTime, modifyId, modifyTime, isDBField)
VALUES ('4133b720-d415-4687-a80d-175e378c1b44', 'departmentId', '归属部门', 'PMC', 'varchar', 'DEPT', 'S', 120.0, '', NULL, '{"isRecorded":"N","deptDefaultRule":"N","isRequired":"N"}', '', 'T', NULL, 'N', NULL, 'Y', 5, 'b8ab9427-627b-469f-bfd0-4b1buser0001', '2022-08-08', 'b8ab9427-627b-469f-bfd0-4b1buser0001', '2022-08-08', 'Y');
INSERT INTO sys_field(id, colName, showName, objectType, dataType, htmlType, fieldType, displayWidth, remark, defaultValue, defaultRule, extendClass, layout, showMobile, isCommon, parentId, isValid, orderNum, creatorId, createdTime, modifyId, modifyTime, isDBField)
VALUES ('ca1abbf9-01c4-4b19-8995-d0bec79bc4ca', 'statusId', '状态', 'PMC', 'varchar', 'SELECT', 'S', 120.0, '', '', '{"isSeached":"Y","selectSource":"","setCascade":"","isRecorded":"N","isRequired":"N"}', '', 'T', NULL, 'N', NULL, 'Y', 6, 'b8ab9427-627b-469f-bfd0-4b1buser0001', '2022-08-08', 'b8ab9427-627b-469f-bfd0-4b1buser0001', '2022-08-08', 'Y');
INSERT INTO sys_field(id, colName, showName, objectType, dataType, htmlType, fieldType, displayWidth, remark, defaultValue, defaultRule, extendClass, layout, showMobile, isCommon, parentId, isValid, orderNum, creatorId, createdTime, modifyId, modifyTime, isDBField)
VALUES ('c2d7c4b3-7aeb-49fa-88b4-c3c8c3e94778', 'entityStatusId', '实体状态', 'PMC', 'varchar', 'SELECT', 'S', 120.0, '', '', '{"isSeached":"Y","selectSource":"","setCascade":"","isRecorded":"N","isRequired":"N"}', '', 'T', NULL, 'N', NULL, 'Y', 7, 'b8ab9427-627b-469f-bfd0-4b1buser0001', '2022-08-08', 'b8ab9427-627b-469f-bfd0-4b1buser0001', '2022-08-08', 'Y');
INSERT INTO sys_field(id, colName, showName, objectType, dataType, htmlType, fieldType, displayWidth, remark, defaultValue, defaultRule, extendClass, layout, showMobile, isCommon, parentId, isValid, orderNum, creatorId, createdTime, modifyId, modifyTime, isDBField)
VALUES ('f0b58d2c-2c92-4f4a-ab05-97d20f8b3c49', 'remark', '描述', 'PMC', 'varchar', 'AREA', 'S', 120.0, '', '', '{"areaLength":"1024","areaIsLimit":"Y","areaRows":"8","isRecorded":"N","isRequired":"N"}', '', 'F', NULL, 'N', NULL, 'Y', 8, 'b8ab9427-627b-469f-bfd0-4b1buser0001', '2022-08-08', 'b8ab9427-627b-469f-bfd0-4b1buser0001', '2022-08-08', 'Y');
INSERT INTO sys_field(id, colName, showName, objectType, dataType, htmlType, fieldType, displayWidth, remark, defaultValue, defaultRule, extendClass, layout, showMobile, isCommon, parentId, isValid, orderNum, creatorId, createdTime, modifyId, modifyTime, isDBField)
VALUES ('a1741161-bbfc-4c88-83f1-8d9820db5dc5', 'auditorId', '审核人', 'PMC', 'varchar', 'USER', 'S', 120.0, '', NULL, '{"isRecorded":"N","userIsMul":"","isRequired":"Y","userDefaultRule":"N"}', '', 'T', NULL, 'N', NULL, 'Y', 10, 'b8ab9427-627b-469f-bfd0-4b1buser0001', '2022-08-08', 'b8ab9427-627b-469f-bfd0-4b1buser0001', '2022-08-08', 'Y');
INSERT INTO sys_field(id, colName, showName, objectType, dataType, htmlType, fieldType, displayWidth, remark, defaultValue, defaultRule, extendClass, layout, showMobile, isCommon, parentId, isValid, orderNum, creatorId, createdTime, modifyId, modifyTime, isDBField)
VALUES ('adf2f328-1f14-4c45-8c8b-c71d137980eb', 'auditDate', '审核日期', 'PMC', 'datetime', 'DATE', 'S', 120.0, '', NULL, '{"isRecorded":"N","dateFormatRule":"YMD","dateDefaultRule":"N","isRequired":"N"}', '', 'T', NULL, 'N', NULL, 'Y', 11, 'b8ab9427-627b-469f-bfd0-4b1buser0001', '2022-08-08', 'b8ab9427-627b-469f-bfd0-4b1buser0001', '2022-08-08', 'Y');
INSERT INTO sys_field(id, colName, showName, objectType, dataType, htmlType, fieldType, displayWidth, remark, defaultValue, defaultRule, extendClass, layout, showMobile, isCommon, parentId, isValid, orderNum, creatorId, createdTime, modifyId, modifyTime, isDBField)
VALUES ('67f47ab8-a65e-4e37-aa74-1f20a8cbe607', 'auditRemark', '审批意见', 'PMC', 'varchar', 'AREA', 'S', 120.0, '', '', '{"areaLength":"1024","areaIsLimit":"Y","areaRows":"8","isRecorded":"Y","isRequired":"N"}', '', 'F', NULL, 'N', NULL, 'Y', 12, 'b8ab9427-627b-469f-bfd0-4b1buser0001', '2022-08-08', 'b8ab9427-627b-469f-bfd0-4b1buser0001', '2022-08-08', 'Y');
INSERT INTO sys_field(id, colName, showName, objectType, dataType, htmlType, fieldType, displayWidth, remark, defaultValue, defaultRule, extendClass, layout, showMobile, isCommon, parentId, isValid, orderNum, creatorId, createdTime, modifyId, modifyTime, isDBField)
VALUES ('9a30bc09-5fb5-47ab-86ab-90816590813f', 'ownerId', '责任人', 'PMC', 'varchar', 'USER', 'S', 120.0, '', NULL, '{"isRecorded":"N","userIsMul":"","isRequired":"N","userDefaultRule":"N"}', '', 'T', NULL, 'N', NULL, 'Y', 13, 'b8ab9427-627b-469f-bfd0-4b1buser0001', '2022-08-08', 'b8ab9427-627b-469f-bfd0-4b1buser0001', '2022-08-08', 'Y');
INSERT INTO sys_field(id, colName, showName, objectType, dataType, htmlType, fieldType, displayWidth, remark, defaultValue, defaultRule, extendClass, layout, showMobile, isCommon, parentId, isValid, orderNum, creatorId, createdTime, modifyId, modifyTime, isDBField)
VALUES ('1e9eb0f2-0f48-4e94-9ff3-89ab1107ae84', 'actorId', '参与人', 'PMC', 'varchar', 'USER', 'S', 120.0, '', NULL, '{"isRecorded":"N","userIsMul":"","isRequired":"N","userDefaultRule":"N"}', '', 'T', NULL, 'N', NULL, 'Y', 14, 'b8ab9427-627b-469f-bfd0-4b1buser0001', '2022-08-08', 'b8ab9427-627b-469f-bfd0-4b1buser0001', '2022-08-08', 'Y');
INSERT INTO sys_field(id, colName, showName, objectType, dataType, htmlType, fieldType, displayWidth, remark, defaultValue, defaultRule, extendClass, layout, showMobile, isCommon, parentId, isValid, orderNum, creatorId, createdTime, modifyId, modifyTime, isDBField)
VALUES ('8b6be8f0-58eb-4d11-845d-f954200b9aa0', 'signOpinionId', '会签意见', 'PMC', 'varchar', 'SELECT', 'S', 120.0, '', '', '{"isSeached":"Y","selectSource":"","setCascade":"","isRecorded":"Y","isRequired":"N"}', '', 'T', NULL, 'N', NULL, 'Y', 15, 'b8ab9427-627b-469f-bfd0-4b1buser0001', '2022-08-08', 'b8ab9427-627b-469f-bfd0-4b1buser0001', '2022-08-08', 'Y');
INSERT INTO sys_field(id, colName, showName, objectType, dataType, htmlType, fieldType, displayWidth, remark, defaultValue, defaultRule, extendClass, layout, showMobile, isCommon, parentId, isValid, orderNum, creatorId, createdTime, modifyId, modifyTime, isDBField)
VALUES ('fb393d84-a775-452a-8c70-86eac26ab3b5', 'signRemark', '会签描述', 'PMC', 'varchar', 'AREA', 'S', 120.0, '', '', '{"areaLength":"1024","areaIsLimit":"Y","areaRows":"8","isRecorded":"Y","isRequired":"N"}', '', 'F', NULL, 'N', NULL, 'Y', 16, 'b8ab9427-627b-469f-bfd0-4b1buser0001', '2022-08-08', 'b8ab9427-627b-469f-bfd0-4b1buser0001', '2022-08-08', 'Y');
INSERT INTO sys_field(id, colName, showName, objectType, dataType, htmlType, fieldType, displayWidth, remark, defaultValue, defaultRule, extendClass, layout, showMobile, isCommon, parentId, isValid, orderNum, creatorId, createdTime, modifyId, modifyTime, isDBField)
VALUES ('c9c9b825-8984-4a21-8e6b-21681101a6c2', 'projectMngId', '项目经理', 'PMC', 'varchar', 'USER', 'S', 120.0, '', NULL, '{"isRecorded":"N","userIsMul":"","isRequired":"N","userDefaultRule":"N"}', '', 'T', NULL, 'N', NULL, 'Y', 17, 'b8ab9427-627b-469f-bfd0-4b1buser0001', '2022-08-08', 'b8ab9427-627b-469f-bfd0-4b1buser0001', '2022-08-08', 'Y');
INSERT INTO sys_field(id, colName, showName, objectType, dataType, htmlType, fieldType, displayWidth, remark, defaultValue, defaultRule, extendClass, layout, showMobile, isCommon, parentId, isValid, orderNum, creatorId, createdTime, modifyId, modifyTime, isDBField)
VALUES ('9f3e0426-be6c-4e41-b1e8-b45b53ce962b', 'highMngId', '高级管理层', 'PMC', 'varchar', 'USER', 'S', 120.0, '', NULL, '{"isRecorded":"N","userIsMul":"Y","isRequired":"N","userDefaultRule":"N"}', '', 'T', NULL, 'N', NULL, 'Y', 18, 'b8ab9427-627b-469f-bfd0-4b1buser0001', '2022-08-08', 'b8ab9427-627b-469f-bfd0-4b1buser0001', '2022-08-08', 'Y');
INSERT INTO sys_field(id, colName, showName, objectType, dataType, htmlType, fieldType, displayWidth, remark, defaultValue, defaultRule, extendClass, layout, showMobile, isCommon, parentId, isValid, orderNum, creatorId, createdTime, modifyId, modifyTime, isDBField)
VALUES ('8cb211ea-476a-469f-b801-8bd16e48edcf', 'pjtData', '项目资料', 'PMC', 'varchar', 'AREA', 'S', 120.0, '', '', '{"areaLength":"1024","areaIsLimit":"Y","areaRows":"8","isRecorded":"N","isRequired":"N"}', '', 'F', NULL, 'N', NULL, 'Y', 20, 'b8ab9427-627b-469f-bfd0-4b1buser0001', '2022-08-08', 'b8ab9427-627b-469f-bfd0-4b1buser0001', '2022-08-08', 'Y');
INSERT INTO sys_field(id, colName, showName, objectType, dataType, htmlType, fieldType, displayWidth, remark, defaultValue, defaultRule, extendClass, layout, showMobile, isCommon, parentId, isValid, orderNum, creatorId, createdTime, modifyId, modifyTime, isDBField)
VALUES ('43141a59-c7dd-428c-80ef-56278d2fc8b5', 'pjtSummary', '项目总结', 'PMC', 'varchar', 'AREA', 'S', 120.0, '', '', '{"areaLength":"1024","areaIsLimit":"Y","areaRows":"8","isRecorded":"N","isRequired":"N"}', '', 'F', NULL, 'N', NULL, 'Y', 21, 'b8ab9427-627b-469f-bfd0-4b1buser0001', '2022-08-08', 'b8ab9427-627b-469f-bfd0-4b1buser0001', '2022-08-08', 'Y');
INSERT INTO sys_field(id, colName, showName, objectType, dataType, htmlType, fieldType, displayWidth, remark, defaultValue, defaultRule, extendClass, layout, showMobile, isCommon, parentId, isValid, orderNum, creatorId, createdTime, modifyId, modifyTime, isDBField)
VALUES ('ab521d5b-ea14-4013-908c-17e3abbcff8f', 'lessonLearned', '经验教训', 'PMC', 'varchar', 'AREA', 'S', 120.0, '', '', '{"areaLength":"1024","areaIsLimit":"Y","areaRows":"8","isRecorded":"N","isRequired":"N"}', '', 'F', NULL, 'N', NULL, 'Y', 22, 'b8ab9427-627b-469f-bfd0-4b1buser0001', '2022-08-08', 'b8ab9427-627b-469f-bfd0-4b1buser0001', '2022-08-08', 'Y');
INSERT INTO sys_field(id, colName, showName, objectType, dataType, htmlType, fieldType, displayWidth, remark, defaultValue, defaultRule, extendClass, layout, showMobile, isCommon, parentId, isValid, orderNum, creatorId, createdTime, modifyId, modifyTime, isDBField)
VALUES ('33e0fb8c-1368-4133-a8e7-462592be0829', 'lampSign', '指示灯', 'PMC', 'float', 'NUMBER', 'S', 120.0, '', '', '{"numberFormat":"I","isRecorded":"Y","isRequired":"N","redLight":"79","greenLight":"30"}', '', 'T', NULL, 'N', NULL, 'Y', 23, 'b8ab9427-627b-469f-bfd0-4b1buser0001', '2022-08-08', 'b8ab9427-627b-469f-bfd0-4b1buser0001', '2022-08-08', 'Y');
INSERT INTO sys_field(id, colName, showName, objectType, dataType, htmlType, fieldType, displayWidth, remark, defaultValue, defaultRule, extendClass, layout, showMobile, isCommon, parentId, isValid, orderNum, creatorId, createdTime, modifyId, modifyTime, isDBField)
VALUES ('09d5dfa5-7822-44c0-8961-bfb4b679aafb', 'fileSign', '附件', 'PMC', 'varchar', 'SIGN', 'S', 120.0, '', NULL, '{"isRecorded":"Y","isRequired":"N","signDefaultRule":"ZDY","isShowed":"N"}', 'com.dream.fileSign.FileSign', 'F', NULL, 'N', NULL, 'Y', 24, 'b8ab9427-627b-469f-bfd0-4b1buser0001', '2022-08-08', 'b8ab9427-627b-469f-bfd0-4b1buser0001', '2022-08-08', 'N');
INSERT INTO sys_field(id, colName, showName, objectType, dataType, htmlType, fieldType, displayWidth, remark, defaultValue, defaultRule, extendClass, layout, showMobile, isCommon, parentId, isValid, orderNum, creatorId, createdTime, modifyId, modifyTime, isDBField)
VALUES ('0f372c4c-62b1-4117-b784-df138c5fe8fb', 'related', '关联', 'PMC', 'varchar', 'SIGN', 'S', 120.0, '', NULL, '{"isRecorded":"Y","isRequired":"N","signDefaultRule":"ZDY","isShowed":"N"}', 'com.dream.relatedSign.RelatedSign', 'F', NULL, 'N', NULL, 'Y', 25, 'b8ab9427-627b-469f-bfd0-4b1buser0001', '2022-08-08', 'b8ab9427-627b-469f-bfd0-4b1buser0001', '2022-08-08', 'N');
INSERT INTO sys_field(id, colName, showName, objectType, dataType, htmlType, fieldType, displayWidth, remark, defaultValue, defaultRule, extendClass, layout, showMobile, isCommon, parentId, isValid, orderNum, creatorId, createdTime, modifyId, modifyTime, isDBField)
VALUES ('d737b354-45d2-4188-994f-71c778fbcf3a', 'creatorId', '创建人', 'PMC', 'varchar', 'USER', 'S', 120.0, '', NULL, '{"isRecorded":"N","userIsMul":"","isRequired":"N","userDefaultRule":"N"}', '', 'T', NULL, 'N', NULL, 'Y', 26, 'b8ab9427-627b-469f-bfd0-4b1buser0001', '2022-08-08', 'b8ab9427-627b-469f-bfd0-4b1buser0001', '2022-08-08', 'Y');
INSERT INTO sys_field(id, colName, showName, objectType, dataType, htmlType, fieldType, displayWidth, remark, defaultValue, defaultRule, extendClass, layout, showMobile, isCommon, parentId, isValid, orderNum, creatorId, createdTime, modifyId, modifyTime, isDBField)
VALUES ('7dde7f23-e10c-43f5-bea6-bbeb0fa4eae9', 'createdTime', '创建时间', 'PMC', 'datetime', 'DATE', 'S', 120.0, '', NULL, '{"isRecorded":"N","dateFormatRule":"YMDHm","dateDefaultRule":"N","isRequired":"N"}', '', 'T', NULL, 'N', NULL, 'Y', 28, 'b8ab9427-627b-469f-bfd0-4b1buser0001', '2022-08-08', 'b8ab9427-627b-469f-bfd0-4b1buser0001', '2022-08-08', 'Y');
INSERT INTO sys_field(id, colName, showName, objectType, dataType, htmlType, fieldType, displayWidth, remark, defaultValue, defaultRule, extendClass, layout, showMobile, isCommon, parentId, isValid, orderNum, creatorId, createdTime, modifyId, modifyTime, isDBField)
VALUES ('7a3b0565-57cb-40e9-ab15-a42964489d14', 'modifyId', '更新人', 'PMC', 'varchar', 'USER', 'S', 120.0, '', NULL, '{"isRecorded":"N","userIsMul":"","isRequired":"N","userDefaultRule":"N"}', '', 'T', NULL, 'N', NULL, 'Y', 29, 'b8ab9427-627b-469f-bfd0-4b1buser0001', '2022-08-08', 'b8ab9427-627b-469f-bfd0-4b1buser0001', '2022-08-08', 'Y');
INSERT INTO sys_field(id, colName, showName, objectType, dataType, htmlType, fieldType, displayWidth, remark, defaultValue, defaultRule, extendClass, layout, showMobile, isCommon, parentId, isValid, orderNum, creatorId, createdTime, modifyId, modifyTime, isDBField)
VALUES ('28489cb8-8ee6-4cd9-96b3-ffe8ca443058', 'modifyTime', '最新更新时间', 'PMC', 'datetime', 'DATE', 'S', 120.0, '', NULL, '{"isRecorded":"N","dateFormatRule":"YMDHm","dateDefaultRule":"N","isRequired":"N"}', '', 'T', NULL, 'N', NULL, 'Y', 30, 'b8ab9427-627b-469f-bfd0-4b1buser0001', '2022-08-08', 'b8ab9427-627b-469f-bfd0-4b1buser0001', '2022-08-08', 'Y');

INSERT INTO sys_fieldnum(id, objectType, fieldId, orderNum)
VALUES ('1fb12316-032d-4e6a-8734-0edd3119ca2f', 'PMC', '3efca3a0-7753-47d1-bf4a-899c53e2367f', 2);
INSERT INTO sys_fieldnum(id, objectType, fieldId, orderNum)
VALUES ('6dedde9c-7a43-4e8d-b5a5-a6581e64deef', 'PMC', '1c018e73-45ae-4f1f-bcf1-1b4820c95a5f', 3);
INSERT INTO sys_fieldnum(id, objectType, fieldId, orderNum)
VALUES ('fd88de08-73de-4126-88a0-550551e7b2f8', 'PMC', 'fb5c2556-0924-4b94-8f26-dec08c64894f', 4);
INSERT INTO sys_fieldnum(id, objectType, fieldId, orderNum)
VALUES ('fe60d89f-710a-44d6-bbae-29677e32e000', 'PMC', '4133b720-d415-4687-a80d-175e378c1b44', 5);
INSERT INTO sys_fieldnum(id, objectType, fieldId, orderNum)
VALUES ('1e2fd10f-efaa-464b-b889-fc0bc8dffba8', 'PMC', 'ca1abbf9-01c4-4b19-8995-d0bec79bc4ca', 6);
INSERT INTO sys_fieldnum(id, objectType, fieldId, orderNum)
VALUES ('aaa8a27c-f1cc-4116-b4cb-7e1fca3d3c41', 'PMC', 'c2d7c4b3-7aeb-49fa-88b4-c3c8c3e94778', 7);
INSERT INTO sys_fieldnum(id, objectType, fieldId, orderNum)
VALUES ('a005d220-5bf1-4fb1-b0dd-838ce0b8e916', 'PMC', 'f0b58d2c-2c92-4f4a-ab05-97d20f8b3c49', 8);
INSERT INTO sys_fieldnum(id, objectType, fieldId, orderNum)
VALUES ('e5c8bbef-30ea-4284-a670-d200c7be1bf3', 'PMC', 'a1741161-bbfc-4c88-83f1-8d9820db5dc5', 10);
INSERT INTO sys_fieldnum(id, objectType, fieldId, orderNum)
VALUES ('7aff7091-4a15-4fcc-b8d3-54f6bab7267e', 'PMC', 'adf2f328-1f14-4c45-8c8b-c71d137980eb', 11);
INSERT INTO sys_fieldnum(id, objectType, fieldId, orderNum)
VALUES ('4da40908-88be-46b0-acb4-ff34a42c2bfd', 'PMC', '67f47ab8-a65e-4e37-aa74-1f20a8cbe607', 12);
INSERT INTO sys_fieldnum(id, objectType, fieldId, orderNum)
VALUES ('aed1d4d0-4d3b-42d7-9a3d-08993e35ff9a', 'PMC', '9a30bc09-5fb5-47ab-86ab-90816590813f', 13);
INSERT INTO sys_fieldnum(id, objectType, fieldId, orderNum)
VALUES ('ec731ff9-a295-48d5-b590-2af5456366e9', 'PMC', '1e9eb0f2-0f48-4e94-9ff3-89ab1107ae84', 14);
INSERT INTO sys_fieldnum(id, objectType, fieldId, orderNum)
VALUES ('a983ee27-83cb-4347-8e4c-f9f279eefab6', 'PMC', '8b6be8f0-58eb-4d11-845d-f954200b9aa0', 15);
INSERT INTO sys_fieldnum(id, objectType, fieldId, orderNum)
VALUES ('f05ea7ab-c421-4a1d-a69c-5ffdec538b44', 'PMC', 'fb393d84-a775-452a-8c70-86eac26ab3b5', 16);
INSERT INTO sys_fieldnum(id, objectType, fieldId, orderNum)
VALUES ('309b85f1-d1f0-436d-860e-311c85d5a5e4', 'PMC', 'c9c9b825-8984-4a21-8e6b-21681101a6c2', 17);
INSERT INTO sys_fieldnum(id, objectType, fieldId, orderNum)
VALUES ('dd1221ae-72bc-4838-bc8c-8fa97b2e0d01', 'PMC', '9f3e0426-be6c-4e41-b1e8-b45b53ce962b', 18);
INSERT INTO sys_fieldnum(id, objectType, fieldId, orderNum)
VALUES ('6e088793-bbf2-4d74-a820-056941f68a85', 'PMC', '8cb211ea-476a-469f-b801-8bd16e48edcf', 20);
INSERT INTO sys_fieldnum(id, objectType, fieldId, orderNum)
VALUES ('e18274f7-fbf0-458d-9781-c46375ecddec', 'PMC', '43141a59-c7dd-428c-80ef-56278d2fc8b5', 21);
INSERT INTO sys_fieldnum(id, objectType, fieldId, orderNum)
VALUES ('72e463f6-7db8-4599-9e5c-627c93fabda3', 'PMC', 'ab521d5b-ea14-4013-908c-17e3abbcff8f', 22);
INSERT INTO sys_fieldnum(id, objectType, fieldId, orderNum)
VALUES ('a5db8afd-608a-4099-914d-55381d4ab374', 'PMC', '33e0fb8c-1368-4133-a8e7-462592be0829', 23);
INSERT INTO sys_fieldnum(id, objectType, fieldId, orderNum)
VALUES ('b3c6417d-2738-49ef-b9ef-ea5a647ce9b3', 'PMC', '09d5dfa5-7822-44c0-8961-bfb4b679aafb', 24);
INSERT INTO sys_fieldnum(id, objectType, fieldId, orderNum)
VALUES ('95c1789e-b6bd-4458-85d1-c40fe43ae32f', 'PMC', '0f372c4c-62b1-4117-b784-df138c5fe8fb', 25);
INSERT INTO sys_fieldnum(id, objectType, fieldId, orderNum)
VALUES ('31565560-3c43-4326-9fd2-47128fa3f8d5', 'PMC', 'd737b354-45d2-4188-994f-71c778fbcf3a', 26);
INSERT INTO sys_fieldnum(id, objectType, fieldId, orderNum)
VALUES ('54e5bf9b-2db4-41ea-9adc-76aad1cc887f', 'PMC', '7dde7f23-e10c-43f5-bea6-bbeb0fa4eae9', 28);
INSERT INTO sys_fieldnum(id, objectType, fieldId, orderNum)
VALUES ('26ab979c-f7b0-4f89-a548-b4db9c4be237', 'PMC', '7a3b0565-57cb-40e9-ab15-a42964489d14', 29);
INSERT INTO sys_fieldnum(id, objectType, fieldId, orderNum)
VALUES ('707fa48b-8675-4251-b954-01b2a8e4a090', 'PMC', '28489cb8-8ee6-4cd9-96b3-ffe8ca443058', 30);

INSERT INTO sys_reportchart(id, name, simpleName, status, isCandidate, objectType, chartType, dataFieldId, categoryFieldId, scope, remark, orderNum, isValid, creatorId, createdTime, modifyId, modifyTime, parentId, pjtStatus, isUsePjt, pjtOrderNum, height, width)
VALUES ('4d48c19b-fbf5-4e56-9400-032971be0f80', '结项', '结项', 'RN', 'Y', 'PMC', 'catalog', NULL, NULL, 'P', NULL, NULL, 'Y', 'b8ab9427-627b-469f-bfd0-4b1buser0001', '2022-08-08', 'b8ab9427-627b-469f-bfd0-4b1buser0001', '2022-08-08', NULL, 'RN', 'Y', 37, '1', '1');
INSERT INTO sys_reportchart(id, name, simpleName, status, isCandidate, objectType, chartType, dataFieldId, categoryFieldId, scope, remark, orderNum, isValid, creatorId, createdTime, modifyId, modifyTime, parentId, pjtStatus, isUsePjt, pjtOrderNum, height, width)
VALUES ('93d0501a-8796-4869-a9f9-27f798497a3c', '结项状态分布图', '结项状态分布', 'RN', 'Y', 'PMC', 'pie-basic', 'ca1abbf9-01c4-4b19-8995-d0bec79bc4ca', '', 'L,P,S', '', 1, 'Y', 'b8ab9427-627b-469f-bfd0-4b1buser0001', '2022-08-08', 'b8ab9427-627b-469f-bfd0-4b1buser0001', '2022-08-08', '4d48c19b-fbf5-4e56-9400-032971be0f80', 'RN', 'N', 1, '1', '1');
INSERT INTO sys_reportchart(id, name, simpleName, status, isCandidate, objectType, chartType, dataFieldId, categoryFieldId, scope, remark, orderNum, isValid, creatorId, createdTime, modifyId, modifyTime, parentId, pjtStatus, isUsePjt, pjtOrderNum, height, width)
VALUES ('1c4380a2-02ce-433f-a262-5b5ac8ce50ac', '结项创建人分布图', '结项创建人分布', 'RN', 'Y', 'PMC', 'pie-basic', 'd737b354-45d2-4188-994f-71c778fbcf3a', '', 'L,P,S', '', 3, 'Y', 'b8ab9427-627b-469f-bfd0-4b1buser0001', '2022-08-08', 'b8ab9427-627b-469f-bfd0-4b1buser0001', '2022-08-08', '4d48c19b-fbf5-4e56-9400-032971be0f80', 'RN', 'N', 2, '1', '1');

INSERT INTO wf_instance(id, name, objectType, remark, modelId, status, orderNum, isSystem, isValid, isDefault, graphView, tranExeCls, creatorId, createdTime, modifyId, modifyTime, step, title, deploymentId, tempStatus)
VALUES ('ACTa0a8b-cadc-43de-8e6e-f82939c75e3a', '结项管理模型_1.0', 'PMC', '', '25', 'IN', 1, 'Y', 'Y', 'Y', CONVERT(varbinary(max), '<svg xmlns="http://www.w3.org/2000/svg" xmlns:oryx="http://oryx-editor.org" id="sid-A7B9A5B7-08FF-4B38-A6F5-42864FA507F8" width="1087" height="351" xmlns:xlink="http://www.w3.org/1999/xlink" xmlns:svg="http://www.w3.org/2000/svg"><defs><marker id="sid-28E3A4F2-E72C-4746-BCAC-97C1CE621545start" refX="1" refY="5" markerUnits="userSpaceOnUse" markerWidth="17" markerHeight="11" orient="auto">	  		undefined			<path id="sid-28E3A4F2-E72C-4746-BCAC-97C1CE621545default" d="M 5 0 L 11 10" fill="white" stroke="#b7b5b5" stroke-width="1" display="none"/>	  	</marker><marker id="sid-28E3A4F2-E72C-4746-BCAC-97C1CE621545end" refX="9" refY="5" markerUnits="userSpaceOnUse" markerWidth="11" markerHeight="10" orient="auto">	  		<path id="sid-28E3A4F2-E72C-4746-BCAC-97C1CE621545arrowhead" d="M 0 1 L 10 5 L 1 9z" fill="#cfcccc" stroke="#cfcccc" stroke-linejoin="round" stroke-width="1"/>	  	</marker><marker id="sid-3578E230-F9DA-4A92-B966-C6BBA5863178start" refX="1" refY="5" markerUnits="userSpaceOnUse" markerWidth="17" markerHeight="11" orient="auto">	  		undefined			<path id="sid-3578E230-F9DA-4A92-B966-C6BBA5863178default" d="M 5 0 L 11 10" fill="white" stroke="#b7b5b5" stroke-width="1" display="none"/>	  	</marker><marker id="sid-3578E230-F9DA-4A92-B966-C6BBA5863178end" refX="9" refY="5" markerUnits="userSpaceOnUse" markerWidth="11" markerHeight="10" orient="auto">	  		<path id="sid-3578E230-F9DA-4A92-B966-C6BBA5863178arrowhead" d="M 0 1 L 10 5 L 1 9z" fill="#cfcccc" stroke="#cfcccc" stroke-linejoin="round" stroke-width="1"/>	  	</marker><marker id="sid-1AFF64B4-7014-4D6B-AD35-482CD6C12E61start" refX="1" refY="5" markerUnits="userSpaceOnUse" markerWidth="17" markerHeight="11" orient="auto">	  		undefined			<path id="sid-1AFF64B4-7014-4D6B-AD35-482CD6C12E61default" d="M 5 0 L 11 10" fill="white" stroke="#b7b5b5" stroke-width="1" display="none"/>	  	</marker><marker id="sid-1AFF64B4-7014-4D6B-AD35-482CD6C12E61end" refX="9" refY="5" markerUnits="userSpaceOnUse" markerWidth="11" markerHeight="10" orient="auto">	  		<path id="sid-1AFF64B4-7014-4D6B-AD35-482CD6C12E61arrowhead" d="M 0 1 L 10 5 L 1 9z" fill="#cfcccc" stroke="#cfcccc" stroke-linejoin="round" stroke-width="1"/>	  	</marker><marker id="sid-293B38DA-345C-4CE5-939B-6688290403DBstart" refX="1" refY="5" markerUnits="userSpaceOnUse" markerWidth="17" markerHeight="11" orient="auto">	  		undefined			<path id="sid-293B38DA-345C-4CE5-939B-6688290403DBdefault" d="M 5 0 L 11 10" fill="white" stroke="#b7b5b5" stroke-width="1" display="none"/>	  	</marker><marker id="sid-293B38DA-345C-4CE5-939B-6688290403DBend" refX="9" refY="5" markerUnits="userSpaceOnUse" markerWidth="11" markerHeight="10" orient="auto">	  		<path id="sid-293B38DA-345C-4CE5-939B-6688290403DBarrowhead" d="M 0 1 L 10 5 L 1 9z" fill="#cfcccc" stroke="#cfcccc" stroke-linejoin="round" stroke-width="1"/>	  	</marker><marker id="sid-EC38DA9A-CA64-4C8F-8F1F-FC6A2EE53302start" refX="1" refY="5" markerUnits="userSpaceOnUse" markerWidth="17" markerHeight="11" orient="auto">	  		undefined			<path id="sid-EC38DA9A-CA64-4C8F-8F1F-FC6A2EE53302default" d="M 5 0 L 11 10" fill="white" stroke="#b7b5b5" stroke-width="1" display="none"/>	  	</marker><marker id="sid-EC38DA9A-CA64-4C8F-8F1F-FC6A2EE53302end" refX="9" refY="5" markerUnits="userSpaceOnUse" markerWidth="11" markerHeight="10" orient="auto">	  		<path id="sid-EC38DA9A-CA64-4C8F-8F1F-FC6A2EE53302arrowhead" d="M 0 1 L 10 5 L 1 9z" fill="#cfcccc" stroke="#cfcccc" stroke-linejoin="round" stroke-width="1"/>	  	</marker><marker id="sid-DEB140DD-243E-4F13-A338-417BA9F5A9B4start" refX="1" refY="5" markerUnits="userSpaceOnUse" markerWidth="17" markerHeight="11" orient="auto">	  		undefined			<path id="sid-DEB140DD-243E-4F13-A338-417BA9F5A9B4default" d="M 5 0 L 11 10" fill="white" stroke="#b7b5b5" stroke-width="1" display="none"/>	  	</marker><marker id="sid-DEB140DD-243E-4F13-A338-417BA9F5A9B4end" refX="9" refY="5" markerUnits="userSpaceOnUse" markerWidth="11" markerHeight="10" orient="auto">	  		<path id="sid-DEB140DD-243E-4F13-A338-417BA9F5A9B4arrowhead" d="M 0 1 L 10 5 L 1 9z" fill="#cfcccc" stroke="#cfcccc" stroke-linejoin="round" stroke-width="1"/>	  	</marker><marker id="sid-19D26B67-7A77-45C8-AD95-6E25B0614B46start" refX="1" refY="5" markerUnits="userSpaceOnUse" markerWidth="17" markerHeight="11" orient="auto">	  		undefined			<path id="sid-19D26B67-7A77-45C8-AD95-6E25B0614B46default" d="M 5 0 L 11 10" fill="white" stroke="#b7b5b5" stroke-width="1" display="none"/>	  	</marker><marker id="sid-19D26B67-7A77-45C8-AD95-6E25B0614B46end" refX="9" refY="5" markerUnits="userSpaceOnUse" markerWidth="11" markerHeight="10" orient="auto">	  		<path id="sid-19D26B67-7A77-45C8-AD95-6E25B0614B46arrowhead" d="M 0 1 L 10 5 L 1 9z" fill="#cfcccc" stroke="#cfcccc" stroke-linejoin="round" stroke-width="1"/>	  	</marker><marker id="sid-1850C6CE-2B92-4673-BC44-4AFC34557028start" refX="1" refY="5" markerUnits="userSpaceOnUse" markerWidth="17" markerHeight="11" orient="auto">	  		undefined			<path id="sid-1850C6CE-2B92-4673-BC44-4AFC34557028default" d="M 5 0 L 11 10" fill="white" stroke="#b7b5b5" stroke-width="1" display="none"/>	  	</marker><marker id="sid-1850C6CE-2B92-4673-BC44-4AFC34557028end" refX="9" refY="5" markerUnits="userSpaceOnUse" markerWidth="11" markerHeight="10" orient="auto">	  		<path id="sid-1850C6CE-2B92-4673-BC44-4AFC34557028arrowhead" d="M 0 1 L 10 5 L 1 9z" fill="#cfcccc" stroke="#cfcccc" stroke-linejoin="round" stroke-width="1"/>	  	</marker><marker id="sid-6CC163DC-0BDE-48E2-9721-F88422F8FC37start" refX="1" refY="5" markerUnits="userSpaceOnUse" markerWidth="17" markerHeight="11" orient="auto">	  		undefined			<path id="sid-6CC163DC-0BDE-48E2-9721-F88422F8FC37default" d="M 5 0 L 11 10" fill="white" stroke="#b7b5b5" stroke-width="1" display="none"/>	  	</marker><marker id="sid-6CC163DC-0BDE-48E2-9721-F88422F8FC37end" refX="9" refY="5" markerUnits="userSpaceOnUse" markerWidth="11" markerHeight="10" orient="auto">	  		<path id="sid-6CC163DC-0BDE-48E2-9721-F88422F8FC37arrowhead" d="M 0 1 L 10 5 L 1 9z" fill="#cfcccc" stroke="#cfcccc" stroke-linejoin="round" stroke-width="1"/>	  	</marker></defs><svg id="underlay-container"/><g stroke="none" font-family="Verdana, sans-serif" font-size-adjust="none" font-style="normal" font-variant="normal" font-weight="normal" line-heigth="normal" font-size="12"><g class="stencils"><g class="me"/><g class="children"><g id="svg-sid-6223D88F-A9A0-4ABC-935C-6F30B407A8BC"><g class="stencils" transform="translate(242.5, 156)"><g class="me"><g pointer-events="fill" id="sid-0901C6C1-5660-42E8-ABD0-C03231F68F23" title="开始">    <circle id="sid-0901C6C1-5660-42E8-ABD0-C03231F68F23bg_frame" cx="16" cy="16" r="16" stroke="none" fill="url(#sid-0901C6C1-5660-42E8-ABD0-C03231F68F23image1)" stroke-width="0"/><defs id="sid-0901C6C1-5660-42E8-ABD0-C03231F68F23_sid-0901C6C1-5660-42E8-ABD0-C03231F68F23_5"><pattern width="32" height="32" patternUnits="userSpaceOnUse" y="0" x="0" id="sid-0901C6C1-5660-42E8-ABD0-C03231F68F23image1"><image href="editor-app/images/start.png" height="32" width="32" y="0" x="0" id="sid-0901C6C1-5660-42E8-ABD0-C03231F68F23_sid-0901C6C1-5660-42E8-ABD0-C03231F68F23_6"/></pattern></defs> 	<text font-size="11" id="sid-0901C6C1-5660-42E8-ABD0-C03231F68F23text_name" x="16" y="38" oryx:align="top center" stroke="#373e48" stroke-width="0pt" letter-spacing="-0.01px" transform="rotate(0 16 38)" oryx:fontSize="11" text-anchor="middle"><tspan dy="11" x="16" y="38">开始</tspan></text>  </g></g><g class="children" style="overflow:hidden"/><g class="edge"/></g><g class="controls"><g class="dockers"/><g class="magnets" transform="translate(242.5, 156)"><g pointer-events="all" display="none" transform="translate(8, 8)"><circle cx="8" cy="8" r="4" stroke="none" fill="red" fill-opacity="0.3"/></g></g></g></g><g id="svg-sid-C3C6903A-EFC1-4D67-B86A-E2F6BEC0D7C1"><g class="stencils" transform="translate(546.5, 156)"><g class="me"><g pointer-events="fill" id="sid-CF5A40D3-2777-4BCC-A406-15AB60416F64" title="步骤">    <circle id="sid-CF5A40D3-2777-4BCC-A406-15AB60416F64bg_frame" cx="16" cy="16" r="16" stroke="none" fill="url(#sid-CF5A40D3-2777-4BCC-A406-15AB60416F64image2)" stroke-width="0"/><defs id="sid-CF5A40D3-2777-4BCC-A406-15AB60416F64_sid-CF5A40D3-2777-4BCC-A406-15AB60416F64_5"><pattern width="32" height="32" patternUnits="userSpaceOnUse" y="0" x="0" id="sid-CF5A40D3-2777-4BCC-A406-15AB60416F64image2"><image href="editor-app/images/status.png" height="32" width="32" y="0" x="0" id="sid-CF5A40D3-2777-4BCC-A406-15AB60416F64_sid-CF5A40D3-2777-4BCC-A406-15AB60416F64_6"/></pattern></defs>	<text font-size="11" id="sid-CF5A40D3-2777-4BCC-A406-15AB60416F64text_name" x="16" y="38" oryx:align="top center" stroke="#373e48" stroke-width="0pt" letter-spacing="-0.01px" transform="rotate(0 16 38)" oryx:fontSize="11" text-anchor="middle"><tspan dy="11" x="16" y="38">项目验收</tspan></text>  </g></g><g class="children" style="overflow:hidden"/><g class="edge"/></g><g class="controls"><g class="dockers"/><g class="magnets" transform="translate(546.5, 156)"><g pointer-events="all" display="none" transform="translate(8, 8)"><circle cx="8" cy="8" r="4" stroke="none" fill="red" fill-opacity="0.3"/></g></g></g></g><g id="svg-sid-D4701CEE-678E-401D-BD1B-1F28545F68BA"><g class="stencils" transform="translate(698.5, 156)"><g class="me"><g pointer-events="fill" id="sid-39385FAB-8A0A-48C4-B1BD-B130BEE8C46B" title="步骤">    <circle id="sid-39385FAB-8A0A-48C4-B1BD-B130BEE8C46Bbg_frame" cx="16" cy="16" r="16" stroke="none" fill="url(#sid-39385FAB-8A0A-48C4-B1BD-B130BEE8C46Bimage2)" stroke-width="0"/><defs id="sid-39385FAB-8A0A-48C4-B1BD-B130BEE8C46B_sid-39385FAB-8A0A-48C4-B1BD-B130BEE8C46B_5"><pattern width="32" height="32" patternUnits="userSpaceOnUse" y="0" x="0" id="sid-39385FAB-8A0A-48C4-B1BD-B130BEE8C46Bimage2"><image href="editor-app/images/status.png" height="32" width="32" y="0" x="0" id="sid-39385FAB-8A0A-48C4-B1BD-B130BEE8C46B_sid-39385FAB-8A0A-48C4-B1BD-B130BEE8C46B_6"/></pattern></defs>	<text font-size="11" id="sid-39385FAB-8A0A-48C4-B1BD-B130BEE8C46Btext_name" x="16" y="38" oryx:align="top center" stroke="#373e48" stroke-width="0pt" letter-spacing="-0.01px" transform="rotate(0 16 38)" oryx:fontSize="11" text-anchor="middle"><tspan dy="11" x="16" y="38">项目归档</tspan></text>  </g></g><g class="children" style="overflow:hidden"/><g class="edge"/></g><g class="controls"><g class="dockers"/><g class="magnets" transform="translate(698.5, 156)"><g pointer-events="all" display="none" transform="translate(8, 8)"><circle cx="8" cy="8" r="4" stroke="none" fill="red" fill-opacity="0.3"/></g></g></g></g><g id="svg-sid-6AE23FBE-0051-4A46-BDA2-000A0F72DF79"><g class="stencils" transform="translate(850.5, 156)"><g class="me"><g pointer-events="fill" id="sid-0C62D16D-F6F1-40ED-A2F5-B6E05169B04D" title="步骤">    <circle id="sid-0C62D16D-F6F1-40ED-A2F5-B6E05169B04Dbg_frame" cx="16" cy="16" r="16" stroke="none" fill="url(#sid-0C62D16D-F6F1-40ED-A2F5-B6E05169B04Dimage2)" stroke-width="0"/><defs id="sid-0C62D16D-F6F1-40ED-A2F5-B6E05169B04D_sid-0C62D16D-F6F1-40ED-A2F5-B6E05169B04D_5"><pattern width="32" height="32" patternUnits="userSpaceOnUse" y="0" x="0" id="sid-0C62D16D-F6F1-40ED-A2F5-B6E05169B04Dimage2"><image href="editor-app/images/status.png" height="32" width="32" y="0" x="0" id="sid-0C62D16D-F6F1-40ED-A2F5-B6E05169B04D_sid-0C62D16D-F6F1-40ED-A2F5-B6E05169B04D_6"/></pattern></defs>	<text font-size="11" id="sid-0C62D16D-F6F1-40ED-A2F5-B6E05169B04Dtext_name" x="16" y="38" oryx:align="top center" stroke="#373e48" stroke-width="0pt" letter-spacing="-0.01px" transform="rotate(0 16 38)" oryx:fontSize="11" text-anchor="middle"><tspan dy="11" x="16" y="38">结项审核</tspan></text>  </g></g><g class="children" style="overflow:hidden"/><g class="edge"/></g><g class="controls"><g class="dockers"/><g class="magnets" transform="translate(850.5, 156)"><g pointer-events="all" display="none" transform="translate(8, 8)"><circle cx="8" cy="8" r="4" stroke="none" fill="red" fill-opacity="0.3"/></g></g></g></g><g id="svg-sid-94DBC844-9B9B-4BE8-8ECF-5387400F4246"><g class="stencils" transform="translate(1005, 155)"><g class="me"><g pointer-events="fill" id="sid-981E8EBD-5515-46ED-A807-6EB42877157B" title="结束">    <circle id="sid-981E8EBD-5515-46ED-A807-6EB42877157Bbg_frame" cx="16" cy="16" r="16" stroke="none" fill="url(#sid-981E8EBD-5515-46ED-A807-6EB42877157Bimage1)" stroke-width="0"/><defs id="sid-981E8EBD-5515-46ED-A807-6EB42877157B_sid-981E8EBD-5515-46ED-A807-6EB42877157B_5"><pattern width="32" height="32" patternUnits="userSpaceOnUse" y="0" x="0" id="sid-981E8EBD-5515-46ED-A807-6EB42877157Bimage1"><image href="editor-app/images/end.png" height="32" width="32" y="0" x="0" id="sid-981E8EBD-5515-46ED-A807-6EB42877157B_sid-981E8EBD-5515-46ED-A807-6EB42877157B_6"/></pattern></defs> 	<text font-size="11" id="sid-981E8EBD-5515-46ED-A807-6EB42877157Btext_name" x="16" y="38" oryx:align="top center" stroke="#373e48" stroke-width="0pt" letter-spacing="-0.01px" transform="rotate(0 16 38)" oryx:fontSize="11" text-anchor="middle"><tspan dy="11" x="16" y="38">结束</tspan></text>  </g></g><g class="children" style="overflow:hidden"/><g class="edge"/></g><g class="controls"><g class="dockers"/><g class="magnets" transform="translate(1005, 155)"><g pointer-events="all" display="none" transform="translate(8, 8)"><circle cx="8" cy="8" r="4" stroke="none" fill="red" fill-opacity="0.3"/></g></g></g></g><g id="svg-sid-AE3BC426-EC77-4BE5-84AB-BF77EADC92DA"><g class="stencils" transform="translate(394.5, 155)"><g class="me"><g pointer-events="fill" id="sid-6FE90DB1-49B1-44EC-B21F-D253446A9CC8" title="步骤">    <circle id="sid-6FE90DB1-49B1-44EC-B21F-D253446A9CC8bg_frame" cx="16" cy="16" r="16" stroke="none" fill="url(#sid-6FE90DB1-49B1-44EC-B21F-D253446A9CC8image2)" stroke-width="0"/><defs id="sid-6FE90DB1-49B1-44EC-B21F-D253446A9CC8_sid-6FE90DB1-49B1-44EC-B21F-D253446A9CC8_5"><pattern width="32" height="32" patternUnits="userSpaceOnUse" y="0" x="0" id="sid-6FE90DB1-49B1-44EC-B21F-D253446A9CC8image2"><image href="editor-app/images/status.png" height="32" width="32" y="0" x="0" id="sid-6FE90DB1-49B1-44EC-B21F-D253446A9CC8_sid-6FE90DB1-49B1-44EC-B21F-D253446A9CC8_6"/></pattern></defs>	<text font-size="11" id="sid-6FE90DB1-49B1-44EC-B21F-D253446A9CC8text_name" x="16" y="38" oryx:align="top center" stroke="#373e48" stroke-width="0pt" letter-spacing="-0.01px" transform="rotate(0 16 38)" oryx:fontSize="11" text-anchor="middle"><tspan dy="11" x="16" y="38">资料整理</tspan></text>  </g></g><g class="children" style="overflow:hidden"/><g class="edge"/></g><g class="controls"><g class="dockers"/><g class="magnets" transform="translate(394.5, 155)"><g pointer-events="all" display="none" transform="translate(8, 8)"><circle cx="8" cy="8" r="4" stroke="none" fill="red" fill-opacity="0.3"/></g></g></g></g><g id="svg-sid-49a852bc-2f74-42ad-9333-e6e89389814b"><g class="stencils" transform="translate(402.5, 285)"><g class="me"><g pointer-events="fill" id="sid-16D90B00-83EB-47C4-92FC-6C219A9D086B" title="派生">    <circle id="sid-16D90B00-83EB-47C4-92FC-6C219A9D086Bbg_frame" cx="8" cy="8" r="8" stroke="none" fill="url(#sid-16D90B00-83EB-47C4-92FC-6C219A9D086Bimage1)" stroke-width="0"/><defs id="sid-16D90B00-83EB-47C4-92FC-6C219A9D086B_sid-16D90B00-83EB-47C4-92FC-6C219A9D086B_5"><pattern width="16" height="16" patternUnits="userSpaceOnUse" y="0" x="0" id="sid-16D90B00-83EB-47C4-92FC-6C219A9D086Bimage1"><image href="editor-app/images/derive.png" height="16" width="16" y="0" x="0" id="sid-16D90B00-83EB-47C4-92FC-6C219A9D086B_sid-16D90B00-83EB-47C4-92FC-6C219A9D086B_6"/></pattern></defs> 	<text font-size="11" id="sid-16D90B00-83EB-47C4-92FC-6C219A9D086Btext_name" x="7" y="23" oryx:align="top center" stroke="#373e48" class="samll-derive-text" stroke-width="0pt" letter-spacing="-0.01px" transform="rotate(0 7 23)" oryx:fontSize="11" text-anchor="middle" style="display: inline;"><tspan dy="11" x="7" y="23">项目 [标准生命周期]</tspan></text>  </g></g><g class="children" style="overflow:hidden"/><g class="edge"/></g><g class="controls"><g class="dockers"/><g class="magnets" transform="translate(402.5, 285)"><g pointer-events="all" display="none" transform="translate(0, 0)"><circle cx="8" cy="8" r="4" stroke="none" fill="red" fill-opacity="0.3"/></g></g></g></g></g><g class="edge"><g id="svg-sid-3E91E511-C5F9-44E6-BE99-17E21CEDA98D"><g class="stencils"><g class="me"><g pointer-events="painted"><path id="sid-28E3A4F2-E72C-4746-BCAC-97C1CE621545_1" d="M274.93747835942827 171.89185869500375L394.06252164057173 171.10814130499625 " stroke="#b7b5b5" fill="none" stroke-width="1" stroke-linecap="round" stroke-linejoin="round" marker-start="url(#sid-28E3A4F2-E72C-4746-BCAC-97C1CE621545start)" marker-end="url(#sid-28E3A4F2-E72C-4746-BCAC-97C1CE621545end)"/></g><text id="sid-28E3A4F2-E72C-4746-BCAC-97C1CE621545text_name" x="334" y="174" oryx:edgePosition="midbottom" stroke-width="0pt" letter-spacing="-0.01px" transform="rotate(0 334 174)" oryx:fontSize="12" text-anchor="middle"><tspan dy="0" x="334" y="174">提交</tspan></text></g><g class="children" style="overflow:hidden"/><g class="edge"/></g><g class="controls"><g class="dockers"/><g class="magnets"/></g></g><g id="svg-sid-6382EFBE-EC89-42FF-85D2-68A0629DBE6D"><g class="stencils"><g class="me"><g pointer-events="painted"><path id="sid-3578E230-F9DA-4A92-B966-C6BBA5863178_1" d="M578.9375 172L698.0625 172 " stroke="#b7b5b5" fill="none" stroke-width="1" stroke-linecap="round" stroke-linejoin="round" marker-start="url(#sid-3578E230-F9DA-4A92-B966-C6BBA5863178start)" marker-end="url(#sid-3578E230-F9DA-4A92-B966-C6BBA5863178end)"/></g><text id="sid-3578E230-F9DA-4A92-B966-C6BBA5863178text_name" x="638" y="175" oryx:edgePosition="midbottom" stroke-width="0pt" letter-spacing="-0.01px" transform="rotate(0 638 175)" oryx:fontSize="12" text-anchor="middle"><tspan dy="0" x="638" y="175">验收通过</tspan></text></g><g class="children" style="overflow:hidden"/><g class="edge"/></g><g class="controls"><g class="dockers"/><g class="magnets"/></g></g><g id="svg-sid-A9ECB5C2-7B53-4D78-94DB-FBC3DE0F6207"><g class="stencils"><g class="me"><g pointer-events="painted"><path id="sid-1AFF64B4-7014-4D6B-AD35-482CD6C12E61_1" d="M562.5 155.8125L562.5 64 L410.5 64 L410.5 154.953125 " stroke="#b7b5b5" fill="none" stroke-width="1" stroke-linecap="round" stroke-linejoin="round" marker-start="url(#sid-1AFF64B4-7014-4D6B-AD35-482CD6C12E61start)" marker-end="url(#sid-1AFF64B4-7014-4D6B-AD35-482CD6C12E61end)"/></g><text id="sid-1AFF64B4-7014-4D6B-AD35-482CD6C12E61text_name" x="486" y="67" oryx:edgePosition="midbottom" stroke-width="0pt" letter-spacing="-0.01px" transform="rotate(0 486 67)" oryx:fontSize="12" text-anchor="middle"><tspan dy="0" x="486" y="67">验收不通过</tspan></text></g><g class="children" style="overflow:hidden"/><g class="edge"/></g><g class="controls"><g class="dockers"/><g class="magnets"/></g></g><g id="svg-sid-A952632D-E304-418A-9AF1-8988A2742862"><g class="stencils"><g class="me"><g pointer-events="painted"><path id="sid-293B38DA-345C-4CE5-939B-6688290403DB_1" d="M883.1913853040824 171.8919651436629L1004.3086146959176 171.1080348563371 " stroke="#b7b5b5" fill="none" stroke-width="1" stroke-linecap="round" stroke-linejoin="round" marker-start="url(#sid-293B38DA-345C-4CE5-939B-6688290403DBstart)" marker-end="url(#sid-293B38DA-345C-4CE5-939B-6688290403DBend)"/></g><text id="sid-293B38DA-345C-4CE5-939B-6688290403DBtext_name" x="943" y="174" oryx:edgePosition="midbottom" stroke-width="0pt" letter-spacing="-0.01px" transform="rotate(0 943 174)" oryx:fontSize="12" text-anchor="middle"><tspan dy="0" x="943" y="174">审核通过</tspan></text></g><g class="children" style="overflow:hidden"/><g class="edge"/></g><g class="controls"><g class="dockers"/><g class="magnets"/></g></g><g id="svg-sid-E6ED52A6-218B-4228-AFB9-C21871B88B2F"><g class="stencils"><g class="me"><g pointer-events="painted"><path id="sid-EC38DA9A-CA64-4C8F-8F1F-FC6A2EE53302_1" d="M866.5 155.53125L866.5 62 L714.5 62 L714.5 155.53125 " stroke="#b7b5b5" fill="none" stroke-width="1" stroke-linecap="round" stroke-linejoin="round" marker-start="url(#sid-EC38DA9A-CA64-4C8F-8F1F-FC6A2EE53302start)" marker-end="url(#sid-EC38DA9A-CA64-4C8F-8F1F-FC6A2EE53302end)"/></g><text id="sid-EC38DA9A-CA64-4C8F-8F1F-FC6A2EE53302text_name" x="790" y="65" oryx:edgePosition="midbottom" stroke-width="0pt" letter-spacing="-0.01px" transform="rotate(0 790 65)" oryx:fontSize="12" text-anchor="middle"><tspan dy="0" x="790" y="65">审核不通过</tspan></text></g><g class="children" style="overflow:hidden"/><g class="edge"/></g><g class="controls"><g class="dockers"/><g class="magnets"/></g></g><g id="svg-sid-63BB84B1-FBF2-4313-B802-4CEF0C341C77"><g class="stencils"><g class="me"><g pointer-events="painted"><path id="sid-DEB140DD-243E-4F13-A338-417BA9F5A9B4_1" d="M730.9375 172L850.0625 172 " stroke="#b7b5b5" fill="none" stroke-width="1" stroke-linecap="round" stroke-linejoin="round" marker-start="url(#sid-DEB140DD-243E-4F13-A338-417BA9F5A9B4start)" marker-end="url(#sid-DEB140DD-243E-4F13-A338-417BA9F5A9B4end)"/></g><text id="sid-DEB140DD-243E-4F13-A338-417BA9F5A9B4text_name" x="790" y="175" oryx:edgePosition="midbottom" stroke-width="0pt" letter-spacing="-0.01px" transform="rotate(0 790 175)" oryx:fontSize="12" text-anchor="middle"><tspan dy="0" x="790" y="175">归档通过</tspan></text></g><g class="children" style="overflow:hidden"/><g class="edge"/></g><g class="controls"><g class="dockers"/><g class="magnets"/></g></g><g id="svg-sid-06902081-081A-4943-9044-DCE6AA77C581"><g class="stencils"><g class="me"><g pointer-events="painted"><path id="sid-19D26B67-7A77-45C8-AD95-6E25B0614B46_1" d="M714.5 188.046875L714.5 279 L562.5 279 L562.5 188.046875 " stroke="#b7b5b5" fill="none" stroke-width="1" stroke-linecap="round" stroke-linejoin="round" marker-start="url(#sid-19D26B67-7A77-45C8-AD95-6E25B0614B46start)" marker-end="url(#sid-19D26B67-7A77-45C8-AD95-6E25B0614B46end)"/></g><text id="sid-19D26B67-7A77-45C8-AD95-6E25B0614B46text_name" x="638" y="282" oryx:edgePosition="midbottom" stroke-width="0pt" letter-spacing="-0.01px" transform="rotate(0 638 282)" oryx:fontSize="12" text-anchor="middle"><tspan dy="0" x="638" y="282">归档不通过</tspan></text></g><g class="children" style="overflow:hidden"/><g class="edge"/></g><g class="controls"><g class="dockers"/><g class="magnets"/></g></g><g id="svg-sid-620EBEBE-8D7A-44E4-B87C-C154401AD22A"><g class="stencils"><g class="me"><g pointer-events="painted"><path id="sid-1850C6CE-2B92-4673-BC44-4AFC34557028_1" d="M426.93747835942827 171.10814130499625L546.0625216405717 171.89185869500375 " stroke="#b7b5b5" fill="none" stroke-width="1" stroke-linecap="round" stroke-linejoin="round" marker-start="url(#sid-1850C6CE-2B92-4673-BC44-4AFC34557028start)" marker-end="url(#sid-1850C6CE-2B92-4673-BC44-4AFC34557028end)"/></g><text id="sid-1850C6CE-2B92-4673-BC44-4AFC34557028text_name" x="486" y="174" oryx:edgePosition="midbottom" stroke-width="0pt" letter-spacing="-0.01px" transform="rotate(0 486 174)" oryx:fontSize="12" text-anchor="middle"><tspan dy="0" x="486" y="174">提交验收</tspan></text></g><g class="children" style="overflow:hidden"/><g class="edge"/></g><g class="controls"><g class="dockers"/><g class="magnets"/></g></g><g id="svg-sid-c170b2c9-ec7b-47ad-81fb-81f8a4ef48b9"><g class="stencils"><g class="me"><g pointer-events="painted"><path id="sid-6CC163DC-0BDE-48E2-9721-F88422F8FC37_1" d="M410.5 284.375L410.5 187.25 " stroke="#b7b5b5" fill="none" stroke-width="1" stroke-linecap="round" stroke-linejoin="round" marker-start="url(#sid-6CC163DC-0BDE-48E2-9721-F88422F8FC37start)" marker-end="url(#sid-6CC163DC-0BDE-48E2-9721-F88422F8FC37end)"/></g><text id="sid-6CC163DC-0BDE-48E2-9721-F88422F8FC37text_name" x="410" y="238" oryx:edgePosition="midbottom" stroke-width="0pt" letter-spacing="-0.01px" transform="rotate(0 410 238)" oryx:fontSize="12" text-anchor="middle"><tspan dy="0" x="410" y="238">申请结项</tspan></text></g><g class="children" style="overflow:hidden"/><g class="edge"/></g><g class="controls"><g class="dockers"/><g class="magnets"/></g></g></g></g><g class="svgcontainer"><g display="none" transform="translate(398.5, 281)"><rect x="0" y="0" stroke-width="1" stroke="#777777" fill="none" stroke-dasharray="2,2" pointer-events="none" width="24" height="24"/></g><g display="none"><path stroke-width="1" stroke="silver" fill="none" stroke-dasharray="5,5" pointer-events="none" d="M410.5 0 L 410.5 789"/></g><g display="none"><path stroke-width="1" stroke="silver" fill="none" stroke-dasharray="5,5" pointer-events="none" d="M 0 313 L 1810 313"/></g><g><path stroke-width="2" fill="none" d="M-4 1 l0 -5 l5 0 M-4 788 l0 5 l5 0 M1814 788 l0 5 l-5 0 M1814 1 l0 -5 l-5 0 " stroke="#00FF00" stroke-opacity="1" display="none"/></g></g></g></svg>'), NULL, 'b8ab9427-627b-469f-bfd0-4b1buser0001', '2022-08-08', 'b8ab9427-627b-469f-bfd0-4b1buser0001', '2022-08-08', '4', '新建结项', NULL, NULL);
INSERT INTO wf_node(id, name, workflowId, type, property, linkedStatusId, workflowPageId, emailRole, notifyRole, isEmailFile, tranType, phaseRule, lagMode, autoToId, exeCls, entityOpRul, isSynEntity, canWrite, canUpdateFile, canUpdateRelate, rejectRole, remark, orderNum, isSystem, isValid, creatorId, createdTime, modifyId, modifyTime, canRollback)
VALUES ('6223D88F-A9A0-4ABC-935C-6F30B407A8BC', '开始', 'ACTa0a8b-cadc-43de-8e6e-f82939c75e3a', 'start-state', NULL, NULL, 'ce8961e2-e5e6-4835-bb86-3aaa223d3ef9', NULL, NULL, NULL, NULL, NULL, NULL, NULL, NULL, NULL, NULL, NULL, 'N', 'N', NULL, NULL, 1, 'Y', 'Y', 'b8ab9427-627b-469f-bfd0-4b1buser0001', '2022-08-08', 'b8ab9427-627b-469f-bfd0-4b1buser0001', '2022-08-08', 'Y');
INSERT INTO wf_node(id, name, workflowId, type, property, linkedStatusId, workflowPageId, emailRole, notifyRole, isEmailFile, tranType, phaseRule, lagMode, autoToId, exeCls, entityOpRul, isSynEntity, canWrite, canUpdateFile, canUpdateRelate, rejectRole, remark, orderNum, isSystem, isValid, creatorId, createdTime, modifyId, modifyTime, canRollback)
VALUES ('AE3BC426-EC77-4BE5-84AB-BF77EADC92DA', '资料整理', 'ACTa0a8b-cadc-43de-8e6e-f82939c75e3a', 'state', NULL, 'c1484a97-173c-4d82-b241-82c8497239be', '1f4391bc-ea06-4b20-8b8f-92fca0d32dce', '960fb540-3cef-49e8-89b6-1bPMCrole001', '960fb540-3cef-49e8-89b6-1bPMCrole001', NULL, NULL, NULL, NULL, NULL, '', NULL, NULL, NULL, 'Y', 'Y', '', NULL, 2, 'Y', 'Y', 'b8ab9427-627b-469f-bfd0-4b1buser0001', '2022-08-08', 'b8ab9427-627b-469f-bfd0-4b1buser0001', '2022-08-08', 'Y');
INSERT INTO wf_node(id, name, workflowId, type, property, linkedStatusId, workflowPageId, emailRole, notifyRole, isEmailFile, tranType, phaseRule, lagMode, autoToId, exeCls, entityOpRul, isSynEntity, canWrite, canUpdateFile, canUpdateRelate, rejectRole, remark, orderNum, isSystem, isValid, creatorId, createdTime, modifyId, modifyTime, canRollback)
VALUES ('C3C6903A-EFC1-4D67-B86A-E2F6BEC0D7C1', '项目验收', 'ACTa0a8b-cadc-43de-8e6e-f82939c75e3a', 'state', NULL, '631b6fe3-729b-4c4d-b1dd-4d13690e3508', 'c7dee6e3-c819-4c94-8dad-a5d3b704c96c', '960fb540-3cef-49e8-89b6-1bPMCrole001,960fb540-3cef-49e8-89b6-1bPMCrole002', '960fb540-3cef-49e8-89b6-1bPMCrole001,960fb540-3cef-49e8-89b6-1bPMCrole002', NULL, NULL, NULL, NULL, NULL, '', NULL, NULL, NULL, 'Y', 'Y', '', NULL, 3, 'Y', 'Y', 'b8ab9427-627b-469f-bfd0-4b1buser0001', '2022-08-08', 'b8ab9427-627b-469f-bfd0-4b1buser0001', '2022-08-08', 'Y');
INSERT INTO wf_node(id, name, workflowId, type, property, linkedStatusId, workflowPageId, emailRole, notifyRole, isEmailFile, tranType, phaseRule, lagMode, autoToId, exeCls, entityOpRul, isSynEntity, canWrite, canUpdateFile, canUpdateRelate, rejectRole, remark, orderNum, isSystem, isValid, creatorId, createdTime, modifyId, modifyTime, canRollback)
VALUES ('D4701CEE-678E-401D-BD1B-1F28545F68BA', '项目归档', 'ACTa0a8b-cadc-43de-8e6e-f82939c75e3a', 'state', NULL, 'd17a3eeb-cab5-42c1-8eaf-bfeff09bbbeb', 'f62179dc-314a-4df8-a524-680f9cbd2e69', '960fb540-3cef-49e8-89b6-1bPMCrole001,960fb540-3cef-49e8-89b6-1bPMCrole002', '960fb540-3cef-49e8-89b6-1bPMCrole001,960fb540-3cef-49e8-89b6-1bPMCrole002', NULL, NULL, NULL, NULL, NULL, '', NULL, NULL, NULL, 'Y', 'Y', '', NULL, 4, 'Y', 'Y', 'b8ab9427-627b-469f-bfd0-4b1buser0001', '2022-08-08', 'b8ab9427-627b-469f-bfd0-4b1buser0001', '2022-08-08', 'Y');
INSERT INTO wf_node(id, name, workflowId, type, property, linkedStatusId, workflowPageId, emailRole, notifyRole, isEmailFile, tranType, phaseRule, lagMode, autoToId, exeCls, entityOpRul, isSynEntity, canWrite, canUpdateFile, canUpdateRelate, rejectRole, remark, orderNum, isSystem, isValid, creatorId, createdTime, modifyId, modifyTime, canRollback)
VALUES ('6AE23FBE-0051-4A46-BDA2-000A0F72DF79', '结项审核', 'ACTa0a8b-cadc-43de-8e6e-f82939c75e3a', 'state', NULL, 'b81ce2d7-88dc-4604-9ff7-492198f851ea', 'b2467c1e-5a5c-40b0-972b-1873deb27197', '960fb540-3cef-49e8-89b6-1bPMCrole001,960fb540-3cef-49e8-89b6-1bPMCrole002', '960fb540-3cef-49e8-89b6-1bPMCrole001,960fb540-3cef-49e8-89b6-1bPMCrole002', NULL, NULL, NULL, NULL, NULL, '', NULL, NULL, NULL, 'N', 'N', '', NULL, 5, 'Y', 'Y', 'b8ab9427-627b-469f-bfd0-4b1buser0001', '2022-08-08', 'b8ab9427-627b-469f-bfd0-4b1buser0001', '2022-08-08', 'Y');
INSERT INTO wf_node(id, name, workflowId, type, property, linkedStatusId, workflowPageId, emailRole, notifyRole, isEmailFile, tranType, phaseRule, lagMode, autoToId, exeCls, entityOpRul, isSynEntity, canWrite, canUpdateFile, canUpdateRelate, rejectRole, remark, orderNum, isSystem, isValid, creatorId, createdTime, modifyId, modifyTime, canRollback)
VALUES ('94DBC844-9B9B-4BE8-8ECF-5387400F4246', '结束', 'ACTa0a8b-cadc-43de-8e6e-f82939c75e3a', 'end-state', NULL, 'cef64b9e-53a2-45c4-a0b0-20e6b03e57c9', '54969290-419e-4c3a-9aed-a495def9f0b7', '960fb540-3cef-49e8-89b6-1bPMCrole001,960fb540-3cef-49e8-89b6-1bPMCrole002', '960fb540-3cef-49e8-89b6-1bPMCrole001,960fb540-3cef-49e8-89b6-1bPMCrole002', NULL, NULL, NULL, NULL, NULL, '', NULL, NULL, NULL, 'N', 'N', '', NULL, 6, 'Y', 'Y', 'b8ab9427-627b-469f-bfd0-4b1buser0001', '2022-08-08', 'b8ab9427-627b-469f-bfd0-4b1buser0001', '2022-08-08', 'Y');

INSERT INTO wf_transition(id, name, nodeId, toNodeId, workflowPageId, deriveWorkflowType, toDeriveNodeId, conditions, type, isOnlyOnce, isSaveNodeUser, SynCondition, exeCls, workflowId, deriveWorkflowId, isDelPageUser, hasSave, pageTo, isMulTask, functionRight, mapField, deriveMode, emailRemindAgain, remark, orderNum, isSystem, isValid, creatorId, createdTime, modifyId, modifyTime, isForking, isDefaultForking)
VALUES ('3E91E511-C5F9-44E6-BE99-17E21CEDA98D', '提交', '6223D88F-A9A0-4ABC-935C-6F30B407A8BC', 'AE3BC426-EC77-4BE5-84AB-BF77EADC92DA', NULL, NULL, NULL, NULL, 'COMMON', 'N', 'N', '1', NULL, 'ACTa0a8b-cadc-43de-8e6e-f82939c75e3a', NULL, NULL, 'N', '1', NULL, NULL, NULL, NULL, NULL, NULL, 0, 'Y', 'Y', 'b8ab9427-627b-469f-bfd0-4b1buser0001', '2022-08-08', 'b8ab9427-627b-469f-bfd0-4b1buser0001', '2022-08-08', 'N', 'N');
INSERT INTO wf_transition(id, name, nodeId, toNodeId, workflowPageId, deriveWorkflowType, toDeriveNodeId, conditions, type, isOnlyOnce, isSaveNodeUser, SynCondition, exeCls, workflowId, deriveWorkflowId, isDelPageUser, hasSave, pageTo, isMulTask, functionRight, mapField, deriveMode, emailRemindAgain, remark, orderNum, isSystem, isValid, creatorId, createdTime, modifyId, modifyTime, isForking, isDefaultForking)
VALUES ('620EBEBE-8D7A-44E4-B87C-C154401AD22A', '提交验收', 'AE3BC426-EC77-4BE5-84AB-BF77EADC92DA', 'C3C6903A-EFC1-4D67-B86A-E2F6BEC0D7C1', 'ffdbf2c5-84b4-47ae-9332-f7156c26032e', NULL, NULL, NULL, 'COMMON', 'N', 'N', '1', '', 'ACTa0a8b-cadc-43de-8e6e-f82939c75e3a', NULL, NULL, 'N', '1', NULL, NULL, NULL, NULL, NULL, NULL, 1, 'Y', 'Y', 'b8ab9427-627b-469f-bfd0-4b1buser0001', '2022-08-08', 'b8ab9427-627b-469f-bfd0-4b1buser0001', '2022-08-08', 'N', 'N');
INSERT INTO wf_transition(id, name, nodeId, toNodeId, workflowPageId, deriveWorkflowType, toDeriveNodeId, conditions, type, isOnlyOnce, isSaveNodeUser, SynCondition, exeCls, workflowId, deriveWorkflowId, isDelPageUser, hasSave, pageTo, isMulTask, functionRight, mapField, deriveMode, emailRemindAgain, remark, orderNum, isSystem, isValid, creatorId, createdTime, modifyId, modifyTime, isForking, isDefaultForking)
VALUES ('6382EFBE-EC89-42FF-85D2-68A0629DBE6D', '验收通过', 'C3C6903A-EFC1-4D67-B86A-E2F6BEC0D7C1', 'D4701CEE-678E-401D-BD1B-1F28545F68BA', 'db64e8e9-e3ea-4d21-9156-e57b19de2b23', NULL, NULL, NULL, 'COMMON', 'N', 'N', '1', '', 'ACTa0a8b-cadc-43de-8e6e-f82939c75e3a', NULL, NULL, 'N', '1', NULL, NULL, NULL, NULL, NULL, NULL, 3, 'Y', 'Y', 'b8ab9427-627b-469f-bfd0-4b1buser0001', '2022-08-08', 'b8ab9427-627b-469f-bfd0-4b1buser0001', '2022-08-08', 'N', 'N');
INSERT INTO wf_transition(id, name, nodeId, toNodeId, workflowPageId, deriveWorkflowType, toDeriveNodeId, conditions, type, isOnlyOnce, isSaveNodeUser, SynCondition, exeCls, workflowId, deriveWorkflowId, isDelPageUser, hasSave, pageTo, isMulTask, functionRight, mapField, deriveMode, emailRemindAgain, remark, orderNum, isSystem, isValid, creatorId, createdTime, modifyId, modifyTime, isForking, isDefaultForking)
VALUES ('A9ECB5C2-7B53-4D78-94DB-FBC3DE0F6207', '验收不通过', 'C3C6903A-EFC1-4D67-B86A-E2F6BEC0D7C1', 'AE3BC426-EC77-4BE5-84AB-BF77EADC92DA', '6f4fe078-eecf-4902-ae41-ad6546e1bc01', NULL, NULL, NULL, 'COMMON', 'N', 'N', '1', '', 'ACTa0a8b-cadc-43de-8e6e-f82939c75e3a', NULL, NULL, 'N', '1', NULL, NULL, NULL, NULL, NULL, NULL, 4, 'Y', 'Y', 'b8ab9427-627b-469f-bfd0-4b1buser0001', '2022-08-08', 'b8ab9427-627b-469f-bfd0-4b1buser0001', '2022-08-08', 'N', 'N');
INSERT INTO wf_transition(id, name, nodeId, toNodeId, workflowPageId, deriveWorkflowType, toDeriveNodeId, conditions, type, isOnlyOnce, isSaveNodeUser, SynCondition, exeCls, workflowId, deriveWorkflowId, isDelPageUser, hasSave, pageTo, isMulTask, functionRight, mapField, deriveMode, emailRemindAgain, remark, orderNum, isSystem, isValid, creatorId, createdTime, modifyId, modifyTime, isForking, isDefaultForking)
VALUES ('63BB84B1-FBF2-4313-B802-4CEF0C341C77', '归档通过', 'D4701CEE-678E-401D-BD1B-1F28545F68BA', '6AE23FBE-0051-4A46-BDA2-000A0F72DF79', 'eb7d5fe2-385f-49a5-8ef3-3cc699754ba7', NULL, NULL, NULL, 'COMMON', 'N', 'N', '1', '', 'ACTa0a8b-cadc-43de-8e6e-f82939c75e3a', NULL, NULL, 'N', '1', NULL, NULL, NULL, NULL, NULL, NULL, 5, 'Y', 'Y', 'b8ab9427-627b-469f-bfd0-4b1buser0001', '2022-08-08', 'b8ab9427-627b-469f-bfd0-4b1buser0001', '2022-08-08', 'N', 'N');
INSERT INTO wf_transition(id, name, nodeId, toNodeId, workflowPageId, deriveWorkflowType, toDeriveNodeId, conditions, type, isOnlyOnce, isSaveNodeUser, SynCondition, exeCls, workflowId, deriveWorkflowId, isDelPageUser, hasSave, pageTo, isMulTask, functionRight, mapField, deriveMode, emailRemindAgain, remark, orderNum, isSystem, isValid, creatorId, createdTime, modifyId, modifyTime, isForking, isDefaultForking)
VALUES ('06902081-081A-4943-9044-DCE6AA77C581', '归档不通过', 'D4701CEE-678E-401D-BD1B-1F28545F68BA', 'C3C6903A-EFC1-4D67-B86A-E2F6BEC0D7C1', '4d124d29-1297-45f0-998d-16b116a25fc9', NULL, NULL, NULL, 'COMMON', 'N', 'N', '1', '', 'ACTa0a8b-cadc-43de-8e6e-f82939c75e3a', NULL, NULL, 'N', '1', NULL, NULL, NULL, NULL, NULL, NULL, 6, 'Y', 'Y', 'b8ab9427-627b-469f-bfd0-4b1buser0001', '2022-08-08', 'b8ab9427-627b-469f-bfd0-4b1buser0001', '2022-08-08', 'N', 'N');
INSERT INTO wf_transition(id, name, nodeId, toNodeId, workflowPageId, deriveWorkflowType, toDeriveNodeId, conditions, type, isOnlyOnce, isSaveNodeUser, SynCondition, exeCls, workflowId, deriveWorkflowId, isDelPageUser, hasSave, pageTo, isMulTask, functionRight, mapField, deriveMode, emailRemindAgain, remark, orderNum, isSystem, isValid, creatorId, createdTime, modifyId, modifyTime, isForking, isDefaultForking)
VALUES ('A952632D-E304-418A-9AF1-8988A2742862', '审核通过', '6AE23FBE-0051-4A46-BDA2-000A0F72DF79', '94DBC844-9B9B-4BE8-8ECF-5387400F4246', '6155727d-1ee1-4491-8233-1106a6def817', NULL, NULL, NULL, 'COMMON', 'N', 'N', '1', '', 'ACTa0a8b-cadc-43de-8e6e-f82939c75e3a', NULL, NULL, 'N', '1', NULL, NULL, NULL, NULL, NULL, NULL, 7, 'Y', 'Y', 'b8ab9427-627b-469f-bfd0-4b1buser0001', '2022-08-08', 'b8ab9427-627b-469f-bfd0-4b1buser0001', '2022-08-08', 'N', 'N');
INSERT INTO wf_transition(id, name, nodeId, toNodeId, workflowPageId, deriveWorkflowType, toDeriveNodeId, conditions, type, isOnlyOnce, isSaveNodeUser, SynCondition, exeCls, workflowId, deriveWorkflowId, isDelPageUser, hasSave, pageTo, isMulTask, functionRight, mapField, deriveMode, emailRemindAgain, remark, orderNum, isSystem, isValid, creatorId, createdTime, modifyId, modifyTime, isForking, isDefaultForking)
VALUES ('E6ED52A6-218B-4228-AFB9-C21871B88B2F', '审核不通过', '6AE23FBE-0051-4A46-BDA2-000A0F72DF79', 'D4701CEE-678E-401D-BD1B-1F28545F68BA', 'b4724c59-9e42-42e6-9a85-4745707e9caf', NULL, NULL, NULL, 'COMMON', 'N', 'N', '1', '', 'ACTa0a8b-cadc-43de-8e6e-f82939c75e3a', NULL, NULL, 'N', '1', NULL, NULL, NULL, NULL, NULL, NULL, 8, 'Y', 'Y', 'b8ab9427-627b-469f-bfd0-4b1buser0001', '2022-08-08', 'b8ab9427-627b-469f-bfd0-4b1buser0001', '2022-08-08', 'N', 'N');
INSERT INTO wf_transition(id, name, nodeId, toNodeId, workflowPageId, deriveWorkflowType, toDeriveNodeId, conditions, type, isOnlyOnce, isSaveNodeUser, SynCondition, exeCls, workflowId, deriveWorkflowId, isDelPageUser, hasSave, pageTo, isMulTask, functionRight, mapField, deriveMode, emailRemindAgain, remark, orderNum, isSystem, isValid, creatorId, createdTime, modifyId, modifyTime, isForking, isDefaultForking)
VALUES ('c170b2c9-ec7b-47ad-81fb-81f8a4ef48b9', '申请结项', NULL, 'AE3BC426-EC77-4BE5-84AB-BF77EADC92DA', NULL, NULL, NULL, NULL, 'COMMON', 'N', 'N', '1', NULL, 'ACTa0a8b-cadc-43de-8e6e-f82939c75e3a', NULL, NULL, 'N', '1', NULL, NULL, NULL, NULL, NULL, NULL, 9, 'Y', 'Y', 'b8ab9427-627b-469f-bfd0-4b1buser0001', '2022-08-08', 'b8ab9427-627b-469f-bfd0-4b1buser0001', '2022-08-08', 'N', 'N');

INSERT INTO sys_status(id, objectType, Name, Remark, bgColor, fColor, isCalcLag, isEnd, isValid, orderNum, creatorId, createdTime, modifyId, modifyTime, workflowId)
VALUES ('c1484a97-173c-4d82-b241-82c8497239be', 'PMC', '资料整理', NULL, NULL, NULL, 'Y', 'N', 'Y', 2, 'b8ab9427-627b-469f-bfd0-4b1buser0001', '2022-08-08', 'b8ab9427-627b-469f-bfd0-4b1buser0001', '2022-08-08', 'ACTa0a8b-cadc-43de-8e6e-f82939c75e3a');
INSERT INTO sys_status(id, objectType, Name, Remark, bgColor, fColor, isCalcLag, isEnd, isValid, orderNum, creatorId, createdTime, modifyId, modifyTime, workflowId)
VALUES ('631b6fe3-729b-4c4d-b1dd-4d13690e3508', 'PMC', '项目验收', NULL, NULL, NULL, 'Y', 'N', 'Y', 3, 'b8ab9427-627b-469f-bfd0-4b1buser0001', '2022-08-08', 'b8ab9427-627b-469f-bfd0-4b1buser0001', '2022-08-08', 'ACTa0a8b-cadc-43de-8e6e-f82939c75e3a');
INSERT INTO sys_status(id, objectType, Name, Remark, bgColor, fColor, isCalcLag, isEnd, isValid, orderNum, creatorId, createdTime, modifyId, modifyTime, workflowId)
VALUES ('d17a3eeb-cab5-42c1-8eaf-bfeff09bbbeb', 'PMC', '项目归档', NULL, NULL, NULL, 'Y', 'N', 'Y', 4, 'b8ab9427-627b-469f-bfd0-4b1buser0001', '2022-08-08', 'b8ab9427-627b-469f-bfd0-4b1buser0001', '2022-08-08', 'ACTa0a8b-cadc-43de-8e6e-f82939c75e3a');
INSERT INTO sys_status(id, objectType, Name, Remark, bgColor, fColor, isCalcLag, isEnd, isValid, orderNum, creatorId, createdTime, modifyId, modifyTime, workflowId)
VALUES ('b81ce2d7-88dc-4604-9ff7-492198f851ea', 'PMC', '结项审核', NULL, NULL, NULL, 'Y', 'N', 'Y', 5, 'b8ab9427-627b-469f-bfd0-4b1buser0001', '2022-08-08', 'b8ab9427-627b-469f-bfd0-4b1buser0001', '2022-08-08', 'ACTa0a8b-cadc-43de-8e6e-f82939c75e3a');
INSERT INTO sys_status(id, objectType, Name, Remark, bgColor, fColor, isCalcLag, isEnd, isValid, orderNum, creatorId, createdTime, modifyId, modifyTime, workflowId)
VALUES ('cef64b9e-53a2-45c4-a0b0-20e6b03e57c9', 'PMC', '结束', NULL, NULL, NULL, 'Y', 'Y', 'Y', 6, 'b8ab9427-627b-469f-bfd0-4b1buser0001', '2022-08-08', 'b8ab9427-627b-469f-bfd0-4b1buser0001', '2022-08-08', 'ACTa0a8b-cadc-43de-8e6e-f82939c75e3a');

INSERT INTO sys_page(id, name, objectType, pageType, parentId, workflowID, deriveWfType, deriveWfID, mapField, isStartPage, entityTypeID, extPageUrl, extPageCls, isSystem, remark, isValid, orderNum, creatorId, createdTime, modifyId, modifyTime, subType)
VALUES ('1f4391bc-ea06-4b20-8b8f-92fca0d32dce', '整理资料', 'PMC', 'FORM', NULL, 'ACTa0a8b-cadc-43de-8e6e-f82939c75e3a', NULL, NULL, 'tab_Y_detail,tab_Y_workflowChart,tab_Y_workflowProcess,tab_Y_relate,tab_Y_file', NULL, '', NULL, NULL, 'N', NULL, 'Y', 1, 'b8ab9427-627b-469f-bfd0-4b1buser0001', '2022-08-08', 'b8ab9427-627b-469f-bfd0-4b1buser0001', '2022-08-08', 'VIEW');
INSERT INTO sys_page(id, name, objectType, pageType, parentId, workflowID, deriveWfType, deriveWfID, mapField, isStartPage, entityTypeID, extPageUrl, extPageCls, isSystem, remark, isValid, orderNum, creatorId, createdTime, modifyId, modifyTime, subType)
VALUES ('ce8961e2-e5e6-4835-bb86-3aaa223d3ef9', '开始', 'PMC', 'FORM', NULL, 'ACTa0a8b-cadc-43de-8e6e-f82939c75e3a', NULL, NULL, '', NULL, '', NULL, NULL, 'N', NULL, 'Y', 1, 'b8ab9427-627b-469f-bfd0-4b1buser0001', '2022-08-08', 'b8ab9427-627b-469f-bfd0-4b1buser0001', '2022-08-08', 'ADD');
INSERT INTO sys_page(id, name, objectType, pageType, parentId, workflowID, deriveWfType, deriveWfID, mapField, isStartPage, entityTypeID, extPageUrl, extPageCls, isSystem, remark, isValid, orderNum, creatorId, createdTime, modifyId, modifyTime, subType)
VALUES ('ffdbf2c5-84b4-47ae-9332-f7156c26032e', '提交验收', 'PMC', 'FORM', NULL, 'ACTa0a8b-cadc-43de-8e6e-f82939c75e3a', NULL, NULL, 'tab_Y_detail,tab_Y_workflowChart,tab_Y_workflowProcess,tab_Y_relate,tab_Y_file', NULL, '', NULL, NULL, 'N', NULL, 'Y', 1, 'b8ab9427-627b-469f-bfd0-4b1buser0001', '2022-08-08', 'b8ab9427-627b-469f-bfd0-4b1buser0001', '2022-08-08', 'EDIT');
INSERT INTO sys_page(id, name, objectType, pageType, parentId, workflowID, deriveWfType, deriveWfID, mapField, isStartPage, entityTypeID, extPageUrl, extPageCls, isSystem, remark, isValid, orderNum, creatorId, createdTime, modifyId, modifyTime, subType)
VALUES ('c7dee6e3-c819-4c94-8dad-a5d3b704c96c', '项目验收', 'PMC', 'FORM', NULL, 'ACTa0a8b-cadc-43de-8e6e-f82939c75e3a', NULL, NULL, 'tab_Y_detail,tab_Y_workflowChart,tab_Y_workflowProcess,tab_Y_relate,tab_Y_file', NULL, '', NULL, NULL, 'N', NULL, 'Y', 3, 'b8ab9427-627b-469f-bfd0-4b1buser0001', '2022-08-08', 'b8ab9427-627b-469f-bfd0-4b1buser0001', '2022-08-08', 'VIEW');
INSERT INTO sys_page(id, name, objectType, pageType, parentId, workflowID, deriveWfType, deriveWfID, mapField, isStartPage, entityTypeID, extPageUrl, extPageCls, isSystem, remark, isValid, orderNum, creatorId, createdTime, modifyId, modifyTime, subType)
VALUES ('db64e8e9-e3ea-4d21-9156-e57b19de2b23', '验收通过', 'PMC', 'FORM', NULL, 'ACTa0a8b-cadc-43de-8e6e-f82939c75e3a', NULL, NULL, 'tab_Y_detail,tab_Y_workflowChart,tab_Y_workflowProcess,tab_Y_relate,tab_Y_file', NULL, '', NULL, NULL, 'N', NULL, 'Y', 3, 'b8ab9427-627b-469f-bfd0-4b1buser0001', '2022-08-08', 'b8ab9427-627b-469f-bfd0-4b1buser0001', '2022-08-08', 'EDIT');
INSERT INTO sys_page(id, name, objectType, pageType, parentId, workflowID, deriveWfType, deriveWfID, mapField, isStartPage, entityTypeID, extPageUrl, extPageCls, isSystem, remark, isValid, orderNum, creatorId, createdTime, modifyId, modifyTime, subType)
VALUES ('6f4fe078-eecf-4902-ae41-ad6546e1bc01', '验收不通过', 'PMC', 'FORM', NULL, 'ACTa0a8b-cadc-43de-8e6e-f82939c75e3a', NULL, NULL, 'tab_Y_detail,tab_Y_workflowChart,tab_Y_workflowProcess,tab_Y_relate,tab_Y_file', NULL, '', NULL, NULL, 'N', NULL, 'Y', 4, 'b8ab9427-627b-469f-bfd0-4b1buser0001', '2022-08-08', 'b8ab9427-627b-469f-bfd0-4b1buser0001', '2022-08-08', 'EDIT');
INSERT INTO sys_page(id, name, objectType, pageType, parentId, workflowID, deriveWfType, deriveWfID, mapField, isStartPage, entityTypeID, extPageUrl, extPageCls, isSystem, remark, isValid, orderNum, creatorId, createdTime, modifyId, modifyTime, subType)
VALUES ('f62179dc-314a-4df8-a524-680f9cbd2e69', '项目归档', 'PMC', 'FORM', NULL, 'ACTa0a8b-cadc-43de-8e6e-f82939c75e3a', NULL, NULL, 'tab_Y_detail,tab_Y_workflowChart,tab_Y_workflowProcess,tab_Y_relate,tab_Y_file', NULL, '', NULL, NULL, 'N', NULL, 'Y', 4, 'b8ab9427-627b-469f-bfd0-4b1buser0001', '2022-08-08', 'b8ab9427-627b-469f-bfd0-4b1buser0001', '2022-08-08', 'VIEW');
INSERT INTO sys_page(id, name, objectType, pageType, parentId, workflowID, deriveWfType, deriveWfID, mapField, isStartPage, entityTypeID, extPageUrl, extPageCls, isSystem, remark, isValid, orderNum, creatorId, createdTime, modifyId, modifyTime, subType)
VALUES ('b2467c1e-5a5c-40b0-972b-1873deb27197', '结项审核', 'PMC', 'FORM', NULL, 'ACTa0a8b-cadc-43de-8e6e-f82939c75e3a', NULL, NULL, 'tab_Y_detail,tab_Y_workflowChart,tab_Y_workflowProcess,tab_Y_relate,tab_Y_file', NULL, '', NULL, NULL, 'N', NULL, 'Y', 5, 'b8ab9427-627b-469f-bfd0-4b1buser0001', '2022-08-08', 'b8ab9427-627b-469f-bfd0-4b1buser0001', '2022-08-08', 'VIEW');
INSERT INTO sys_page(id, name, objectType, pageType, parentId, workflowID, deriveWfType, deriveWfID, mapField, isStartPage, entityTypeID, extPageUrl, extPageCls, isSystem, remark, isValid, orderNum, creatorId, createdTime, modifyId, modifyTime, subType)
VALUES ('eb7d5fe2-385f-49a5-8ef3-3cc699754ba7', '归档通过', 'PMC', 'FORM', NULL, 'ACTa0a8b-cadc-43de-8e6e-f82939c75e3a', NULL, NULL, 'tab_Y_detail,tab_Y_workflowChart,tab_Y_workflowProcess,tab_Y_relate,tab_Y_file', NULL, '', NULL, NULL, 'N', NULL, 'Y', 5, 'b8ab9427-627b-469f-bfd0-4b1buser0001', '2022-08-08', 'b8ab9427-627b-469f-bfd0-4b1buser0001', '2022-08-08', 'EDIT');
INSERT INTO sys_page(id, name, objectType, pageType, parentId, workflowID, deriveWfType, deriveWfID, mapField, isStartPage, entityTypeID, extPageUrl, extPageCls, isSystem, remark, isValid, orderNum, creatorId, createdTime, modifyId, modifyTime, subType)
VALUES ('4d124d29-1297-45f0-998d-16b116a25fc9', '归档不通过', 'PMC', 'FORM', NULL, 'ACTa0a8b-cadc-43de-8e6e-f82939c75e3a', NULL, NULL, 'tab_Y_detail,tab_Y_workflowChart,tab_Y_workflowProcess,tab_Y_relate,tab_Y_file', NULL, '', NULL, NULL, 'N', NULL, 'Y', 6, 'b8ab9427-627b-469f-bfd0-4b1buser0001', '2022-08-08', 'b8ab9427-627b-469f-bfd0-4b1buser0001', '2022-08-08', 'EDIT');
INSERT INTO sys_page(id, name, objectType, pageType, parentId, workflowID, deriveWfType, deriveWfID, mapField, isStartPage, entityTypeID, extPageUrl, extPageCls, isSystem, remark, isValid, orderNum, creatorId, createdTime, modifyId, modifyTime, subType)
VALUES ('54969290-419e-4c3a-9aed-a495def9f0b7', '结束', 'PMC', 'FORM', NULL, 'ACTa0a8b-cadc-43de-8e6e-f82939c75e3a', NULL, NULL, 'tab_Y_detail,tab_Y_workflowChart,tab_Y_workflowProcess,tab_Y_relate,tab_Y_file', NULL, '', NULL, NULL, 'N', NULL, 'Y', 6, 'b8ab9427-627b-469f-bfd0-4b1buser0001', '2022-08-08', 'b8ab9427-627b-469f-bfd0-4b1buser0001', '2022-08-08', 'VIEW');
INSERT INTO sys_page(id, name, objectType, pageType, parentId, workflowID, deriveWfType, deriveWfID, mapField, isStartPage, entityTypeID, extPageUrl, extPageCls, isSystem, remark, isValid, orderNum, creatorId, createdTime, modifyId, modifyTime, subType)
VALUES ('6155727d-1ee1-4491-8233-1106a6def817', '审核通过', 'PMC', 'FORM', NULL, 'ACTa0a8b-cadc-43de-8e6e-f82939c75e3a', NULL, NULL, 'tab_Y_detail,tab_Y_workflowChart,tab_Y_workflowProcess,tab_Y_relate,tab_Y_file', NULL, '', NULL, NULL, 'N', NULL, 'Y', 7, 'b8ab9427-627b-469f-bfd0-4b1buser0001', '2022-08-08', 'b8ab9427-627b-469f-bfd0-4b1buser0001', '2022-08-08', 'EDIT');
INSERT INTO sys_page(id, name, objectType, pageType, parentId, workflowID, deriveWfType, deriveWfID, mapField, isStartPage, entityTypeID, extPageUrl, extPageCls, isSystem, remark, isValid, orderNum, creatorId, createdTime, modifyId, modifyTime, subType)
VALUES ('b4724c59-9e42-42e6-9a85-4745707e9caf', '审核不通过', 'PMC', 'FORM', NULL, 'ACTa0a8b-cadc-43de-8e6e-f82939c75e3a', NULL, NULL, 'tab_Y_detail,tab_Y_workflowChart,tab_Y_workflowProcess,tab_Y_relate,tab_Y_file', NULL, '', NULL, NULL, 'N', NULL, 'Y', 8, 'b8ab9427-627b-469f-bfd0-4b1buser0001', '2022-08-08', 'b8ab9427-627b-469f-bfd0-4b1buser0001', '2022-08-08', 'EDIT');

INSERT INTO sys_pagefield_rlt(id, pageId, fieldId, orderNum, isRequired, isReaded, isReseted, isRecorded, isShowed, layout, isValid, module)
VALUES ('aa3f90ec-911b-4520-b3f8-66b3b027d7e5', '1f4391bc-ea06-4b20-8b8f-92fca0d32dce', '3efca3a0-7753-47d1-bf4a-899c53e2367f', 1, 'Y', 'Y', NULL, NULL, 'Y', 'F', 'Y', NULL);
INSERT INTO sys_pagefield_rlt(id, pageId, fieldId, orderNum, isRequired, isReaded, isReseted, isRecorded, isShowed, layout, isValid, module)
VALUES ('6b7a80fe-5744-4260-8975-247120cb16c0', '1f4391bc-ea06-4b20-8b8f-92fca0d32dce', 'fb5c2556-0924-4b94-8f26-dec08c64894f', 2, 'Y', 'Y', NULL, NULL, 'Y', 'F', 'Y', NULL);
INSERT INTO sys_pagefield_rlt(id, pageId, fieldId, orderNum, isRequired, isReaded, isReseted, isRecorded, isShowed, layout, isValid, module)
VALUES ('bc051053-dd5d-474b-bca5-456233680522', '1f4391bc-ea06-4b20-8b8f-92fca0d32dce', 'f0b58d2c-2c92-4f4a-ab05-97d20f8b3c49', 3, 'N', 'Y', NULL, NULL, 'Y', 'F', 'Y', NULL);
INSERT INTO sys_pagefield_rlt(id, pageId, fieldId, orderNum, isRequired, isReaded, isReseted, isRecorded, isShowed, layout, isValid, module)
VALUES ('209dbe87-d014-47bf-a4a8-b9378c2bf922', '1f4391bc-ea06-4b20-8b8f-92fca0d32dce', 'c9c9b825-8984-4a21-8e6b-21681101a6c2', 4, 'Y', 'Y', NULL, NULL, 'Y', 'F', 'Y', NULL);
INSERT INTO sys_pagefield_rlt(id, pageId, fieldId, orderNum, isRequired, isReaded, isReseted, isRecorded, isShowed, layout, isValid, module)
VALUES ('bb96d6ce-4d81-4b7b-994d-b92eca0befa4', '1f4391bc-ea06-4b20-8b8f-92fca0d32dce', '09d5dfa5-7822-44c0-8961-bfb4b679aafb', 5, 'N', 'Y', NULL, NULL, 'Y', 'F', 'Y', NULL);
INSERT INTO sys_pagefield_rlt(id, pageId, fieldId, orderNum, isRequired, isReaded, isReseted, isRecorded, isShowed, layout, isValid, module)
VALUES ('0a4ce96e-3be5-4c13-9af0-ad21e75d2f01', '4d124d29-1297-45f0-998d-16b116a25fc9', '3efca3a0-7753-47d1-bf4a-899c53e2367f', 1, 'N', 'Y', NULL, NULL, 'Y', 'F', 'Y', NULL);
INSERT INTO sys_pagefield_rlt(id, pageId, fieldId, orderNum, isRequired, isReaded, isReseted, isRecorded, isShowed, layout, isValid, module)
VALUES ('d36b322b-c34a-41f9-8542-0fbde1c44791', '4d124d29-1297-45f0-998d-16b116a25fc9', 'fb5c2556-0924-4b94-8f26-dec08c64894f', 2, 'N', 'Y', NULL, NULL, 'Y', 'F', 'Y', NULL);
INSERT INTO sys_pagefield_rlt(id, pageId, fieldId, orderNum, isRequired, isReaded, isReseted, isRecorded, isShowed, layout, isValid, module)
VALUES ('282ebd63-8094-4103-9a52-b8a8c0098a93', '4d124d29-1297-45f0-998d-16b116a25fc9', 'f0b58d2c-2c92-4f4a-ab05-97d20f8b3c49', 3, 'N', 'Y', NULL, NULL, 'Y', 'F', 'Y', NULL);
INSERT INTO sys_pagefield_rlt(id, pageId, fieldId, orderNum, isRequired, isReaded, isReseted, isRecorded, isShowed, layout, isValid, module)
VALUES ('a11efac7-5728-4d08-9305-48e71a8e3c58', '4d124d29-1297-45f0-998d-16b116a25fc9', '8cb211ea-476a-469f-b801-8bd16e48edcf', 4, 'N', 'Y', NULL, NULL, 'Y', 'F', 'Y', NULL);
INSERT INTO sys_pagefield_rlt(id, pageId, fieldId, orderNum, isRequired, isReaded, isReseted, isRecorded, isShowed, layout, isValid, module)
VALUES ('d03ebd14-4cf4-49a9-9c74-4e8af074a080', '4d124d29-1297-45f0-998d-16b116a25fc9', '43141a59-c7dd-428c-80ef-56278d2fc8b5', 5, 'N', 'Y', NULL, NULL, 'Y', 'F', 'Y', NULL);
INSERT INTO sys_pagefield_rlt(id, pageId, fieldId, orderNum, isRequired, isReaded, isReseted, isRecorded, isShowed, layout, isValid, module)
VALUES ('5862ceff-e9db-4f6f-b7e7-6a17d74b699e', '4d124d29-1297-45f0-998d-16b116a25fc9', 'c9c9b825-8984-4a21-8e6b-21681101a6c2', 6, 'N', 'N', NULL, NULL, 'Y', 'T', 'Y', NULL);
INSERT INTO sys_pagefield_rlt(id, pageId, fieldId, orderNum, isRequired, isReaded, isReseted, isRecorded, isShowed, layout, isValid, module)
VALUES ('f7aeb769-80e1-4b5f-992d-4983edcaf81c', '4d124d29-1297-45f0-998d-16b116a25fc9', 'a1741161-bbfc-4c88-83f1-8d9820db5dc5', 7, 'Y', 'N', NULL, NULL, 'Y', 'T', 'Y', NULL);
INSERT INTO sys_pagefield_rlt(id, pageId, fieldId, orderNum, isRequired, isReaded, isReseted, isRecorded, isShowed, layout, isValid, module)
VALUES ('f4c13397-ccd4-49f1-be19-6c181138a5bc', '4d124d29-1297-45f0-998d-16b116a25fc9', '67f47ab8-a65e-4e37-aa74-1f20a8cbe607', 8, 'Y', 'N', NULL, NULL, 'Y', 'F', 'Y', NULL);
INSERT INTO sys_pagefield_rlt(id, pageId, fieldId, orderNum, isRequired, isReaded, isReseted, isRecorded, isShowed, layout, isValid, module)
VALUES ('b8ab50ff-c0c9-4f34-a110-92556d819daf', '4d124d29-1297-45f0-998d-16b116a25fc9', '09d5dfa5-7822-44c0-8961-bfb4b679aafb', 9, 'N', 'N', NULL, NULL, 'Y', 'F', 'Y', NULL);
INSERT INTO sys_pagefield_rlt(id, pageId, fieldId, orderNum, isRequired, isReaded, isReseted, isRecorded, isShowed, layout, isValid, module)
VALUES ('bfb88a17-995f-4a11-9894-5708c0c95e2b', '54969290-419e-4c3a-9aed-a495def9f0b7', '3efca3a0-7753-47d1-bf4a-899c53e2367f', 1, 'N', 'Y', NULL, NULL, 'Y', 'F', 'Y', NULL);
INSERT INTO sys_pagefield_rlt(id, pageId, fieldId, orderNum, isRequired, isReaded, isReseted, isRecorded, isShowed, layout, isValid, module)
VALUES ('e2f7e0ef-9098-4a42-9fb4-9ba1551af5fc', '54969290-419e-4c3a-9aed-a495def9f0b7', 'fb5c2556-0924-4b94-8f26-dec08c64894f', 2, 'N', 'Y', NULL, NULL, 'Y', 'F', 'Y', NULL);
INSERT INTO sys_pagefield_rlt(id, pageId, fieldId, orderNum, isRequired, isReaded, isReseted, isRecorded, isShowed, layout, isValid, module)
VALUES ('9dc20e84-e3ee-4449-b669-130b92c251d8', '54969290-419e-4c3a-9aed-a495def9f0b7', 'f0b58d2c-2c92-4f4a-ab05-97d20f8b3c49', 3, 'N', 'Y', NULL, NULL, 'Y', 'F', 'Y', NULL);
INSERT INTO sys_pagefield_rlt(id, pageId, fieldId, orderNum, isRequired, isReaded, isReseted, isRecorded, isShowed, layout, isValid, module)
VALUES ('ac8f4e66-a161-4dab-8b6b-9abe33c9a3f6', '54969290-419e-4c3a-9aed-a495def9f0b7', '8cb211ea-476a-469f-b801-8bd16e48edcf', 4, 'N', 'Y', NULL, NULL, 'Y', 'F', 'Y', NULL);
INSERT INTO sys_pagefield_rlt(id, pageId, fieldId, orderNum, isRequired, isReaded, isReseted, isRecorded, isShowed, layout, isValid, module)
VALUES ('2ddb1bd5-6724-4c51-910c-8950350deaa7', '54969290-419e-4c3a-9aed-a495def9f0b7', '43141a59-c7dd-428c-80ef-56278d2fc8b5', 5, 'N', 'Y', NULL, NULL, 'Y', 'F', 'Y', NULL);
INSERT INTO sys_pagefield_rlt(id, pageId, fieldId, orderNum, isRequired, isReaded, isReseted, isRecorded, isShowed, layout, isValid, module)
VALUES ('715695fd-b430-42df-a6d5-0f114585aa59', '54969290-419e-4c3a-9aed-a495def9f0b7', 'ab521d5b-ea14-4013-908c-17e3abbcff8f', 6, 'N', 'Y', NULL, NULL, 'Y', 'F', 'Y', NULL);
INSERT INTO sys_pagefield_rlt(id, pageId, fieldId, orderNum, isRequired, isReaded, isReseted, isRecorded, isShowed, layout, isValid, module)
VALUES ('56862905-96c0-46a6-825a-2ee53ffea9e6', '54969290-419e-4c3a-9aed-a495def9f0b7', 'c9c9b825-8984-4a21-8e6b-21681101a6c2', 7, 'N', 'Y', NULL, NULL, 'Y', 'T', 'Y', NULL);
INSERT INTO sys_pagefield_rlt(id, pageId, fieldId, orderNum, isRequired, isReaded, isReseted, isRecorded, isShowed, layout, isValid, module)
VALUES ('e6ecb2a9-60f0-44bc-b669-1d974a9ac999', '54969290-419e-4c3a-9aed-a495def9f0b7', 'a1741161-bbfc-4c88-83f1-8d9820db5dc5', 8, 'N', 'Y', NULL, NULL, 'Y', 'T', 'Y', NULL);
INSERT INTO sys_pagefield_rlt(id, pageId, fieldId, orderNum, isRequired, isReaded, isReseted, isRecorded, isShowed, layout, isValid, module)
VALUES ('b2624910-b9cf-4e96-a6cd-a25bfeecc345', '54969290-419e-4c3a-9aed-a495def9f0b7', '67f47ab8-a65e-4e37-aa74-1f20a8cbe607', 9, 'N', 'Y', NULL, NULL, 'Y', 'F', 'Y', NULL);
INSERT INTO sys_pagefield_rlt(id, pageId, fieldId, orderNum, isRequired, isReaded, isReseted, isRecorded, isShowed, layout, isValid, module)
VALUES ('7f370853-8ff6-4f09-8de6-9cbdbe6b18fd', '54969290-419e-4c3a-9aed-a495def9f0b7', '09d5dfa5-7822-44c0-8961-bfb4b679aafb', 10, 'N', 'Y', NULL, NULL, 'Y', 'F', 'Y', NULL);
INSERT INTO sys_pagefield_rlt(id, pageId, fieldId, orderNum, isRequired, isReaded, isReseted, isRecorded, isShowed, layout, isValid, module)
VALUES ('99bc5872-f97f-46c6-8efb-6f9ab530e28f', '6155727d-1ee1-4491-8233-1106a6def817', '3efca3a0-7753-47d1-bf4a-899c53e2367f', 1, 'N', 'Y', NULL, NULL, 'Y', 'F', 'Y', NULL);
INSERT INTO sys_pagefield_rlt(id, pageId, fieldId, orderNum, isRequired, isReaded, isReseted, isRecorded, isShowed, layout, isValid, module)
VALUES ('81288045-4470-471f-8890-06c0796c83a7', '6155727d-1ee1-4491-8233-1106a6def817', 'fb5c2556-0924-4b94-8f26-dec08c64894f', 2, 'N', 'Y', NULL, NULL, 'Y', 'F', 'Y', NULL);
INSERT INTO sys_pagefield_rlt(id, pageId, fieldId, orderNum, isRequired, isReaded, isReseted, isRecorded, isShowed, layout, isValid, module)
VALUES ('67d75e97-60c1-443b-9950-081a0e048c11', '6155727d-1ee1-4491-8233-1106a6def817', 'f0b58d2c-2c92-4f4a-ab05-97d20f8b3c49', 3, 'N', 'Y', NULL, NULL, 'Y', 'F', 'Y', NULL);
INSERT INTO sys_pagefield_rlt(id, pageId, fieldId, orderNum, isRequired, isReaded, isReseted, isRecorded, isShowed, layout, isValid, module)
VALUES ('cd9e8b14-3e09-4479-9905-8e049e1428c6', '6155727d-1ee1-4491-8233-1106a6def817', '8cb211ea-476a-469f-b801-8bd16e48edcf', 4, 'N', 'Y', NULL, NULL, 'Y', 'F', 'Y', NULL);
INSERT INTO sys_pagefield_rlt(id, pageId, fieldId, orderNum, isRequired, isReaded, isReseted, isRecorded, isShowed, layout, isValid, module)
VALUES ('9639685f-5ded-4e43-9ced-5288049fd919', '6155727d-1ee1-4491-8233-1106a6def817', '43141a59-c7dd-428c-80ef-56278d2fc8b5', 5, 'N', 'Y', NULL, NULL, 'Y', 'F', 'Y', NULL);
INSERT INTO sys_pagefield_rlt(id, pageId, fieldId, orderNum, isRequired, isReaded, isReseted, isRecorded, isShowed, layout, isValid, module)
VALUES ('b45f6da0-0b1e-4123-b177-e8d0e243027b', '6155727d-1ee1-4491-8233-1106a6def817', 'ab521d5b-ea14-4013-908c-17e3abbcff8f', 6, 'N', 'Y', NULL, NULL, 'Y', 'F', 'Y', NULL);
INSERT INTO sys_pagefield_rlt(id, pageId, fieldId, orderNum, isRequired, isReaded, isReseted, isRecorded, isShowed, layout, isValid, module)
VALUES ('8a766702-adc8-4063-94bb-34eff785d309', '6155727d-1ee1-4491-8233-1106a6def817', 'c9c9b825-8984-4a21-8e6b-21681101a6c2', 7, 'N', 'Y', NULL, NULL, 'Y', 'T', 'Y', NULL);
INSERT INTO sys_pagefield_rlt(id, pageId, fieldId, orderNum, isRequired, isReaded, isReseted, isRecorded, isShowed, layout, isValid, module)
VALUES ('b58a71f9-05b6-4ecd-872f-dd8339d2d78c', '6155727d-1ee1-4491-8233-1106a6def817', 'a1741161-bbfc-4c88-83f1-8d9820db5dc5', 8, 'N', 'Y', NULL, NULL, 'Y', 'T', 'Y', NULL);
INSERT INTO sys_pagefield_rlt(id, pageId, fieldId, orderNum, isRequired, isReaded, isReseted, isRecorded, isShowed, layout, isValid, module)
VALUES ('231354f4-c6a7-46eb-8666-ea2a75298138', '6155727d-1ee1-4491-8233-1106a6def817', '9f3e0426-be6c-4e41-b1e8-b45b53ce962b', 9, 'N', 'Y', NULL, NULL, 'Y', 'F', 'Y', NULL);
INSERT INTO sys_pagefield_rlt(id, pageId, fieldId, orderNum, isRequired, isReaded, isReseted, isRecorded, isShowed, layout, isValid, module)
VALUES ('7dce318a-a520-4960-a1fc-5b9560dc4a8b', '6155727d-1ee1-4491-8233-1106a6def817', '67f47ab8-a65e-4e37-aa74-1f20a8cbe607', 10, 'N', 'N', NULL, NULL, 'Y', 'F', 'Y', NULL);
INSERT INTO sys_pagefield_rlt(id, pageId, fieldId, orderNum, isRequired, isReaded, isReseted, isRecorded, isShowed, layout, isValid, module)
VALUES ('55d9736b-c3a6-4c91-848d-3acbccd58c50', '6155727d-1ee1-4491-8233-1106a6def817', '09d5dfa5-7822-44c0-8961-bfb4b679aafb', 11, 'N', 'N', NULL, NULL, 'Y', 'F', 'Y', NULL);
INSERT INTO sys_pagefield_rlt(id, pageId, fieldId, orderNum, isRequired, isReaded, isReseted, isRecorded, isShowed, layout, isValid, module)
VALUES ('d6bf2260-e51f-44c6-9b21-f6dbf7a20142', '6f4fe078-eecf-4902-ae41-ad6546e1bc01', '3efca3a0-7753-47d1-bf4a-899c53e2367f', 1, 'N', 'Y', NULL, NULL, 'Y', 'F', 'Y', NULL);
INSERT INTO sys_pagefield_rlt(id, pageId, fieldId, orderNum, isRequired, isReaded, isReseted, isRecorded, isShowed, layout, isValid, module)
VALUES ('722ad920-b60b-47d2-87ff-0bb51003f90a', '6f4fe078-eecf-4902-ae41-ad6546e1bc01', 'fb5c2556-0924-4b94-8f26-dec08c64894f', 2, 'N', 'Y', NULL, NULL, 'Y', 'F', 'Y', NULL);
INSERT INTO sys_pagefield_rlt(id, pageId, fieldId, orderNum, isRequired, isReaded, isReseted, isRecorded, isShowed, layout, isValid, module)
VALUES ('8e4646be-3426-41f8-b54d-8e5f2d28847d', '6f4fe078-eecf-4902-ae41-ad6546e1bc01', 'f0b58d2c-2c92-4f4a-ab05-97d20f8b3c49', 3, 'N', 'Y', NULL, NULL, 'Y', 'F', 'Y', NULL);
INSERT INTO sys_pagefield_rlt(id, pageId, fieldId, orderNum, isRequired, isReaded, isReseted, isRecorded, isShowed, layout, isValid, module)
VALUES ('1bf75353-0223-401d-a31c-99a4754d393f', '6f4fe078-eecf-4902-ae41-ad6546e1bc01', '8cb211ea-476a-469f-b801-8bd16e48edcf', 4, 'N', 'Y', NULL, NULL, 'Y', 'F', 'Y', NULL);
INSERT INTO sys_pagefield_rlt(id, pageId, fieldId, orderNum, isRequired, isReaded, isReseted, isRecorded, isShowed, layout, isValid, module)
VALUES ('3919113a-f565-4302-96f7-2864f7b2fd29', '6f4fe078-eecf-4902-ae41-ad6546e1bc01', 'c9c9b825-8984-4a21-8e6b-21681101a6c2', 5, 'N', 'N', NULL, NULL, 'Y', 'T', 'Y', NULL);
INSERT INTO sys_pagefield_rlt(id, pageId, fieldId, orderNum, isRequired, isReaded, isReseted, isRecorded, isShowed, layout, isValid, module)
VALUES ('b7273df8-9382-4e78-a6f4-2a718048f991', '6f4fe078-eecf-4902-ae41-ad6546e1bc01', 'a1741161-bbfc-4c88-83f1-8d9820db5dc5', 6, 'Y', 'N', NULL, NULL, 'Y', 'T', 'Y', NULL);
INSERT INTO sys_pagefield_rlt(id, pageId, fieldId, orderNum, isRequired, isReaded, isReseted, isRecorded, isShowed, layout, isValid, module)
VALUES ('32b482a0-060e-48f6-920b-b8a3ab157114', '6f4fe078-eecf-4902-ae41-ad6546e1bc01', '67f47ab8-a65e-4e37-aa74-1f20a8cbe607', 7, 'Y', 'N', NULL, NULL, 'Y', 'F', 'Y', NULL);
INSERT INTO sys_pagefield_rlt(id, pageId, fieldId, orderNum, isRequired, isReaded, isReseted, isRecorded, isShowed, layout, isValid, module)
VALUES ('701e138f-38ef-46e6-be1b-df7c7d65d33d', '6f4fe078-eecf-4902-ae41-ad6546e1bc01', '09d5dfa5-7822-44c0-8961-bfb4b679aafb', 8, 'N', 'N', NULL, NULL, 'Y', 'F', 'Y', NULL);
INSERT INTO sys_pagefield_rlt(id, pageId, fieldId, orderNum, isRequired, isReaded, isReseted, isRecorded, isShowed, layout, isValid, module)
VALUES ('49a079ea-3710-4967-878c-8a5c460ef974', 'b2467c1e-5a5c-40b0-972b-1873deb27197', '3efca3a0-7753-47d1-bf4a-899c53e2367f', 1, 'N', 'Y', NULL, NULL, 'Y', 'F', 'Y', NULL);
INSERT INTO sys_pagefield_rlt(id, pageId, fieldId, orderNum, isRequired, isReaded, isReseted, isRecorded, isShowed, layout, isValid, module)
VALUES ('e6cde9c0-96fa-4cda-bb8d-ff40dd1139f9', 'b2467c1e-5a5c-40b0-972b-1873deb27197', 'fb5c2556-0924-4b94-8f26-dec08c64894f', 2, 'N', 'Y', NULL, NULL, 'Y', 'F', 'Y', NULL);
INSERT INTO sys_pagefield_rlt(id, pageId, fieldId, orderNum, isRequired, isReaded, isReseted, isRecorded, isShowed, layout, isValid, module)
VALUES ('e16f838f-4fa5-4df4-9360-1fdf6d8951c1', 'b2467c1e-5a5c-40b0-972b-1873deb27197', 'f0b58d2c-2c92-4f4a-ab05-97d20f8b3c49', 3, 'N', 'Y', NULL, NULL, 'Y', 'F', 'Y', NULL);
INSERT INTO sys_pagefield_rlt(id, pageId, fieldId, orderNum, isRequired, isReaded, isReseted, isRecorded, isShowed, layout, isValid, module)
VALUES ('11b5fc46-f15d-4ff4-9881-9efb2715f825', 'b2467c1e-5a5c-40b0-972b-1873deb27197', '8cb211ea-476a-469f-b801-8bd16e48edcf', 4, 'N', 'Y', NULL, NULL, 'Y', 'F', 'Y', NULL);
INSERT INTO sys_pagefield_rlt(id, pageId, fieldId, orderNum, isRequired, isReaded, isReseted, isRecorded, isShowed, layout, isValid, module)
VALUES ('771b997a-c478-43be-96a7-f2c0a2af81f3', 'b2467c1e-5a5c-40b0-972b-1873deb27197', '43141a59-c7dd-428c-80ef-56278d2fc8b5', 5, 'N', 'Y', NULL, NULL, 'Y', 'F', 'Y', NULL);
INSERT INTO sys_pagefield_rlt(id, pageId, fieldId, orderNum, isRequired, isReaded, isReseted, isRecorded, isShowed, layout, isValid, module)
VALUES ('34fa98c7-0c2a-44ec-87b9-5bfaaa7155ac', 'b2467c1e-5a5c-40b0-972b-1873deb27197', 'ab521d5b-ea14-4013-908c-17e3abbcff8f', 6, 'N', 'Y', NULL, NULL, 'Y', 'F', 'Y', NULL);
INSERT INTO sys_pagefield_rlt(id, pageId, fieldId, orderNum, isRequired, isReaded, isReseted, isRecorded, isShowed, layout, isValid, module)
VALUES ('f394999d-f74d-4801-8700-51dd7311b3bc', 'b2467c1e-5a5c-40b0-972b-1873deb27197', 'c9c9b825-8984-4a21-8e6b-21681101a6c2', 7, 'N', 'Y', NULL, NULL, 'Y', 'T', 'Y', NULL);
INSERT INTO sys_pagefield_rlt(id, pageId, fieldId, orderNum, isRequired, isReaded, isReseted, isRecorded, isShowed, layout, isValid, module)
VALUES ('5bfded52-9892-436d-9e36-23d2e7832bea', 'b2467c1e-5a5c-40b0-972b-1873deb27197', 'a1741161-bbfc-4c88-83f1-8d9820db5dc5', 8, 'N', 'Y', NULL, NULL, 'Y', 'T', 'Y', NULL);
INSERT INTO sys_pagefield_rlt(id, pageId, fieldId, orderNum, isRequired, isReaded, isReseted, isRecorded, isShowed, layout, isValid, module)
VALUES ('5d0d5018-1211-4474-b522-6eba8a4172e7', 'b2467c1e-5a5c-40b0-972b-1873deb27197', '9f3e0426-be6c-4e41-b1e8-b45b53ce962b', 9, 'N', 'Y', NULL, NULL, 'Y', 'F', 'Y', NULL);
INSERT INTO sys_pagefield_rlt(id, pageId, fieldId, orderNum, isRequired, isReaded, isReseted, isRecorded, isShowed, layout, isValid, module)
VALUES ('a13a3ce5-5fef-4b54-b97c-77cce9aa6df2', 'b2467c1e-5a5c-40b0-972b-1873deb27197', '09d5dfa5-7822-44c0-8961-bfb4b679aafb', 10, 'N', 'Y', NULL, NULL, 'Y', 'F', 'Y', NULL);
INSERT INTO sys_pagefield_rlt(id, pageId, fieldId, orderNum, isRequired, isReaded, isReseted, isRecorded, isShowed, layout, isValid, module)
VALUES ('02a72fdf-402a-4bfc-bc11-809df9db8c5f', 'b4724c59-9e42-42e6-9a85-4745707e9caf', '3efca3a0-7753-47d1-bf4a-899c53e2367f', 1, 'N', 'Y', NULL, NULL, 'Y', 'F', 'Y', NULL);
INSERT INTO sys_pagefield_rlt(id, pageId, fieldId, orderNum, isRequired, isReaded, isReseted, isRecorded, isShowed, layout, isValid, module)
VALUES ('319c59ee-e075-45d2-aba2-c7221dbbbb56', 'b4724c59-9e42-42e6-9a85-4745707e9caf', 'fb5c2556-0924-4b94-8f26-dec08c64894f', 2, 'N', 'Y', NULL, NULL, 'Y', 'F', 'Y', NULL);
INSERT INTO sys_pagefield_rlt(id, pageId, fieldId, orderNum, isRequired, isReaded, isReseted, isRecorded, isShowed, layout, isValid, module)
VALUES ('4c20c869-5e77-4ef6-9174-1867a8bb0bf4', 'b4724c59-9e42-42e6-9a85-4745707e9caf', 'f0b58d2c-2c92-4f4a-ab05-97d20f8b3c49', 3, 'N', 'Y', NULL, NULL, 'Y', 'F', 'Y', NULL);
INSERT INTO sys_pagefield_rlt(id, pageId, fieldId, orderNum, isRequired, isReaded, isReseted, isRecorded, isShowed, layout, isValid, module)
VALUES ('2f322a63-9789-41f8-9f7b-f0eb6d9479f6', 'b4724c59-9e42-42e6-9a85-4745707e9caf', '8cb211ea-476a-469f-b801-8bd16e48edcf', 4, 'N', 'Y', NULL, NULL, 'Y', 'F', 'Y', NULL);
INSERT INTO sys_pagefield_rlt(id, pageId, fieldId, orderNum, isRequired, isReaded, isReseted, isRecorded, isShowed, layout, isValid, module)
VALUES ('42b3168d-fc4d-43a4-afe9-c7ad875f6dab', 'b4724c59-9e42-42e6-9a85-4745707e9caf', '43141a59-c7dd-428c-80ef-56278d2fc8b5', 5, 'N', 'Y', NULL, NULL, 'Y', 'F', 'Y', NULL);
INSERT INTO sys_pagefield_rlt(id, pageId, fieldId, orderNum, isRequired, isReaded, isReseted, isRecorded, isShowed, layout, isValid, module)
VALUES ('34538fa7-c5fc-4127-b79f-22476c6ee996', 'b4724c59-9e42-42e6-9a85-4745707e9caf', 'ab521d5b-ea14-4013-908c-17e3abbcff8f', 6, 'N', 'Y', NULL, NULL, 'Y', 'F', 'Y', NULL);
INSERT INTO sys_pagefield_rlt(id, pageId, fieldId, orderNum, isRequired, isReaded, isReseted, isRecorded, isShowed, layout, isValid, module)
VALUES ('08b7eb52-5014-48f2-be23-3e2c0c573aae', 'b4724c59-9e42-42e6-9a85-4745707e9caf', 'c9c9b825-8984-4a21-8e6b-21681101a6c2', 7, 'Y', 'N', NULL, NULL, 'Y', 'T', 'Y', NULL);
INSERT INTO sys_pagefield_rlt(id, pageId, fieldId, orderNum, isRequired, isReaded, isReseted, isRecorded, isShowed, layout, isValid, module)
VALUES ('2a21c637-ddb9-4e85-b79a-cd4a58f0eb55', 'b4724c59-9e42-42e6-9a85-4745707e9caf', 'a1741161-bbfc-4c88-83f1-8d9820db5dc5', 8, 'N', 'N', NULL, NULL, 'Y', 'T', 'Y', NULL);
INSERT INTO sys_pagefield_rlt(id, pageId, fieldId, orderNum, isRequired, isReaded, isReseted, isRecorded, isShowed, layout, isValid, module)
VALUES ('3b880f9a-e1aa-497d-873e-770f6cbb0bd9', 'b4724c59-9e42-42e6-9a85-4745707e9caf', '67f47ab8-a65e-4e37-aa74-1f20a8cbe607', 9, 'Y', 'N', NULL, NULL, 'Y', 'F', 'Y', NULL);
INSERT INTO sys_pagefield_rlt(id, pageId, fieldId, orderNum, isRequired, isReaded, isReseted, isRecorded, isShowed, layout, isValid, module)
VALUES ('f592fc53-5d2c-4550-b5c9-660729a372cc', 'b4724c59-9e42-42e6-9a85-4745707e9caf', '09d5dfa5-7822-44c0-8961-bfb4b679aafb', 10, 'N', 'N', NULL, NULL, 'Y', 'F', 'Y', NULL);
INSERT INTO sys_pagefield_rlt(id, pageId, fieldId, orderNum, isRequired, isReaded, isReseted, isRecorded, isShowed, layout, isValid, module)
VALUES ('82023ed9-f6bd-4dd9-8816-e7cb10ca92f4', 'c7dee6e3-c819-4c94-8dad-a5d3b704c96c', '3efca3a0-7753-47d1-bf4a-899c53e2367f', 1, 'N', 'Y', NULL, NULL, 'Y', 'F', 'Y', NULL);
INSERT INTO sys_pagefield_rlt(id, pageId, fieldId, orderNum, isRequired, isReaded, isReseted, isRecorded, isShowed, layout, isValid, module)
VALUES ('716e24be-85f6-4de9-93b1-479bc171f61c', 'c7dee6e3-c819-4c94-8dad-a5d3b704c96c', 'fb5c2556-0924-4b94-8f26-dec08c64894f', 2, 'N', 'Y', NULL, NULL, 'Y', 'F', 'Y', NULL);
INSERT INTO sys_pagefield_rlt(id, pageId, fieldId, orderNum, isRequired, isReaded, isReseted, isRecorded, isShowed, layout, isValid, module)
VALUES ('78adbee9-3a0a-437f-a188-3deb4cf636c3', 'c7dee6e3-c819-4c94-8dad-a5d3b704c96c', 'f0b58d2c-2c92-4f4a-ab05-97d20f8b3c49', 3, 'N', 'Y', NULL, NULL, 'Y', 'F', 'Y', NULL);
INSERT INTO sys_pagefield_rlt(id, pageId, fieldId, orderNum, isRequired, isReaded, isReseted, isRecorded, isShowed, layout, isValid, module)
VALUES ('167e25b0-3ea4-434d-9853-dda94f6fdc76', 'c7dee6e3-c819-4c94-8dad-a5d3b704c96c', '8cb211ea-476a-469f-b801-8bd16e48edcf', 4, 'N', 'Y', NULL, NULL, 'Y', 'F', 'Y', NULL);
INSERT INTO sys_pagefield_rlt(id, pageId, fieldId, orderNum, isRequired, isReaded, isReseted, isRecorded, isShowed, layout, isValid, module)
VALUES ('fa5fc7ce-3976-4413-bda4-2ba5b4d751d6', 'c7dee6e3-c819-4c94-8dad-a5d3b704c96c', 'c9c9b825-8984-4a21-8e6b-21681101a6c2', 5, 'N', 'Y', NULL, NULL, 'Y', 'T', 'Y', NULL);
INSERT INTO sys_pagefield_rlt(id, pageId, fieldId, orderNum, isRequired, isReaded, isReseted, isRecorded, isShowed, layout, isValid, module)
VALUES ('a8077297-0433-4198-bbd1-4d13d3fbabb2', 'c7dee6e3-c819-4c94-8dad-a5d3b704c96c', 'a1741161-bbfc-4c88-83f1-8d9820db5dc5', 6, 'N', 'Y', NULL, NULL, 'Y', 'T', 'Y', NULL);
INSERT INTO sys_pagefield_rlt(id, pageId, fieldId, orderNum, isRequired, isReaded, isReseted, isRecorded, isShowed, layout, isValid, module)
VALUES ('a34fe6a8-80c0-473d-9c7a-e3ed34dc1a4a', 'c7dee6e3-c819-4c94-8dad-a5d3b704c96c', '09d5dfa5-7822-44c0-8961-bfb4b679aafb', 7, 'N', 'Y', NULL, NULL, 'Y', 'F', 'Y', NULL);
INSERT INTO sys_pagefield_rlt(id, pageId, fieldId, orderNum, isRequired, isReaded, isReseted, isRecorded, isShowed, layout, isValid, module)
VALUES ('0c3db766-43b3-4749-bf77-fce2e97682a5', 'ce8961e2-e5e6-4835-bb86-3aaa223d3ef9', '3efca3a0-7753-47d1-bf4a-899c53e2367f', 1, 'Y', 'N', NULL, NULL, 'Y', 'F', 'Y', NULL);
INSERT INTO sys_pagefield_rlt(id, pageId, fieldId, orderNum, isRequired, isReaded, isReseted, isRecorded, isShowed, layout, isValid, module)
VALUES ('662e8ea3-95b3-4c87-b76f-1f42cd81719a', 'ce8961e2-e5e6-4835-bb86-3aaa223d3ef9', 'fb5c2556-0924-4b94-8f26-dec08c64894f', 2, 'Y', 'N', NULL, NULL, 'Y', 'F', 'Y', NULL);
INSERT INTO sys_pagefield_rlt(id, pageId, fieldId, orderNum, isRequired, isReaded, isReseted, isRecorded, isShowed, layout, isValid, module)
VALUES ('d9c14156-09b9-4f66-932f-c314ef7eedcf', 'ce8961e2-e5e6-4835-bb86-3aaa223d3ef9', 'f0b58d2c-2c92-4f4a-ab05-97d20f8b3c49', 3, 'N', 'N', NULL, NULL, 'Y', 'F', 'Y', NULL);
INSERT INTO sys_pagefield_rlt(id, pageId, fieldId, orderNum, isRequired, isReaded, isReseted, isRecorded, isShowed, layout, isValid, module)
VALUES ('dd38311f-44dd-4488-be06-78ba5d67397f', 'ce8961e2-e5e6-4835-bb86-3aaa223d3ef9', 'c9c9b825-8984-4a21-8e6b-21681101a6c2', 4, 'Y', 'N', NULL, NULL, 'Y', 'F', 'Y', NULL);
INSERT INTO sys_pagefield_rlt(id, pageId, fieldId, orderNum, isRequired, isReaded, isReseted, isRecorded, isShowed, layout, isValid, module)
VALUES ('583e33ad-a9d8-49c6-aa23-ae5339988e05', 'ce8961e2-e5e6-4835-bb86-3aaa223d3ef9', '09d5dfa5-7822-44c0-8961-bfb4b679aafb', 5, 'N', 'N', NULL, NULL, 'Y', 'F', 'Y', NULL);
INSERT INTO sys_pagefield_rlt(id, pageId, fieldId, orderNum, isRequired, isReaded, isReseted, isRecorded, isShowed, layout, isValid, module)
VALUES ('a8ea0ac6-be57-4aa9-8bed-0d996490b67b', 'db64e8e9-e3ea-4d21-9156-e57b19de2b23', '3efca3a0-7753-47d1-bf4a-899c53e2367f', 1, 'N', 'Y', NULL, NULL, 'Y', 'F', 'Y', NULL);
INSERT INTO sys_pagefield_rlt(id, pageId, fieldId, orderNum, isRequired, isReaded, isReseted, isRecorded, isShowed, layout, isValid, module)
VALUES ('5ba7fdc6-f2fb-467e-b18e-f5179a8b9e70', 'db64e8e9-e3ea-4d21-9156-e57b19de2b23', 'fb5c2556-0924-4b94-8f26-dec08c64894f', 2, 'N', 'Y', NULL, NULL, 'Y', 'F', 'Y', NULL);
INSERT INTO sys_pagefield_rlt(id, pageId, fieldId, orderNum, isRequired, isReaded, isReseted, isRecorded, isShowed, layout, isValid, module)
VALUES ('9b1cafe7-07f6-412d-9d36-6b6d1f306bc1', 'db64e8e9-e3ea-4d21-9156-e57b19de2b23', 'f0b58d2c-2c92-4f4a-ab05-97d20f8b3c49', 3, 'N', 'Y', NULL, NULL, 'Y', 'F', 'Y', NULL);
INSERT INTO sys_pagefield_rlt(id, pageId, fieldId, orderNum, isRequired, isReaded, isReseted, isRecorded, isShowed, layout, isValid, module)
VALUES ('b8fb3773-93e4-4e39-a141-e722ecbdd302', 'db64e8e9-e3ea-4d21-9156-e57b19de2b23', '8cb211ea-476a-469f-b801-8bd16e48edcf', 4, 'N', 'Y', NULL, NULL, 'Y', 'F', 'Y', NULL);
INSERT INTO sys_pagefield_rlt(id, pageId, fieldId, orderNum, isRequired, isReaded, isReseted, isRecorded, isShowed, layout, isValid, module)
VALUES ('009369f2-e543-4967-a1f3-15c664f43df5', 'db64e8e9-e3ea-4d21-9156-e57b19de2b23', '43141a59-c7dd-428c-80ef-56278d2fc8b5', 5, 'N', 'N', NULL, NULL, 'Y', 'F', 'Y', NULL);
INSERT INTO sys_pagefield_rlt(id, pageId, fieldId, orderNum, isRequired, isReaded, isReseted, isRecorded, isShowed, layout, isValid, module)
VALUES ('344de3a5-3252-497f-a472-cc2500e1bbbc', 'db64e8e9-e3ea-4d21-9156-e57b19de2b23', 'c9c9b825-8984-4a21-8e6b-21681101a6c2', 6, 'Y', 'N', NULL, NULL, 'Y', 'T', 'Y', NULL);
INSERT INTO sys_pagefield_rlt(id, pageId, fieldId, orderNum, isRequired, isReaded, isReseted, isRecorded, isShowed, layout, isValid, module)
VALUES ('220fd691-f46d-4a46-8ef6-eabcdb4e1e8a', 'db64e8e9-e3ea-4d21-9156-e57b19de2b23', 'a1741161-bbfc-4c88-83f1-8d9820db5dc5', 7, 'N', 'N', NULL, NULL, 'Y', 'T', 'Y', NULL);
INSERT INTO sys_pagefield_rlt(id, pageId, fieldId, orderNum, isRequired, isReaded, isReseted, isRecorded, isShowed, layout, isValid, module)
VALUES ('24eae373-df2a-4336-98de-395589d6168f', 'db64e8e9-e3ea-4d21-9156-e57b19de2b23', '09d5dfa5-7822-44c0-8961-bfb4b679aafb', 8, 'N', 'N', NULL, NULL, 'Y', 'F', 'Y', NULL);
INSERT INTO sys_pagefield_rlt(id, pageId, fieldId, orderNum, isRequired, isReaded, isReseted, isRecorded, isShowed, layout, isValid, module)
VALUES ('b4f6f773-7fab-4b6d-96aa-e78e92cbd608', 'eb7d5fe2-385f-49a5-8ef3-3cc699754ba7', '3efca3a0-7753-47d1-bf4a-899c53e2367f', 1, 'N', 'Y', NULL, NULL, 'Y', 'F', 'Y', NULL);
INSERT INTO sys_pagefield_rlt(id, pageId, fieldId, orderNum, isRequired, isReaded, isReseted, isRecorded, isShowed, layout, isValid, module)
VALUES ('97bd60b1-78e1-45d0-be7a-6557c2e64dc1', 'eb7d5fe2-385f-49a5-8ef3-3cc699754ba7', 'fb5c2556-0924-4b94-8f26-dec08c64894f', 2, 'N', 'Y', NULL, NULL, 'Y', 'F', 'Y', NULL);
INSERT INTO sys_pagefield_rlt(id, pageId, fieldId, orderNum, isRequired, isReaded, isReseted, isRecorded, isShowed, layout, isValid, module)
VALUES ('e9978da4-14b8-4b5d-bf51-b5f3158164e3', 'eb7d5fe2-385f-49a5-8ef3-3cc699754ba7', 'f0b58d2c-2c92-4f4a-ab05-97d20f8b3c49', 3, 'N', 'Y', NULL, NULL, 'Y', 'F', 'Y', NULL);
INSERT INTO sys_pagefield_rlt(id, pageId, fieldId, orderNum, isRequired, isReaded, isReseted, isRecorded, isShowed, layout, isValid, module)
VALUES ('8e4a1cf2-1c4e-4958-b845-051a2541391a', 'eb7d5fe2-385f-49a5-8ef3-3cc699754ba7', '8cb211ea-476a-469f-b801-8bd16e48edcf', 4, 'N', 'Y', NULL, NULL, 'Y', 'F', 'Y', NULL);
INSERT INTO sys_pagefield_rlt(id, pageId, fieldId, orderNum, isRequired, isReaded, isReseted, isRecorded, isShowed, layout, isValid, module)
VALUES ('a9d40ecb-cf23-4d37-818b-7060b62bc6b9', 'eb7d5fe2-385f-49a5-8ef3-3cc699754ba7', '43141a59-c7dd-428c-80ef-56278d2fc8b5', 5, 'N', 'Y', NULL, NULL, 'Y', 'F', 'Y', NULL);
INSERT INTO sys_pagefield_rlt(id, pageId, fieldId, orderNum, isRequired, isReaded, isReseted, isRecorded, isShowed, layout, isValid, module)
VALUES ('c36db261-3b98-4df0-8b12-414f782cc712', 'eb7d5fe2-385f-49a5-8ef3-3cc699754ba7', 'ab521d5b-ea14-4013-908c-17e3abbcff8f', 6, 'N', 'N', NULL, NULL, 'Y', 'F', 'Y', NULL);
INSERT INTO sys_pagefield_rlt(id, pageId, fieldId, orderNum, isRequired, isReaded, isReseted, isRecorded, isShowed, layout, isValid, module)
VALUES ('513b4e68-0bac-450e-8126-d881fbab48b0', 'eb7d5fe2-385f-49a5-8ef3-3cc699754ba7', 'c9c9b825-8984-4a21-8e6b-21681101a6c2', 7, 'N', 'N', NULL, NULL, 'Y', 'T', 'Y', NULL);
INSERT INTO sys_pagefield_rlt(id, pageId, fieldId, orderNum, isRequired, isReaded, isReseted, isRecorded, isShowed, layout, isValid, module)
VALUES ('25914497-5207-4e78-845a-7f3a20ca8e9f', 'eb7d5fe2-385f-49a5-8ef3-3cc699754ba7', 'a1741161-bbfc-4c88-83f1-8d9820db5dc5', 8, 'N', 'N', NULL, NULL, 'Y', 'T', 'Y', NULL);
INSERT INTO sys_pagefield_rlt(id, pageId, fieldId, orderNum, isRequired, isReaded, isReseted, isRecorded, isShowed, layout, isValid, module)
VALUES ('78affcef-6192-49e0-96a3-b46df6494179', 'eb7d5fe2-385f-49a5-8ef3-3cc699754ba7', '9f3e0426-be6c-4e41-b1e8-b45b53ce962b', 9, 'Y', 'N', NULL, NULL, 'Y', 'F', 'Y', NULL);
INSERT INTO sys_pagefield_rlt(id, pageId, fieldId, orderNum, isRequired, isReaded, isReseted, isRecorded, isShowed, layout, isValid, module)
VALUES ('b653b785-6295-495e-a95c-a7ebae24df87', 'eb7d5fe2-385f-49a5-8ef3-3cc699754ba7', '09d5dfa5-7822-44c0-8961-bfb4b679aafb', 10, 'N', 'N', NULL, NULL, 'Y', 'F', 'Y', NULL);
INSERT INTO sys_pagefield_rlt(id, pageId, fieldId, orderNum, isRequired, isReaded, isReseted, isRecorded, isShowed, layout, isValid, module)
VALUES ('ebbd4f9b-1775-4b07-9394-45dad302a2e1', 'f62179dc-314a-4df8-a524-680f9cbd2e69', '3efca3a0-7753-47d1-bf4a-899c53e2367f', 1, 'N', 'Y', NULL, NULL, 'Y', 'F', 'Y', NULL);
INSERT INTO sys_pagefield_rlt(id, pageId, fieldId, orderNum, isRequired, isReaded, isReseted, isRecorded, isShowed, layout, isValid, module)
VALUES ('f5f2ed84-31df-46ab-aa64-47f4bbbc50ac', 'f62179dc-314a-4df8-a524-680f9cbd2e69', 'fb5c2556-0924-4b94-8f26-dec08c64894f', 2, 'N', 'Y', NULL, NULL, 'Y', 'F', 'Y', NULL);
INSERT INTO sys_pagefield_rlt(id, pageId, fieldId, orderNum, isRequired, isReaded, isReseted, isRecorded, isShowed, layout, isValid, module)
VALUES ('4aa37223-ca77-490a-b669-f14d9cf7b61b', 'f62179dc-314a-4df8-a524-680f9cbd2e69', 'f0b58d2c-2c92-4f4a-ab05-97d20f8b3c49', 3, 'N', 'Y', NULL, NULL, 'Y', 'F', 'Y', NULL);
INSERT INTO sys_pagefield_rlt(id, pageId, fieldId, orderNum, isRequired, isReaded, isReseted, isRecorded, isShowed, layout, isValid, module)
VALUES ('65aaf130-1548-423d-8efa-6adbe9f4d4f6', 'f62179dc-314a-4df8-a524-680f9cbd2e69', '8cb211ea-476a-469f-b801-8bd16e48edcf', 4, 'N', 'Y', NULL, NULL, 'Y', 'F', 'Y', NULL);
INSERT INTO sys_pagefield_rlt(id, pageId, fieldId, orderNum, isRequired, isReaded, isReseted, isRecorded, isShowed, layout, isValid, module)
VALUES ('1371058c-de5f-4681-a5b9-3c07d1549996', 'f62179dc-314a-4df8-a524-680f9cbd2e69', '43141a59-c7dd-428c-80ef-56278d2fc8b5', 5, 'N', 'Y', NULL, NULL, 'Y', 'F', 'Y', NULL);
INSERT INTO sys_pagefield_rlt(id, pageId, fieldId, orderNum, isRequired, isReaded, isReseted, isRecorded, isShowed, layout, isValid, module)
VALUES ('6dafedbb-1934-48e7-9f65-acf5e637c3ad', 'f62179dc-314a-4df8-a524-680f9cbd2e69', 'c9c9b825-8984-4a21-8e6b-21681101a6c2', 6, 'N', 'Y', NULL, NULL, 'Y', 'T', 'Y', NULL);
INSERT INTO sys_pagefield_rlt(id, pageId, fieldId, orderNum, isRequired, isReaded, isReseted, isRecorded, isShowed, layout, isValid, module)
VALUES ('67cc1a56-8dfa-4311-a934-fc1bc92781d6', 'f62179dc-314a-4df8-a524-680f9cbd2e69', 'a1741161-bbfc-4c88-83f1-8d9820db5dc5', 7, 'N', 'Y', NULL, NULL, 'Y', 'T', 'Y', NULL);
INSERT INTO sys_pagefield_rlt(id, pageId, fieldId, orderNum, isRequired, isReaded, isReseted, isRecorded, isShowed, layout, isValid, module)
VALUES ('c544d940-83b6-406b-afd1-8a9c7e973b92', 'f62179dc-314a-4df8-a524-680f9cbd2e69', '09d5dfa5-7822-44c0-8961-bfb4b679aafb', 8, 'N', 'Y', NULL, NULL, 'Y', 'F', 'Y', NULL);
INSERT INTO sys_pagefield_rlt(id, pageId, fieldId, orderNum, isRequired, isReaded, isReseted, isRecorded, isShowed, layout, isValid, module)
VALUES ('8b081e18-b9b2-4866-8128-61f1cc97adcd', 'ffdbf2c5-84b4-47ae-9332-f7156c26032e', '3efca3a0-7753-47d1-bf4a-899c53e2367f', 1, 'N', 'Y', NULL, NULL, 'Y', 'F', 'Y', NULL);
INSERT INTO sys_pagefield_rlt(id, pageId, fieldId, orderNum, isRequired, isReaded, isReseted, isRecorded, isShowed, layout, isValid, module)
VALUES ('0904979c-19ea-4945-864f-6e2818c31593', 'ffdbf2c5-84b4-47ae-9332-f7156c26032e', 'fb5c2556-0924-4b94-8f26-dec08c64894f', 2, 'N', 'Y', NULL, NULL, 'Y', 'F', 'Y', NULL);
INSERT INTO sys_pagefield_rlt(id, pageId, fieldId, orderNum, isRequired, isReaded, isReseted, isRecorded, isShowed, layout, isValid, module)
VALUES ('26a00d0e-ffab-4de7-b06d-291b411a4291', 'ffdbf2c5-84b4-47ae-9332-f7156c26032e', 'f0b58d2c-2c92-4f4a-ab05-97d20f8b3c49', 3, 'N', 'Y', NULL, NULL, 'Y', 'F', 'Y', NULL);
INSERT INTO sys_pagefield_rlt(id, pageId, fieldId, orderNum, isRequired, isReaded, isReseted, isRecorded, isShowed, layout, isValid, module)
VALUES ('878b142e-2826-4a68-86c1-549fab05336f', 'ffdbf2c5-84b4-47ae-9332-f7156c26032e', '8cb211ea-476a-469f-b801-8bd16e48edcf', 4, 'N', 'N', NULL, NULL, 'Y', 'F', 'Y', NULL);
INSERT INTO sys_pagefield_rlt(id, pageId, fieldId, orderNum, isRequired, isReaded, isReseted, isRecorded, isShowed, layout, isValid, module)
VALUES ('c536dd62-727d-4ef6-880c-888bd15701de', 'ffdbf2c5-84b4-47ae-9332-f7156c26032e', 'c9c9b825-8984-4a21-8e6b-21681101a6c2', 5, 'N', 'N', NULL, NULL, 'Y', 'T', 'Y', NULL);
INSERT INTO sys_pagefield_rlt(id, pageId, fieldId, orderNum, isRequired, isReaded, isReseted, isRecorded, isShowed, layout, isValid, module)
VALUES ('69d6d95e-e4d2-4dc2-8e98-5441f9161eba', 'ffdbf2c5-84b4-47ae-9332-f7156c26032e', 'a1741161-bbfc-4c88-83f1-8d9820db5dc5', 6, 'Y', 'N', NULL, NULL, 'Y', 'T', 'Y', NULL);
INSERT INTO sys_pagefield_rlt(id, pageId, fieldId, orderNum, isRequired, isReaded, isReseted, isRecorded, isShowed, layout, isValid, module)
VALUES ('1905dd30-f38f-458e-9546-0c89ad9bd23b', 'ffdbf2c5-84b4-47ae-9332-f7156c26032e', '09d5dfa5-7822-44c0-8961-bfb4b679aafb', 7, 'N', 'N', NULL, NULL, 'Y', 'F', 'Y', NULL);

INSERT INTO wf_rolematch_rlt(id, pageFieldId, pageId, roleId)
VALUES ('424e8dc2-eba7-42f8-8427-0c3347b7f0b8', 'c9c9b825-8984-4a21-8e6b-21681101a6c2', 'ffdbf2c5-84b4-47ae-9332-f7156c26032e', '960fb540-3cef-49e8-89b6-1bPMCrole002');
INSERT INTO wf_rolematch_rlt(id, pageFieldId, pageId, roleId)
VALUES ('4e7fc169-5581-4bec-a9c9-c53cdfa3e18d', '9f3e0426-be6c-4e41-b1e8-b45b53ce962b', 'eb7d5fe2-385f-49a5-8ef3-3cc699754ba7', '960fb540-3cef-49e8-89b6-1bPMCrole001');
INSERT INTO wf_rolematch_rlt(id, pageFieldId, pageId, roleId)
VALUES ('8de7a633-c9ea-433f-a57f-8c08d22d3407', 'a1741161-bbfc-4c88-83f1-8d9820db5dc5', 'ffdbf2c5-84b4-47ae-9332-f7156c26032e', '960fb540-3cef-49e8-89b6-1bPMCrole001');
INSERT INTO wf_rolematch_rlt(id, pageFieldId, pageId, roleId)
VALUES ('ae6cdb49-e2f1-4e9c-b09a-bdfe0976f3f1', 'c9c9b825-8984-4a21-8e6b-21681101a6c2', '4d124d29-1297-45f0-998d-16b116a25fc9', '960fb540-3cef-49e8-89b6-1bPMCrole002');
INSERT INTO wf_rolematch_rlt(id, pageFieldId, pageId, roleId)
VALUES ('b321477a-e31f-4e3e-ae67-c13f53712b11', 'a1741161-bbfc-4c88-83f1-8d9820db5dc5', 'eb7d5fe2-385f-49a5-8ef3-3cc699754ba7', '960fb540-3cef-49e8-89b6-1bPMCrole002');
INSERT INTO wf_rolematch_rlt(id, pageFieldId, pageId, roleId)
VALUES ('bb0ec414-4823-4edd-902f-3f11c1e59c0b', 'c9c9b825-8984-4a21-8e6b-21681101a6c2', 'b4724c59-9e42-42e6-9a85-4745707e9caf', '960fb540-3cef-49e8-89b6-1bPMCrole001');
INSERT INTO wf_rolematch_rlt(id, pageFieldId, pageId, roleId)
VALUES ('c8e94f73-31e9-487e-8998-2a3e94658ffc', 'a1741161-bbfc-4c88-83f1-8d9820db5dc5', 'b4724c59-9e42-42e6-9a85-4745707e9caf', '960fb540-3cef-49e8-89b6-1bPMCrole002');
INSERT INTO wf_rolematch_rlt(id, pageFieldId, pageId, roleId)
VALUES ('d5517486-66ad-42e1-9589-26c33c27e88d', 'c9c9b825-8984-4a21-8e6b-21681101a6c2', 'eb7d5fe2-385f-49a5-8ef3-3cc699754ba7', '960fb540-3cef-49e8-89b6-1bPMCrole002');
INSERT INTO wf_rolematch_rlt(id, pageFieldId, pageId, roleId)
VALUES ('e0b72bef-0286-4777-92d8-d6759cf377d1', 'a1741161-bbfc-4c88-83f1-8d9820db5dc5', '4d124d29-1297-45f0-998d-16b116a25fc9', '960fb540-3cef-49e8-89b6-1bPMCrole001');
INSERT INTO wf_rolematch_rlt(id, pageFieldId, pageId, roleId)
VALUES ('e11276fd-7445-46a1-a4fe-ed8748a21c51', 'a1741161-bbfc-4c88-83f1-8d9820db5dc5', 'db64e8e9-e3ea-4d21-9156-e57b19de2b23', '960fb540-3cef-49e8-89b6-1bPMCrole002');
INSERT INTO wf_rolematch_rlt(id, pageFieldId, pageId, roleId)
VALUES ('e4ab9876-7274-438e-8ec5-63b16df0d8dc', 'c9c9b825-8984-4a21-8e6b-21681101a6c2', '6f4fe078-eecf-4902-ae41-ad6546e1bc01', '960fb540-3cef-49e8-89b6-1bPMCrole002');
INSERT INTO wf_rolematch_rlt(id, pageFieldId, pageId, roleId)
VALUES ('f2087bdf-5fff-4878-8639-993bf6d697c9', 'a1741161-bbfc-4c88-83f1-8d9820db5dc5', '6f4fe078-eecf-4902-ae41-ad6546e1bc01', '960fb540-3cef-49e8-89b6-1bPMCrole001');
INSERT INTO wf_rolematch_rlt(id, pageFieldId, pageId, roleId)
VALUES ('f783007d-85ac-47ad-8eeb-4d9e7423a801', 'c9c9b825-8984-4a21-8e6b-21681101a6c2', 'ce8961e2-e5e6-4835-bb86-3aaa223d3ef9', '960fb540-3cef-49e8-89b6-1bPMCrole001');
INSERT INTO wf_rolematch_rlt(id, pageFieldId, pageId, roleId)
VALUES ('fa037ebc-d200-44a7-9426-45d12bc66952', 'c9c9b825-8984-4a21-8e6b-21681101a6c2', 'db64e8e9-e3ea-4d21-9156-e57b19de2b23', '960fb540-3cef-49e8-89b6-1bPMCrole001');

INSERT INTO wf_authorizationrole_rlt(id, transitionId, roleId, conditions, isValid)
VALUES ('05637f4b-4b94-4d97-a8b0-2cdd596e7fea', '6382EFBE-EC89-42FF-85D2-68A0629DBE6D', '960fb540-3cef-49e8-89b6-1bPMCrole002', NULL, 'Y');
INSERT INTO wf_authorizationrole_rlt(id, transitionId, roleId, conditions, isValid)
VALUES ('09cef189-545f-4f6a-bfb7-19cc165bc590', '63BB84B1-FBF2-4313-B802-4CEF0C341C77', '960fb540-3cef-49e8-89b6-1bPMCrole002', NULL, 'Y');
INSERT INTO wf_authorizationrole_rlt(id, transitionId, roleId, conditions, isValid)
VALUES ('1788c44e-396b-4518-8af0-d4f96a748e01', '620EBEBE-8D7A-44E4-B87C-C154401AD22A', '960fb540-3cef-49e8-89b6-1bPMCrole001', NULL, 'Y');
INSERT INTO wf_authorizationrole_rlt(id, transitionId, roleId, conditions, isValid)
VALUES ('1cb8d24b-7220-4950-8888-9b6c124268d7', 'A952632D-E304-418A-9AF1-8988A2742862', '960fb540-3cef-49e8-89b6-1bPMCrole002', NULL, 'Y');
INSERT INTO wf_authorizationrole_rlt(id, transitionId, roleId, conditions, isValid)
VALUES ('46210768-0cf5-4e90-881c-64155c32d930', 'A952632D-E304-418A-9AF1-8988A2742862', '960fb540-3cef-49e8-89b6-1bPMCrole001', NULL, 'Y');
INSERT INTO wf_authorizationrole_rlt(id, transitionId, roleId, conditions, isValid)
VALUES ('a44b65fc-82e1-41ff-99a0-c9ac0fbacc73', '6382EFBE-EC89-42FF-85D2-68A0629DBE6D', '960fb540-3cef-49e8-89b6-1bPMCrole001', NULL, 'Y');
INSERT INTO wf_authorizationrole_rlt(id, transitionId, roleId, conditions, isValid)
VALUES ('a7e9916e-466e-48a2-8991-eea2971de3e2', 'E6ED52A6-218B-4228-AFB9-C21871B88B2F', '960fb540-3cef-49e8-89b6-1bPMCrole001', NULL, 'Y');
INSERT INTO wf_authorizationrole_rlt(id, transitionId, roleId, conditions, isValid)
VALUES ('b08bfa6c-fac0-4f6e-bc34-465500f8af23', '06902081-081A-4943-9044-DCE6AA77C581', '960fb540-3cef-49e8-89b6-1bPMCrole001', NULL, 'Y');
INSERT INTO wf_authorizationrole_rlt(id, transitionId, roleId, conditions, isValid)
VALUES ('e17e4428-03ff-4e83-aa5e-94c6063becb1', '63BB84B1-FBF2-4313-B802-4CEF0C341C77', '960fb540-3cef-49e8-89b6-1bPMCrole001', NULL, 'Y');
INSERT INTO wf_authorizationrole_rlt(id, transitionId, roleId, conditions, isValid)
VALUES ('ee7de62e-1c27-426d-8481-ac28649c4764', 'A9ECB5C2-7B53-4D78-94DB-FBC3DE0F6207', '960fb540-3cef-49e8-89b6-1bPMCrole001', NULL, 'Y');

INSERT INTO sys_page(id, name, objectType, pageType, parentId, workflowID, deriveWfType, deriveWfID, mapField, isStartPage, entityTypeID, extPageUrl, extPageCls, isSystem, remark, isValid, orderNum, creatorId, createdTime, modifyId, modifyTime)
VALUES ('07698511-fa9f-47e2-9f4c-kfPMIpage001', '系统视图', 'PMI', NULL, NULL, NULL, NULL, NULL, NULL, NULL, NULL, NULL, NULL, 'Y', NULL, 'Y', 1, NULL, NULL, NULL, NULL);
INSERT INTO sys_page(id, name, objectType, pageType, parentId, workflowID, deriveWfType, deriveWfID, mapField, isStartPage, entityTypeID, extPageUrl, extPageCls, isSystem, remark, isValid, orderNum, creatorId, createdTime, modifyId, modifyTime)
VALUES ('07698511-fa9f-47e2-9f4c-kfPMIpage002', '默认视图', 'PMI', 'LIST', '07698511-fa9f-47e2-9f4c-kfPMIpage001', NULL, NULL, NULL, NULL, NULL, NULL, NULL, NULL, 'Y', NULL, 'Y', 2, 'b8ab9427-627b-469f-bfd0-4b1buser0001', '2022-08-08', 'b8ab9427-627b-469f-bfd0-4b1buser0001', '2022-08-08');
INSERT INTO sys_page(id, name, objectType, pageType, parentId, workflowID, deriveWfType, deriveWfID, mapField, isStartPage, entityTypeID, extPageUrl, extPageCls, isSystem, remark, isValid, orderNum, creatorId, createdTime, modifyId, modifyTime)
VALUES ('07698511-fa9f-47e2-9f4c-kfPMIpage004', '导入导出视图', 'PMI', 'IMPEXPLIST', '', NULL, NULL, NULL, NULL, NULL, NULL, NULL, NULL, 'Y', NULL, 'Y', 5, NULL, NULL, NULL, NULL);
INSERT INTO sys_page(id, name, objectType, pageType, parentId, workflowID, deriveWfType, deriveWfID, mapField, isStartPage, entityTypeID, extPageUrl, extPageCls, isSystem, remark, isValid, orderNum, creatorId, createdTime, modifyId, modifyTime)
VALUES ('07698511-fa9f-47e2-9f4c-kfPMIpage005', '导入视图', 'PMI', 'IMPLIST', '07698511-fa9f-47e2-9f4c-kfPMIpage004', NULL, NULL, NULL, NULL, NULL, NULL, NULL, NULL, 'Y', NULL, 'Y', 6, 'b8ab9427-627b-469f-bfd0-4b1buser0001', '2022-08-08', 'b8ab9427-627b-469f-bfd0-4b1buser0001', '2022-08-08');
INSERT INTO sys_page(id, name, objectType, pageType, parentId, workflowID, deriveWfType, deriveWfID, mapField, isStartPage, entityTypeID, extPageUrl, extPageCls, isSystem, remark, isValid, orderNum, creatorId, createdTime, modifyId, modifyTime)
VALUES ('07698511-fa9f-47e2-9f4c-kfPMIpage006', '导出视图', 'PMI', 'EXPLIST', '07698511-fa9f-47e2-9f4c-kfPMIpage004', NULL, NULL, NULL, NULL, NULL, NULL, NULL, NULL, 'Y', NULL, 'Y', 7, 'b8ab9427-627b-469f-bfd0-4b1buser0001', '2022-08-08', 'b8ab9427-627b-469f-bfd0-4b1buser0001', '2022-08-08');
INSERT INTO sys_page(id, name, objectType, pageType, parentId, workflowID, deriveWfType, deriveWfID, mapField, isStartPage, entityTypeID, extPageUrl, extPageCls, isSystem, remark, isValid, orderNum, creatorId, createdTime, modifyId, modifyTime)
VALUES ('07698511-fa9f-47e2-9f4c-kfPMIpage003', '个人视图', 'PMI', 'CUSLIST', '', NULL, NULL, NULL, NULL, NULL, NULL, NULL, NULL, 'Y', NULL, 'Y', 8, NULL, NULL, NULL, NULL);

INSERT INTO wf_role(id, workflowType, name, val, orderNum, isSystem, isValid, creatorId, createdTime, modifyId, modifyTime)
VALUES ('960fb540-3cef-49e8-89b6-1bPMIrole001', 'PMI', '责任人', 'OR', 1, 'Y', 'Y', 'b8ab9427-627b-469f-bfd0-4b1buser0001', '2022-08-08', 'b8ab9427-627b-469f-bfd0-4b1buser0001', '2022-08-08');
INSERT INTO wf_role(id, workflowType, name, val, orderNum, isSystem, isValid, creatorId, createdTime, modifyId, modifyTime)
VALUES ('960fb540-3cef-49e8-89b6-1bPMIrole002', 'PMI', '参与人', 'AC', 2, 'Y', 'Y', 'b8ab9427-627b-469f-bfd0-4b1buser0001', '2022-08-08', 'b8ab9427-627b-469f-bfd0-4b1buser0001', '2022-08-08');
INSERT INTO wf_role(id, workflowType, name, val, orderNum, isSystem, isValid, creatorId, createdTime, modifyId, modifyTime)
VALUES ('960fb540-3cef-49e8-89b6-1bPMIrole003', 'PMI', '创建人', 'CR', 3, 'Y', 'Y', 'b8ab9427-627b-469f-bfd0-4b1buser0001', '2022-08-08', 'b8ab9427-627b-469f-bfd0-4b1buser0001', '2022-08-08');
INSERT INTO wf_role(id, workflowType, name, val, orderNum, isSystem, isValid, creatorId, createdTime, modifyId, modifyTime)
VALUES ('960fb540-3cef-49e8-89b6-1bPMIrole004', 'PMI', '读者', 'RR', 4, 'Y', 'Y', 'b8ab9427-627b-469f-bfd0-4b1buser0001', '2022-08-08', 'b8ab9427-627b-469f-bfd0-4b1buser0001', '2022-08-08');

INSERT INTO sys_pagelist_rlt(id, pageId, objectType, fieldView, filterCondition, isValid)
VALUES ('4c0a5e65-9732-46a8-aaa7-bac77eaa249d', '07698511-fa9f-47e2-9f4c-kfPMIpage006', 'PMI', '{"pageSize":"20","orderBy":"","orderByType":"desc","query":"","view":[{"f":"id","a":"center","w":"60px","t":"ID","r":"","s":false,"h":false,"i":""},{"f":"name","a":"left","w":"300px","t":"TEXT","r":"true","s":false,"h":false,"i":"fbd95340-7d49-45a2-a932-34c3c42b1604"},{"f":"code","a":"left","w":"120px","t":"TEXT","r":false,"s":false,"h":false,"i":"d341d286-5a8f-4ff6-b845-949a5b9fe435"},{"f":"departmentId","a":"left","w":"120px","t":"DEPT","r":false,"s":false,"h":false,"i":"1cecb799-7fc7-4281-ba3d-4441b441a75d"},{"f":"ownerIds","a":"left","w":"120px","t":"USER","r":false,"s":false,"h":false,"i":"ownerIds"},{"f":"statusId","a":"left","w":"120px","t":"SELECT","r":false,"s":false,"h":false,"i":"cabe8ace-2b4f-480c-aa5a-36105f7c72ea"},{"f":"creatorId","a":"left","w":"120.0px","t":"USER","r":false,"s":false,"h":false,"i":"467c992d-9398-46ea-b236-da11ffa41a25"},{"f":"modifyTime","a":"left","w":"120.0px","t":"DATE","r":false,"s":false,"h":false,"i":"87c45a33-10f7-4a93-92e4-1d8db0d2e811"}]}', '', 'Y');
INSERT INTO sys_pagelist_rlt(id, pageId, objectType, fieldView, filterCondition, isValid)
VALUES ('96c2635d-a80f-4fbf-842e-984b398f992b', '07698511-fa9f-47e2-9f4c-kfPMIpage002', 'PMI', '{"pageSize":"20","orderBy":"","orderByType":"desc","query":"","view":[{"f":"id","a":"center","w":"60px","t":"ID","r":"","s":false,"h":false,"i":""},{"f":"name","a":"left","w":"300px","t":"TEXT","r":"true","s":false,"h":false,"i":"fbd95340-7d49-45a2-a932-34c3c42b1604"},{"f":"code","a":"left","w":"120px","t":"TEXT","r":false,"s":false,"h":false,"i":"d341d286-5a8f-4ff6-b845-949a5b9fe435"},{"f":"departmentId","a":"left","w":"120px","t":"DEPT","r":false,"s":false,"h":false,"i":"1cecb799-7fc7-4281-ba3d-4441b441a75d"},{"f":"ownerIds","a":"left","w":"120.0px","t":"USER","r":false,"s":false,"h":false,"i":"ownerIds"},{"f":"statusId","a":"left","w":"120.0px","t":"SELECT","r":false,"s":false,"h":false,"i":"cabe8ace-2b4f-480c-aa5a-36105f7c72ea"},{"f":"modifyId","a":"left","w":"120.0px","t":"USER","r":false,"s":false,"h":false,"i":"4466d5af-870a-467e-a1fe-dacacc9bb0ae"},{"f":"modifyTime","a":"left","w":"120.0px","t":"DATE","r":false,"s":false,"h":false,"i":"87c45a33-10f7-4a93-92e4-1d8db0d2e811"}]}', '', 'Y');
INSERT INTO sys_pagelist_rlt(id, pageId, objectType, fieldView, filterCondition, isValid)
VALUES ('bb145e64-cc48-41f9-9885-9807c8ab10d5', '07698511-fa9f-47e2-9f4c-kfPMIpage005', 'PMI', '{"pageSize":"20","orderBy":"","orderByType":"desc","query":"","view":[{"f":"id","a":"center","w":"60px","t":"ID","r":"","s":false,"h":false,"i":""},{"f":"name","a":"left","w":"300px","t":"TEXT","r":"true","s":false,"h":false,"i":"fbd95340-7d49-45a2-a932-34c3c42b1604"},{"f":"code","a":"left","w":"120px","t":"TEXT","r":false,"s":false,"h":false,"i":"d341d286-5a8f-4ff6-b845-949a5b9fe435"},{"f":"departmentId","a":"left","w":"120px","t":"DEPT","r":false,"s":false,"h":false,"i":"1cecb799-7fc7-4281-ba3d-4441b441a75d"},{"f":"typeId","a":"left","w":"120px","t":"SELECT","r":"true","s":false,"h":false,"i":"57587811-451a-4da3-9fbc-01ce52b1cdce"},{"f":"levelId","a":"left","w":"120px","t":"SELECT","r":"true","s":false,"h":false,"i":"5382b624-7d4a-42f7-9b70-fa83a36cc093"},{"f":"statusId","a":"left","w":"120px","t":"SELECT","r":false,"s":false,"h":false,"i":"cabe8ace-2b4f-480c-aa5a-36105f7c72ea"},{"f":"ownerIds","a":"left","w":"120.0px","t":"USER","r":false,"s":false,"h":false,"i":"ownerIds"}]}', '', 'Y');

INSERT INTO sys_field(id, colName, showName, objectType, dataType, htmlType, fieldType, displayWidth, remark, defaultValue, defaultRule, extendClass, layout, showMobile, isCommon, parentId, isValid, orderNum, creatorId, createdTime, modifyId, modifyTime, isDBField)
VALUES ('fbd95340-7d49-45a2-a932-34c3c42b1604', 'name', '名称', 'PMI', 'varchar', 'TEXT', 'S', 300.0, '', '', '{"isRecorded":"Y","textLength":"128","isRequired":"Y"}', '', 'F', NULL, 'N', NULL, 'Y', 1, 'b8ab9427-627b-469f-bfd0-4b1buser0001', '2022-08-08', 'b8ab9427-627b-469f-bfd0-4b1buser0001', '2022-08-08', 'Y');
INSERT INTO sys_field(id, colName, showName, objectType, dataType, htmlType, fieldType, displayWidth, remark, defaultValue, defaultRule, extendClass, layout, showMobile, isCommon, parentId, isValid, orderNum, creatorId, createdTime, modifyId, modifyTime, isDBField)
VALUES ('d341d286-5a8f-4ff6-b845-949a5b9fe435', 'code', '编号', 'PMI', 'varchar', 'TEXT', 'S', 120.0, '', '', '{"isRecorded":"N","textLength":"128","isRequired":"N"}', '', 'T', NULL, 'N', NULL, 'Y', 4, 'b8ab9427-627b-469f-bfd0-4b1buser0001', '2022-08-08', 'b8ab9427-627b-469f-bfd0-4b1buser0001', '2022-08-08', 'Y');
INSERT INTO sys_field(id, colName, showName, objectType, dataType, htmlType, fieldType, displayWidth, remark, defaultValue, defaultRule, extendClass, layout, showMobile, isCommon, parentId, isValid, orderNum, creatorId, createdTime, modifyId, modifyTime, isDBField)
VALUES ('b1d35c5f-2c6f-4f27-bf47-0ea31241c66f', 'projectId', '归属项目', 'PMI', 'varchar', 'PJT', 'S', 120.0, '', NULL, '{"isRecorded":"N","isRequired":"N"}', '', 'T', NULL, 'N', NULL, 'Y', 5, 'b8ab9427-627b-469f-bfd0-4b1buser0001', '2022-08-08', 'b8ab9427-627b-469f-bfd0-4b1buser0001', '2022-08-08', 'Y');
INSERT INTO sys_field(id, colName, showName, objectType, dataType, htmlType, fieldType, displayWidth, remark, defaultValue, defaultRule, extendClass, layout, showMobile, isCommon, parentId, isValid, orderNum, creatorId, createdTime, modifyId, modifyTime, isDBField)
VALUES ('1cecb799-7fc7-4281-ba3d-4441b441a75d', 'departmentId', '归属部门', 'PMI', 'varchar', 'DEPT', 'S', 120.0, '', NULL, '{"isRecorded":"N","deptDefaultRule":"N","isRequired":"N"}', '', 'T', NULL, 'N', NULL, 'Y', 7, 'b8ab9427-627b-469f-bfd0-4b1buser0001', '2022-08-08', 'b8ab9427-627b-469f-bfd0-4b1buser0001', '2022-08-08', 'Y');
INSERT INTO sys_field(id, colName, showName, objectType, dataType, htmlType, fieldType, displayWidth, remark, defaultValue, defaultRule, extendClass, layout, showMobile, isCommon, parentId, isValid, orderNum, creatorId, createdTime, modifyId, modifyTime, isDBField)
VALUES ('cabe8ace-2b4f-480c-aa5a-36105f7c72ea', 'statusId', '状态', 'PMI', 'varchar', 'SELECT', 'S', 120.0, '', '', '{"isSeached":"Y","selectSource":"","setCascade":"","isRecorded":"N","isRequired":"N"}', '', 'T', NULL, 'N', NULL, 'Y', 8, 'b8ab9427-627b-469f-bfd0-4b1buser0001', '2022-08-08', 'b8ab9427-627b-469f-bfd0-4b1buser0001', '2022-08-08', 'Y');
INSERT INTO sys_field(id, colName, showName, objectType, dataType, htmlType, fieldType, displayWidth, remark, defaultValue, defaultRule, extendClass, layout, showMobile, isCommon, parentId, isValid, orderNum, creatorId, createdTime, modifyId, modifyTime, isDBField)
VALUES ('1b7489e6-08a5-4e28-acf7-d0adc8391ae9', 'entityStatusId', '实体状态', 'PMI', 'varchar', 'SELECT', 'S', 120.0, '', NULL, '{"isSeached":"Y","selectSource":"b104f291-443e-4b92-8f67-999c6f4b0855","setCascade":"","isRecorded":"N","isRequired":"N"}', '', 'T', NULL, 'N', NULL, 'Y', 9, 'b8ab9427-627b-469f-bfd0-4b1buser0001', '2022-08-08', 'b8ab9427-627b-469f-bfd0-4b1buser0001', '2022-08-08', 'Y');
INSERT INTO sys_field(id, colName, showName, objectType, dataType, htmlType, fieldType, displayWidth, remark, defaultValue, defaultRule, extendClass, layout, showMobile, isCommon, parentId, isValid, orderNum, creatorId, createdTime, modifyId, modifyTime, isDBField)
VALUES ('1d042dde-0eec-47d9-8880-442297b6942f', 'remark', '描述', 'PMI', 'varchar', 'AREA', 'S', 120.0, '', '', '{"areaLength":"1024","areaIsLimit":"Y","areaRows":"8","isRecorded":"N","isRequired":"N"}', '', 'F', NULL, 'N', NULL, 'Y', 10, 'b8ab9427-627b-469f-bfd0-4b1buser0001', '2022-08-08', 'b8ab9427-627b-469f-bfd0-4b1buser0001', '2022-08-08', 'Y');
INSERT INTO sys_field(id, colName, showName, objectType, dataType, htmlType, fieldType, displayWidth, remark, defaultValue, defaultRule, extendClass, layout, showMobile, isCommon, parentId, isValid, orderNum, creatorId, createdTime, modifyId, modifyTime, isDBField)
VALUES ('c14ea1ba-ff97-4376-b5e2-44f0bbcd9f58', 'auditorId', '审核人', 'PMI', 'varchar', 'USER', 'S', 120.0, '', NULL, '{"isRecorded":"N","userIsMul":"N","isRequired":"Y","userDefaultRule":"N"}', '', 'T', NULL, 'N', NULL, 'Y', 12, 'b8ab9427-627b-469f-bfd0-4b1buser0001', '2022-08-08', 'b8ab9427-627b-469f-bfd0-4b1buser0001', '2022-08-08', 'Y');
INSERT INTO sys_field(id, colName, showName, objectType, dataType, htmlType, fieldType, displayWidth, remark, defaultValue, defaultRule, extendClass, layout, showMobile, isCommon, parentId, isValid, orderNum, creatorId, createdTime, modifyId, modifyTime, isDBField)
VALUES ('97659d12-9c02-44e3-bb53-b0209779b7cf', 'auditDate', '审核日期', 'PMI', 'datetime', 'DATE', 'S', 120.0, '', NULL, '{"isRecorded":"N","dateFormatRule":"YMD","dateDefaultRule":"N","isRequired":"N"}', '', 'T', NULL, 'N', NULL, 'Y', 13, 'b8ab9427-627b-469f-bfd0-4b1buser0001', '2022-08-08', 'b8ab9427-627b-469f-bfd0-4b1buser0001', '2022-08-08', 'Y');
INSERT INTO sys_field(id, colName, showName, objectType, dataType, htmlType, fieldType, displayWidth, remark, defaultValue, defaultRule, extendClass, layout, showMobile, isCommon, parentId, isValid, orderNum, creatorId, createdTime, modifyId, modifyTime, isDBField)
VALUES ('928b5638-bc04-41ac-abeb-0701f18d1e32', 'auditRemark', '审批意见', 'PMI', 'varchar', 'AREA', 'S', 120.0, '', '', '{"areaLength":"1024","areaIsLimit":"Y","areaRows":"8","isRecorded":"N","isRequired":"N"}', '', 'F', NULL, 'N', NULL, 'Y', 14, 'b8ab9427-627b-469f-bfd0-4b1buser0001', '2022-08-08', 'b8ab9427-627b-469f-bfd0-4b1buser0001', '2022-08-08', 'Y');
INSERT INTO sys_field(id, colName, showName, objectType, dataType, htmlType, fieldType, displayWidth, remark, defaultValue, defaultRule, extendClass, layout, showMobile, isCommon, parentId, isValid, orderNum, creatorId, createdTime, modifyId, modifyTime, isDBField)
VALUES ('e23ed00f-4d13-49ee-a479-7d7a1665188d', 'ownerId', '责任人', 'PMI', 'varchar', 'USER', 'S', 120.0, '', NULL, '{"isRecorded":"N","userIsMul":"","isRequired":"N","userDefaultRule":"N"}', '', 'T', NULL, 'N', NULL, 'Y', 15, 'b8ab9427-627b-469f-bfd0-4b1buser0001', '2022-08-08', 'b8ab9427-627b-469f-bfd0-4b1buser0001', '2022-08-08', 'Y');
INSERT INTO sys_field(id, colName, showName, objectType, dataType, htmlType, fieldType, displayWidth, remark, defaultValue, defaultRule, extendClass, layout, showMobile, isCommon, parentId, isValid, orderNum, creatorId, createdTime, modifyId, modifyTime, isDBField)
VALUES ('b535e8d3-d115-4c49-a86a-fe650b4aaf53', 'actorId', '参与人', 'PMI', 'varchar', 'USER', 'S', 120.0, '', NULL, '{"isRecorded":"N","userIsMul":"Y","isRequired":"N","userDefaultRule":"N"}', '', 'T', NULL, 'N', NULL, 'Y', 16, 'b8ab9427-627b-469f-bfd0-4b1buser0001', '2022-08-08', 'b8ab9427-627b-469f-bfd0-4b1buser0001', '2022-08-08', 'Y');
INSERT INTO sys_field(id, colName, showName, objectType, dataType, htmlType, fieldType, displayWidth, remark, defaultValue, defaultRule, extendClass, layout, showMobile, isCommon, parentId, isValid, orderNum, creatorId, createdTime, modifyId, modifyTime, isDBField)
VALUES ('57587811-451a-4da3-9fbc-01ce52b1cdce', 'typeId', '项目类型', 'PMI', 'varchar', 'SELECT', 'S', 120.0, '', '', '{"isSeached":"Y","selectSource":"","setCascade":"","isRecorded":"N","isRequired":"Y"}', '', 'T', NULL, 'N', NULL, 'Y', 18, 'b8ab9427-627b-469f-bfd0-4b1buser0001', '2022-08-08', 'b8ab9427-627b-469f-bfd0-4b1buser0001', '2022-08-08', 'Y');
INSERT INTO sys_field(id, colName, showName, objectType, dataType, htmlType, fieldType, displayWidth, remark, defaultValue, defaultRule, extendClass, layout, showMobile, isCommon, parentId, isValid, orderNum, creatorId, createdTime, modifyId, modifyTime, isDBField)
VALUES ('8d758406-86a3-4358-ad0a-1757f5bc4923', 'customerName', '客户名称', 'PMI', 'varchar', 'TEXT', 'S', 120.0, '', '', '{"isRecorded":"N","textLength":"128","isRequired":"N"}', '', 'T', NULL, 'N', NULL, 'Y', 19, 'b8ab9427-627b-469f-bfd0-4b1buser0001', '2022-08-08', 'b8ab9427-627b-469f-bfd0-4b1buser0001', '2022-08-08', 'Y');
INSERT INTO sys_field(id, colName, showName, objectType, dataType, htmlType, fieldType, displayWidth, remark, defaultValue, defaultRule, extendClass, layout, showMobile, isCommon, parentId, isValid, orderNum, creatorId, createdTime, modifyId, modifyTime, isDBField)
VALUES ('5382b624-7d4a-42f7-9b70-fa83a36cc093', 'levelId', '优先级', 'PMI', 'varchar', 'SELECT', 'S', 120.0, '', '', '{"isSeached":"Y","selectSource":"a9e5bffc-2fe8-4429-8eb8-daeeb567d9ba","setCascade":"","isRecorded":"N","isRequired":"Y"}', '', 'T', NULL, 'N', NULL, 'Y', 21, 'b8ab9427-627b-469f-bfd0-4b1buser0001', '2022-08-08', 'b8ab9427-627b-469f-bfd0-4b1buser0001', '2022-08-08', 'Y');
INSERT INTO sys_field(id, colName, showName, objectType, dataType, htmlType, fieldType, displayWidth, remark, defaultValue, defaultRule, extendClass, layout, showMobile, isCommon, parentId, isValid, orderNum, creatorId, createdTime, modifyId, modifyTime, isDBField)
VALUES ('9cd138ac-acc5-4ca2-b009-a4093ce84b55', 'pjtBudget', '项目预算', 'PMI', 'float', 'NUMBER', 'S', 120.0, '', '', '{"numberMax":"","numberFormat":"D","isRecorded":"N","numberMin":"","numberPrecision":"","isRequired":"N","unitId":"0b7d0935-7d9e-40cc-9dfd-69cccunit007"}', '', 'T', NULL, 'N', NULL, 'Y', 22, 'b8ab9427-627b-469f-bfd0-4b1buser0001', '2022-08-08', 'b8ab9427-627b-469f-bfd0-4b1buser0001', '2022-08-08', 'Y');
INSERT INTO sys_field(id, colName, showName, objectType, dataType, htmlType, fieldType, displayWidth, remark, defaultValue, defaultRule, extendClass, layout, showMobile, isCommon, parentId, isValid, orderNum, creatorId, createdTime, modifyId, modifyTime, isDBField)
VALUES ('6bd43868-6414-4c04-89f7-7fbc70bfc2f6', 'projectMngId', '项目经理', 'PMI', 'varchar', 'USER', 'S', 120.0, '', NULL, '{"isRecorded":"N","userIsMul":"","isRequired":"N","userDefaultRule":"N"}', '', 'T', NULL, 'N', NULL, 'Y', 23, 'b8ab9427-627b-469f-bfd0-4b1buser0001', '2022-08-08', 'b8ab9427-627b-469f-bfd0-4b1buser0001', '2022-08-08', 'Y');
INSERT INTO sys_field(id, colName, showName, objectType, dataType, htmlType, fieldType, displayWidth, remark, defaultValue, defaultRule, extendClass, layout, showMobile, isCommon, parentId, isValid, orderNum, creatorId, createdTime, modifyId, modifyTime, isDBField)
VALUES ('71feedff-8490-459d-af60-0fdac3c72bcc', 'busAnalyzer', '业务分析师', 'PMI', 'varchar', 'USER', 'S', 120.0, '', NULL, '{"isRecorded":"N","userIsMul":"Y","isRequired":"N","userDefaultRule":"N"}', '', 'T', NULL, 'N', NULL, 'Y', 24, 'b8ab9427-627b-469f-bfd0-4b1buser0001', '2022-08-08', 'b8ab9427-627b-469f-bfd0-4b1buser0001', '2022-08-08', 'Y');
INSERT INTO sys_field(id, colName, showName, objectType, dataType, htmlType, fieldType, displayWidth, remark, defaultValue, defaultRule, extendClass, layout, showMobile, isCommon, parentId, isValid, orderNum, creatorId, createdTime, modifyId, modifyTime, isDBField)
VALUES ('e5efa221-f0d0-4245-93d0-a73a9fd86bdb', 'highMngId', '高级管理层', 'PMI', 'varchar', 'USER', 'S', 120.0, '', NULL, '{"isRecorded":"N","userIsMul":"Y","isRequired":"N","userDefaultRule":"N"}', '', 'T', NULL, 'N', NULL, 'Y', 26, 'b8ab9427-627b-469f-bfd0-4b1buser0001', '2022-08-08', 'b8ab9427-627b-469f-bfd0-4b1buser0001', '2022-08-08', 'Y');
INSERT INTO sys_field(id, colName, showName, objectType, dataType, htmlType, fieldType, displayWidth, remark, defaultValue, defaultRule, extendClass, layout, showMobile, isCommon, parentId, isValid, orderNum, creatorId, createdTime, modifyId, modifyTime, isDBField)
VALUES ('9bbcc361-ee6d-40ae-9061-d181486a4404', 'pjtBackground', '项目背景', 'PMI', 'varchar', 'AREA', 'S', 120.0, '', '', '{"areaLength":"1024","areaIsLimit":"Y","areaRows":"8","isRecorded":"N","isRequired":"N"}', '', 'F', NULL, 'N', NULL, 'Y', 27, 'b8ab9427-627b-469f-bfd0-4b1buser0001', '2022-08-08', 'b8ab9427-627b-469f-bfd0-4b1buser0001', '2022-08-08', 'Y');
INSERT INTO sys_field(id, colName, showName, objectType, dataType, htmlType, fieldType, displayWidth, remark, defaultValue, defaultRule, extendClass, layout, showMobile, isCommon, parentId, isValid, orderNum, creatorId, createdTime, modifyId, modifyTime, isDBField)
VALUES ('fae66d70-364c-4f52-8b62-7e5efd3d3d28', 'pjtTarget', '项目目标', 'PMI', 'varchar', 'AREA', 'S', 120.0, '', '', '{"areaLength":"1024","areaIsLimit":"Y","areaRows":"8","isRecorded":"N","isRequired":"N"}', '', 'F', NULL, 'N', NULL, 'Y', 28, 'b8ab9427-627b-469f-bfd0-4b1buser0001', '2022-08-08', 'b8ab9427-627b-469f-bfd0-4b1buser0001', '2022-08-08', 'Y');
INSERT INTO sys_field(id, colName, showName, objectType, dataType, htmlType, fieldType, displayWidth, remark, defaultValue, defaultRule, extendClass, layout, showMobile, isCommon, parentId, isValid, orderNum, creatorId, createdTime, modifyId, modifyTime, isDBField)
VALUES ('955e50cf-7df1-4486-9152-dd85ea3a29a6', 'pjtScope', '项目范围', 'PMI', 'varchar', 'AREA', 'S', 120.0, '', '', '{"areaLength":"1024","areaIsLimit":"Y","areaRows":"8","isRecorded":"N","isRequired":"N"}', '', 'F', NULL, 'N', NULL, 'Y', 29, 'b8ab9427-627b-469f-bfd0-4b1buser0001', '2022-08-08', 'b8ab9427-627b-469f-bfd0-4b1buser0001', '2022-08-08', 'Y');
INSERT INTO sys_field(id, colName, showName, objectType, dataType, htmlType, fieldType, displayWidth, remark, defaultValue, defaultRule, extendClass, layout, showMobile, isCommon, parentId, isValid, orderNum, creatorId, createdTime, modifyId, modifyTime, isDBField)
VALUES ('d1db16aa-aef9-441b-9c64-70b4fa68bdd0', 'techAnalysis', '技术可行性', 'PMI', 'varchar', 'AREA', 'S', 120.0, '', '', '{"areaLength":"1024","areaIsLimit":"Y","areaRows":"8","isRecorded":"N","isRequired":"N"}', '', 'F', NULL, 'N', NULL, 'Y', 30, 'b8ab9427-627b-469f-bfd0-4b1buser0001', '2022-08-08', 'b8ab9427-627b-469f-bfd0-4b1buser0001', '2022-08-08', 'Y');
INSERT INTO sys_field(id, colName, showName, objectType, dataType, htmlType, fieldType, displayWidth, remark, defaultValue, defaultRule, extendClass, layout, showMobile, isCommon, parentId, isValid, orderNum, creatorId, createdTime, modifyId, modifyTime, isDBField)
VALUES ('a213a511-259c-4750-8960-f723419ca494', 'busAnalysis', '商业可行性', 'PMI', 'varchar', 'AREA', 'S', 120.0, '', '', '{"areaLength":"1024","areaIsLimit":"Y","areaRows":"8","isRecorded":"N","isRequired":"N"}', '', 'F', NULL, 'N', NULL, 'Y', 31, 'b8ab9427-627b-469f-bfd0-4b1buser0001', '2022-08-08', 'b8ab9427-627b-469f-bfd0-4b1buser0001', '2022-08-08', 'Y');
INSERT INTO sys_field(id, colName, showName, objectType, dataType, htmlType, fieldType, displayWidth, remark, defaultValue, defaultRule, extendClass, layout, showMobile, isCommon, parentId, isValid, orderNum, creatorId, createdTime, modifyId, modifyTime, isDBField)
VALUES ('54ab19a0-8e57-4fba-81ff-0469481a5494', 'riskAnalysis', '风险评估', 'PMI', 'varchar', 'AREA', 'S', 120.0, '', '', '{"areaLength":"1024","areaIsLimit":"Y","areaRows":"8","isRecorded":"N","isRequired":"N"}', '', 'F', NULL, 'N', NULL, 'Y', 32, 'b8ab9427-627b-469f-bfd0-4b1buser0001', '2022-08-08', 'b8ab9427-627b-469f-bfd0-4b1buser0001', '2022-08-08', 'Y');
INSERT INTO sys_field(id, colName, showName, objectType, dataType, htmlType, fieldType, displayWidth, remark, defaultValue, defaultRule, extendClass, layout, showMobile, isCommon, parentId, isValid, orderNum, creatorId, createdTime, modifyId, modifyTime, isDBField)
VALUES ('a6286c17-e038-44cf-9aba-c7066d38dd26', 'pjtMilestone', '项目里程碑', 'PMI', 'varchar', 'SIGN', 'S', 120.0, '', NULL, '{"isRecorded":"N","isRequired":"N","signDefaultRule":"ZDY","isShowed":"N"}', 'com.dream.milestoneSign.PjtMilestoneSign', 'F', NULL, 'N', NULL, 'Y', 34, 'b8ab9427-627b-469f-bfd0-4b1buser0001', '2022-08-08', 'b8ab9427-627b-469f-bfd0-4b1buser0001', '2022-08-08', 'N');
INSERT INTO sys_field(id, colName, showName, objectType, dataType, htmlType, fieldType, displayWidth, remark, defaultValue, defaultRule, extendClass, layout, showMobile, isCommon, parentId, isValid, orderNum, creatorId, createdTime, modifyId, modifyTime, isDBField)
VALUES ('ad6e1213-85e3-4a7d-ba26-afe76626cec2', 'planTemplate', '项目计划', 'PMI', 'varchar', 'SIGN', 'S', 120.0, '', NULL, '{"isRecorded":"N","isRequired":"N","signDefaultRule":"ZDY","isShowed":"N"}', 'com.dream.planSign.PlanSign', 'F', NULL, 'N', NULL, 'Y', 35, 'b8ab9427-627b-469f-bfd0-4b1buser0001', '2022-08-08', 'b8ab9427-627b-469f-bfd0-4b1buser0001', '2022-08-08', 'N');
INSERT INTO sys_field(id, colName, showName, objectType, dataType, htmlType, fieldType, displayWidth, remark, defaultValue, defaultRule, extendClass, layout, showMobile, isCommon, parentId, isValid, orderNum, creatorId, createdTime, modifyId, modifyTime, isDBField)
VALUES ('20fa265d-3a1d-4aa5-a156-54034381bda9', 'roleMember', '角色成员', 'PMI', 'varchar', 'SIGN', 'S', 120.0, '', NULL, '{"isRecorded":"N","isRequired":"N","signDefaultRule":"ZDY","isShowed":"N"}', 'com.dream.roleMemberSign.RoleMemberSign', 'F', NULL, 'N', NULL, 'Y', 36, 'b8ab9427-627b-469f-bfd0-4b1buser0001', '2022-08-08', 'b8ab9427-627b-469f-bfd0-4b1buser0001', '2022-08-08', 'N');
INSERT INTO sys_field(id, colName, showName, objectType, dataType, htmlType, fieldType, displayWidth, remark, defaultValue, defaultRule, extendClass, layout, showMobile, isCommon, parentId, isValid, orderNum, creatorId, createdTime, modifyId, modifyTime, isDBField)
VALUES ('504b6484-ac73-4c39-aa20-d094149b9052', 'signOpinionId', '会签意见', 'PMI', 'varchar', 'SELECT', 'S', 120.0, '', NULL, '{"isSeached":"Y","selectSource":"5670fc35-7f85-4a07-9ebc-f586874624fd","setCascade":"","isRecorded":"Y","isRequired":"Y"}', '', 'T', NULL, 'N', NULL, 'Y', 41, 'b8ab9427-627b-469f-bfd0-4b1buser0001', '2022-08-08', 'b8ab9427-627b-469f-bfd0-4b1buser0001', '2022-08-08', 'Y');
INSERT INTO sys_field(id, colName, showName, objectType, dataType, htmlType, fieldType, displayWidth, remark, defaultValue, defaultRule, extendClass, layout, showMobile, isCommon, parentId, isValid, orderNum, creatorId, createdTime, modifyId, modifyTime, isDBField)
VALUES ('cf306868-acdb-467c-8ddb-a1eadd1bd9ae', 'signRemark', '会签描述', 'PMI', 'varchar', 'AREA', 'S', 120.0, '', '', '{"areaLength":"1024","areaIsLimit":"Y","areaRows":"8","isRecorded":"N","isRequired":"N"}', '', 'F', NULL, 'N', NULL, 'Y', 42, 'b8ab9427-627b-469f-bfd0-4b1buser0001', '2022-08-08', 'b8ab9427-627b-469f-bfd0-4b1buser0001', '2022-08-08', 'Y');
INSERT INTO sys_field(id, colName, showName, objectType, dataType, htmlType, fieldType, displayWidth, remark, defaultValue, defaultRule, extendClass, layout, showMobile, isCommon, parentId, isValid, orderNum, creatorId, createdTime, modifyId, modifyTime, isDBField)
VALUES ('3de96abc-d16b-48c9-b338-adf04b6b0fd1', 'lampSign', '指示灯', 'PMI', 'float', 'NUMBER', 'S', 120.0, '', '', '{"numberFormat":"I","isRecorded":"N","isRequired":"N","redLight":"79","greenLight":"30"}', '', 'T', NULL, 'N', NULL, 'Y', 43, 'b8ab9427-627b-469f-bfd0-4b1buser0001', '2022-08-08', 'b8ab9427-627b-469f-bfd0-4b1buser0001', '2022-08-08', 'Y');
INSERT INTO sys_field(id, colName, showName, objectType, dataType, htmlType, fieldType, displayWidth, remark, defaultValue, defaultRule, extendClass, layout, showMobile, isCommon, parentId, isValid, orderNum, creatorId, createdTime, modifyId, modifyTime, isDBField)
VALUES ('dd3e1da4-ed54-41fa-977c-2d275bf3af5b', 'fileSign', '附件', 'PMI', 'varchar', 'SIGN', 'S', 120.0, '', NULL, '{"isRecorded":"N","isRequired":"N","signDefaultRule":"ZDY","isShowed":"N"}', 'com.dream.fileSign.FileSign', 'F', NULL, 'N', NULL, 'Y', 44, 'b8ab9427-627b-469f-bfd0-4b1buser0001', '2022-08-08', 'b8ab9427-627b-469f-bfd0-4b1buser0001', '2022-08-08', 'N');
INSERT INTO sys_field(id, colName, showName, objectType, dataType, htmlType, fieldType, displayWidth, remark, defaultValue, defaultRule, extendClass, layout, showMobile, isCommon, parentId, isValid, orderNum, creatorId, createdTime, modifyId, modifyTime, isDBField)
VALUES ('0eb63eca-ec88-4d06-9f52-cff421d9f5f0', 'related', '关联', 'PMI', 'varchar', 'SIGN', 'S', 120.0, '', NULL, '{"isRecorded":"N","isRequired":"N","signDefaultRule":"ZDY","isShowed":"N"}', 'com.dream.relatedSign.RelatedSign', 'F', NULL, 'N', NULL, 'Y', 45, 'b8ab9427-627b-469f-bfd0-4b1buser0001', '2022-08-08', 'b8ab9427-627b-469f-bfd0-4b1buser0001', '2022-08-08', 'N');
INSERT INTO sys_field(id, colName, showName, objectType, dataType, htmlType, fieldType, displayWidth, remark, defaultValue, defaultRule, extendClass, layout, showMobile, isCommon, parentId, isValid, orderNum, creatorId, createdTime, modifyId, modifyTime, isDBField)
VALUES ('467c992d-9398-46ea-b236-da11ffa41a25', 'creatorId', '创建人', 'PMI', 'varchar', 'USER', 'S', 120.0, '', NULL, '{"isRecorded":"N","userIsMul":"","isRequired":"N","userDefaultRule":"CS"}', '', 'T', NULL, 'N', NULL, 'Y', 46, 'b8ab9427-627b-469f-bfd0-4b1buser0001', '2022-08-08', 'b8ab9427-627b-469f-bfd0-4b1buser0001', '2022-08-08', 'Y');
INSERT INTO sys_field(id, colName, showName, objectType, dataType, htmlType, fieldType, displayWidth, remark, defaultValue, defaultRule, extendClass, layout, showMobile, isCommon, parentId, isValid, orderNum, creatorId, createdTime, modifyId, modifyTime, isDBField)
VALUES ('677ae8c2-5730-4bf6-8023-40e7f94ffa04', 'createdTime', '创建时间', 'PMI', 'datetime', 'DATE', 'S', 120.0, '', NULL, '{"isRecorded":"N","dateFormatRule":"YMDHm","dateDefaultRule":"CD","isRequired":"N"}', '', 'T', NULL, 'N', NULL, 'Y', 47, 'b8ab9427-627b-469f-bfd0-4b1buser0001', '2022-08-08', 'b8ab9427-627b-469f-bfd0-4b1buser0001', '2022-08-08', 'Y');
INSERT INTO sys_field(id, colName, showName, objectType, dataType, htmlType, fieldType, displayWidth, remark, defaultValue, defaultRule, extendClass, layout, showMobile, isCommon, parentId, isValid, orderNum, creatorId, createdTime, modifyId, modifyTime, isDBField)
VALUES ('4466d5af-870a-467e-a1fe-dacacc9bb0ae', 'modifyId', '更新人', 'PMI', 'varchar', 'USER', 'S', 120.0, '', NULL, '{"isRecorded":"N","userIsMul":"","isRequired":"N","userDefaultRule":"CS"}', '', 'T', NULL, 'N', NULL, 'Y', 48, 'b8ab9427-627b-469f-bfd0-4b1buser0001', '2022-08-08', 'b8ab9427-627b-469f-bfd0-4b1buser0001', '2022-08-08', 'Y');
INSERT INTO sys_field(id, colName, showName, objectType, dataType, htmlType, fieldType, displayWidth, remark, defaultValue, defaultRule, extendClass, layout, showMobile, isCommon, parentId, isValid, orderNum, creatorId, createdTime, modifyId, modifyTime, isDBField)
VALUES ('87c45a33-10f7-4a93-92e4-1d8db0d2e811', 'modifyTime', '最新更新时间', 'PMI', 'datetime', 'DATE', 'S', 120.0, '', NULL, '{"isRecorded":"N","dateFormatRule":"YMDHm","dateDefaultRule":"CD","isRequired":"N"}', '', 'T', NULL, 'N', NULL, 'Y', 49, 'b8ab9427-627b-469f-bfd0-4b1buser0001', '2022-08-08', 'b8ab9427-627b-469f-bfd0-4b1buser0001', '2022-08-08', 'Y');

INSERT INTO sys_fieldnum(id, objectType, fieldId, orderNum)
VALUES ('3d1e8781-8542-4f6b-a8a3-c04f661ecea7', 'PMI', 'fbd95340-7d49-45a2-a932-34c3c42b1604', 1);
INSERT INTO sys_fieldnum(id, objectType, fieldId, orderNum)
VALUES ('c61a5573-f94c-4041-b0ee-925dcec3d6e1', 'PMI', 'd341d286-5a8f-4ff6-b845-949a5b9fe435', 4);
INSERT INTO sys_fieldnum(id, objectType, fieldId, orderNum)
VALUES ('9444531b-3f4c-42a9-a9fc-d8646ee59ab7', 'PMI', 'b1d35c5f-2c6f-4f27-bf47-0ea31241c66f', 5);
INSERT INTO sys_fieldnum(id, objectType, fieldId, orderNum)
VALUES ('362819ba-ef98-493e-b4cd-4d0c19523aec', 'PMI', '1cecb799-7fc7-4281-ba3d-4441b441a75d', 7);
INSERT INTO sys_fieldnum(id, objectType, fieldId, orderNum)
VALUES ('3b7ff542-04a3-4a25-8bb6-b7c66e85b0ba', 'PMI', 'cabe8ace-2b4f-480c-aa5a-36105f7c72ea', 8);
INSERT INTO sys_fieldnum(id, objectType, fieldId, orderNum)
VALUES ('7647bd06-e104-4601-b57d-dbb5e2e881ef', 'PMI', '1b7489e6-08a5-4e28-acf7-d0adc8391ae9', 9);
INSERT INTO sys_fieldnum(id, objectType, fieldId, orderNum)
VALUES ('143bac3e-81ec-412f-b5e7-506a630dd809', 'PMI', '1d042dde-0eec-47d9-8880-442297b6942f', 10);
INSERT INTO sys_fieldnum(id, objectType, fieldId, orderNum)
VALUES ('7abef75f-a89a-431c-8b84-22884e6265ff', 'PMI', 'c14ea1ba-ff97-4376-b5e2-44f0bbcd9f58', 12);
INSERT INTO sys_fieldnum(id, objectType, fieldId, orderNum)
VALUES ('7b8cb027-3c85-44b3-99d5-2b3b9505c0da', 'PMI', '97659d12-9c02-44e3-bb53-b0209779b7cf', 13);
INSERT INTO sys_fieldnum(id, objectType, fieldId, orderNum)
VALUES ('fe25b7e4-d116-4d4e-bc83-ce47048ac87b', 'PMI', '928b5638-bc04-41ac-abeb-0701f18d1e32', 14);
INSERT INTO sys_fieldnum(id, objectType, fieldId, orderNum)
VALUES ('bc69934d-4950-43cc-9e70-b88800fd34c6', 'PMI', 'e23ed00f-4d13-49ee-a479-7d7a1665188d', 15);
INSERT INTO sys_fieldnum(id, objectType, fieldId, orderNum)
VALUES ('696b7769-0742-433f-b99d-65d85860913b', 'PMI', 'b535e8d3-d115-4c49-a86a-fe650b4aaf53', 16);
INSERT INTO sys_fieldnum(id, objectType, fieldId, orderNum)
VALUES ('390d136e-5fe0-480c-9644-7f8d1f5779c4', 'PMI', '57587811-451a-4da3-9fbc-01ce52b1cdce', 18);
INSERT INTO sys_fieldnum(id, objectType, fieldId, orderNum)
VALUES ('5502a7f3-0993-43fe-804c-0332e6dab600', 'PMI', '8d758406-86a3-4358-ad0a-1757f5bc4923', 19);
INSERT INTO sys_fieldnum(id, objectType, fieldId, orderNum)
VALUES ('f2c63980-5cbe-442a-a7db-b2e8bd596fe6', 'PMI', '5382b624-7d4a-42f7-9b70-fa83a36cc093', 21);
INSERT INTO sys_fieldnum(id, objectType, fieldId, orderNum)
VALUES ('040d96e4-521a-4b87-b940-dca72f62d483', 'PMI', '9cd138ac-acc5-4ca2-b009-a4093ce84b55', 22);
INSERT INTO sys_fieldnum(id, objectType, fieldId, orderNum)
VALUES ('19a4c6e8-351b-43af-92ea-804d7147465c', 'PMI', '6bd43868-6414-4c04-89f7-7fbc70bfc2f6', 23);
INSERT INTO sys_fieldnum(id, objectType, fieldId, orderNum)
VALUES ('4f2cdce6-15d5-420f-b53e-bcfdddb8332c', 'PMI', '71feedff-8490-459d-af60-0fdac3c72bcc', 24);
INSERT INTO sys_fieldnum(id, objectType, fieldId, orderNum)
VALUES ('ecf178d5-ff9e-49c6-b1c2-a5e019455995', 'PMI', 'e5efa221-f0d0-4245-93d0-a73a9fd86bdb', 26);
INSERT INTO sys_fieldnum(id, objectType, fieldId, orderNum)
VALUES ('72143488-1c25-41e7-a011-f3941f0033db', 'PMI', '9bbcc361-ee6d-40ae-9061-d181486a4404', 27);
INSERT INTO sys_fieldnum(id, objectType, fieldId, orderNum)
VALUES ('7dc6f630-51eb-4c6a-aca4-9f6e7ccdb295', 'PMI', 'fae66d70-364c-4f52-8b62-7e5efd3d3d28', 28);
INSERT INTO sys_fieldnum(id, objectType, fieldId, orderNum)
VALUES ('74786b7c-fe45-4c08-8dd0-b65b3227f560', 'PMI', '955e50cf-7df1-4486-9152-dd85ea3a29a6', 29);
INSERT INTO sys_fieldnum(id, objectType, fieldId, orderNum)
VALUES ('bb0518bd-c690-4d24-9098-923009310f7a', 'PMI', 'd1db16aa-aef9-441b-9c64-70b4fa68bdd0', 30);
INSERT INTO sys_fieldnum(id, objectType, fieldId, orderNum)
VALUES ('9816a2b3-153d-457e-a23b-72bbcc2c40d1', 'PMI', 'a213a511-259c-4750-8960-f723419ca494', 31);
INSERT INTO sys_fieldnum(id, objectType, fieldId, orderNum)
VALUES ('feac6ebd-c48a-4927-b777-52d43d982da7', 'PMI', '54ab19a0-8e57-4fba-81ff-0469481a5494', 32);
INSERT INTO sys_fieldnum(id, objectType, fieldId, orderNum)
VALUES ('9132727d-fd9f-452a-b993-63573c8ccc78', 'PMI', 'a6286c17-e038-44cf-9aba-c7066d38dd26', 34);
INSERT INTO sys_fieldnum(id, objectType, fieldId, orderNum)
VALUES ('a4f4fd21-a3b9-40c6-9828-c58f5f222eed', 'PMI', 'ad6e1213-85e3-4a7d-ba26-afe76626cec2', 35);
INSERT INTO sys_fieldnum(id, objectType, fieldId, orderNum)
VALUES ('1e00f5a3-34da-4e53-b33d-943a0b1ec3b5', 'PMI', '20fa265d-3a1d-4aa5-a156-54034381bda9', 36);
INSERT INTO sys_fieldnum(id, objectType, fieldId, orderNum)
VALUES ('c9f6025b-ca50-4b2a-a98b-7aa4b31fa5ce', 'PMI', '504b6484-ac73-4c39-aa20-d094149b9052', 41);
INSERT INTO sys_fieldnum(id, objectType, fieldId, orderNum)
VALUES ('21a75ffb-972b-4159-8c33-f01217c819e7', 'PMI', 'cf306868-acdb-467c-8ddb-a1eadd1bd9ae', 42);
INSERT INTO sys_fieldnum(id, objectType, fieldId, orderNum)
VALUES ('59c59b04-c022-47a7-b39d-fa8600f404b4', 'PMI', '3de96abc-d16b-48c9-b338-adf04b6b0fd1', 43);
INSERT INTO sys_fieldnum(id, objectType, fieldId, orderNum)
VALUES ('f2869030-2939-409e-8987-71dfbe9ac30e', 'PMI', 'dd3e1da4-ed54-41fa-977c-2d275bf3af5b', 44);
INSERT INTO sys_fieldnum(id, objectType, fieldId, orderNum)
VALUES ('3fb00b84-8319-4b06-ab96-d3b586caeb81', 'PMI', '0eb63eca-ec88-4d06-9f52-cff421d9f5f0', 45);
INSERT INTO sys_fieldnum(id, objectType, fieldId, orderNum)
VALUES ('b53d389c-2bd4-432c-a4e7-4052ecae3494', 'PMI', '467c992d-9398-46ea-b236-da11ffa41a25', 46);
INSERT INTO sys_fieldnum(id, objectType, fieldId, orderNum)
VALUES ('3b725dd9-b7b3-4bcc-b49d-ab0a135cd170', 'PMI', '677ae8c2-5730-4bf6-8023-40e7f94ffa04', 47);
INSERT INTO sys_fieldnum(id, objectType, fieldId, orderNum)
VALUES ('bd4becab-e5c7-49e5-89f3-dc5747999c30', 'PMI', '4466d5af-870a-467e-a1fe-dacacc9bb0ae', 48);
INSERT INTO sys_fieldnum(id, objectType, fieldId, orderNum)
VALUES ('00158637-fb5c-4762-9009-f8cede452251', 'PMI', '87c45a33-10f7-4a93-92e4-1d8db0d2e811', 49);

INSERT INTO sys_datasource(id, objectType, name, val, isSystem, remark, isValid, orderNum, creatorId, createdTime, modifyId, modifyTime, linkFieldId)
VALUES ('b104f291-443e-4b92-8f67-999c6f4b0855', 'PMI', '实体状态', NULL, 'Y', NULL, 'Y', 103, 'b8ab9427-627b-469f-bfd0-4b1buser0001', '2022-08-08', 'b8ab9427-627b-469f-bfd0-4b1buser0001', '2022-08-08', '1b7489e6-08a5-4e28-acf7-d0adc8391ae9');
INSERT INTO sys_datasource(id, objectType, name, val, isSystem, remark, isValid, orderNum, creatorId, createdTime, modifyId, modifyTime, linkFieldId)
VALUES ('5670fc35-7f85-4a07-9ebc-f586874624fd', 'PMI', '会签意见', NULL, 'Y', NULL, 'Y', 104, 'b8ab9427-627b-469f-bfd0-4b1buser0001', '2022-08-08', 'b8ab9427-627b-469f-bfd0-4b1buser0001', '2022-08-08', '504b6484-ac73-4c39-aa20-d094149b9052');

INSERT INTO sys_dataoption(id, objectType, name, dataBaseId, parentId, isSystem, remark, bgColor, fColor, isValid, orderNum, creatorId, createdTime, modifyId, modifyTime)
VALUES ('e98b6180-70ce-4c53-a3a4-f5e0ca700b30', 'PMI', '同意', '5670fc35-7f85-4a07-9ebc-f586874624fd', '', 'Y', NULL, '', '', 'Y', 375, 'b8ab9427-627b-469f-bfd0-4b1buser0001', '2022-08-08', 'b8ab9427-627b-469f-bfd0-4b1buser0001', '2022-08-08');
INSERT INTO sys_dataoption(id, objectType, name, dataBaseId, parentId, isSystem, remark, bgColor, fColor, isValid, orderNum, creatorId, createdTime, modifyId, modifyTime)
VALUES ('ea0de236-b40f-402d-beff-25bb3786cbe4', 'PMI', '不同意', '5670fc35-7f85-4a07-9ebc-f586874624fd', '', 'Y', NULL, '', '', 'Y', 376, 'b8ab9427-627b-469f-bfd0-4b1buser0001', '2022-08-08', 'b8ab9427-627b-469f-bfd0-4b1buser0001', '2022-08-08');
INSERT INTO sys_dataoption(id, objectType, name, dataBaseId, parentId, isSystem, remark, bgColor, fColor, isValid, orderNum, creatorId, createdTime, modifyId, modifyTime)
VALUES ('93988a8c-b72e-4028-abd4-5a212bf9f4f0', 'PMI', '保留意见', '5670fc35-7f85-4a07-9ebc-f586874624fd', '', 'Y', NULL, '', '', 'Y', 377, 'b8ab9427-627b-469f-bfd0-4b1buser0001', '2022-08-08', 'b8ab9427-627b-469f-bfd0-4b1buser0001', '2022-08-08');
INSERT INTO sys_dataoption(id, objectType, name, dataBaseId, parentId, isSystem, remark, bgColor, fColor, isValid, orderNum, creatorId, createdTime, modifyId, modifyTime)
VALUES ('4573cf5f-ddcc-44c8-80ad-4eba38725942', 'PMI', '高', 'a9e5bffc-2fe8-4429-8eb8-daeeb567d9ba', '', 'Y', NULL, '', '', 'N', 378, 'b8ab9427-627b-469f-bfd0-4b1buser0001', '2022-08-08', 'b8ab9427-627b-469f-bfd0-4b1buser0001', '2022-08-08');
INSERT INTO sys_dataoption(id, objectType, name, dataBaseId, parentId, isSystem, remark, bgColor, fColor, isValid, orderNum, creatorId, createdTime, modifyId, modifyTime)
VALUES ('4d2b4828-2f4e-4501-8ec1-2f50a2aea848', 'PMI', '中', 'a9e5bffc-2fe8-4429-8eb8-daeeb567d9ba', '', 'Y', NULL, '', '', 'N', 379, 'b8ab9427-627b-469f-bfd0-4b1buser0001', '2022-08-08', 'b8ab9427-627b-469f-bfd0-4b1buser0001', '2022-08-08');
INSERT INTO sys_dataoption(id, objectType, name, dataBaseId, parentId, isSystem, remark, bgColor, fColor, isValid, orderNum, creatorId, createdTime, modifyId, modifyTime)
VALUES ('7e3b1d9f-9fd8-4df6-801f-2ee3ef31af13', 'PMI', '低', 'a9e5bffc-2fe8-4429-8eb8-daeeb567d9ba', '', 'Y', NULL, '', '', 'N', 380, 'b8ab9427-627b-469f-bfd0-4b1buser0001', '2022-08-08', 'b8ab9427-627b-469f-bfd0-4b1buser0001', '2022-08-08');
INSERT INTO sys_dataoption(id, objectType, name, dataBaseId, parentId, isSystem, remark, bgColor, fColor, isValid, orderNum, creatorId, createdTime, modifyId, modifyTime)
VALUES ('f2000877-3a65-486f-883e-fffc42791192', 'PMI', '开启', 'b104f291-443e-4b92-8f67-999c6f4b0855', '', 'Y', NULL, '', '', 'Y', 371, 'b8ab9427-627b-469f-bfd0-4b1buser0001', '2022-08-08', 'b8ab9427-627b-469f-bfd0-4b1buser0001', '2022-08-08');
INSERT INTO sys_dataoption(id, objectType, name, dataBaseId, parentId, isSystem, remark, bgColor, fColor, isValid, orderNum, creatorId, createdTime, modifyId, modifyTime)
VALUES ('e02ce6bd-085f-466b-937e-baee91bbdf68', 'PMI', '待审核', 'b104f291-443e-4b92-8f67-999c6f4b0855', '', 'Y', NULL, '', '', 'Y', 372, 'b8ab9427-627b-469f-bfd0-4b1buser0001', '2022-08-08', 'b8ab9427-627b-469f-bfd0-4b1buser0001', '2022-08-08');
INSERT INTO sys_dataoption(id, objectType, name, dataBaseId, parentId, isSystem, remark, bgColor, fColor, isValid, orderNum, creatorId, createdTime, modifyId, modifyTime)
VALUES ('ad34d819-a08b-4b5a-9134-627058a3a0db', 'PMI', '关闭', 'b104f291-443e-4b92-8f67-999c6f4b0855', '', 'Y', NULL, '', '', 'Y', 373, 'b8ab9427-627b-469f-bfd0-4b1buser0001', '2022-08-08', 'b8ab9427-627b-469f-bfd0-4b1buser0001', '2022-08-08');
INSERT INTO sys_dataoption(id, objectType, name, dataBaseId, parentId, isSystem, remark, bgColor, fColor, isValid, orderNum, creatorId, createdTime, modifyId, modifyTime)
VALUES ('9768e576-453f-4684-a020-b9a12cb817e2', 'PMI', '暂停', 'b104f291-443e-4b92-8f67-999c6f4b0855', '', 'Y', NULL, '', '', 'Y', 374, 'b8ab9427-627b-469f-bfd0-4b1buser0001', '2022-08-08', 'b8ab9427-627b-469f-bfd0-4b1buser0001', '2022-08-08');

INSERT INTO sys_reportchart(id, name, simpleName, status, isCandidate, objectType, chartType, dataFieldId, categoryFieldId, scope, remark, orderNum, isValid, creatorId, createdTime, modifyId, modifyTime, parentId, pjtStatus, isUsePjt, pjtOrderNum, height, width)
VALUES ('54882197-975e-4775-9daa-99b006260182', '立项', '立项', 'RN', 'Y', 'PMI', 'catalog', NULL, NULL, 'P', NULL, NULL, 'Y', 'b8ab9427-627b-469f-bfd0-4b1buser0001', '2022-08-08', 'b8ab9427-627b-469f-bfd0-4b1buser0001', '2022-08-08', NULL, 'RN', 'Y', 37, '1', '1');
INSERT INTO sys_reportchart(id, name, simpleName, status, isCandidate, objectType, chartType, dataFieldId, categoryFieldId, scope, remark, orderNum, isValid, creatorId, createdTime, modifyId, modifyTime, parentId, pjtStatus, isUsePjt, pjtOrderNum, height, width)
VALUES ('7029ee03-875a-4b41-8127-fdc81651d6d2', '立项状态分布图', '立项状态分布', 'RN', 'Y', 'PMI', 'pie-basic', 'cabe8ace-2b4f-480c-aa5a-36105f7c72ea', '', 'L,P,S', '', 1, 'Y', 'b8ab9427-627b-469f-bfd0-4b1buser0001', '2022-08-08', 'b8ab9427-627b-469f-bfd0-4b1buser0001', '2022-08-08', '54882197-975e-4775-9daa-99b006260182', 'RN', 'N', 1, '1', '1');
INSERT INTO sys_reportchart(id, name, simpleName, status, isCandidate, objectType, chartType, dataFieldId, categoryFieldId, scope, remark, orderNum, isValid, creatorId, createdTime, modifyId, modifyTime, parentId, pjtStatus, isUsePjt, pjtOrderNum, height, width)
VALUES ('f8121354-1f98-4525-a125-07aa2dabc5ea', '立项类型分布图', '立项类型分布', 'RN', 'Y', 'PMI', 'pie-basic', '57587811-451a-4da3-9fbc-01ce52b1cdce', '', 'L,P,S', '', 2, 'Y', 'b8ab9427-627b-469f-bfd0-4b1buser0001', '2022-08-08', 'b8ab9427-627b-469f-bfd0-4b1buser0001', '2022-08-08', '54882197-975e-4775-9daa-99b006260182', 'RN', 'N', 2, '1', '1');
INSERT INTO sys_reportchart(id, name, simpleName, status, isCandidate, objectType, chartType, dataFieldId, categoryFieldId, scope, remark, orderNum, isValid, creatorId, createdTime, modifyId, modifyTime, parentId, pjtStatus, isUsePjt, pjtOrderNum, height, width)
VALUES ('27cd3af9-c014-421d-837a-de6c1c08cd14', '立项优先级分布图', '立项优先级分布', 'RN', 'Y', 'PMI', 'pie-basic', '5382b624-7d4a-42f7-9b70-fa83a36cc093', '', 'L,P,S', '', 3, 'Y', 'b8ab9427-627b-469f-bfd0-4b1buser0001', '2022-08-08', 'b8ab9427-627b-469f-bfd0-4b1buser0001', '2022-08-08', '54882197-975e-4775-9daa-99b006260182', 'RN', 'N', 3, '1', '1');
INSERT INTO sys_reportchart(id, name, simpleName, status, isCandidate, objectType, chartType, dataFieldId, categoryFieldId, scope, remark, orderNum, isValid, creatorId, createdTime, modifyId, modifyTime, parentId, pjtStatus, isUsePjt, pjtOrderNum, height, width)
VALUES ('58bf1dfb-8da6-47d9-a2ed-b1740eebb36e', '立项创建人分布图', '立项创建人分布', 'RN', 'Y', 'PMI', 'pie-basic', '467c992d-9398-46ea-b236-da11ffa41a25', '', 'L,P,S', '', 4, 'Y', 'b8ab9427-627b-469f-bfd0-4b1buser0001', '2022-08-08', 'b8ab9427-627b-469f-bfd0-4b1buser0001', '2022-08-08', '54882197-975e-4775-9daa-99b006260182', 'RN', 'N', 4, '1', '1');

INSERT INTO wf_instance(id, name, objectType, remark, modelId, status, orderNum, isSystem, isValid, isDefault, graphView, tranExeCls, creatorId, createdTime, modifyId, modifyTime, step, title, deploymentId, tempStatus)
VALUES ('ACTd43cc-0d99-417f-9982-a1e9704f12d4', '立项管理模型_1.0', 'PMI', '', '31', 'IN', 1, 'Y', 'Y', 'Y', CONVERT(varbinary(max), '<svg xmlns="http://www.w3.org/2000/svg" xmlns:oryx="http://oryx-editor.org" id="sid-2F8DFF18-8D59-433D-B027-C92B08F891FE" width="1282" height="445" xmlns:xlink="http://www.w3.org/1999/xlink" xmlns:svg="http://www.w3.org/2000/svg"><defs><marker id="sid-6AB679E1-CB82-4CFA-8D84-80F53773C531start" refX="1" refY="5" markerUnits="userSpaceOnUse" markerWidth="17" markerHeight="11" orient="auto">	  		undefined			<path id="sid-6AB679E1-CB82-4CFA-8D84-80F53773C531default" d="M 5 0 L 11 10" fill="white" stroke="#b7b5b5" stroke-width="1" display="none"/>	  	</marker><marker id="sid-6AB679E1-CB82-4CFA-8D84-80F53773C531end" refX="9" refY="5" markerUnits="userSpaceOnUse" markerWidth="11" markerHeight="10" orient="auto">	  		<path id="sid-6AB679E1-CB82-4CFA-8D84-80F53773C531arrowhead" d="M 0 1 L 10 5 L 1 9z" fill="#cfcccc" stroke="#cfcccc" stroke-linejoin="round" stroke-width="1"/>	  	</marker><marker id="sid-3B59A3CC-89E9-45AD-B9B5-7472AA36F214start" refX="1" refY="5" markerUnits="userSpaceOnUse" markerWidth="17" markerHeight="11" orient="auto">	  		undefined			<path id="sid-3B59A3CC-89E9-45AD-B9B5-7472AA36F214default" d="M 5 0 L 11 10" fill="white" stroke="#b7b5b5" stroke-width="1" display="none"/>	  	</marker><marker id="sid-3B59A3CC-89E9-45AD-B9B5-7472AA36F214end" refX="9" refY="5" markerUnits="userSpaceOnUse" markerWidth="11" markerHeight="10" orient="auto">	  		<path id="sid-3B59A3CC-89E9-45AD-B9B5-7472AA36F214arrowhead" d="M 0 1 L 10 5 L 1 9z" fill="#cfcccc" stroke="#cfcccc" stroke-linejoin="round" stroke-width="1"/>	  	</marker><marker id="sid-0DFA9044-5648-4B51-A7D9-5CDA6033D916start" refX="1" refY="5" markerUnits="userSpaceOnUse" markerWidth="17" markerHeight="11" orient="auto">	  		undefined			<path id="sid-0DFA9044-5648-4B51-A7D9-5CDA6033D916default" d="M 5 0 L 11 10" fill="white" stroke="#b7b5b5" stroke-width="1" display="none"/>	  	</marker><marker id="sid-0DFA9044-5648-4B51-A7D9-5CDA6033D916end" refX="9" refY="5" markerUnits="userSpaceOnUse" markerWidth="11" markerHeight="10" orient="auto">	  		<path id="sid-0DFA9044-5648-4B51-A7D9-5CDA6033D916arrowhead" d="M 0 1 L 10 5 L 1 9z" fill="#cfcccc" stroke="#cfcccc" stroke-linejoin="round" stroke-width="1"/>	  	</marker><marker id="sid-A916C098-9261-44EA-86A6-533DB3187B3Cstart" refX="1" refY="5" markerUnits="userSpaceOnUse" markerWidth="17" markerHeight="11" orient="auto">	  		undefined			<path id="sid-A916C098-9261-44EA-86A6-533DB3187B3Cdefault" d="M 5 0 L 11 10" fill="white" stroke="#b7b5b5" stroke-width="1" display="none"/>	  	</marker><marker id="sid-A916C098-9261-44EA-86A6-533DB3187B3Cend" refX="9" refY="5" markerUnits="userSpaceOnUse" markerWidth="11" markerHeight="10" orient="auto">	  		<path id="sid-A916C098-9261-44EA-86A6-533DB3187B3Carrowhead" d="M 0 1 L 10 5 L 1 9z" fill="#cfcccc" stroke="#cfcccc" stroke-linejoin="round" stroke-width="1"/>	  	</marker><marker id="sid-70AC485F-9B81-4475-9A28-5AFD18EC2CB2start" refX="1" refY="5" markerUnits="userSpaceOnUse" markerWidth="17" markerHeight="11" orient="auto">	  		undefined			<path id="sid-70AC485F-9B81-4475-9A28-5AFD18EC2CB2default" d="M 5 0 L 11 10" fill="white" stroke="#b7b5b5" stroke-width="1" display="none"/>	  	</marker><marker id="sid-70AC485F-9B81-4475-9A28-5AFD18EC2CB2end" refX="9" refY="5" markerUnits="userSpaceOnUse" markerWidth="11" markerHeight="10" orient="auto">	  		<path id="sid-70AC485F-9B81-4475-9A28-5AFD18EC2CB2arrowhead" d="M 0 1 L 10 5 L 1 9z" fill="#cfcccc" stroke="#cfcccc" stroke-linejoin="round" stroke-width="1"/>	  	</marker><marker id="sid-9C36C681-8388-4941-BAAF-FFA089B9E570start" refX="1" refY="5" markerUnits="userSpaceOnUse" markerWidth="17" markerHeight="11" orient="auto">	  		undefined			<path id="sid-9C36C681-8388-4941-BAAF-FFA089B9E570default" d="M 5 0 L 11 10" fill="white" stroke="#b7b5b5" stroke-width="1" display="none"/>	  	</marker><marker id="sid-9C36C681-8388-4941-BAAF-FFA089B9E570end" refX="9" refY="5" markerUnits="userSpaceOnUse" markerWidth="11" markerHeight="10" orient="auto">	  		<path id="sid-9C36C681-8388-4941-BAAF-FFA089B9E570arrowhead" d="M 0 1 L 10 5 L 1 9z" fill="#cfcccc" stroke="#cfcccc" stroke-linejoin="round" stroke-width="1"/>	  	</marker><marker id="sid-33B16D50-1477-4AF9-8C3C-17C7D45563B8start" refX="1" refY="5" markerUnits="userSpaceOnUse" markerWidth="17" markerHeight="11" orient="auto">	  		undefined			<path id="sid-33B16D50-1477-4AF9-8C3C-17C7D45563B8default" d="M 5 0 L 11 10" fill="white" stroke="#b7b5b5" stroke-width="1" display="none"/>	  	</marker><marker id="sid-33B16D50-1477-4AF9-8C3C-17C7D45563B8end" refX="9" refY="5" markerUnits="userSpaceOnUse" markerWidth="11" markerHeight="10" orient="auto">	  		<path id="sid-33B16D50-1477-4AF9-8C3C-17C7D45563B8arrowhead" d="M 0 1 L 10 5 L 1 9z" fill="#cfcccc" stroke="#cfcccc" stroke-linejoin="round" stroke-width="1"/>	  	</marker><marker id="sid-619E3981-AC24-4D70-8FFE-AE0ECAF09AA5start" refX="1" refY="5" markerUnits="userSpaceOnUse" markerWidth="17" markerHeight="11" orient="auto">	  		undefined			<path id="sid-619E3981-AC24-4D70-8FFE-AE0ECAF09AA5default" d="M 5 0 L 11 10" fill="white" stroke="#b7b5b5" stroke-width="1" display="none"/>	  	</marker><marker id="sid-619E3981-AC24-4D70-8FFE-AE0ECAF09AA5end" refX="9" refY="5" markerUnits="userSpaceOnUse" markerWidth="11" markerHeight="10" orient="auto">	  		<path id="sid-619E3981-AC24-4D70-8FFE-AE0ECAF09AA5arrowhead" d="M 0 1 L 10 5 L 1 9z" fill="#cfcccc" stroke="#cfcccc" stroke-linejoin="round" stroke-width="1"/>	  	</marker><marker id="sid-9B8BEAB0-5F14-447B-A551-03A629BD03C8start" refX="1" refY="5" markerUnits="userSpaceOnUse" markerWidth="17" markerHeight="11" orient="auto">	  		undefined			<path id="sid-9B8BEAB0-5F14-447B-A551-03A629BD03C8default" d="M 5 0 L 11 10" fill="white" stroke="#b7b5b5" stroke-width="1" display="none"/>	  	</marker><marker id="sid-9B8BEAB0-5F14-447B-A551-03A629BD03C8end" refX="9" refY="5" markerUnits="userSpaceOnUse" markerWidth="11" markerHeight="10" orient="auto">	  		<path id="sid-9B8BEAB0-5F14-447B-A551-03A629BD03C8arrowhead" d="M 0 1 L 10 5 L 1 9z" fill="#cfcccc" stroke="#cfcccc" stroke-linejoin="round" stroke-width="1"/>	  	</marker><marker id="sid-7AE42E16-18DA-42D5-846B-62DC0C2071DDstart" refX="1" refY="5" markerUnits="userSpaceOnUse" markerWidth="17" markerHeight="11" orient="auto">	  		undefined			<path id="sid-7AE42E16-18DA-42D5-846B-62DC0C2071DDdefault" d="M 5 0 L 11 10" fill="white" stroke="#b7b5b5" stroke-width="1" display="none"/>	  	</marker><marker id="sid-7AE42E16-18DA-42D5-846B-62DC0C2071DDend" refX="9" refY="5" markerUnits="userSpaceOnUse" markerWidth="11" markerHeight="10" orient="auto">	  		<path id="sid-7AE42E16-18DA-42D5-846B-62DC0C2071DDarrowhead" d="M 0 1 L 10 5 L 1 9z" fill="#cfcccc" stroke="#cfcccc" stroke-linejoin="round" stroke-width="1"/>	  	</marker><marker id="sid-B05E0302-6A30-43B3-90CC-9CD322E82FBAstart" refX="1" refY="5" markerUnits="userSpaceOnUse" markerWidth="17" markerHeight="11" orient="auto">	  		undefined			<path id="sid-B05E0302-6A30-43B3-90CC-9CD322E82FBAdefault" d="M 5 0 L 11 10" fill="white" stroke="#b7b5b5" stroke-width="1" display="none"/>	  	</marker><marker id="sid-B05E0302-6A30-43B3-90CC-9CD322E82FBAend" refX="9" refY="5" markerUnits="userSpaceOnUse" markerWidth="11" markerHeight="10" orient="auto">	  		<path id="sid-B05E0302-6A30-43B3-90CC-9CD322E82FBAarrowhead" d="M 0 1 L 10 5 L 1 9z" fill="#cfcccc" stroke="#cfcccc" stroke-linejoin="round" stroke-width="1"/>	  	</marker><marker id="sid-329A8A70-A6D8-4F75-9EF5-B36A1911B0FCstart" refX="1" refY="5" markerUnits="userSpaceOnUse" markerWidth="17" markerHeight="11" orient="auto">	  		undefined			<path id="sid-329A8A70-A6D8-4F75-9EF5-B36A1911B0FCdefault" d="M 5 0 L 11 10" fill="white" stroke="#b7b5b5" stroke-width="1" display="none"/>	  	</marker><marker id="sid-329A8A70-A6D8-4F75-9EF5-B36A1911B0FCend" refX="9" refY="5" markerUnits="userSpaceOnUse" markerWidth="11" markerHeight="10" orient="auto">	  		<path id="sid-329A8A70-A6D8-4F75-9EF5-B36A1911B0FCarrowhead" d="M 0 1 L 10 5 L 1 9z" fill="#cfcccc" stroke="#cfcccc" stroke-linejoin="round" stroke-width="1"/>	  	</marker></defs><svg id="underlay-container"/><g stroke="none" font-family="Verdana, sans-serif" font-size-adjust="none" font-style="normal" font-variant="normal" font-weight="normal" line-heigth="normal" font-size="12"><g class="stencils"><g class="me"/><g class="children"><g id="svg-sid-4E87C4AF-D37B-43F4-8AD6-0CAD12EA6820"><g class="stencils" transform="translate(129.5, 255)"><g class="me"><g pointer-events="fill" id="sid-349235A2-8049-40C1-A5D4-E56015D6A61F" title="开始">    <circle id="sid-349235A2-8049-40C1-A5D4-E56015D6A61Fbg_frame" cx="16" cy="16" r="16" stroke="none" fill="url(#sid-349235A2-8049-40C1-A5D4-E56015D6A61Fimage1)" stroke-width="0"/><defs id="sid-349235A2-8049-40C1-A5D4-E56015D6A61F_sid-349235A2-8049-40C1-A5D4-E56015D6A61F_5"><pattern width="32" height="32" patternUnits="userSpaceOnUse" y="0" x="0" id="sid-349235A2-8049-40C1-A5D4-E56015D6A61Fimage1"><image href="editor-app/images/start.png" height="32" width="32" y="0" x="0" id="sid-349235A2-8049-40C1-A5D4-E56015D6A61F_sid-349235A2-8049-40C1-A5D4-E56015D6A61F_6"/></pattern></defs> 	<text font-size="11" id="sid-349235A2-8049-40C1-A5D4-E56015D6A61Ftext_name" x="16" y="38" oryx:align="top center" stroke="#373e48" stroke-width="0pt" letter-spacing="-0.01px" transform="rotate(0 16 38)" oryx:fontSize="11" text-anchor="middle"><tspan dy="11" x="16" y="38">开始</tspan></text>  </g></g><g class="children" style="overflow:hidden"/><g class="edge"/></g><g class="controls"><g class="dockers"/><g class="magnets" transform="translate(129.5, 255)"><g pointer-events="all" display="none" transform="translate(8, 8)"><circle cx="8" cy="8" r="4" stroke="none" fill="red" fill-opacity="0.3"/></g></g></g></g><g id="svg-sid-6DA234EC-E7E4-42D0-A953-C0BA15ADE71B"><g class="stencils" transform="translate(281.5, 255)"><g class="me"><g pointer-events="fill" id="sid-EB65727B-F3A7-4DDA-83C6-C4B1E19CEB75" title="步骤">    <circle id="sid-EB65727B-F3A7-4DDA-83C6-C4B1E19CEB75bg_frame" cx="16" cy="16" r="16" stroke="none" fill="url(#sid-EB65727B-F3A7-4DDA-83C6-C4B1E19CEB75image2)" stroke-width="0"/><defs id="sid-EB65727B-F3A7-4DDA-83C6-C4B1E19CEB75_sid-EB65727B-F3A7-4DDA-83C6-C4B1E19CEB75_5"><pattern width="32" height="32" patternUnits="userSpaceOnUse" y="0" x="0" id="sid-EB65727B-F3A7-4DDA-83C6-C4B1E19CEB75image2"><image href="editor-app/images/status.png" height="32" width="32" y="0" x="0" id="sid-EB65727B-F3A7-4DDA-83C6-C4B1E19CEB75_sid-EB65727B-F3A7-4DDA-83C6-C4B1E19CEB75_6"/></pattern></defs>	<text font-size="11" id="sid-EB65727B-F3A7-4DDA-83C6-C4B1E19CEB75text_name" x="16" y="38" oryx:align="top center" stroke="#373e48" stroke-width="0pt" letter-spacing="-0.01px" transform="rotate(0 16 38)" oryx:fontSize="11" text-anchor="middle"><tspan dy="11" x="16" y="38">制定项目提案</tspan></text>  </g></g><g class="children" style="overflow:hidden"/><g class="edge"/></g><g class="controls"><g class="dockers"/><g class="magnets" transform="translate(281.5, 255)"><g pointer-events="all" display="none" transform="translate(8, 8)"><circle cx="8" cy="8" r="4" stroke="none" fill="red" fill-opacity="0.3"/></g></g></g></g><g id="svg-sid-53883C20-8AE7-4D32-8CC4-FB0046049FCF"><g class="stencils" transform="translate(433.5, 255)"><g class="me"><g pointer-events="fill" id="sid-1F9F4435-C53E-4D15-A915-78E194FB8D8C" title="步骤">    <circle id="sid-1F9F4435-C53E-4D15-A915-78E194FB8D8Cbg_frame" cx="16" cy="16" r="16" stroke="none" fill="url(#sid-1F9F4435-C53E-4D15-A915-78E194FB8D8Cimage2)" stroke-width="0"/><defs id="sid-1F9F4435-C53E-4D15-A915-78E194FB8D8C_sid-1F9F4435-C53E-4D15-A915-78E194FB8D8C_5"><pattern width="32" height="32" patternUnits="userSpaceOnUse" y="0" x="0" id="sid-1F9F4435-C53E-4D15-A915-78E194FB8D8Cimage2"><image href="editor-app/images/status.png" height="32" width="32" y="0" x="0" id="sid-1F9F4435-C53E-4D15-A915-78E194FB8D8C_sid-1F9F4435-C53E-4D15-A915-78E194FB8D8C_6"/></pattern></defs>	<text font-size="11" id="sid-1F9F4435-C53E-4D15-A915-78E194FB8D8Ctext_name" x="16" y="38" oryx:align="top center" stroke="#373e48" stroke-width="0pt" letter-spacing="-0.01px" transform="rotate(0 16 38)" oryx:fontSize="11" text-anchor="middle"><tspan dy="11" x="16" y="38">项目评审</tspan></text>  </g></g><g class="children" style="overflow:hidden"/><g class="edge"/></g><g class="controls"><g class="dockers"/><g class="magnets" transform="translate(433.5, 255)"><g pointer-events="all" display="none" transform="translate(8, 8)"><circle cx="8" cy="8" r="4" stroke="none" fill="red" fill-opacity="0.3"/></g></g></g></g><g id="svg-sid-D20999FF-C990-48A9-B1F4-C6A0A3F339B1"><g class="stencils" transform="translate(585.5, 255)"><g class="me"><g pointer-events="fill" id="sid-0700179E-DA95-44EB-9D8E-1543EEFBE3FA" title="步骤">    <circle id="sid-0700179E-DA95-44EB-9D8E-1543EEFBE3FAbg_frame" cx="16" cy="16" r="16" stroke="none" fill="url(#sid-0700179E-DA95-44EB-9D8E-1543EEFBE3FAimage2)" stroke-width="0"/><defs id="sid-0700179E-DA95-44EB-9D8E-1543EEFBE3FA_sid-0700179E-DA95-44EB-9D8E-1543EEFBE3FA_5"><pattern width="32" height="32" patternUnits="userSpaceOnUse" y="0" x="0" id="sid-0700179E-DA95-44EB-9D8E-1543EEFBE3FAimage2"><image href="editor-app/images/status.png" height="32" width="32" y="0" x="0" id="sid-0700179E-DA95-44EB-9D8E-1543EEFBE3FA_sid-0700179E-DA95-44EB-9D8E-1543EEFBE3FA_6"/></pattern></defs>	<text font-size="11" id="sid-0700179E-DA95-44EB-9D8E-1543EEFBE3FAtext_name" x="16" y="38" oryx:align="top center" stroke="#373e48" stroke-width="0pt" letter-spacing="-0.01px" transform="rotate(0 16 38)" oryx:fontSize="11" text-anchor="middle"><tspan dy="11" x="16" y="38">制定项目计划</tspan></text>  </g></g><g class="children" style="overflow:hidden"/><g class="edge"/></g><g class="controls"><g class="dockers"/><g class="magnets" transform="translate(585.5, 255)"><g pointer-events="all" display="none" transform="translate(8, 8)"><circle cx="8" cy="8" r="4" stroke="none" fill="red" fill-opacity="0.3"/></g></g></g></g><g id="svg-sid-D24BA133-6B79-4C64-AD0D-DFC1C600F6B6"><g class="stencils" transform="translate(737.5, 255)"><g class="me"><g pointer-events="fill" id="sid-5A84BE54-3C02-4002-9C09-2ADE5EC9E730" title="步骤">    <circle id="sid-5A84BE54-3C02-4002-9C09-2ADE5EC9E730bg_frame" cx="16" cy="16" r="16" stroke="none" fill="url(#sid-5A84BE54-3C02-4002-9C09-2ADE5EC9E730image2)" stroke-width="0"/><defs id="sid-5A84BE54-3C02-4002-9C09-2ADE5EC9E730_sid-5A84BE54-3C02-4002-9C09-2ADE5EC9E730_5"><pattern width="32" height="32" patternUnits="userSpaceOnUse" y="0" x="0" id="sid-5A84BE54-3C02-4002-9C09-2ADE5EC9E730image2"><image href="editor-app/images/status.png" height="32" width="32" y="0" x="0" id="sid-5A84BE54-3C02-4002-9C09-2ADE5EC9E730_sid-5A84BE54-3C02-4002-9C09-2ADE5EC9E730_6"/></pattern></defs>	<text font-size="11" id="sid-5A84BE54-3C02-4002-9C09-2ADE5EC9E730text_name" x="16" y="38" oryx:align="top center" stroke="#373e48" stroke-width="0pt" letter-spacing="-0.01px" transform="rotate(0 16 38)" oryx:fontSize="11" text-anchor="middle"><tspan dy="11" x="16" y="38">预算估算</tspan></text>  </g></g><g class="children" style="overflow:hidden"/><g class="edge"/></g><g class="controls"><g class="dockers"/><g class="magnets" transform="translate(737.5, 255)"><g pointer-events="all" display="none" transform="translate(8, 8)"><circle cx="8" cy="8" r="4" stroke="none" fill="red" fill-opacity="0.3"/></g></g></g></g><g id="svg-sid-E55FE844-4D80-4CCB-8667-DBD723FA00AF"><g class="stencils" transform="translate(900, 255)"><g class="me"><g pointer-events="fill" id="sid-C376ED2E-547B-4804-814C-C8C8C9B511C1" title="步骤">    <circle id="sid-C376ED2E-547B-4804-814C-C8C8C9B511C1bg_frame" cx="16" cy="16" r="16" stroke="none" fill="url(#sid-C376ED2E-547B-4804-814C-C8C8C9B511C1image2)" stroke-width="0"/><defs id="sid-C376ED2E-547B-4804-814C-C8C8C9B511C1_sid-C376ED2E-547B-4804-814C-C8C8C9B511C1_5"><pattern width="32" height="32" patternUnits="userSpaceOnUse" y="0" x="0" id="sid-C376ED2E-547B-4804-814C-C8C8C9B511C1image2"><image href="editor-app/images/status.png" height="32" width="32" y="0" x="0" id="sid-C376ED2E-547B-4804-814C-C8C8C9B511C1_sid-C376ED2E-547B-4804-814C-C8C8C9B511C1_6"/></pattern></defs>	<text font-size="11" id="sid-C376ED2E-547B-4804-814C-C8C8C9B511C1text_name" x="16" y="38" oryx:align="top center" stroke="#373e48" stroke-width="0pt" letter-spacing="-0.01px" transform="rotate(0 16 38)" oryx:fontSize="11" text-anchor="middle"><tspan dy="11" x="16" y="38">团队组建</tspan></text>  </g></g><g class="children" style="overflow:hidden"/><g class="edge"/></g><g class="controls"><g class="dockers"/><g class="magnets" transform="translate(900, 255)"><g pointer-events="all" display="none" transform="translate(8, 8)"><circle cx="8" cy="8" r="4" stroke="none" fill="red" fill-opacity="0.3"/></g></g></g></g><g id="svg-sid-977DE59A-6A0C-4E71-9672-BAEDC96D42FD"><g class="stencils" transform="translate(1050, 255)"><g class="me"><g pointer-events="fill" id="sid-676527F2-52D1-4F5D-9FDD-E190B991F745" title="步骤">    <circle id="sid-676527F2-52D1-4F5D-9FDD-E190B991F745bg_frame" cx="16" cy="16" r="16" stroke="none" fill="url(#sid-676527F2-52D1-4F5D-9FDD-E190B991F745image2)" stroke-width="0"/><defs id="sid-676527F2-52D1-4F5D-9FDD-E190B991F745_sid-676527F2-52D1-4F5D-9FDD-E190B991F745_5"><pattern width="32" height="32" patternUnits="userSpaceOnUse" y="0" x="0" id="sid-676527F2-52D1-4F5D-9FDD-E190B991F745image2"><image href="editor-app/images/status.png" height="32" width="32" y="0" x="0" id="sid-676527F2-52D1-4F5D-9FDD-E190B991F745_sid-676527F2-52D1-4F5D-9FDD-E190B991F745_6"/></pattern></defs>	<text font-size="11" id="sid-676527F2-52D1-4F5D-9FDD-E190B991F745text_name" x="16" y="38" oryx:align="top center" stroke="#373e48" stroke-width="0pt" letter-spacing="-0.01px" transform="rotate(0 16 38)" oryx:fontSize="11" text-anchor="middle"><tspan dy="11" x="16" y="38">项目启动</tspan></text>  </g></g><g class="children" style="overflow:hidden"/><g class="edge"/></g><g class="controls"><g class="dockers"/><g class="magnets" transform="translate(1050, 255)"><g pointer-events="all" display="none" transform="translate(8, 8)"><circle cx="8" cy="8" r="4" stroke="none" fill="red" fill-opacity="0.3"/></g></g></g></g><g id="svg-sid-C5A78C37-41F6-4AB1-AFBC-7FEC2B8D05CD"><g class="stencils" transform="translate(1200, 255)"><g class="me"><g pointer-events="fill" id="sid-1CB81476-F1AB-4934-827A-EFEA935901A9" title="结束">    <circle id="sid-1CB81476-F1AB-4934-827A-EFEA935901A9bg_frame" cx="16" cy="16" r="16" stroke="none" fill="url(#sid-1CB81476-F1AB-4934-827A-EFEA935901A9image1)" stroke-width="0"/><defs id="sid-1CB81476-F1AB-4934-827A-EFEA935901A9_sid-1CB81476-F1AB-4934-827A-EFEA935901A9_5"><pattern width="32" height="32" patternUnits="userSpaceOnUse" y="0" x="0" id="sid-1CB81476-F1AB-4934-827A-EFEA935901A9image1"><image href="editor-app/images/end.png" height="32" width="32" y="0" x="0" id="sid-1CB81476-F1AB-4934-827A-EFEA935901A9_sid-1CB81476-F1AB-4934-827A-EFEA935901A9_6"/></pattern></defs> 	<text font-size="11" id="sid-1CB81476-F1AB-4934-827A-EFEA935901A9text_name" x="16" y="38" oryx:align="top center" stroke="#373e48" stroke-width="0pt" letter-spacing="-0.01px" transform="rotate(0 16 38)" oryx:fontSize="11" text-anchor="middle"><tspan dy="11" x="16" y="38">结束</tspan></text>  </g></g><g class="children" style="overflow:hidden"/><g class="edge"/></g><g class="controls"><g class="dockers"/><g class="magnets" transform="translate(1200, 255)"><g pointer-events="all" display="none" transform="translate(8, 8)"><circle cx="8" cy="8" r="4" stroke="none" fill="red" fill-opacity="0.3"/></g></g></g></g><g id="svg-sid-DD844D30-D2C5-4AC3-B84C-34ACA7AB66FF"><g class="stencils" transform="translate(1058, 138)"><g class="me"><g pointer-events="fill" id="sid-D7C48597-6AE9-42ED-B265-A1F2BC2C378B" title="派生">    <circle id="sid-D7C48597-6AE9-42ED-B265-A1F2BC2C378Bbg_frame" cx="8" cy="8" r="8" stroke="none" fill="url(#sid-D7C48597-6AE9-42ED-B265-A1F2BC2C378Bimage1)" stroke-width="0"/><defs id="sid-D7C48597-6AE9-42ED-B265-A1F2BC2C378B_sid-D7C48597-6AE9-42ED-B265-A1F2BC2C378B_5"><pattern width="16" height="16" patternUnits="userSpaceOnUse" y="0" x="0" id="sid-D7C48597-6AE9-42ED-B265-A1F2BC2C378Bimage1"><image href="editor-app/images/derive.png" height="16" width="16" y="0" x="0" id="sid-D7C48597-6AE9-42ED-B265-A1F2BC2C378B_sid-D7C48597-6AE9-42ED-B265-A1F2BC2C378B_6"/></pattern></defs> 	<text font-size="11" id="sid-D7C48597-6AE9-42ED-B265-A1F2BC2C378Btext_name" x="7" y="23" oryx:align="top center" stroke="#373e48" class="samll-derive-text" stroke-width="0pt" letter-spacing="-0.01px" transform="rotate(0 7 23)" oryx:fontSize="11" text-anchor="middle" style="display: inline;"><tspan dy="11" x="7" y="23">项目</tspan></text>  </g></g><g class="children" style="overflow:hidden"/><g class="edge"/></g><g class="controls"><g class="dockers"/><g class="magnets" transform="translate(1058, 138)"><g pointer-events="all" display="none" transform="translate(0, 0)"><circle cx="8" cy="8" r="4" stroke="none" fill="red" fill-opacity="0.3"/></g></g></g></g></g><g class="edge"><g id="svg-sid-C7C11477-FDA4-4B59-8EAD-1DDA13F828EC"><g class="stencils"><g class="me"><g pointer-events="painted"><path id="sid-6AB679E1-CB82-4CFA-8D84-80F53773C531_1" d="M161.9375 271L281.0625 271 " stroke="#b7b5b5" fill="none" stroke-width="1" stroke-linecap="round" stroke-linejoin="round" marker-start="url(#sid-6AB679E1-CB82-4CFA-8D84-80F53773C531start)" marker-end="url(#sid-6AB679E1-CB82-4CFA-8D84-80F53773C531end)"/></g><text id="sid-6AB679E1-CB82-4CFA-8D84-80F53773C531text_name" x="221" y="274" oryx:edgePosition="midbottom" stroke-width="0pt" letter-spacing="-0.01px" transform="rotate(0 221 274)" oryx:fontSize="12" text-anchor="middle"><tspan dy="0" x="221" y="274">提交</tspan></text></g><g class="children" style="overflow:hidden"/><g class="edge"/></g><g class="controls"><g class="dockers"/><g class="magnets"/></g></g><g id="svg-sid-F40C6BEE-E15B-481F-A8D2-965942D3C9FC"><g class="stencils"><g class="me"><g pointer-events="painted"><path id="sid-3B59A3CC-89E9-45AD-B9B5-7472AA36F214_1" d="M313.9375 271L433.0625 271 " stroke="#b7b5b5" fill="none" stroke-width="1" stroke-linecap="round" stroke-linejoin="round" marker-start="url(#sid-3B59A3CC-89E9-45AD-B9B5-7472AA36F214start)" marker-end="url(#sid-3B59A3CC-89E9-45AD-B9B5-7472AA36F214end)"/></g><text id="sid-3B59A3CC-89E9-45AD-B9B5-7472AA36F214text_name" x="373" y="274" oryx:edgePosition="midbottom" stroke-width="0pt" letter-spacing="-0.01px" transform="rotate(0 373 274)" oryx:fontSize="12" text-anchor="middle"><tspan dy="0" x="373" y="274">提交项目提案</tspan></text></g><g class="children" style="overflow:hidden"/><g class="edge"/></g><g class="controls"><g class="dockers"/><g class="magnets"/></g></g><g id="svg-sid-8DE60D84-FC42-413E-BED9-0935CF17B362"><g class="stencils"><g class="me"><g pointer-events="painted"><path id="sid-0DFA9044-5648-4B51-A7D9-5CDA6033D916_1" d="M449.5 254.25L449.5 145 L297.5 145 L297.5 254.25 " stroke="#b7b5b5" fill="none" stroke-width="1" stroke-linecap="round" stroke-linejoin="round" marker-start="url(#sid-0DFA9044-5648-4B51-A7D9-5CDA6033D916start)" marker-end="url(#sid-0DFA9044-5648-4B51-A7D9-5CDA6033D916end)"/></g><text id="sid-0DFA9044-5648-4B51-A7D9-5CDA6033D916text_name" x="373" y="148" oryx:edgePosition="midbottom" stroke-width="0pt" letter-spacing="-0.01px" transform="rotate(0 373 148)" oryx:fontSize="12" text-anchor="middle"><tspan dy="0" x="373" y="148">评审不通过</tspan></text></g><g class="children" style="overflow:hidden"/><g class="edge"/></g><g class="controls"><g class="dockers"/><g class="magnets"/></g></g><g id="svg-sid-E9515D8F-7E1E-456E-921B-F367281A4929"><g class="stencils"><g class="me"><g pointer-events="painted"><path id="sid-A916C098-9261-44EA-86A6-533DB3187B3C_1" d="M465.9375 271L585.0625 271 " stroke="#b7b5b5" fill="none" stroke-width="1" stroke-linecap="round" stroke-linejoin="round" marker-start="url(#sid-A916C098-9261-44EA-86A6-533DB3187B3Cstart)" marker-end="url(#sid-A916C098-9261-44EA-86A6-533DB3187B3Cend)"/></g><text id="sid-A916C098-9261-44EA-86A6-533DB3187B3Ctext_name" x="525" y="274" oryx:edgePosition="midbottom" stroke-width="0pt" letter-spacing="-0.01px" transform="rotate(0 525 274)" oryx:fontSize="12" text-anchor="middle"><tspan dy="0" x="525" y="274">评审通过</tspan></text></g><g class="children" style="overflow:hidden"/><g class="edge"/></g><g class="controls"><g class="dockers"/><g class="magnets"/></g></g><g id="svg-sid-03216353-6AF6-44E4-A69D-0BF9F33585FB"><g class="stencils"><g class="me"><g pointer-events="painted"><path id="sid-70AC485F-9B81-4475-9A28-5AFD18EC2CB2_1" d="M601.5 287.5L601.5 395 L449.5 395 L449.5 287.5 " stroke="#b7b5b5" fill="none" stroke-width="1" stroke-linecap="round" stroke-linejoin="round" marker-start="url(#sid-70AC485F-9B81-4475-9A28-5AFD18EC2CB2start)" marker-end="url(#sid-70AC485F-9B81-4475-9A28-5AFD18EC2CB2end)"/></g><text id="sid-70AC485F-9B81-4475-9A28-5AFD18EC2CB2text_name" x="525" y="398" oryx:edgePosition="midbottom" stroke-width="0pt" letter-spacing="-0.01px" transform="rotate(0 525 398)" oryx:fontSize="12" text-anchor="middle"><tspan dy="0" x="525" y="398">计划不通过</tspan></text></g><g class="children" style="overflow:hidden"/><g class="edge"/></g><g class="controls"><g class="dockers"/><g class="magnets"/></g></g><g id="svg-sid-AD46AD84-FB59-4FC2-83F4-A3A13E969ADC"><g class="stencils"><g class="me"><g pointer-events="painted"><path id="sid-9C36C681-8388-4941-BAAF-FFA089B9E570_1" d="M617.9375 271L737.0625 271 " stroke="#b7b5b5" fill="none" stroke-width="1" stroke-linecap="round" stroke-linejoin="round" marker-start="url(#sid-9C36C681-8388-4941-BAAF-FFA089B9E570start)" marker-end="url(#sid-9C36C681-8388-4941-BAAF-FFA089B9E570end)"/></g><text id="sid-9C36C681-8388-4941-BAAF-FFA089B9E570text_name" x="677" y="274" oryx:edgePosition="midbottom" stroke-width="0pt" letter-spacing="-0.01px" transform="rotate(0 677 274)" oryx:fontSize="12" text-anchor="middle"><tspan dy="0" x="677" y="274">计划通过</tspan></text></g><g class="children" style="overflow:hidden"/><g class="edge"/></g><g class="controls"><g class="dockers"/><g class="magnets"/></g></g><g id="svg-sid-036131BB-A5D7-4E66-8E3C-8AEA2652DF9E"><g class="stencils"><g class="me"><g pointer-events="painted"><path id="sid-33B16D50-1477-4AF9-8C3C-17C7D45563B8_1" d="M753.5 254.625L753.5 148 L601.5 148 L601.5 254.625 " stroke="#b7b5b5" fill="none" stroke-width="1" stroke-linecap="round" stroke-linejoin="round" marker-start="url(#sid-33B16D50-1477-4AF9-8C3C-17C7D45563B8start)" marker-end="url(#sid-33B16D50-1477-4AF9-8C3C-17C7D45563B8end)"/></g><text id="sid-33B16D50-1477-4AF9-8C3C-17C7D45563B8text_name" x="677" y="151" oryx:edgePosition="midbottom" stroke-width="0pt" letter-spacing="-0.01px" transform="rotate(0 677 151)" oryx:fontSize="12" text-anchor="middle"><tspan dy="0" x="677" y="151">预算不通过</tspan></text></g><g class="children" style="overflow:hidden"/><g class="edge"/></g><g class="controls"><g class="dockers"/><g class="magnets"/></g></g><g id="svg-sid-61811C0D-A184-423D-9D28-D650F3D2177D"><g class="stencils"><g class="me"><g pointer-events="painted"><path id="sid-619E3981-AC24-4D70-8FFE-AE0ECAF09AA5_1" d="M769.734375 271L899.765625 271 " stroke="#b7b5b5" fill="none" stroke-width="1" stroke-linecap="round" stroke-linejoin="round" marker-start="url(#sid-619E3981-AC24-4D70-8FFE-AE0ECAF09AA5start)" marker-end="url(#sid-619E3981-AC24-4D70-8FFE-AE0ECAF09AA5end)"/></g><text id="sid-619E3981-AC24-4D70-8FFE-AE0ECAF09AA5text_name" x="834" y="274" oryx:edgePosition="midbottom" stroke-width="0pt" letter-spacing="-0.01px" transform="rotate(0 834 274)" oryx:fontSize="12" text-anchor="middle"><tspan dy="0" x="834" y="274">预算通过</tspan></text></g><g class="children" style="overflow:hidden"/><g class="edge"/></g><g class="controls"><g class="dockers"/><g class="magnets"/></g></g><g id="svg-sid-DF10D5A8-AD17-4E5E-864C-473056D917B4"><g class="stencils"><g class="me"><g pointer-events="painted"><path id="sid-9B8BEAB0-5F14-447B-A551-03A629BD03C8_1" d="M916 287.9375L916 391 L753.5 391 L753.5 287.9375 " stroke="#b7b5b5" fill="none" stroke-width="1" stroke-linecap="round" stroke-linejoin="round" marker-start="url(#sid-9B8BEAB0-5F14-447B-A551-03A629BD03C8start)" marker-end="url(#sid-9B8BEAB0-5F14-447B-A551-03A629BD03C8end)"/></g><text id="sid-9B8BEAB0-5F14-447B-A551-03A629BD03C8text_name" x="834" y="394" oryx:edgePosition="midbottom" stroke-width="0pt" letter-spacing="-0.01px" transform="rotate(0 834 394)" oryx:fontSize="12" text-anchor="middle"><tspan dy="0" x="834" y="394">团队组建不通过</tspan></text></g><g class="children" style="overflow:hidden"/><g class="edge"/></g><g class="controls"><g class="dockers"/><g class="magnets"/></g></g><g id="svg-sid-64DF9905-8A90-4C7D-9BE9-2B1ED9062596"><g class="stencils"><g class="me"><g pointer-events="painted"><path id="sid-7AE42E16-18DA-42D5-846B-62DC0C2071DD_1" d="M932.234375 271L1049.765625 271 " stroke="#b7b5b5" fill="none" stroke-width="1" stroke-linecap="round" stroke-linejoin="round" marker-start="url(#sid-7AE42E16-18DA-42D5-846B-62DC0C2071DDstart)" marker-end="url(#sid-7AE42E16-18DA-42D5-846B-62DC0C2071DDend)"/></g><text id="sid-7AE42E16-18DA-42D5-846B-62DC0C2071DDtext_name" x="991" y="274" oryx:edgePosition="midbottom" stroke-width="0pt" letter-spacing="-0.01px" transform="rotate(0 991 274)" oryx:fontSize="12" text-anchor="middle"><tspan dy="0" x="991" y="274">团队组建通过</tspan></text></g><g class="children" style="overflow:hidden"/><g class="edge"/></g><g class="controls"><g class="dockers"/><g class="magnets"/></g></g><g id="svg-sid-D091F3E6-E63A-41D9-A872-5379CA802CE6"><g class="stencils"><g class="me"><g pointer-events="painted"><path id="sid-B05E0302-6A30-43B3-90CC-9CD322E82FBA_1" d="M1066 254.375L1066 154.8125 " stroke="#b7b5b5" fill="none" stroke-width="1" stroke-linecap="round" stroke-linejoin="round" marker-start="url(#sid-B05E0302-6A30-43B3-90CC-9CD322E82FBAstart)" marker-end="url(#sid-B05E0302-6A30-43B3-90CC-9CD322E82FBAend)"/></g><text id="sid-B05E0302-6A30-43B3-90CC-9CD322E82FBAtext_name" x="1066" y="207" oryx:edgePosition="midbottom" stroke-width="0pt" letter-spacing="-0.01px" transform="rotate(0 1066 207)" oryx:fontSize="12" text-anchor="middle"><tspan dy="0" x="1066" y="207">派生项目</tspan></text></g><g class="children" style="overflow:hidden"/><g class="edge"/></g><g class="controls"><g class="dockers"/><g class="magnets"/></g></g><g id="svg-sid-E8ADC324-3997-4164-BDC1-8B46383D40A6"><g class="stencils"><g class="me"><g pointer-events="painted"><path id="sid-329A8A70-A6D8-4F75-9EF5-B36A1911B0FC_1" d="M1082.234375 271L1199.765625 271 " stroke="#b7b5b5" fill="none" stroke-width="1" stroke-linecap="round" stroke-linejoin="round" marker-start="url(#sid-329A8A70-A6D8-4F75-9EF5-B36A1911B0FCstart)" marker-end="url(#sid-329A8A70-A6D8-4F75-9EF5-B36A1911B0FCend)"/></g><text id="sid-329A8A70-A6D8-4F75-9EF5-B36A1911B0FCtext_name" x="1141" y="274" oryx:edgePosition="midbottom" stroke-width="0pt" letter-spacing="-0.01px" transform="rotate(0 1141 274)" oryx:fontSize="12" text-anchor="middle"><tspan dy="0" x="1141" y="274">关闭</tspan></text></g><g class="children" style="overflow:hidden"/><g class="edge"/></g><g class="controls"><g class="dockers"/><g class="magnets"/></g></g></g></g><g class="svgcontainer"><g display="none" transform="translate(125.5, 134)"><rect x="0" y="0" stroke-width="1" stroke="#777777" fill="none" stroke-dasharray="2,2" pointer-events="none" width="40" height="40"/></g><g display="none"><path stroke-width="1" stroke="silver" fill="none" stroke-dasharray="5,5" pointer-events="none"/></g><g display="none"><path stroke-width="1" stroke="silver" fill="none" stroke-dasharray="5,5" pointer-events="none"/></g><g><path stroke-width="2" fill="none" d="M125.5 256 l0 -5 l5 0 M125.5 286 l0 5 l5 0 M165.5 286 l0 5 l-5 0 M165.5 256 l0 -5 l-5 0 M277.5 256 l0 -5 l5 0 M277.5 286 l0 5 l5 0 M317.5 286 l0 5 l-5 0 M317.5 256 l0 -5 l-5 0 M429.5 256 l0 -5 l5 0 M429.5 286 l0 5 l5 0 M469.5 286 l0 5 l-5 0 M469.5 256 l0 -5 l-5 0 M581.5 256 l0 -5 l5 0 M581.5 286 l0 5 l5 0 M621.5 286 l0 5 l-5 0 M621.5 256 l0 -5 l-5 0 M733.5 256 l0 -5 l5 0 M733.5 286 l0 5 l5 0 M773.5 286 l0 5 l-5 0 M773.5 256 l0 -5 l-5 0 M896 256 l0 -5 l5 0 M896 286 l0 5 l5 0 M936 286 l0 5 l-5 0 M936 256 l0 -5 l-5 0 M1046 256 l0 -5 l5 0 M1046 286 l0 5 l5 0 M1086 286 l0 5 l-5 0 M1086 256 l0 -5 l-5 0 M1196 256 l0 -5 l5 0 M1196 286 l0 5 l5 0 M1236 286 l0 5 l-5 0 M1236 256 l0 -5 l-5 0 M157.9375 272 l0 -5 l5 0 M157.9375 270 l0 5 l5 0 M285.0625 270 l0 5 l-5 0 M285.0625 272 l0 -5 l-5 0 M309.9375 272 l0 -5 l5 0 M309.9375 270 l0 5 l5 0 M437.0625 270 l0 5 l-5 0 M437.0625 272 l0 -5 l-5 0 M293.5 146 l0 -5 l5 0 M293.5 253.25 l0 5 l5 0 M453.5 253.25 l0 5 l-5 0 M453.5 146 l0 -5 l-5 0 M461.9375 272 l0 -5 l5 0 M461.9375 270 l0 5 l5 0 M589.0625 270 l0 5 l-5 0 M589.0625 272 l0 -5 l-5 0 M445.5 288.5 l0 -5 l5 0 M445.5 394 l0 5 l5 0 M605.5 394 l0 5 l-5 0 M605.5 288.5 l0 -5 l-5 0 M613.9375 272 l0 -5 l5 0 M613.9375 270 l0 5 l5 0 M741.0625 270 l0 5 l-5 0 M741.0625 272 l0 -5 l-5 0 M597.5 149 l0 -5 l5 0 M597.5 253.625 l0 5 l5 0 M757.5 253.625 l0 5 l-5 0 M757.5 149 l0 -5 l-5 0 M765.734375 272 l0 -5 l5 0 M765.734375 270 l0 5 l5 0 M903.765625 270 l0 5 l-5 0 M903.765625 272 l0 -5 l-5 0 M749.5 288.9375 l0 -5 l5 0 M749.5 390 l0 5 l5 0 M920 390 l0 5 l-5 0 M920 288.9375 l0 -5 l-5 0 M928.234375 272 l0 -5 l5 0 M928.234375 270 l0 5 l5 0 M1053.765625 270 l0 5 l-5 0 M1053.765625 272 l0 -5 l-5 0 M1054 139 l0 -5 l5 0 M1054 153 l0 5 l5 0 M1078 153 l0 5 l-5 0 M1078 139 l0 -5 l-5 0 M1062 155.8125 l0 -5 l5 0 M1062 253.375 l0 5 l5 0 M1070 253.375 l0 5 l-5 0 M1070 155.8125 l0 -5 l-5 0 M1078.234375 272 l0 -5 l5 0 M1078.234375 270 l0 5 l5 0 M1203.765625 270 l0 5 l-5 0 M1203.765625 272 l0 -5 l-5 0 " stroke="#4444FF" stroke-opacity="0.9" display="none"/></g></g></g></svg>'), NULL, 'b8ab9427-627b-469f-bfd0-4b1buser0001', '2022-08-08', 'b8ab9427-627b-469f-bfd0-4b1buser0001', '2022-08-08', '4', '新建立项', NULL, NULL);

INSERT INTO wf_node(id, name, workflowId, type, property, linkedStatusId, workflowPageId, emailRole, notifyRole, isEmailFile, tranType, phaseRule, lagMode, autoToId, exeCls, entityOpRul, isSynEntity, canWrite, canUpdateFile, canUpdateRelate, rejectRole, remark, orderNum, isSystem, isValid, creatorId, createdTime, modifyId, modifyTime, canRollback)
VALUES ('4E87C4AF-D37B-43F4-8AD6-0CAD12EA6820', '开始', 'ACTd43cc-0d99-417f-9982-a1e9704f12d4', 'start-state', NULL, NULL, '83b13673-cb3d-44ec-93e7-952e8399e009', NULL, NULL, NULL, NULL, NULL, NULL, NULL, NULL, NULL, NULL, NULL, 'N', 'N', NULL, NULL, 1, 'Y', 'Y', 'b8ab9427-627b-469f-bfd0-4b1buser0001', '2022-08-08', 'b8ab9427-627b-469f-bfd0-4b1buser0001', '2022-08-08', 'Y');
INSERT INTO wf_node(id, name, workflowId, type, property, linkedStatusId, workflowPageId, emailRole, notifyRole, isEmailFile, tranType, phaseRule, lagMode, autoToId, exeCls, entityOpRul, isSynEntity, canWrite, canUpdateFile, canUpdateRelate, rejectRole, remark, orderNum, isSystem, isValid, creatorId, createdTime, modifyId, modifyTime, canRollback)
VALUES ('6DA234EC-E7E4-42D0-A953-C0BA15ADE71B', '制定项目提案', 'ACTd43cc-0d99-417f-9982-a1e9704f12d4', 'state', NULL, '190d662d-5e31-46bd-b729-33cd7532a31a', '4c602eb1-679c-4330-b871-bea382a32d2e', '960fb540-3cef-49e8-89b6-1bPMIrole001', ',960fb540-3cef-49e8-89b6-1bPMIrole001', NULL, NULL, NULL, NULL, NULL, '', NULL, NULL, NULL, 'Y', 'Y', '', NULL, 2, 'Y', 'Y', 'b8ab9427-627b-469f-bfd0-4b1buser0001', '2022-08-08', 'b8ab9427-627b-469f-bfd0-4b1buser0001', '2022-08-08', 'Y');
INSERT INTO wf_node(id, name, workflowId, type, property, linkedStatusId, workflowPageId, emailRole, notifyRole, isEmailFile, tranType, phaseRule, lagMode, autoToId, exeCls, entityOpRul, isSynEntity, canWrite, canUpdateFile, canUpdateRelate, rejectRole, remark, orderNum, isSystem, isValid, creatorId, createdTime, modifyId, modifyTime, canRollback)
VALUES ('53883C20-8AE7-4D32-8CC4-FB0046049FCF', '项目评审', 'ACTd43cc-0d99-417f-9982-a1e9704f12d4', 'state', NULL, '62971164-8934-4002-862e-62f4f660ba99', '910d3b5b-0490-4cb0-a275-d39d6418c598', '960fb540-3cef-49e8-89b6-1bPMIrole001,960fb540-3cef-49e8-89b6-1bPMIrole002', ',960fb540-3cef-49e8-89b6-1bPMIrole001,960fb540-3cef-49e8-89b6-1bPMIrole002', NULL, NULL, NULL, NULL, NULL, '', NULL, NULL, NULL, 'Y', 'Y', '', NULL, 3, 'Y', 'Y', 'b8ab9427-627b-469f-bfd0-4b1buser0001', '2022-08-08', 'b8ab9427-627b-469f-bfd0-4b1buser0001', '2022-08-08', 'Y');
INSERT INTO wf_node(id, name, workflowId, type, property, linkedStatusId, workflowPageId, emailRole, notifyRole, isEmailFile, tranType, phaseRule, lagMode, autoToId, exeCls, entityOpRul, isSynEntity, canWrite, canUpdateFile, canUpdateRelate, rejectRole, remark, orderNum, isSystem, isValid, creatorId, createdTime, modifyId, modifyTime, canRollback)
VALUES ('D20999FF-C990-48A9-B1F4-C6A0A3F339B1', '制定项目计划', 'ACTd43cc-0d99-417f-9982-a1e9704f12d4', 'state', NULL, 'd800e7b2-f739-4d41-9472-a0ecc7d84b40', 'e68aa479-0635-4e61-b3a7-3a1dcd170714', '960fb540-3cef-49e8-89b6-1bPMIrole001,960fb540-3cef-49e8-89b6-1bPMIrole002', ',960fb540-3cef-49e8-89b6-1bPMIrole001,960fb540-3cef-49e8-89b6-1bPMIrole002', NULL, NULL, NULL, NULL, NULL, '', NULL, NULL, NULL, 'Y', 'Y', '', NULL, 4, 'Y', 'Y', 'b8ab9427-627b-469f-bfd0-4b1buser0001', '2022-08-08', 'b8ab9427-627b-469f-bfd0-4b1buser0001', '2022-08-08', 'Y');
INSERT INTO wf_node(id, name, workflowId, type, property, linkedStatusId, workflowPageId, emailRole, notifyRole, isEmailFile, tranType, phaseRule, lagMode, autoToId, exeCls, entityOpRul, isSynEntity, canWrite, canUpdateFile, canUpdateRelate, rejectRole, remark, orderNum, isSystem, isValid, creatorId, createdTime, modifyId, modifyTime, canRollback)
VALUES ('D24BA133-6B79-4C64-AD0D-DFC1C600F6B6', '预算估算', 'ACTd43cc-0d99-417f-9982-a1e9704f12d4', 'state', NULL, '89854e65-30fd-4637-9d1f-9f59a254b1b4', 'db239807-3522-46b3-a68a-c3d8a92b98de', '960fb540-3cef-49e8-89b6-1bPMIrole001,960fb540-3cef-49e8-89b6-1bPMIrole002', ',960fb540-3cef-49e8-89b6-1bPMIrole001,960fb540-3cef-49e8-89b6-1bPMIrole002', NULL, NULL, NULL, NULL, NULL, '', NULL, NULL, NULL, 'Y', 'Y', '', NULL, 5, 'Y', 'Y', 'b8ab9427-627b-469f-bfd0-4b1buser0001', '2022-08-08', 'b8ab9427-627b-469f-bfd0-4b1buser0001', '2022-08-08', 'Y');
INSERT INTO wf_node(id, name, workflowId, type, property, linkedStatusId, workflowPageId, emailRole, notifyRole, isEmailFile, tranType, phaseRule, lagMode, autoToId, exeCls, entityOpRul, isSynEntity, canWrite, canUpdateFile, canUpdateRelate, rejectRole, remark, orderNum, isSystem, isValid, creatorId, createdTime, modifyId, modifyTime, canRollback)
VALUES ('E55FE844-4D80-4CCB-8667-DBD723FA00AF', '团队组建', 'ACTd43cc-0d99-417f-9982-a1e9704f12d4', 'state', NULL, '3847f3ba-b9ef-4e2d-bb19-c581902391f4', 'f69328d2-849a-4bb2-a7c0-2d8e309944fa', '960fb540-3cef-49e8-89b6-1bPMIrole001,960fb540-3cef-49e8-89b6-1bPMIrole002', ',960fb540-3cef-49e8-89b6-1bPMIrole001,960fb540-3cef-49e8-89b6-1bPMIrole002', NULL, NULL, NULL, NULL, NULL, '', NULL, NULL, NULL, 'Y', 'Y', '', NULL, 6, 'Y', 'Y', 'b8ab9427-627b-469f-bfd0-4b1buser0001', '2022-08-08', 'b8ab9427-627b-469f-bfd0-4b1buser0001', '2022-08-08', 'Y');
INSERT INTO wf_node(id, name, workflowId, type, property, linkedStatusId, workflowPageId, emailRole, notifyRole, isEmailFile, tranType, phaseRule, lagMode, autoToId, exeCls, entityOpRul, isSynEntity, canWrite, canUpdateFile, canUpdateRelate, rejectRole, remark, orderNum, isSystem, isValid, creatorId, createdTime, modifyId, modifyTime, canRollback)
VALUES ('977DE59A-6A0C-4E71-9672-BAEDC96D42FD', '项目启动', 'ACTd43cc-0d99-417f-9982-a1e9704f12d4', 'state', NULL, '640342cb-1948-4d0b-9038-38b2ab9c51dc', 'b52606f9-10dc-4404-9798-6f388d54936f', '960fb540-3cef-49e8-89b6-1bPMIrole001,960fb540-3cef-49e8-89b6-1bPMIrole002', ',960fb540-3cef-49e8-89b6-1bPMIrole001,960fb540-3cef-49e8-89b6-1bPMIrole002', NULL, NULL, NULL, NULL, NULL, '', NULL, NULL, NULL, 'N', 'N', '', NULL, 7, 'Y', 'Y', 'b8ab9427-627b-469f-bfd0-4b1buser0001', '2022-08-08', 'b8ab9427-627b-469f-bfd0-4b1buser0001', '2022-08-08', 'Y');
INSERT INTO wf_node(id, name, workflowId, type, property, linkedStatusId, workflowPageId, emailRole, notifyRole, isEmailFile, tranType, phaseRule, lagMode, autoToId, exeCls, entityOpRul, isSynEntity, canWrite, canUpdateFile, canUpdateRelate, rejectRole, remark, orderNum, isSystem, isValid, creatorId, createdTime, modifyId, modifyTime, canRollback)
VALUES ('C5A78C37-41F6-4AB1-AFBC-7FEC2B8D05CD', '结束', 'ACTd43cc-0d99-417f-9982-a1e9704f12d4', 'end-state', NULL, '4f31f731-1da9-47b7-910e-22ec8ce48611', '25d3d396-6481-4c57-96a4-ae3c72ffb53a', '960fb540-3cef-49e8-89b6-1bPMIrole001', ',960fb540-3cef-49e8-89b6-1bPMIrole001', NULL, NULL, NULL, NULL, NULL, '', NULL, NULL, NULL, 'N', 'N', '', NULL, 8, 'Y', 'Y', 'b8ab9427-627b-469f-bfd0-4b1buser0001', '2022-08-08', 'b8ab9427-627b-469f-bfd0-4b1buser0001', '2022-08-08', 'Y');

INSERT INTO wf_transition(id, name, nodeId, toNodeId, workflowPageId, deriveWorkflowType, toDeriveNodeId, conditions, type, isOnlyOnce, isSaveNodeUser, SynCondition, exeCls, workflowId, deriveWorkflowId, isDelPageUser, hasSave, pageTo, isMulTask, functionRight, mapField, deriveMode, emailRemindAgain, remark, orderNum, isSystem, isValid, creatorId, createdTime, modifyId, modifyTime, isForking, isDefaultForking)
VALUES ('C7C11477-FDA4-4B59-8EAD-1DDA13F828EC', '提交', '4E87C4AF-D37B-43F4-8AD6-0CAD12EA6820', '6DA234EC-E7E4-42D0-A953-C0BA15ADE71B', NULL, NULL, NULL, NULL, 'COMMON', 'N', 'N', '1', NULL, 'ACTd43cc-0d99-417f-9982-a1e9704f12d4', NULL, NULL, 'N', '1', NULL, NULL, NULL, NULL, NULL, NULL, 0, 'Y', 'Y', 'b8ab9427-627b-469f-bfd0-4b1buser0001', '2022-08-08', 'b8ab9427-627b-469f-bfd0-4b1buser0001', '2022-08-08', 'N', 'N');
INSERT INTO wf_transition(id, name, nodeId, toNodeId, workflowPageId, deriveWorkflowType, toDeriveNodeId, conditions, type, isOnlyOnce, isSaveNodeUser, SynCondition, exeCls, workflowId, deriveWorkflowId, isDelPageUser, hasSave, pageTo, isMulTask, functionRight, mapField, deriveMode, emailRemindAgain, remark, orderNum, isSystem, isValid, creatorId, createdTime, modifyId, modifyTime, isForking, isDefaultForking)
VALUES ('F40C6BEE-E15B-481F-A8D2-965942D3C9FC', '提交项目提案', '6DA234EC-E7E4-42D0-A953-C0BA15ADE71B', '53883C20-8AE7-4D32-8CC4-FB0046049FCF', 'f204b849-293a-4aa4-abff-90e9c96b76b8', NULL, NULL, NULL, 'COMMON', 'N', 'N', '1', '', 'ACTd43cc-0d99-417f-9982-a1e9704f12d4', NULL, NULL, 'N', '1', NULL, NULL, NULL, NULL, NULL, NULL, 1, 'Y', 'Y', 'b8ab9427-627b-469f-bfd0-4b1buser0001', '2022-08-08', 'b8ab9427-627b-469f-bfd0-4b1buser0001', '2022-08-08', 'N', 'N');
INSERT INTO wf_transition(id, name, nodeId, toNodeId, workflowPageId, deriveWorkflowType, toDeriveNodeId, conditions, type, isOnlyOnce, isSaveNodeUser, SynCondition, exeCls, workflowId, deriveWorkflowId, isDelPageUser, hasSave, pageTo, isMulTask, functionRight, mapField, deriveMode, emailRemindAgain, remark, orderNum, isSystem, isValid, creatorId, createdTime, modifyId, modifyTime, isForking, isDefaultForking)
VALUES ('E9515D8F-7E1E-456E-921B-F367281A4929', '评审通过', '53883C20-8AE7-4D32-8CC4-FB0046049FCF', 'D20999FF-C990-48A9-B1F4-C6A0A3F339B1', 'ba0272c2-f34d-41e0-8bed-e049bd677c33', NULL, NULL, NULL, 'COMMON', 'N', 'N', '1', '', 'ACTd43cc-0d99-417f-9982-a1e9704f12d4', NULL, NULL, 'N', '1', NULL, NULL, NULL, NULL, NULL, NULL, 2, 'Y', 'Y', 'b8ab9427-627b-469f-bfd0-4b1buser0001', '2022-08-08', 'b8ab9427-627b-469f-bfd0-4b1buser0001', '2022-08-08', 'N', 'N');
INSERT INTO wf_transition(id, name, nodeId, toNodeId, workflowPageId, deriveWorkflowType, toDeriveNodeId, conditions, type, isOnlyOnce, isSaveNodeUser, SynCondition, exeCls, workflowId, deriveWorkflowId, isDelPageUser, hasSave, pageTo, isMulTask, functionRight, mapField, deriveMode, emailRemindAgain, remark, orderNum, isSystem, isValid, creatorId, createdTime, modifyId, modifyTime, isForking, isDefaultForking)
VALUES ('8DE60D84-FC42-413E-BED9-0935CF17B362', '评审不通过', '53883C20-8AE7-4D32-8CC4-FB0046049FCF', '6DA234EC-E7E4-42D0-A953-C0BA15ADE71B', 'd661caec-8ab8-4881-830c-7911c86665b8', NULL, NULL, NULL, 'COMMON', 'N', 'N', '1', '', 'ACTd43cc-0d99-417f-9982-a1e9704f12d4', NULL, NULL, 'N', '1', NULL, NULL, NULL, NULL, NULL, NULL, 3, 'Y', 'Y', 'b8ab9427-627b-469f-bfd0-4b1buser0001', '2022-08-08', 'b8ab9427-627b-469f-bfd0-4b1buser0001', '2022-08-08', 'N', 'N');
INSERT INTO wf_transition(id, name, nodeId, toNodeId, workflowPageId, deriveWorkflowType, toDeriveNodeId, conditions, type, isOnlyOnce, isSaveNodeUser, SynCondition, exeCls, workflowId, deriveWorkflowId, isDelPageUser, hasSave, pageTo, isMulTask, functionRight, mapField, deriveMode, emailRemindAgain, remark, orderNum, isSystem, isValid, creatorId, createdTime, modifyId, modifyTime, isForking, isDefaultForking)
VALUES ('AD46AD84-FB59-4FC2-83F4-A3A13E969ADC', '计划通过', 'D20999FF-C990-48A9-B1F4-C6A0A3F339B1', 'D24BA133-6B79-4C64-AD0D-DFC1C600F6B6', 'ac34958b-a441-4b84-9758-f4d81a6465b5', NULL, NULL, NULL, 'COMMON', 'N', 'N', '1', '', 'ACTd43cc-0d99-417f-9982-a1e9704f12d4', NULL, NULL, 'N', '1', NULL, NULL, NULL, NULL, NULL, NULL, 3, 'Y', 'Y', 'b8ab9427-627b-469f-bfd0-4b1buser0001', '2022-08-08', 'b8ab9427-627b-469f-bfd0-4b1buser0001', '2022-08-08', 'N', 'N');
INSERT INTO wf_transition(id, name, nodeId, toNodeId, workflowPageId, deriveWorkflowType, toDeriveNodeId, conditions, type, isOnlyOnce, isSaveNodeUser, SynCondition, exeCls, workflowId, deriveWorkflowId, isDelPageUser, hasSave, pageTo, isMulTask, functionRight, mapField, deriveMode, emailRemindAgain, remark, orderNum, isSystem, isValid, creatorId, createdTime, modifyId, modifyTime, isForking, isDefaultForking)
VALUES ('03216353-6AF6-44E4-A69D-0BF9F33585FB', '计划不通过', 'D20999FF-C990-48A9-B1F4-C6A0A3F339B1', '53883C20-8AE7-4D32-8CC4-FB0046049FCF', 'e6a4404d-6d39-4513-8ada-7db504f6e907', NULL, NULL, NULL, 'COMMON', 'N', 'N', '1', '', 'ACTd43cc-0d99-417f-9982-a1e9704f12d4', NULL, NULL, 'N', '1', NULL, NULL, NULL, NULL, NULL, NULL, 4, 'Y', 'Y', 'b8ab9427-627b-469f-bfd0-4b1buser0001', '2022-08-08', 'b8ab9427-627b-469f-bfd0-4b1buser0001', '2022-08-08', 'N', 'N');
INSERT INTO wf_transition(id, name, nodeId, toNodeId, workflowPageId, deriveWorkflowType, toDeriveNodeId, conditions, type, isOnlyOnce, isSaveNodeUser, SynCondition, exeCls, workflowId, deriveWorkflowId, isDelPageUser, hasSave, pageTo, isMulTask, functionRight, mapField, deriveMode, emailRemindAgain, remark, orderNum, isSystem, isValid, creatorId, createdTime, modifyId, modifyTime, isForking, isDefaultForking)
VALUES ('61811C0D-A184-423D-9D28-D650F3D2177D', '预算通过', 'D24BA133-6B79-4C64-AD0D-DFC1C600F6B6', 'E55FE844-4D80-4CCB-8667-DBD723FA00AF', 'd6819f76-1d80-4e53-952b-a18929d0a689', NULL, NULL, NULL, 'COMMON', 'N', 'N', '1', '', 'ACTd43cc-0d99-417f-9982-a1e9704f12d4', NULL, NULL, 'N', '1', NULL, NULL, NULL, NULL, NULL, NULL, 5, 'Y', 'Y', 'b8ab9427-627b-469f-bfd0-4b1buser0001', '2022-08-08', 'b8ab9427-627b-469f-bfd0-4b1buser0001', '2022-08-08', 'N', 'N');
INSERT INTO wf_transition(id, name, nodeId, toNodeId, workflowPageId, deriveWorkflowType, toDeriveNodeId, conditions, type, isOnlyOnce, isSaveNodeUser, SynCondition, exeCls, workflowId, deriveWorkflowId, isDelPageUser, hasSave, pageTo, isMulTask, functionRight, mapField, deriveMode, emailRemindAgain, remark, orderNum, isSystem, isValid, creatorId, createdTime, modifyId, modifyTime, isForking, isDefaultForking)
VALUES ('036131BB-A5D7-4E66-8E3C-8AEA2652DF9E', '预算不通过', 'D24BA133-6B79-4C64-AD0D-DFC1C600F6B6', 'D20999FF-C990-48A9-B1F4-C6A0A3F339B1', 'db81889d-b00e-4544-91e4-bcf0c419e2e3', NULL, NULL, NULL, 'COMMON', 'N', 'N', '1', '', 'ACTd43cc-0d99-417f-9982-a1e9704f12d4', NULL, NULL, 'N', '1', NULL, NULL, NULL, NULL, NULL, NULL, 6, 'Y', 'Y', 'b8ab9427-627b-469f-bfd0-4b1buser0001', '2022-08-08', 'b8ab9427-627b-469f-bfd0-4b1buser0001', '2022-08-08', 'N', 'N');
INSERT INTO wf_transition(id, name, nodeId, toNodeId, workflowPageId, deriveWorkflowType, toDeriveNodeId, conditions, type, isOnlyOnce, isSaveNodeUser, SynCondition, exeCls, workflowId, deriveWorkflowId, isDelPageUser, hasSave, pageTo, isMulTask, functionRight, mapField, deriveMode, emailRemindAgain, remark, orderNum, isSystem, isValid, creatorId, createdTime, modifyId, modifyTime, isForking, isDefaultForking)
VALUES ('64DF9905-8A90-4C7D-9BE9-2B1ED9062596', '团队组建通过', 'E55FE844-4D80-4CCB-8667-DBD723FA00AF', '977DE59A-6A0C-4E71-9672-BAEDC96D42FD', '01e935fb-66f0-4f47-9623-bd46826d67a1', NULL, NULL, NULL, 'COMMON', 'N', 'N', '1', '', 'ACTd43cc-0d99-417f-9982-a1e9704f12d4', NULL, NULL, 'N', '1', NULL, NULL, NULL, NULL, NULL, NULL, 7, 'Y', 'Y', 'b8ab9427-627b-469f-bfd0-4b1buser0001', '2022-08-08', 'b8ab9427-627b-469f-bfd0-4b1buser0001', '2022-08-08', 'N', 'N');
INSERT INTO wf_transition(id, name, nodeId, toNodeId, workflowPageId, deriveWorkflowType, toDeriveNodeId, conditions, type, isOnlyOnce, isSaveNodeUser, SynCondition, exeCls, workflowId, deriveWorkflowId, isDelPageUser, hasSave, pageTo, isMulTask, functionRight, mapField, deriveMode, emailRemindAgain, remark, orderNum, isSystem, isValid, creatorId, createdTime, modifyId, modifyTime, isForking, isDefaultForking)
VALUES ('DF10D5A8-AD17-4E5E-864C-473056D917B4', '团队组建不通过', 'E55FE844-4D80-4CCB-8667-DBD723FA00AF', 'D24BA133-6B79-4C64-AD0D-DFC1C600F6B6', '26da8c0e-b665-4715-90e3-237b35d2b309', NULL, NULL, NULL, 'COMMON', 'N', 'N', '1', '', 'ACTd43cc-0d99-417f-9982-a1e9704f12d4', NULL, NULL, 'N', '1', NULL, NULL, NULL, NULL, NULL, NULL, 8, 'Y', 'Y', 'b8ab9427-627b-469f-bfd0-4b1buser0001', '2022-08-08', 'b8ab9427-627b-469f-bfd0-4b1buser0001', '2022-08-08', 'N', 'N');
INSERT INTO wf_transition(id, name, nodeId, toNodeId, workflowPageId, deriveWorkflowType, toDeriveNodeId, conditions, type, isOnlyOnce, isSaveNodeUser, SynCondition, exeCls, workflowId, deriveWorkflowId, isDelPageUser, hasSave, pageTo, isMulTask, functionRight, mapField, deriveMode, emailRemindAgain, remark, orderNum, isSystem, isValid, creatorId, createdTime, modifyId, modifyTime, isForking, isDefaultForking)
VALUES ('D091F3E6-E63A-41D9-A872-5379CA802CE6', '派生项目', '977DE59A-6A0C-4E71-9672-BAEDC96D42FD', 'DD844D30-D2C5-4AC3-B84C-34ACA7AB66FF', '91214afa-4726-4087-ab6a-bb50645659f6', 'PJT', 'feaeae10-6aec-44b7-8bf0-cac5f315cca1', NULL, 'DERIVE', 'Y', 'N', '1', '', 'ACTd43cc-0d99-417f-9982-a1e9704f12d4', '714df9c1-c86d-4a81-8159-4df77056d6f8', NULL, 'N', '1', NULL, NULL, '{"deriveType":"PJT","mappingField":"customerName:customerName;typeId:typeId;levelId:levelId;departmentId:departmentId;fileSign:fileSign"}', NULL, NULL, NULL, 9, 'Y', 'Y', 'b8ab9427-627b-469f-bfd0-4b1buser0001', '2022-08-08', 'b8ab9427-627b-469f-bfd0-4b1buser0001', '2022-08-08', 'N', 'N');
INSERT INTO wf_transition(id, name, nodeId, toNodeId, workflowPageId, deriveWorkflowType, toDeriveNodeId, conditions, type, isOnlyOnce, isSaveNodeUser, SynCondition, exeCls, workflowId, deriveWorkflowId, isDelPageUser, hasSave, pageTo, isMulTask, functionRight, mapField, deriveMode, emailRemindAgain, remark, orderNum, isSystem, isValid, creatorId, createdTime, modifyId, modifyTime, isForking, isDefaultForking)
VALUES ('E8ADC324-3997-4164-BDC1-8B46383D40A6', '关闭', '977DE59A-6A0C-4E71-9672-BAEDC96D42FD', 'C5A78C37-41F6-4AB1-AFBC-7FEC2B8D05CD', '3fcd96ca-aedc-4b81-95b0-97a423de757e', NULL, NULL, NULL, 'COMMON', 'N', 'N', '1', '', 'ACTd43cc-0d99-417f-9982-a1e9704f12d4', NULL, NULL, 'N', '1', NULL, NULL, NULL, NULL, NULL, NULL, 10, 'Y', 'Y', 'b8ab9427-627b-469f-bfd0-4b1buser0001', '2022-08-08', 'b8ab9427-627b-469f-bfd0-4b1buser0001', '2022-08-08', 'N', 'N');

INSERT INTO sys_status(id, objectType, Name, Remark, bgColor, fColor, isCalcLag, isEnd, isValid, orderNum, creatorId, createdTime, modifyId, modifyTime, workflowId)
VALUES ('190d662d-5e31-46bd-b729-33cd7532a31a', 'PMI', '制定项目提案', NULL, NULL, NULL, 'Y', 'N', 'Y', 2, 'b8ab9427-627b-469f-bfd0-4b1buser0001', '2022-08-08', 'b8ab9427-627b-469f-bfd0-4b1buser0001', '2022-08-08', 'ACTd43cc-0d99-417f-9982-a1e9704f12d4');
INSERT INTO sys_status(id, objectType, Name, Remark, bgColor, fColor, isCalcLag, isEnd, isValid, orderNum, creatorId, createdTime, modifyId, modifyTime, workflowId)
VALUES ('62971164-8934-4002-862e-62f4f660ba99', 'PMI', '项目评审', NULL, NULL, NULL, 'Y', 'N', 'Y', 3, 'b8ab9427-627b-469f-bfd0-4b1buser0001', '2022-08-08', 'b8ab9427-627b-469f-bfd0-4b1buser0001', '2022-08-08', 'ACTd43cc-0d99-417f-9982-a1e9704f12d4');
INSERT INTO sys_status(id, objectType, Name, Remark, bgColor, fColor, isCalcLag, isEnd, isValid, orderNum, creatorId, createdTime, modifyId, modifyTime, workflowId)
VALUES ('d800e7b2-f739-4d41-9472-a0ecc7d84b40', 'PMI', '制定项目计划', NULL, NULL, NULL, 'Y', 'N', 'Y', 4, 'b8ab9427-627b-469f-bfd0-4b1buser0001', '2022-08-08', 'b8ab9427-627b-469f-bfd0-4b1buser0001', '2022-08-08', 'ACTd43cc-0d99-417f-9982-a1e9704f12d4');
INSERT INTO sys_status(id, objectType, Name, Remark, bgColor, fColor, isCalcLag, isEnd, isValid, orderNum, creatorId, createdTime, modifyId, modifyTime, workflowId)
VALUES ('89854e65-30fd-4637-9d1f-9f59a254b1b4', 'PMI', '预算估算', NULL, NULL, NULL, 'Y', 'N', 'Y', 5, 'b8ab9427-627b-469f-bfd0-4b1buser0001', '2022-08-08', 'b8ab9427-627b-469f-bfd0-4b1buser0001', '2022-08-08', 'ACTd43cc-0d99-417f-9982-a1e9704f12d4');
INSERT INTO sys_status(id, objectType, Name, Remark, bgColor, fColor, isCalcLag, isEnd, isValid, orderNum, creatorId, createdTime, modifyId, modifyTime, workflowId)
VALUES ('3847f3ba-b9ef-4e2d-bb19-c581902391f4', 'PMI', '团队组建', NULL, NULL, NULL, 'Y', 'N', 'Y', 6, 'b8ab9427-627b-469f-bfd0-4b1buser0001', '2022-08-08', 'b8ab9427-627b-469f-bfd0-4b1buser0001', '2022-08-08', 'ACTd43cc-0d99-417f-9982-a1e9704f12d4');
INSERT INTO sys_status(id, objectType, Name, Remark, bgColor, fColor, isCalcLag, isEnd, isValid, orderNum, creatorId, createdTime, modifyId, modifyTime, workflowId)
VALUES ('640342cb-1948-4d0b-9038-38b2ab9c51dc', 'PMI', '项目启动', NULL, NULL, NULL, 'Y', 'N', 'Y', 7, 'b8ab9427-627b-469f-bfd0-4b1buser0001', '2022-08-08', 'b8ab9427-627b-469f-bfd0-4b1buser0001', '2022-08-08', 'ACTd43cc-0d99-417f-9982-a1e9704f12d4');
INSERT INTO sys_status(id, objectType, Name, Remark, bgColor, fColor, isCalcLag, isEnd, isValid, orderNum, creatorId, createdTime, modifyId, modifyTime, workflowId)
VALUES ('4f31f731-1da9-47b7-910e-22ec8ce48611', 'PMI', '结束', NULL, NULL, NULL, 'Y', 'Y', 'Y', 8, 'b8ab9427-627b-469f-bfd0-4b1buser0001', '2022-08-08', 'b8ab9427-627b-469f-bfd0-4b1buser0001', '2022-08-08', 'ACTd43cc-0d99-417f-9982-a1e9704f12d4');

INSERT INTO sys_page(id, name, objectType, pageType, parentId, workflowID, deriveWfType, deriveWfID, mapField, isStartPage, entityTypeID, extPageUrl, extPageCls, isSystem, remark, isValid, orderNum, creatorId, createdTime, modifyId, modifyTime, subType)
VALUES ('83b13673-cb3d-44ec-93e7-952e8399e009', '开始', 'PMI', 'FORM', NULL, 'ACTd43cc-0d99-417f-9982-a1e9704f12d4', NULL, NULL, NULL, NULL, '', NULL, NULL, 'N', NULL, 'Y', 1, 'b8ab9427-627b-469f-bfd0-4b1buser0001', '2022-08-08', 'b8ab9427-627b-469f-bfd0-4b1buser0001', '2022-08-08', 'ADD');
INSERT INTO sys_page(id, name, objectType, pageType, parentId, workflowID, deriveWfType, deriveWfID, mapField, isStartPage, entityTypeID, extPageUrl, extPageCls, isSystem, remark, isValid, orderNum, creatorId, createdTime, modifyId, modifyTime, subType)
VALUES ('ba0272c2-f34d-41e0-8bed-e049bd677c33', '评审通过', 'PMI', 'FORM', NULL, 'ACTd43cc-0d99-417f-9982-a1e9704f12d4', NULL, NULL, 'tab_Y_detail,tab_Y_workflowChart,tab_Y_workflowProcess,tab_Y_relate,tab_Y_file', NULL, '', NULL, NULL, 'N', NULL, 'Y', 2, 'b8ab9427-627b-469f-bfd0-4b1buser0001', '2022-08-08', 'b8ab9427-627b-469f-bfd0-4b1buser0001', '2022-08-08', 'EDIT');
INSERT INTO sys_page(id, name, objectType, pageType, parentId, workflowID, deriveWfType, deriveWfID, mapField, isStartPage, entityTypeID, extPageUrl, extPageCls, isSystem, remark, isValid, orderNum, creatorId, createdTime, modifyId, modifyTime, subType)
VALUES ('ac34958b-a441-4b84-9758-f4d81a6465b5', '计划通过', 'PMI', 'FORM', NULL, 'ACTd43cc-0d99-417f-9982-a1e9704f12d4', NULL, NULL, 'tab_Y_detail,tab_Y_workflowChart,tab_Y_workflowProcess,tab_Y_relate,tab_Y_file', NULL, '', NULL, NULL, 'N', NULL, 'Y', 3, 'b8ab9427-627b-469f-bfd0-4b1buser0001', '2022-08-08', 'b8ab9427-627b-469f-bfd0-4b1buser0001', '2022-08-08', 'EDIT');
INSERT INTO sys_page(id, name, objectType, pageType, parentId, workflowID, deriveWfType, deriveWfID, mapField, isStartPage, entityTypeID, extPageUrl, extPageCls, isSystem, remark, isValid, orderNum, creatorId, createdTime, modifyId, modifyTime, subType)
VALUES ('d6819f76-1d80-4e53-952b-a18929d0a689', '预算通过', 'PMI', 'FORM', NULL, 'ACTd43cc-0d99-417f-9982-a1e9704f12d4', NULL, NULL, 'tab_Y_detail,tab_Y_workflowChart,tab_Y_workflowProcess,tab_Y_relate,tab_Y_file', NULL, '', NULL, NULL, 'N', NULL, 'Y', 5, 'b8ab9427-627b-469f-bfd0-4b1buser0001', '2022-08-08', 'b8ab9427-627b-469f-bfd0-4b1buser0001', '2022-08-08', 'EDIT');
INSERT INTO sys_page(id, name, objectType, pageType, parentId, workflowID, deriveWfType, deriveWfID, mapField, isStartPage, entityTypeID, extPageUrl, extPageCls, isSystem, remark, isValid, orderNum, creatorId, createdTime, modifyId, modifyTime, subType)
VALUES ('91214afa-4726-4087-ab6a-bb50645659f6', '派生项目', 'PJT', 'FORM', NULL, 'ACTd43cc-0d99-417f-9982-a1e9704f12d4', NULL, NULL, '', NULL, '', NULL, NULL, 'N', NULL, 'N', 9, 'b8ab9427-627b-469f-bfd0-4b1buser0001', '2022-08-08', 'b8ab9427-627b-469f-bfd0-4b1buser0001', '2022-08-08', 'ADD');
INSERT INTO sys_page(id, name, objectType, pageType, parentId, workflowID, deriveWfType, deriveWfID, mapField, isStartPage, entityTypeID, extPageUrl, extPageCls, isSystem, remark, isValid, orderNum, creatorId, createdTime, modifyId, modifyTime, subType)
VALUES ('f204b849-293a-4aa4-abff-90e9c96b76b8', '提交项目提案', 'PMI', 'FORM', NULL, 'ACTd43cc-0d99-417f-9982-a1e9704f12d4', NULL, NULL, 'tab_Y_detail,tab_Y_workflowChart,tab_Y_workflowProcess,tab_Y_relate,tab_Y_file', NULL, '', NULL, NULL, 'N', NULL, 'Y', 13, 'b8ab9427-627b-469f-bfd0-4b1buser0001', '2022-08-08', 'b8ab9427-627b-469f-bfd0-4b1buser0001', '2022-08-08', 'EDIT');
INSERT INTO sys_page(id, name, objectType, pageType, parentId, workflowID, deriveWfType, deriveWfID, mapField, isStartPage, entityTypeID, extPageUrl, extPageCls, isSystem, remark, isValid, orderNum, creatorId, createdTime, modifyId, modifyTime, subType)
VALUES ('4c602eb1-679c-4330-b871-bea382a32d2e', '制定项目提案', 'PMI', 'FORM', NULL, 'ACTd43cc-0d99-417f-9982-a1e9704f12d4', NULL, NULL, 'tab_Y_detail,tab_Y_workflowChart,tab_Y_workflowProcess,tab_Y_relate,tab_Y_file', NULL, '', NULL, NULL, 'N', NULL, 'Y', 14, 'b8ab9427-627b-469f-bfd0-4b1buser0001', '2022-08-08', 'b8ab9427-627b-469f-bfd0-4b1buser0001', '2022-08-08', 'VIEW');
INSERT INTO sys_page(id, name, objectType, pageType, parentId, workflowID, deriveWfType, deriveWfID, mapField, isStartPage, entityTypeID, extPageUrl, extPageCls, isSystem, remark, isValid, orderNum, creatorId, createdTime, modifyId, modifyTime, subType)
VALUES ('910d3b5b-0490-4cb0-a275-d39d6418c598', '项目评审', 'PMI', 'FORM', NULL, 'ACTd43cc-0d99-417f-9982-a1e9704f12d4', NULL, NULL, 'tab_Y_detail,tab_Y_workflowChart,tab_Y_workflowProcess,tab_Y_relate,tab_Y_file', NULL, '', NULL, NULL, 'N', NULL, 'Y', 15, 'b8ab9427-627b-469f-bfd0-4b1buser0001', '2022-08-08', 'b8ab9427-627b-469f-bfd0-4b1buser0001', '2022-08-08', 'VIEW');
INSERT INTO sys_page(id, name, objectType, pageType, parentId, workflowID, deriveWfType, deriveWfID, mapField, isStartPage, entityTypeID, extPageUrl, extPageCls, isSystem, remark, isValid, orderNum, creatorId, createdTime, modifyId, modifyTime, subType)
VALUES ('d661caec-8ab8-4881-830c-7911c86665b8', '评审不通过', 'PMI', 'FORM', NULL, 'ACTd43cc-0d99-417f-9982-a1e9704f12d4', NULL, NULL, 'tab_Y_detail,tab_Y_workflowChart,tab_Y_workflowProcess,tab_Y_relate,tab_Y_file', NULL, '', NULL, NULL, 'N', NULL, 'Y', 15, 'b8ab9427-627b-469f-bfd0-4b1buser0001', '2022-08-08', 'b8ab9427-627b-469f-bfd0-4b1buser0001', '2022-08-08', 'EDIT');
INSERT INTO sys_page(id, name, objectType, pageType, parentId, workflowID, deriveWfType, deriveWfID, mapField, isStartPage, entityTypeID, extPageUrl, extPageCls, isSystem, remark, isValid, orderNum, creatorId, createdTime, modifyId, modifyTime, subType)
VALUES ('e68aa479-0635-4e61-b3a7-3a1dcd170714', '制定项目计划', 'PMI', 'FORM', NULL, 'ACTd43cc-0d99-417f-9982-a1e9704f12d4', NULL, NULL, 'tab_Y_detail,tab_Y_workflowChart,tab_Y_workflowProcess,tab_Y_relate,tab_Y_file', NULL, '', NULL, NULL, 'N', NULL, 'Y', 16, 'b8ab9427-627b-469f-bfd0-4b1buser0001', '2022-08-08', 'b8ab9427-627b-469f-bfd0-4b1buser0001', '2022-08-08', 'VIEW');
INSERT INTO sys_page(id, name, objectType, pageType, parentId, workflowID, deriveWfType, deriveWfID, mapField, isStartPage, entityTypeID, extPageUrl, extPageCls, isSystem, remark, isValid, orderNum, creatorId, createdTime, modifyId, modifyTime, subType)
VALUES ('e6a4404d-6d39-4513-8ada-7db504f6e907', '计划不通过', 'PMI', 'FORM', NULL, 'ACTd43cc-0d99-417f-9982-a1e9704f12d4', NULL, NULL, 'tab_Y_detail,tab_Y_workflowChart,tab_Y_workflowProcess,tab_Y_relate,tab_Y_file', NULL, '', NULL, NULL, 'N', NULL, 'Y', 16, 'b8ab9427-627b-469f-bfd0-4b1buser0001', '2022-08-08', 'b8ab9427-627b-469f-bfd0-4b1buser0001', '2022-08-08', 'EDIT');
INSERT INTO sys_page(id, name, objectType, pageType, parentId, workflowID, deriveWfType, deriveWfID, mapField, isStartPage, entityTypeID, extPageUrl, extPageCls, isSystem, remark, isValid, orderNum, creatorId, createdTime, modifyId, modifyTime, subType)
VALUES ('db239807-3522-46b3-a68a-c3d8a92b98de', '预算估算', 'PMI', 'FORM', NULL, 'ACTd43cc-0d99-417f-9982-a1e9704f12d4', NULL, NULL, 'tab_Y_detail,tab_Y_workflowChart,tab_Y_workflowProcess,tab_Y_relate,tab_Y_file', NULL, '', NULL, NULL, 'N', NULL, 'Y', 17, 'b8ab9427-627b-469f-bfd0-4b1buser0001', '2022-08-08', 'b8ab9427-627b-469f-bfd0-4b1buser0001', '2022-08-08', 'VIEW');
INSERT INTO sys_page(id, name, objectType, pageType, parentId, workflowID, deriveWfType, deriveWfID, mapField, isStartPage, entityTypeID, extPageUrl, extPageCls, isSystem, remark, isValid, orderNum, creatorId, createdTime, modifyId, modifyTime, subType)
VALUES ('db81889d-b00e-4544-91e4-bcf0c419e2e3', '预算不通过', 'PMI', 'FORM', NULL, 'ACTd43cc-0d99-417f-9982-a1e9704f12d4', NULL, NULL, 'tab_Y_detail,tab_Y_workflowChart,tab_Y_workflowProcess,tab_Y_relate,tab_Y_file', NULL, '', NULL, NULL, 'N', NULL, 'Y', 18, 'b8ab9427-627b-469f-bfd0-4b1buser0001', '2022-08-08', 'b8ab9427-627b-469f-bfd0-4b1buser0001', '2022-08-08', 'EDIT');
INSERT INTO sys_page(id, name, objectType, pageType, parentId, workflowID, deriveWfType, deriveWfID, mapField, isStartPage, entityTypeID, extPageUrl, extPageCls, isSystem, remark, isValid, orderNum, creatorId, createdTime, modifyId, modifyTime, subType)
VALUES ('f69328d2-849a-4bb2-a7c0-2d8e309944fa', '团队组建', 'PMI', 'FORM', NULL, 'ACTd43cc-0d99-417f-9982-a1e9704f12d4', NULL, NULL, 'tab_Y_detail,tab_Y_workflowChart,tab_Y_workflowProcess,tab_Y_relate,tab_Y_file', NULL, '', NULL, NULL, 'N', NULL, 'Y', 18, 'b8ab9427-627b-469f-bfd0-4b1buser0001', '2022-08-08', 'b8ab9427-627b-469f-bfd0-4b1buser0001', '2022-08-08', 'VIEW');
INSERT INTO sys_page(id, name, objectType, pageType, parentId, workflowID, deriveWfType, deriveWfID, mapField, isStartPage, entityTypeID, extPageUrl, extPageCls, isSystem, remark, isValid, orderNum, creatorId, createdTime, modifyId, modifyTime, subType)
VALUES ('01e935fb-66f0-4f47-9623-bd46826d67a1', '团队组建通过', 'PMI', 'FORM', NULL, 'ACTd43cc-0d99-417f-9982-a1e9704f12d4', NULL, NULL, 'tab_Y_detail,tab_Y_workflowChart,tab_Y_workflowProcess,tab_Y_relate,tab_Y_file', NULL, '', NULL, NULL, 'N', NULL, 'Y', 19, 'b8ab9427-627b-469f-bfd0-4b1buser0001', '2022-08-08', 'b8ab9427-627b-469f-bfd0-4b1buser0001', '2022-08-08', 'EDIT');
INSERT INTO sys_page(id, name, objectType, pageType, parentId, workflowID, deriveWfType, deriveWfID, mapField, isStartPage, entityTypeID, extPageUrl, extPageCls, isSystem, remark, isValid, orderNum, creatorId, createdTime, modifyId, modifyTime, subType)
VALUES ('b52606f9-10dc-4404-9798-6f388d54936f', '项目启动', 'PMI', 'FORM', NULL, 'ACTd43cc-0d99-417f-9982-a1e9704f12d4', NULL, NULL, 'tab_Y_detail,tab_Y_workflowChart,tab_Y_workflowProcess,tab_Y_relate,tab_Y_file', NULL, '', NULL, NULL, 'N', NULL, 'Y', 19, 'b8ab9427-627b-469f-bfd0-4b1buser0001', '2022-08-08', 'b8ab9427-627b-469f-bfd0-4b1buser0001', '2022-08-08', 'VIEW');
INSERT INTO sys_page(id, name, objectType, pageType, parentId, workflowID, deriveWfType, deriveWfID, mapField, isStartPage, entityTypeID, extPageUrl, extPageCls, isSystem, remark, isValid, orderNum, creatorId, createdTime, modifyId, modifyTime, subType)
VALUES ('25d3d396-6481-4c57-96a4-ae3c72ffb53a', '结束', 'PMI', 'FORM', NULL, 'ACTd43cc-0d99-417f-9982-a1e9704f12d4', NULL, NULL, 'tab_Y_detail,tab_Y_workflowChart,tab_Y_workflowProcess,tab_Y_relate,tab_Y_file', NULL, '', NULL, NULL, 'N', NULL, 'Y', 20, 'b8ab9427-627b-469f-bfd0-4b1buser0001', '2022-08-08', 'b8ab9427-627b-469f-bfd0-4b1buser0001', '2022-08-08', 'VIEW');
INSERT INTO sys_page(id, name, objectType, pageType, parentId, workflowID, deriveWfType, deriveWfID, mapField, isStartPage, entityTypeID, extPageUrl, extPageCls, isSystem, remark, isValid, orderNum, creatorId, createdTime, modifyId, modifyTime, subType)
VALUES ('26da8c0e-b665-4715-90e3-237b35d2b309', '团队组建不通过', 'PMI', 'FORM', NULL, 'ACTd43cc-0d99-417f-9982-a1e9704f12d4', NULL, NULL, 'tab_Y_detail,tab_Y_workflowChart,tab_Y_workflowProcess,tab_Y_relate,tab_Y_file', NULL, '', NULL, NULL, 'N', NULL, 'Y', 20, 'b8ab9427-627b-469f-bfd0-4b1buser0001', '2022-08-08', 'b8ab9427-627b-469f-bfd0-4b1buser0001', '2022-08-08', 'EDIT');
INSERT INTO sys_page(id, name, objectType, pageType, parentId, workflowID, deriveWfType, deriveWfID, mapField, isStartPage, entityTypeID, extPageUrl, extPageCls, isSystem, remark, isValid, orderNum, creatorId, createdTime, modifyId, modifyTime, subType)
VALUES ('3fcd96ca-aedc-4b81-95b0-97a423de757e', '关闭', 'PMI', 'FORM', NULL, 'ACTd43cc-0d99-417f-9982-a1e9704f12d4', NULL, NULL, 'tab_Y_detail,tab_Y_workflowChart,tab_Y_workflowProcess,tab_Y_relate,tab_Y_file', NULL, '', NULL, NULL, 'N', NULL, 'Y', 22, 'b8ab9427-627b-469f-bfd0-4b1buser0001', '2022-08-08', 'b8ab9427-627b-469f-bfd0-4b1buser0001', '2022-08-08', 'EDIT');

INSERT INTO sys_pagefield_rlt(id, pageId, fieldId, orderNum, isRequired, isReaded, isReseted, isRecorded, isShowed, layout, isValid, module)
VALUES ('79fbde12-1265-4987-9ce8-43c44e10c257', '01e935fb-66f0-4f47-9623-bd46826d67a1', 'fbd95340-7d49-45a2-a932-34c3c42b1604', 1, 'Y', 'Y', NULL, NULL, 'Y', 'F', 'Y', NULL);
INSERT INTO sys_pagefield_rlt(id, pageId, fieldId, orderNum, isRequired, isReaded, isReseted, isRecorded, isShowed, layout, isValid, module)
VALUES ('a78c50ce-8236-4fee-9245-c68c2e6fd457', '01e935fb-66f0-4f47-9623-bd46826d67a1', '1cecb799-7fc7-4281-ba3d-4441b441a75d', 2, 'Y', 'Y', NULL, NULL, 'Y', 'T', 'Y', NULL);
INSERT INTO sys_pagefield_rlt(id, pageId, fieldId, orderNum, isRequired, isReaded, isReseted, isRecorded, isShowed, layout, isValid, module)
VALUES ('2a93d4ae-a9ae-4cf0-bf77-839725885db9', '01e935fb-66f0-4f47-9623-bd46826d67a1', '8d758406-86a3-4358-ad0a-1757f5bc4923', 3, 'N', 'Y', NULL, NULL, 'Y', 'T', 'Y', NULL);
INSERT INTO sys_pagefield_rlt(id, pageId, fieldId, orderNum, isRequired, isReaded, isReseted, isRecorded, isShowed, layout, isValid, module)
VALUES ('bbab749b-4e2f-4415-a7aa-783609b16689', '01e935fb-66f0-4f47-9623-bd46826d67a1', '57587811-451a-4da3-9fbc-01ce52b1cdce', 4, 'Y', 'Y', NULL, NULL, 'Y', 'T', 'Y', NULL);
INSERT INTO sys_pagefield_rlt(id, pageId, fieldId, orderNum, isRequired, isReaded, isReseted, isRecorded, isShowed, layout, isValid, module)
VALUES ('8e28ff1d-c2d9-4253-8ff9-95bdf5e5a390', '01e935fb-66f0-4f47-9623-bd46826d67a1', '5382b624-7d4a-42f7-9b70-fa83a36cc093', 5, 'Y', 'Y', NULL, NULL, 'Y', 'T', 'Y', NULL);
INSERT INTO sys_pagefield_rlt(id, pageId, fieldId, orderNum, isRequired, isReaded, isReseted, isRecorded, isShowed, layout, isValid, module)
VALUES ('384e0909-01eb-4bd2-8172-944cbb980ccd', '01e935fb-66f0-4f47-9623-bd46826d67a1', '9bbcc361-ee6d-40ae-9061-d181486a4404', 6, 'Y', 'Y', NULL, NULL, 'Y', 'F', 'Y', NULL);
INSERT INTO sys_pagefield_rlt(id, pageId, fieldId, orderNum, isRequired, isReaded, isReseted, isRecorded, isShowed, layout, isValid, module)
VALUES ('ce075f5b-5d5b-4597-aac4-8e9ae79d8d9d', '01e935fb-66f0-4f47-9623-bd46826d67a1', 'fae66d70-364c-4f52-8b62-7e5efd3d3d28', 7, 'Y', 'Y', NULL, NULL, 'Y', 'F', 'Y', NULL);
INSERT INTO sys_pagefield_rlt(id, pageId, fieldId, orderNum, isRequired, isReaded, isReseted, isRecorded, isShowed, layout, isValid, module)
VALUES ('40fa619e-64ac-4b9a-88f9-52d35e0ff9de', '01e935fb-66f0-4f47-9623-bd46826d67a1', '955e50cf-7df1-4486-9152-dd85ea3a29a6', 8, 'N', 'Y', NULL, NULL, 'Y', 'F', 'Y', NULL);
INSERT INTO sys_pagefield_rlt(id, pageId, fieldId, orderNum, isRequired, isReaded, isReseted, isRecorded, isShowed, layout, isValid, module)
VALUES ('db50e468-1a66-4354-bf6e-311aa66a38f0', '01e935fb-66f0-4f47-9623-bd46826d67a1', '71feedff-8490-459d-af60-0fdac3c72bcc', 9, 'N', 'Y', NULL, NULL, 'Y', 'T', 'Y', NULL);
INSERT INTO sys_pagefield_rlt(id, pageId, fieldId, orderNum, isRequired, isReaded, isReseted, isRecorded, isShowed, layout, isValid, module)
VALUES ('6d534beb-7325-49c9-bdcc-6537ef063988', '01e935fb-66f0-4f47-9623-bd46826d67a1', '6bd43868-6414-4c04-89f7-7fbc70bfc2f6', 10, 'Y', 'N', NULL, NULL, 'Y', 'T', 'Y', NULL);
INSERT INTO sys_pagefield_rlt(id, pageId, fieldId, orderNum, isRequired, isReaded, isReseted, isRecorded, isShowed, layout, isValid, module)
VALUES ('812d5c29-0eb2-4071-8da7-e418ec24fa94', '01e935fb-66f0-4f47-9623-bd46826d67a1', 'd1db16aa-aef9-441b-9c64-70b4fa68bdd0', 11, 'N', 'Y', NULL, NULL, 'Y', 'F', 'Y', NULL);
INSERT INTO sys_pagefield_rlt(id, pageId, fieldId, orderNum, isRequired, isReaded, isReseted, isRecorded, isShowed, layout, isValid, module)
VALUES ('6ac69eb7-103c-406d-aebf-71c5691da415', '01e935fb-66f0-4f47-9623-bd46826d67a1', 'a213a511-259c-4750-8960-f723419ca494', 12, 'N', 'Y', NULL, NULL, 'Y', 'F', 'Y', NULL);
INSERT INTO sys_pagefield_rlt(id, pageId, fieldId, orderNum, isRequired, isReaded, isReseted, isRecorded, isShowed, layout, isValid, module)
VALUES ('17c73f9b-8fb5-430b-8725-d47de3009909', '01e935fb-66f0-4f47-9623-bd46826d67a1', 'a6286c17-e038-44cf-9aba-c7066d38dd26', 13, 'N', 'Y', NULL, NULL, 'Y', 'F', 'Y', NULL);
INSERT INTO sys_pagefield_rlt(id, pageId, fieldId, orderNum, isRequired, isReaded, isReseted, isRecorded, isShowed, layout, isValid, module)
VALUES ('4a9866d5-af38-4421-bfe8-3f5d4bb4feb6', '01e935fb-66f0-4f47-9623-bd46826d67a1', 'ad6e1213-85e3-4a7d-ba26-afe76626cec2', 14, 'N', 'Y', NULL, NULL, 'Y', 'F', 'Y', NULL);
INSERT INTO sys_pagefield_rlt(id, pageId, fieldId, orderNum, isRequired, isReaded, isReseted, isRecorded, isShowed, layout, isValid, module)
VALUES ('2effd593-9100-40ee-bedd-b4b6b55cf30a', '01e935fb-66f0-4f47-9623-bd46826d67a1', 'e5efa221-f0d0-4245-93d0-a73a9fd86bdb', 15, 'N', 'N', NULL, NULL, 'Y', 'T', 'Y', NULL);
INSERT INTO sys_pagefield_rlt(id, pageId, fieldId, orderNum, isRequired, isReaded, isReseted, isRecorded, isShowed, layout, isValid, module)
VALUES ('610b4291-843d-4a30-8c30-0b39d8c6c489', '01e935fb-66f0-4f47-9623-bd46826d67a1', '9cd138ac-acc5-4ca2-b009-a4093ce84b55', 16, 'N', 'Y', NULL, NULL, 'Y', 'T', 'Y', NULL);
INSERT INTO sys_pagefield_rlt(id, pageId, fieldId, orderNum, isRequired, isReaded, isReseted, isRecorded, isShowed, layout, isValid, module)
VALUES ('ecdb39e2-2503-49f7-a3d4-f40d24308840', '01e935fb-66f0-4f47-9623-bd46826d67a1', '1d042dde-0eec-47d9-8880-442297b6942f', 17, 'N', 'Y', NULL, NULL, 'Y', 'F', 'Y', NULL);
INSERT INTO sys_pagefield_rlt(id, pageId, fieldId, orderNum, isRequired, isReaded, isReseted, isRecorded, isShowed, layout, isValid, module)
VALUES ('8cf6d9dc-9ca1-4af6-95a6-d14b44449b62', '01e935fb-66f0-4f47-9623-bd46826d67a1', '20fa265d-3a1d-4aa5-a156-54034381bda9', 18, 'N', 'Y', NULL, NULL, 'Y', 'F', 'Y', NULL);
INSERT INTO sys_pagefield_rlt(id, pageId, fieldId, orderNum, isRequired, isReaded, isReseted, isRecorded, isShowed, layout, isValid, module)
VALUES ('94957d93-789d-415b-ae7a-923c8db9beaf', '01e935fb-66f0-4f47-9623-bd46826d67a1', '928b5638-bc04-41ac-abeb-0701f18d1e32', 19, 'Y', 'N', NULL, NULL, 'Y', 'F', 'Y', NULL);
INSERT INTO sys_pagefield_rlt(id, pageId, fieldId, orderNum, isRequired, isReaded, isReseted, isRecorded, isShowed, layout, isValid, module)
VALUES ('7c8db228-cfab-4757-8033-b3863b55634e', '25d3d396-6481-4c57-96a4-ae3c72ffb53a', 'fbd95340-7d49-45a2-a932-34c3c42b1604', 1, 'Y', 'Y', NULL, NULL, 'Y', 'F', 'Y', NULL);
INSERT INTO sys_pagefield_rlt(id, pageId, fieldId, orderNum, isRequired, isReaded, isReseted, isRecorded, isShowed, layout, isValid, module)
VALUES ('c9be1027-03af-4571-bd1d-8005a4201974', '25d3d396-6481-4c57-96a4-ae3c72ffb53a', '1cecb799-7fc7-4281-ba3d-4441b441a75d', 2, 'Y', 'Y', NULL, NULL, 'Y', 'T', 'Y', NULL);
INSERT INTO sys_pagefield_rlt(id, pageId, fieldId, orderNum, isRequired, isReaded, isReseted, isRecorded, isShowed, layout, isValid, module)
VALUES ('37529518-b3e1-495d-a871-9df917453ad5', '25d3d396-6481-4c57-96a4-ae3c72ffb53a', '8d758406-86a3-4358-ad0a-1757f5bc4923', 3, 'N', 'Y', NULL, NULL, 'Y', 'T', 'Y', NULL);
INSERT INTO sys_pagefield_rlt(id, pageId, fieldId, orderNum, isRequired, isReaded, isReseted, isRecorded, isShowed, layout, isValid, module)
VALUES ('7c9081fb-d7d4-4d57-b7d4-4181833100ed', '25d3d396-6481-4c57-96a4-ae3c72ffb53a', '57587811-451a-4da3-9fbc-01ce52b1cdce', 4, 'Y', 'Y', NULL, NULL, 'Y', 'T', 'Y', NULL);
INSERT INTO sys_pagefield_rlt(id, pageId, fieldId, orderNum, isRequired, isReaded, isReseted, isRecorded, isShowed, layout, isValid, module)
VALUES ('18c39b42-7fd6-4bc1-865f-c3ac4bab7e10', '25d3d396-6481-4c57-96a4-ae3c72ffb53a', '5382b624-7d4a-42f7-9b70-fa83a36cc093', 5, 'Y', 'Y', NULL, NULL, 'Y', 'T', 'Y', NULL);
INSERT INTO sys_pagefield_rlt(id, pageId, fieldId, orderNum, isRequired, isReaded, isReseted, isRecorded, isShowed, layout, isValid, module)
VALUES ('70d1d16f-97b0-40c2-8d89-3d0b00c77bcb', '25d3d396-6481-4c57-96a4-ae3c72ffb53a', '9bbcc361-ee6d-40ae-9061-d181486a4404', 6, 'Y', 'Y', NULL, NULL, 'Y', 'F', 'Y', NULL);
INSERT INTO sys_pagefield_rlt(id, pageId, fieldId, orderNum, isRequired, isReaded, isReseted, isRecorded, isShowed, layout, isValid, module)
VALUES ('20b7675f-6ef9-4679-aa27-33c3bc1e639e', '25d3d396-6481-4c57-96a4-ae3c72ffb53a', 'fae66d70-364c-4f52-8b62-7e5efd3d3d28', 7, 'Y', 'Y', NULL, NULL, 'Y', 'F', 'Y', NULL);
INSERT INTO sys_pagefield_rlt(id, pageId, fieldId, orderNum, isRequired, isReaded, isReseted, isRecorded, isShowed, layout, isValid, module)
VALUES ('1d5f3d3b-3800-4bfa-81d0-d3aa16206c99', '25d3d396-6481-4c57-96a4-ae3c72ffb53a', '955e50cf-7df1-4486-9152-dd85ea3a29a6', 8, 'N', 'Y', NULL, NULL, 'Y', 'F', 'Y', NULL);
INSERT INTO sys_pagefield_rlt(id, pageId, fieldId, orderNum, isRequired, isReaded, isReseted, isRecorded, isShowed, layout, isValid, module)
VALUES ('94676bb8-7fc6-40b8-9be0-53b995e90f01', '25d3d396-6481-4c57-96a4-ae3c72ffb53a', '71feedff-8490-459d-af60-0fdac3c72bcc', 9, 'N', 'Y', NULL, NULL, 'Y', 'T', 'Y', NULL);
INSERT INTO sys_pagefield_rlt(id, pageId, fieldId, orderNum, isRequired, isReaded, isReseted, isRecorded, isShowed, layout, isValid, module)
VALUES ('8cef705d-48af-4f2d-a6a7-0b0d1f411cd9', '25d3d396-6481-4c57-96a4-ae3c72ffb53a', '6bd43868-6414-4c04-89f7-7fbc70bfc2f6', 10, 'Y', 'Y', NULL, NULL, 'Y', 'T', 'Y', NULL);
INSERT INTO sys_pagefield_rlt(id, pageId, fieldId, orderNum, isRequired, isReaded, isReseted, isRecorded, isShowed, layout, isValid, module)
VALUES ('6d018a01-fe63-4f3f-b67b-45e0aa3ad851', '25d3d396-6481-4c57-96a4-ae3c72ffb53a', 'd1db16aa-aef9-441b-9c64-70b4fa68bdd0', 11, 'N', 'Y', NULL, NULL, 'Y', 'F', 'Y', NULL);
INSERT INTO sys_pagefield_rlt(id, pageId, fieldId, orderNum, isRequired, isReaded, isReseted, isRecorded, isShowed, layout, isValid, module)
VALUES ('1c41672f-ef73-43b3-9591-182bb726f6c9', '25d3d396-6481-4c57-96a4-ae3c72ffb53a', 'a213a511-259c-4750-8960-f723419ca494', 12, 'N', 'Y', NULL, NULL, 'Y', 'F', 'Y', NULL);
INSERT INTO sys_pagefield_rlt(id, pageId, fieldId, orderNum, isRequired, isReaded, isReseted, isRecorded, isShowed, layout, isValid, module)
VALUES ('06b71816-e339-4c9c-bc81-a72267566dee', '25d3d396-6481-4c57-96a4-ae3c72ffb53a', 'a6286c17-e038-44cf-9aba-c7066d38dd26', 13, 'N', 'Y', NULL, NULL, 'Y', 'F', 'Y', NULL);
INSERT INTO sys_pagefield_rlt(id, pageId, fieldId, orderNum, isRequired, isReaded, isReseted, isRecorded, isShowed, layout, isValid, module)
VALUES ('9cd500b9-0ae5-4e32-a857-b6fad483ecf8', '25d3d396-6481-4c57-96a4-ae3c72ffb53a', 'ad6e1213-85e3-4a7d-ba26-afe76626cec2', 14, 'N', 'Y', NULL, NULL, 'Y', 'F', 'Y', NULL);
INSERT INTO sys_pagefield_rlt(id, pageId, fieldId, orderNum, isRequired, isReaded, isReseted, isRecorded, isShowed, layout, isValid, module)
VALUES ('795d3f6d-2c38-4e5a-8fee-3932bf213b0f', '25d3d396-6481-4c57-96a4-ae3c72ffb53a', 'e5efa221-f0d0-4245-93d0-a73a9fd86bdb', 15, 'N', 'Y', NULL, NULL, 'Y', 'T', 'Y', NULL);
INSERT INTO sys_pagefield_rlt(id, pageId, fieldId, orderNum, isRequired, isReaded, isReseted, isRecorded, isShowed, layout, isValid, module)
VALUES ('f663244b-338d-4239-86fb-1b368f55c388', '25d3d396-6481-4c57-96a4-ae3c72ffb53a', '9cd138ac-acc5-4ca2-b009-a4093ce84b55', 16, 'N', 'Y', NULL, NULL, 'Y', 'T', 'Y', NULL);
INSERT INTO sys_pagefield_rlt(id, pageId, fieldId, orderNum, isRequired, isReaded, isReseted, isRecorded, isShowed, layout, isValid, module)
VALUES ('12ddd09a-a030-4142-bb96-cc92e1f50ad6', '25d3d396-6481-4c57-96a4-ae3c72ffb53a', '1d042dde-0eec-47d9-8880-442297b6942f', 17, 'N', 'Y', NULL, NULL, 'Y', 'F', 'Y', NULL);
INSERT INTO sys_pagefield_rlt(id, pageId, fieldId, orderNum, isRequired, isReaded, isReseted, isRecorded, isShowed, layout, isValid, module)
VALUES ('eabfcf50-c3a6-47c1-9372-0387c940424e', '25d3d396-6481-4c57-96a4-ae3c72ffb53a', '20fa265d-3a1d-4aa5-a156-54034381bda9', 18, 'N', 'Y', NULL, NULL, 'Y', 'F', 'Y', NULL);
INSERT INTO sys_pagefield_rlt(id, pageId, fieldId, orderNum, isRequired, isReaded, isReseted, isRecorded, isShowed, layout, isValid, module)
VALUES ('9ee0ecf3-014c-4814-8946-900f7ce0283a', '25d3d396-6481-4c57-96a4-ae3c72ffb53a', '928b5638-bc04-41ac-abeb-0701f18d1e32', 19, 'Y', 'Y', NULL, NULL, 'Y', 'F', 'Y', NULL);
INSERT INTO sys_pagefield_rlt(id, pageId, fieldId, orderNum, isRequired, isReaded, isReseted, isRecorded, isShowed, layout, isValid, module)
VALUES ('ef012fc0-cd20-4038-93f0-392bb9ae97fc', '26da8c0e-b665-4715-90e3-237b35d2b309', 'fbd95340-7d49-45a2-a932-34c3c42b1604', 1, 'Y', 'Y', NULL, NULL, 'Y', 'F', 'Y', NULL);
INSERT INTO sys_pagefield_rlt(id, pageId, fieldId, orderNum, isRequired, isReaded, isReseted, isRecorded, isShowed, layout, isValid, module)
VALUES ('4bb52006-9758-4c9c-b1fc-f5a7dba3fcdb', '26da8c0e-b665-4715-90e3-237b35d2b309', '1cecb799-7fc7-4281-ba3d-4441b441a75d', 2, 'Y', 'Y', NULL, NULL, 'Y', 'T', 'Y', NULL);
INSERT INTO sys_pagefield_rlt(id, pageId, fieldId, orderNum, isRequired, isReaded, isReseted, isRecorded, isShowed, layout, isValid, module)
VALUES ('e807e783-d49a-4a3e-bf2a-54f7e444414d', '26da8c0e-b665-4715-90e3-237b35d2b309', '8d758406-86a3-4358-ad0a-1757f5bc4923', 3, 'N', 'Y', NULL, NULL, 'Y', 'T', 'Y', NULL);
INSERT INTO sys_pagefield_rlt(id, pageId, fieldId, orderNum, isRequired, isReaded, isReseted, isRecorded, isShowed, layout, isValid, module)
VALUES ('ceea5af5-83ca-4fa7-b629-6181054854b1', '26da8c0e-b665-4715-90e3-237b35d2b309', '57587811-451a-4da3-9fbc-01ce52b1cdce', 4, 'Y', 'Y', NULL, NULL, 'Y', 'T', 'Y', NULL);
INSERT INTO sys_pagefield_rlt(id, pageId, fieldId, orderNum, isRequired, isReaded, isReseted, isRecorded, isShowed, layout, isValid, module)
VALUES ('eb50a7c7-339a-4940-baff-21fa06a10ba6', '26da8c0e-b665-4715-90e3-237b35d2b309', '5382b624-7d4a-42f7-9b70-fa83a36cc093', 5, 'Y', 'Y', NULL, NULL, 'Y', 'T', 'Y', NULL);
INSERT INTO sys_pagefield_rlt(id, pageId, fieldId, orderNum, isRequired, isReaded, isReseted, isRecorded, isShowed, layout, isValid, module)
VALUES ('199b69ba-1229-44aa-8ac1-69275dfc54ba', '26da8c0e-b665-4715-90e3-237b35d2b309', '9bbcc361-ee6d-40ae-9061-d181486a4404', 6, 'Y', 'Y', NULL, NULL, 'Y', 'F', 'Y', NULL);
INSERT INTO sys_pagefield_rlt(id, pageId, fieldId, orderNum, isRequired, isReaded, isReseted, isRecorded, isShowed, layout, isValid, module)
VALUES ('7c929ae1-c700-4247-b86f-7a2bcb83baff', '26da8c0e-b665-4715-90e3-237b35d2b309', 'fae66d70-364c-4f52-8b62-7e5efd3d3d28', 7, 'Y', 'Y', NULL, NULL, 'Y', 'F', 'Y', NULL);
INSERT INTO sys_pagefield_rlt(id, pageId, fieldId, orderNum, isRequired, isReaded, isReseted, isRecorded, isShowed, layout, isValid, module)
VALUES ('66184810-ebbb-4322-b434-ad3b2930525c', '26da8c0e-b665-4715-90e3-237b35d2b309', '955e50cf-7df1-4486-9152-dd85ea3a29a6', 8, 'N', 'Y', NULL, NULL, 'Y', 'F', 'Y', NULL);
INSERT INTO sys_pagefield_rlt(id, pageId, fieldId, orderNum, isRequired, isReaded, isReseted, isRecorded, isShowed, layout, isValid, module)
VALUES ('0402cb10-2684-40e6-b329-782c1a22e825', '26da8c0e-b665-4715-90e3-237b35d2b309', '71feedff-8490-459d-af60-0fdac3c72bcc', 9, 'N', 'Y', NULL, NULL, 'Y', 'T', 'Y', NULL);
INSERT INTO sys_pagefield_rlt(id, pageId, fieldId, orderNum, isRequired, isReaded, isReseted, isRecorded, isShowed, layout, isValid, module)
VALUES ('6c2905d3-f177-4ca3-8dd3-a96eb62210d3', '26da8c0e-b665-4715-90e3-237b35d2b309', '6bd43868-6414-4c04-89f7-7fbc70bfc2f6', 10, 'N', 'N', NULL, NULL, 'Y', 'T', 'Y', NULL);
INSERT INTO sys_pagefield_rlt(id, pageId, fieldId, orderNum, isRequired, isReaded, isReseted, isRecorded, isShowed, layout, isValid, module)
VALUES ('172abc84-736c-450b-a132-893830ef9717', '26da8c0e-b665-4715-90e3-237b35d2b309', 'd1db16aa-aef9-441b-9c64-70b4fa68bdd0', 11, 'N', 'Y', NULL, NULL, 'Y', 'F', 'Y', NULL);
INSERT INTO sys_pagefield_rlt(id, pageId, fieldId, orderNum, isRequired, isReaded, isReseted, isRecorded, isShowed, layout, isValid, module)
VALUES ('01550a27-9966-412a-abf0-85e492e3b22f', '26da8c0e-b665-4715-90e3-237b35d2b309', 'a213a511-259c-4750-8960-f723419ca494', 12, 'N', 'Y', NULL, NULL, 'Y', 'F', 'Y', NULL);
INSERT INTO sys_pagefield_rlt(id, pageId, fieldId, orderNum, isRequired, isReaded, isReseted, isRecorded, isShowed, layout, isValid, module)
VALUES ('44f419d1-6035-41f4-8106-232297e3e74f', '26da8c0e-b665-4715-90e3-237b35d2b309', 'a6286c17-e038-44cf-9aba-c7066d38dd26', 13, 'N', 'N', NULL, NULL, 'Y', 'F', 'Y', NULL);
INSERT INTO sys_pagefield_rlt(id, pageId, fieldId, orderNum, isRequired, isReaded, isReseted, isRecorded, isShowed, layout, isValid, module)
VALUES ('a1873ab3-9bd7-4f2e-a11c-7c686dbe73f6', '26da8c0e-b665-4715-90e3-237b35d2b309', 'ad6e1213-85e3-4a7d-ba26-afe76626cec2', 14, 'N', 'N', NULL, NULL, 'Y', 'F', 'Y', NULL);
INSERT INTO sys_pagefield_rlt(id, pageId, fieldId, orderNum, isRequired, isReaded, isReseted, isRecorded, isShowed, layout, isValid, module)
VALUES ('dfa08043-d571-4039-b669-3ee59e446ea6', '26da8c0e-b665-4715-90e3-237b35d2b309', 'e5efa221-f0d0-4245-93d0-a73a9fd86bdb', 15, 'Y', 'N', NULL, NULL, 'Y', 'T', 'Y', NULL);
INSERT INTO sys_pagefield_rlt(id, pageId, fieldId, orderNum, isRequired, isReaded, isReseted, isRecorded, isShowed, layout, isValid, module)
VALUES ('aa993a59-20b1-41f7-bdd4-cb252b1f7573', '26da8c0e-b665-4715-90e3-237b35d2b309', '9cd138ac-acc5-4ca2-b009-a4093ce84b55', 16, 'N', 'Y', NULL, NULL, 'Y', 'T', 'Y', NULL);
INSERT INTO sys_pagefield_rlt(id, pageId, fieldId, orderNum, isRequired, isReaded, isReseted, isRecorded, isShowed, layout, isValid, module)
VALUES ('359ae55b-89de-40f9-a1cc-3c864937199c', '26da8c0e-b665-4715-90e3-237b35d2b309', '1d042dde-0eec-47d9-8880-442297b6942f', 17, 'N', 'Y', NULL, NULL, 'Y', 'F', 'Y', NULL);
INSERT INTO sys_pagefield_rlt(id, pageId, fieldId, orderNum, isRequired, isReaded, isReseted, isRecorded, isShowed, layout, isValid, module)
VALUES ('8785a028-de39-490d-8b98-c61df9d7ab8a', '26da8c0e-b665-4715-90e3-237b35d2b309', '20fa265d-3a1d-4aa5-a156-54034381bda9', 18, 'N', 'N', NULL, NULL, 'Y', 'F', 'Y', NULL);
INSERT INTO sys_pagefield_rlt(id, pageId, fieldId, orderNum, isRequired, isReaded, isReseted, isRecorded, isShowed, layout, isValid, module)
VALUES ('e6882cff-22ce-45d9-9793-c6fc0f7aa047', '26da8c0e-b665-4715-90e3-237b35d2b309', '928b5638-bc04-41ac-abeb-0701f18d1e32', 19, 'Y', 'N', NULL, NULL, 'Y', 'F', 'Y', NULL);
INSERT INTO sys_pagefield_rlt(id, pageId, fieldId, orderNum, isRequired, isReaded, isReseted, isRecorded, isShowed, layout, isValid, module)
VALUES ('f32fb6c0-f163-464b-8bdf-5fdaeedc8237', '3fcd96ca-aedc-4b81-95b0-97a423de757e', 'fbd95340-7d49-45a2-a932-34c3c42b1604', 1, 'Y', 'Y', NULL, NULL, 'Y', 'F', 'Y', NULL);
INSERT INTO sys_pagefield_rlt(id, pageId, fieldId, orderNum, isRequired, isReaded, isReseted, isRecorded, isShowed, layout, isValid, module)
VALUES ('68631df6-a72b-403f-8696-592c097b8d50', '3fcd96ca-aedc-4b81-95b0-97a423de757e', '1cecb799-7fc7-4281-ba3d-4441b441a75d', 2, 'Y', 'Y', NULL, NULL, 'Y', 'T', 'Y', NULL);
INSERT INTO sys_pagefield_rlt(id, pageId, fieldId, orderNum, isRequired, isReaded, isReseted, isRecorded, isShowed, layout, isValid, module)
VALUES ('d85bffa8-462d-4517-afda-c2fedaed1c63', '3fcd96ca-aedc-4b81-95b0-97a423de757e', '8d758406-86a3-4358-ad0a-1757f5bc4923', 3, 'N', 'Y', NULL, NULL, 'Y', 'T', 'Y', NULL);
INSERT INTO sys_pagefield_rlt(id, pageId, fieldId, orderNum, isRequired, isReaded, isReseted, isRecorded, isShowed, layout, isValid, module)
VALUES ('7c88551c-c514-4886-b5fe-b8ea0f26459e', '3fcd96ca-aedc-4b81-95b0-97a423de757e', '57587811-451a-4da3-9fbc-01ce52b1cdce', 4, 'Y', 'Y', NULL, NULL, 'Y', 'T', 'Y', NULL);
INSERT INTO sys_pagefield_rlt(id, pageId, fieldId, orderNum, isRequired, isReaded, isReseted, isRecorded, isShowed, layout, isValid, module)
VALUES ('84eb41d1-0d02-4280-9579-c2fb9b3a86a6', '3fcd96ca-aedc-4b81-95b0-97a423de757e', '5382b624-7d4a-42f7-9b70-fa83a36cc093', 5, 'Y', 'Y', NULL, NULL, 'Y', 'T', 'Y', NULL);
INSERT INTO sys_pagefield_rlt(id, pageId, fieldId, orderNum, isRequired, isReaded, isReseted, isRecorded, isShowed, layout, isValid, module)
VALUES ('7b245930-0d37-4851-895a-576a84968077', '3fcd96ca-aedc-4b81-95b0-97a423de757e', '9bbcc361-ee6d-40ae-9061-d181486a4404', 6, 'Y', 'Y', NULL, NULL, 'Y', 'F', 'Y', NULL);
INSERT INTO sys_pagefield_rlt(id, pageId, fieldId, orderNum, isRequired, isReaded, isReseted, isRecorded, isShowed, layout, isValid, module)
VALUES ('8936f549-1037-4728-9112-0bbe82d3d38a', '3fcd96ca-aedc-4b81-95b0-97a423de757e', 'fae66d70-364c-4f52-8b62-7e5efd3d3d28', 7, 'Y', 'Y', NULL, NULL, 'Y', 'F', 'Y', NULL);
INSERT INTO sys_pagefield_rlt(id, pageId, fieldId, orderNum, isRequired, isReaded, isReseted, isRecorded, isShowed, layout, isValid, module)
VALUES ('345dd3a9-129e-4e56-b053-62a4afd11dcd', '3fcd96ca-aedc-4b81-95b0-97a423de757e', '955e50cf-7df1-4486-9152-dd85ea3a29a6', 8, 'N', 'Y', NULL, NULL, 'Y', 'F', 'Y', NULL);
INSERT INTO sys_pagefield_rlt(id, pageId, fieldId, orderNum, isRequired, isReaded, isReseted, isRecorded, isShowed, layout, isValid, module)
VALUES ('91b47119-dd88-496d-aa64-494b6dfe8199', '3fcd96ca-aedc-4b81-95b0-97a423de757e', '71feedff-8490-459d-af60-0fdac3c72bcc', 9, 'N', 'Y', NULL, NULL, 'Y', 'T', 'Y', NULL);
INSERT INTO sys_pagefield_rlt(id, pageId, fieldId, orderNum, isRequired, isReaded, isReseted, isRecorded, isShowed, layout, isValid, module)
VALUES ('084e0dc7-19e9-43e0-b320-242fd2df1bff', '3fcd96ca-aedc-4b81-95b0-97a423de757e', '6bd43868-6414-4c04-89f7-7fbc70bfc2f6', 10, 'N', 'Y', NULL, NULL, 'Y', 'T', 'Y', NULL);
INSERT INTO sys_pagefield_rlt(id, pageId, fieldId, orderNum, isRequired, isReaded, isReseted, isRecorded, isShowed, layout, isValid, module)
VALUES ('ada818b2-c9c7-427a-b04c-44b2a866697e', '3fcd96ca-aedc-4b81-95b0-97a423de757e', 'd1db16aa-aef9-441b-9c64-70b4fa68bdd0', 11, 'N', 'Y', NULL, NULL, 'Y', 'F', 'Y', NULL);
INSERT INTO sys_pagefield_rlt(id, pageId, fieldId, orderNum, isRequired, isReaded, isReseted, isRecorded, isShowed, layout, isValid, module)
VALUES ('f6ad77ef-f88d-4cdc-b676-cf63dcb5e032', '3fcd96ca-aedc-4b81-95b0-97a423de757e', 'a213a511-259c-4750-8960-f723419ca494', 12, 'N', 'Y', NULL, NULL, 'Y', 'F', 'Y', NULL);
INSERT INTO sys_pagefield_rlt(id, pageId, fieldId, orderNum, isRequired, isReaded, isReseted, isRecorded, isShowed, layout, isValid, module)
VALUES ('c1e2293c-3f76-4893-a9e9-c2342b11dd2a', '3fcd96ca-aedc-4b81-95b0-97a423de757e', 'a6286c17-e038-44cf-9aba-c7066d38dd26', 13, 'N', 'Y', NULL, NULL, 'Y', 'F', 'Y', NULL);
INSERT INTO sys_pagefield_rlt(id, pageId, fieldId, orderNum, isRequired, isReaded, isReseted, isRecorded, isShowed, layout, isValid, module)
VALUES ('4541ca81-a8fc-4bd2-b4ab-a7a8d79a62ab', '3fcd96ca-aedc-4b81-95b0-97a423de757e', 'ad6e1213-85e3-4a7d-ba26-afe76626cec2', 14, 'N', 'Y', NULL, NULL, 'Y', 'F', 'Y', NULL);
INSERT INTO sys_pagefield_rlt(id, pageId, fieldId, orderNum, isRequired, isReaded, isReseted, isRecorded, isShowed, layout, isValid, module)
VALUES ('fa2b10d5-ca9c-421b-a140-3e2549b57ca8', '3fcd96ca-aedc-4b81-95b0-97a423de757e', 'e5efa221-f0d0-4245-93d0-a73a9fd86bdb', 15, 'N', 'Y', NULL, NULL, 'Y', 'T', 'Y', NULL);
INSERT INTO sys_pagefield_rlt(id, pageId, fieldId, orderNum, isRequired, isReaded, isReseted, isRecorded, isShowed, layout, isValid, module)
VALUES ('5e969176-8d24-4906-a13a-82359e751d0f', '3fcd96ca-aedc-4b81-95b0-97a423de757e', '9cd138ac-acc5-4ca2-b009-a4093ce84b55', 16, 'N', 'Y', NULL, NULL, 'Y', 'T', 'Y', NULL);
INSERT INTO sys_pagefield_rlt(id, pageId, fieldId, orderNum, isRequired, isReaded, isReseted, isRecorded, isShowed, layout, isValid, module)
VALUES ('5312be81-d571-4ddd-a2cb-88effb10e872', '3fcd96ca-aedc-4b81-95b0-97a423de757e', '1d042dde-0eec-47d9-8880-442297b6942f', 17, 'N', 'Y', NULL, NULL, 'Y', 'F', 'Y', NULL);
INSERT INTO sys_pagefield_rlt(id, pageId, fieldId, orderNum, isRequired, isReaded, isReseted, isRecorded, isShowed, layout, isValid, module)
VALUES ('1306a93d-4e5e-4c53-b05f-937a25e950e2', '3fcd96ca-aedc-4b81-95b0-97a423de757e', '20fa265d-3a1d-4aa5-a156-54034381bda9', 18, 'N', 'Y', NULL, NULL, 'Y', 'F', 'Y', NULL);
INSERT INTO sys_pagefield_rlt(id, pageId, fieldId, orderNum, isRequired, isReaded, isReseted, isRecorded, isShowed, layout, isValid, module)
VALUES ('7e423697-575e-4773-842e-4a60a295aaae', '3fcd96ca-aedc-4b81-95b0-97a423de757e', '928b5638-bc04-41ac-abeb-0701f18d1e32', 19, 'Y', 'N', NULL, NULL, 'Y', 'F', 'Y', NULL);
INSERT INTO sys_pagefield_rlt(id, pageId, fieldId, orderNum, isRequired, isReaded, isReseted, isRecorded, isShowed, layout, isValid, module)
VALUES ('cf1fe196-2bdc-4063-8e16-694f384d8780', '4c602eb1-679c-4330-b871-bea382a32d2e', 'fbd95340-7d49-45a2-a932-34c3c42b1604', 1, 'Y', 'Y', NULL, NULL, 'Y', 'F', 'Y', NULL);
INSERT INTO sys_pagefield_rlt(id, pageId, fieldId, orderNum, isRequired, isReaded, isReseted, isRecorded, isShowed, layout, isValid, module)
VALUES ('d59a22be-e7de-4017-9d31-7c3ad7e3df7a', '4c602eb1-679c-4330-b871-bea382a32d2e', '1cecb799-7fc7-4281-ba3d-4441b441a75d', 2, 'Y', 'Y', NULL, NULL, 'Y', 'T', 'Y', NULL);
INSERT INTO sys_pagefield_rlt(id, pageId, fieldId, orderNum, isRequired, isReaded, isReseted, isRecorded, isShowed, layout, isValid, module)
VALUES ('ad07155a-045d-4f55-afae-803327bfd44b', '4c602eb1-679c-4330-b871-bea382a32d2e', '8d758406-86a3-4358-ad0a-1757f5bc4923', 3, 'N', 'Y', NULL, NULL, 'Y', 'T', 'Y', NULL);
INSERT INTO sys_pagefield_rlt(id, pageId, fieldId, orderNum, isRequired, isReaded, isReseted, isRecorded, isShowed, layout, isValid, module)
VALUES ('362fc6d8-ec59-42d4-add1-62743f65ae5e', '4c602eb1-679c-4330-b871-bea382a32d2e', '57587811-451a-4da3-9fbc-01ce52b1cdce', 4, 'Y', 'Y', NULL, NULL, 'Y', 'T', 'Y', NULL);
INSERT INTO sys_pagefield_rlt(id, pageId, fieldId, orderNum, isRequired, isReaded, isReseted, isRecorded, isShowed, layout, isValid, module)
VALUES ('6a7be7ca-ca67-4b58-a488-eb819e332fb4', '4c602eb1-679c-4330-b871-bea382a32d2e', '5382b624-7d4a-42f7-9b70-fa83a36cc093', 5, 'Y', 'Y', NULL, NULL, 'Y', 'T', 'Y', NULL);
INSERT INTO sys_pagefield_rlt(id, pageId, fieldId, orderNum, isRequired, isReaded, isReseted, isRecorded, isShowed, layout, isValid, module)
VALUES ('96cf559f-1e36-4bab-ac65-e06c60b5ff19', '4c602eb1-679c-4330-b871-bea382a32d2e', '9bbcc361-ee6d-40ae-9061-d181486a4404', 6, 'Y', 'Y', NULL, NULL, 'Y', 'F', 'Y', NULL);
INSERT INTO sys_pagefield_rlt(id, pageId, fieldId, orderNum, isRequired, isReaded, isReseted, isRecorded, isShowed, layout, isValid, module)
VALUES ('8e1ee934-3bde-4aae-b20b-b22d90df8274', '4c602eb1-679c-4330-b871-bea382a32d2e', 'fae66d70-364c-4f52-8b62-7e5efd3d3d28', 7, 'Y', 'Y', NULL, NULL, 'Y', 'F', 'Y', NULL);
INSERT INTO sys_pagefield_rlt(id, pageId, fieldId, orderNum, isRequired, isReaded, isReseted, isRecorded, isShowed, layout, isValid, module)
VALUES ('4e209eef-3a09-4a40-adeb-972cdc8498c4', '4c602eb1-679c-4330-b871-bea382a32d2e', '955e50cf-7df1-4486-9152-dd85ea3a29a6', 8, 'N', 'Y', NULL, NULL, 'Y', 'F', 'Y', NULL);
INSERT INTO sys_pagefield_rlt(id, pageId, fieldId, orderNum, isRequired, isReaded, isReseted, isRecorded, isShowed, layout, isValid, module)
VALUES ('88e5fbed-182b-427f-8771-d25280d5656b', '4c602eb1-679c-4330-b871-bea382a32d2e', '71feedff-8490-459d-af60-0fdac3c72bcc', 9, 'Y', 'Y', NULL, NULL, 'Y', 'T', 'Y', NULL);
INSERT INTO sys_pagefield_rlt(id, pageId, fieldId, orderNum, isRequired, isReaded, isReseted, isRecorded, isShowed, layout, isValid, module)
VALUES ('85fb3891-ab23-4f2c-925a-e7845c4205ce', '83b13673-cb3d-44ec-93e7-952e8399e009', 'fbd95340-7d49-45a2-a932-34c3c42b1604', 1, 'Y', 'N', NULL, NULL, 'Y', 'F', 'Y', NULL);
INSERT INTO sys_pagefield_rlt(id, pageId, fieldId, orderNum, isRequired, isReaded, isReseted, isRecorded, isShowed, layout, isValid, module)
VALUES ('62d49cb1-34bc-40be-8bec-6700d3604bfc', '83b13673-cb3d-44ec-93e7-952e8399e009', '1cecb799-7fc7-4281-ba3d-4441b441a75d', 2, 'Y', 'N', NULL, NULL, 'Y', 'T', 'Y', NULL);
INSERT INTO sys_pagefield_rlt(id, pageId, fieldId, orderNum, isRequired, isReaded, isReseted, isRecorded, isShowed, layout, isValid, module)
VALUES ('6b7b8207-d566-4a45-b093-4a115e6fa208', '83b13673-cb3d-44ec-93e7-952e8399e009', '8d758406-86a3-4358-ad0a-1757f5bc4923', 3, 'N', 'N', NULL, NULL, 'Y', 'T', 'Y', NULL);
INSERT INTO sys_pagefield_rlt(id, pageId, fieldId, orderNum, isRequired, isReaded, isReseted, isRecorded, isShowed, layout, isValid, module)
VALUES ('80dbd6b2-3464-4678-ad30-befda43a2b7f', '83b13673-cb3d-44ec-93e7-952e8399e009', '57587811-451a-4da3-9fbc-01ce52b1cdce', 4, 'Y', 'N', NULL, NULL, 'Y', 'T', 'Y', NULL);
INSERT INTO sys_pagefield_rlt(id, pageId, fieldId, orderNum, isRequired, isReaded, isReseted, isRecorded, isShowed, layout, isValid, module)
VALUES ('402a1ffc-9ea8-4410-a180-3c597d246f2d', '83b13673-cb3d-44ec-93e7-952e8399e009', '5382b624-7d4a-42f7-9b70-fa83a36cc093', 5, 'Y', 'N', NULL, NULL, 'Y', 'T', 'Y', NULL);
INSERT INTO sys_pagefield_rlt(id, pageId, fieldId, orderNum, isRequired, isReaded, isReseted, isRecorded, isShowed, layout, isValid, module)
VALUES ('7ee9bddc-7b9e-4e83-8f21-f28cc2f3d4a0', '83b13673-cb3d-44ec-93e7-952e8399e009', '9bbcc361-ee6d-40ae-9061-d181486a4404', 6, 'Y', 'N', NULL, NULL, 'Y', 'F', 'Y', NULL);
INSERT INTO sys_pagefield_rlt(id, pageId, fieldId, orderNum, isRequired, isReaded, isReseted, isRecorded, isShowed, layout, isValid, module)
VALUES ('bc541ef2-869f-488b-aa51-a754f89a89bd', '83b13673-cb3d-44ec-93e7-952e8399e009', 'fae66d70-364c-4f52-8b62-7e5efd3d3d28', 7, 'Y', 'N', NULL, NULL, 'Y', 'F', 'Y', NULL);
INSERT INTO sys_pagefield_rlt(id, pageId, fieldId, orderNum, isRequired, isReaded, isReseted, isRecorded, isShowed, layout, isValid, module)
VALUES ('bb31fb69-dc5b-41a5-bffc-51f2de88e6ab', '83b13673-cb3d-44ec-93e7-952e8399e009', '955e50cf-7df1-4486-9152-dd85ea3a29a6', 8, 'N', 'N', NULL, NULL, 'Y', 'F', 'Y', NULL);
INSERT INTO sys_pagefield_rlt(id, pageId, fieldId, orderNum, isRequired, isReaded, isReseted, isRecorded, isShowed, layout, isValid, module)
VALUES ('3047a620-438d-4d3c-ad5d-6ce1cbf937d9', '83b13673-cb3d-44ec-93e7-952e8399e009', 'dd3e1da4-ed54-41fa-977c-2d275bf3af5b', 9, 'N', 'N', NULL, NULL, 'Y', 'F', 'Y', NULL);
INSERT INTO sys_pagefield_rlt(id, pageId, fieldId, orderNum, isRequired, isReaded, isReseted, isRecorded, isShowed, layout, isValid, module)
VALUES ('213e1449-d1cb-48d7-89c5-e8c00c75ecd0', '83b13673-cb3d-44ec-93e7-952e8399e009', '71feedff-8490-459d-af60-0fdac3c72bcc', 10, 'Y', 'N', NULL, NULL, 'Y', 'T', 'Y', NULL);
INSERT INTO sys_pagefield_rlt(id, pageId, fieldId, orderNum, isRequired, isReaded, isReseted, isRecorded, isShowed, layout, isValid, module)
VALUES ('c558f151-43f4-4bac-8c54-b8e5f785d8b2', '910d3b5b-0490-4cb0-a275-d39d6418c598', 'fbd95340-7d49-45a2-a932-34c3c42b1604', 1, 'Y', 'Y', NULL, NULL, 'Y', 'F', 'Y', NULL);
INSERT INTO sys_pagefield_rlt(id, pageId, fieldId, orderNum, isRequired, isReaded, isReseted, isRecorded, isShowed, layout, isValid, module)
VALUES ('a5b6b6e4-b3a7-46fd-ba46-82a9be35efea', '910d3b5b-0490-4cb0-a275-d39d6418c598', '1cecb799-7fc7-4281-ba3d-4441b441a75d', 2, 'Y', 'Y', NULL, NULL, 'Y', 'T', 'Y', NULL);
INSERT INTO sys_pagefield_rlt(id, pageId, fieldId, orderNum, isRequired, isReaded, isReseted, isRecorded, isShowed, layout, isValid, module)
VALUES ('927d8f7a-d501-4b09-a1ec-da1268ad1140', '910d3b5b-0490-4cb0-a275-d39d6418c598', '8d758406-86a3-4358-ad0a-1757f5bc4923', 3, 'N', 'Y', NULL, NULL, 'Y', 'T', 'Y', NULL);
INSERT INTO sys_pagefield_rlt(id, pageId, fieldId, orderNum, isRequired, isReaded, isReseted, isRecorded, isShowed, layout, isValid, module)
VALUES ('adc3a08c-8b91-41fb-99d5-acd7f0d1b351', '910d3b5b-0490-4cb0-a275-d39d6418c598', '57587811-451a-4da3-9fbc-01ce52b1cdce', 4, 'Y', 'Y', NULL, NULL, 'Y', 'T', 'Y', NULL);
INSERT INTO sys_pagefield_rlt(id, pageId, fieldId, orderNum, isRequired, isReaded, isReseted, isRecorded, isShowed, layout, isValid, module)
VALUES ('b0a3a18c-8b7d-407f-912c-ba8c82e5aa0e', '910d3b5b-0490-4cb0-a275-d39d6418c598', '5382b624-7d4a-42f7-9b70-fa83a36cc093', 5, 'Y', 'Y', NULL, NULL, 'Y', 'T', 'Y', NULL);
INSERT INTO sys_pagefield_rlt(id, pageId, fieldId, orderNum, isRequired, isReaded, isReseted, isRecorded, isShowed, layout, isValid, module)
VALUES ('d8a52c89-d2b9-44a3-92de-e7e8fe4f007a', '910d3b5b-0490-4cb0-a275-d39d6418c598', '9bbcc361-ee6d-40ae-9061-d181486a4404', 6, 'Y', 'Y', NULL, NULL, 'Y', 'F', 'Y', NULL);
INSERT INTO sys_pagefield_rlt(id, pageId, fieldId, orderNum, isRequired, isReaded, isReseted, isRecorded, isShowed, layout, isValid, module)
VALUES ('a8358e09-8145-45c2-b8e9-b67685ae5a60', '910d3b5b-0490-4cb0-a275-d39d6418c598', 'fae66d70-364c-4f52-8b62-7e5efd3d3d28', 7, 'Y', 'Y', NULL, NULL, 'Y', 'F', 'Y', NULL);
INSERT INTO sys_pagefield_rlt(id, pageId, fieldId, orderNum, isRequired, isReaded, isReseted, isRecorded, isShowed, layout, isValid, module)
VALUES ('537d4523-938e-4107-b6cf-84378799d03d', '910d3b5b-0490-4cb0-a275-d39d6418c598', '955e50cf-7df1-4486-9152-dd85ea3a29a6', 8, 'N', 'Y', NULL, NULL, 'Y', 'F', 'Y', NULL);
INSERT INTO sys_pagefield_rlt(id, pageId, fieldId, orderNum, isRequired, isReaded, isReseted, isRecorded, isShowed, layout, isValid, module)
VALUES ('1f3cb58b-8df0-41eb-b2c4-d7f3b9597093', '910d3b5b-0490-4cb0-a275-d39d6418c598', '71feedff-8490-459d-af60-0fdac3c72bcc', 9, 'N', 'Y', NULL, NULL, 'Y', 'T', 'Y', NULL);
INSERT INTO sys_pagefield_rlt(id, pageId, fieldId, orderNum, isRequired, isReaded, isReseted, isRecorded, isShowed, layout, isValid, module)
VALUES ('a098e798-661e-4ca9-8844-762d5d1e8a58', '910d3b5b-0490-4cb0-a275-d39d6418c598', '6bd43868-6414-4c04-89f7-7fbc70bfc2f6', 10, 'Y', 'Y', NULL, NULL, 'Y', 'T', 'Y', NULL);
INSERT INTO sys_pagefield_rlt(id, pageId, fieldId, orderNum, isRequired, isReaded, isReseted, isRecorded, isShowed, layout, isValid, module)
VALUES ('9a6437ae-ff12-41f7-b036-c337e0141ab8', '910d3b5b-0490-4cb0-a275-d39d6418c598', 'd1db16aa-aef9-441b-9c64-70b4fa68bdd0', 11, 'N', 'Y', NULL, NULL, 'Y', 'F', 'Y', NULL);
INSERT INTO sys_pagefield_rlt(id, pageId, fieldId, orderNum, isRequired, isReaded, isReseted, isRecorded, isShowed, layout, isValid, module)
VALUES ('311ea0b4-b58c-48a7-afbe-dca663d29b46', '910d3b5b-0490-4cb0-a275-d39d6418c598', 'a213a511-259c-4750-8960-f723419ca494', 12, 'Y', 'Y', NULL, NULL, 'Y', 'F', 'Y', NULL);
INSERT INTO sys_pagefield_rlt(id, pageId, fieldId, orderNum, isRequired, isReaded, isReseted, isRecorded, isShowed, layout, isValid, module)
VALUES ('65936ea5-cb3d-40bc-91a8-f9974e915afd', '91214afa-4726-4087-ab6a-bb50645659f6', '154f8ead-3d3f-4290-a597-b07ee20c25cd', 1, 'Y', 'N', NULL, NULL, 'Y', 'F', 'Y', NULL);
INSERT INTO sys_pagefield_rlt(id, pageId, fieldId, orderNum, isRequired, isReaded, isReseted, isRecorded, isShowed, layout, isValid, module)
VALUES ('11624b48-5f9a-490f-ad67-6e5eaffd1aeb', '91214afa-4726-4087-ab6a-bb50645659f6', 'cb1cb62d-1212-48dc-8e42-1b6bcb2d661d', 2, 'N', 'N', NULL, NULL, 'Y', 'T', 'Y', NULL);
INSERT INTO sys_pagefield_rlt(id, pageId, fieldId, orderNum, isRequired, isReaded, isReseted, isRecorded, isShowed, layout, isValid, module)
VALUES ('78d5dc63-867f-426c-a133-f81da0266bf5', '91214afa-4726-4087-ab6a-bb50645659f6', '56c519a9-9583-424a-baf5-e390dc62c7fb', 3, 'N', 'N', NULL, NULL, 'Y', 'T', 'Y', NULL);
INSERT INTO sys_pagefield_rlt(id, pageId, fieldId, orderNum, isRequired, isReaded, isReseted, isRecorded, isShowed, layout, isValid, module)
VALUES ('0a28603a-bbfb-4625-acba-aa738ded1edd', '91214afa-4726-4087-ab6a-bb50645659f6', 'cfd2fad4-e028-48de-bb1f-471b738e294a', 4, 'Y', 'N', NULL, NULL, 'Y', 'T', 'Y', NULL);
INSERT INTO sys_pagefield_rlt(id, pageId, fieldId, orderNum, isRequired, isReaded, isReseted, isRecorded, isShowed, layout, isValid, module)
VALUES ('672bf635-d243-417a-be1b-d29bb580f6af', '91214afa-4726-4087-ab6a-bb50645659f6', '18208e77-ae38-4edb-8808-0608c619037d', 5, 'Y', 'N', NULL, NULL, 'Y', 'T', 'Y', NULL);
INSERT INTO sys_pagefield_rlt(id, pageId, fieldId, orderNum, isRequired, isReaded, isReseted, isRecorded, isShowed, layout, isValid, module)
VALUES ('fafbd714-c31b-4c39-a0e1-45bd133df4cc', '91214afa-4726-4087-ab6a-bb50645659f6', 'b7a6dd5b-9ffb-45d3-a2de-a3cb2be0d77a', 6, 'Y', 'N', NULL, NULL, 'Y', 'T', 'Y', NULL);
INSERT INTO sys_pagefield_rlt(id, pageId, fieldId, orderNum, isRequired, isReaded, isReseted, isRecorded, isShowed, layout, isValid, module)
VALUES ('d252ff4d-396b-48f4-8b8a-19e32f890ff1', '91214afa-4726-4087-ab6a-bb50645659f6', '85b70d7d-be65-4505-8678-00536536d8b1', 7, 'Y', 'N', NULL, NULL, 'Y', 'T', 'Y', NULL);
INSERT INTO sys_pagefield_rlt(id, pageId, fieldId, orderNum, isRequired, isReaded, isReseted, isRecorded, isShowed, layout, isValid, module)
VALUES ('c687ac8f-eb22-4148-8109-e6d3e59bf511', '91214afa-4726-4087-ab6a-bb50645659f6', '0536fc91-48a6-4e07-ad31-a16f017a9222', 8, 'Y', 'N', NULL, NULL, 'Y', 'T', 'Y', NULL);
INSERT INTO sys_pagefield_rlt(id, pageId, fieldId, orderNum, isRequired, isReaded, isReseted, isRecorded, isShowed, layout, isValid, module)
VALUES ('de6844ee-9422-42ad-a66d-2ffbea6e561f', '91214afa-4726-4087-ab6a-bb50645659f6', '56bebaac-c511-4564-b34f-4ebdda8905ef', 9, 'N', 'N', NULL, NULL, 'Y', 'T', 'Y', NULL);
INSERT INTO sys_pagefield_rlt(id, pageId, fieldId, orderNum, isRequired, isReaded, isReseted, isRecorded, isShowed, layout, isValid, module)
VALUES ('f5921045-4e28-463f-a9e3-0cb2d6cffaeb', '91214afa-4726-4087-ab6a-bb50645659f6', '8d54199f-3104-4378-985c-4591820e06ed', 10, 'N', 'N', NULL, NULL, 'Y', 'F', 'Y', NULL);
INSERT INTO sys_pagefield_rlt(id, pageId, fieldId, orderNum, isRequired, isReaded, isReseted, isRecorded, isShowed, layout, isValid, module)
VALUES ('41c715a5-b86f-498f-a86f-2aed0f64418c', '91214afa-4726-4087-ab6a-bb50645659f6', '4843c6a4-915d-43aa-98db-4ae8fd855c41', 11, 'N', 'N', NULL, NULL, 'Y', 'F', 'Y', NULL);
INSERT INTO sys_pagefield_rlt(id, pageId, fieldId, orderNum, isRequired, isReaded, isReseted, isRecorded, isShowed, layout, isValid, module)
VALUES ('e9e3879c-4112-42d2-81d2-989e3e030f4d', 'ac34958b-a441-4b84-9758-f4d81a6465b5', 'fbd95340-7d49-45a2-a932-34c3c42b1604', 1, 'Y', 'Y', NULL, NULL, 'Y', 'F', 'Y', NULL);
INSERT INTO sys_pagefield_rlt(id, pageId, fieldId, orderNum, isRequired, isReaded, isReseted, isRecorded, isShowed, layout, isValid, module)
VALUES ('47ae2a84-4c77-4199-9a80-c1d8567ea781', 'ac34958b-a441-4b84-9758-f4d81a6465b5', '1cecb799-7fc7-4281-ba3d-4441b441a75d', 2, 'Y', 'Y', NULL, NULL, 'Y', 'T', 'Y', NULL);
INSERT INTO sys_pagefield_rlt(id, pageId, fieldId, orderNum, isRequired, isReaded, isReseted, isRecorded, isShowed, layout, isValid, module)
VALUES ('b080cdc3-8b2d-4e3b-bac3-bbf7b999caf6', 'ac34958b-a441-4b84-9758-f4d81a6465b5', '8d758406-86a3-4358-ad0a-1757f5bc4923', 3, 'N', 'Y', NULL, NULL, 'Y', 'T', 'Y', NULL);
INSERT INTO sys_pagefield_rlt(id, pageId, fieldId, orderNum, isRequired, isReaded, isReseted, isRecorded, isShowed, layout, isValid, module)
VALUES ('eefed7f6-848b-4b26-b96b-6162a87a6f4e', 'ac34958b-a441-4b84-9758-f4d81a6465b5', '57587811-451a-4da3-9fbc-01ce52b1cdce', 4, 'Y', 'Y', NULL, NULL, 'Y', 'T', 'Y', NULL);
INSERT INTO sys_pagefield_rlt(id, pageId, fieldId, orderNum, isRequired, isReaded, isReseted, isRecorded, isShowed, layout, isValid, module)
VALUES ('84dbc71f-6a3d-4796-9818-21a82b0966d6', 'ac34958b-a441-4b84-9758-f4d81a6465b5', '5382b624-7d4a-42f7-9b70-fa83a36cc093', 5, 'Y', 'Y', NULL, NULL, 'Y', 'T', 'Y', NULL);
INSERT INTO sys_pagefield_rlt(id, pageId, fieldId, orderNum, isRequired, isReaded, isReseted, isRecorded, isShowed, layout, isValid, module)
VALUES ('45172ec1-e6db-4143-82dd-5c66e0208b5e', 'ac34958b-a441-4b84-9758-f4d81a6465b5', '9bbcc361-ee6d-40ae-9061-d181486a4404', 6, 'Y', 'Y', NULL, NULL, 'Y', 'F', 'Y', NULL);
INSERT INTO sys_pagefield_rlt(id, pageId, fieldId, orderNum, isRequired, isReaded, isReseted, isRecorded, isShowed, layout, isValid, module)
VALUES ('c51cef14-034d-4f9f-93c9-94b840a7cc80', 'ac34958b-a441-4b84-9758-f4d81a6465b5', 'fae66d70-364c-4f52-8b62-7e5efd3d3d28', 7, 'Y', 'Y', NULL, NULL, 'Y', 'F', 'Y', NULL);
INSERT INTO sys_pagefield_rlt(id, pageId, fieldId, orderNum, isRequired, isReaded, isReseted, isRecorded, isShowed, layout, isValid, module)
VALUES ('8b7a0140-a2f2-4bbb-a28d-7fdde00ade5f', 'ac34958b-a441-4b84-9758-f4d81a6465b5', '955e50cf-7df1-4486-9152-dd85ea3a29a6', 8, 'N', 'Y', NULL, NULL, 'Y', 'F', 'Y', NULL);
INSERT INTO sys_pagefield_rlt(id, pageId, fieldId, orderNum, isRequired, isReaded, isReseted, isRecorded, isShowed, layout, isValid, module)
VALUES ('451ddbb1-2e81-4961-b654-dee63d259630', 'ac34958b-a441-4b84-9758-f4d81a6465b5', '71feedff-8490-459d-af60-0fdac3c72bcc', 9, 'N', 'Y', NULL, NULL, 'Y', 'T', 'Y', NULL);
INSERT INTO sys_pagefield_rlt(id, pageId, fieldId, orderNum, isRequired, isReaded, isReseted, isRecorded, isShowed, layout, isValid, module)
VALUES ('5b4eeb5d-1bce-4848-9bcb-bc5b971d2ad3', 'ac34958b-a441-4b84-9758-f4d81a6465b5', '6bd43868-6414-4c04-89f7-7fbc70bfc2f6', 10, 'N', 'N', NULL, NULL, 'Y', 'T', 'Y', NULL);
INSERT INTO sys_pagefield_rlt(id, pageId, fieldId, orderNum, isRequired, isReaded, isReseted, isRecorded, isShowed, layout, isValid, module)
VALUES ('dd40edde-d3dc-404a-9bcd-770553c26d90', 'ac34958b-a441-4b84-9758-f4d81a6465b5', 'd1db16aa-aef9-441b-9c64-70b4fa68bdd0', 11, 'N', 'Y', NULL, NULL, 'Y', 'F', 'Y', NULL);
INSERT INTO sys_pagefield_rlt(id, pageId, fieldId, orderNum, isRequired, isReaded, isReseted, isRecorded, isShowed, layout, isValid, module)
VALUES ('ca71319f-99d4-47e7-852f-293f4464852a', 'ac34958b-a441-4b84-9758-f4d81a6465b5', 'a213a511-259c-4750-8960-f723419ca494', 12, 'N', 'Y', NULL, NULL, 'Y', 'F', 'Y', NULL);
INSERT INTO sys_pagefield_rlt(id, pageId, fieldId, orderNum, isRequired, isReaded, isReseted, isRecorded, isShowed, layout, isValid, module)
VALUES ('ceaa3326-6041-44e8-b221-47a8e365ff22', 'ac34958b-a441-4b84-9758-f4d81a6465b5', 'a6286c17-e038-44cf-9aba-c7066d38dd26', 13, 'N', 'Y', NULL, NULL, 'Y', 'F', 'Y', NULL);
INSERT INTO sys_pagefield_rlt(id, pageId, fieldId, orderNum, isRequired, isReaded, isReseted, isRecorded, isShowed, layout, isValid, module)
VALUES ('600edb44-c3c1-46f5-a305-ccd51da803ea', 'ac34958b-a441-4b84-9758-f4d81a6465b5', 'ad6e1213-85e3-4a7d-ba26-afe76626cec2', 14, 'N', 'Y', NULL, NULL, 'Y', 'F', 'Y', NULL);
INSERT INTO sys_pagefield_rlt(id, pageId, fieldId, orderNum, isRequired, isReaded, isReseted, isRecorded, isShowed, layout, isValid, module)
VALUES ('45303fc8-bbb7-4c31-9e24-ef29c29ac800', 'ac34958b-a441-4b84-9758-f4d81a6465b5', 'e5efa221-f0d0-4245-93d0-a73a9fd86bdb', 15, 'Y', 'N', NULL, NULL, 'Y', 'T', 'Y', NULL);
INSERT INTO sys_pagefield_rlt(id, pageId, fieldId, orderNum, isRequired, isReaded, isReseted, isRecorded, isShowed, layout, isValid, module)
VALUES ('9435c002-607d-45b2-9b80-51884d84506c', 'ac34958b-a441-4b84-9758-f4d81a6465b5', '9cd138ac-acc5-4ca2-b009-a4093ce84b55', 16, 'Y', 'N', NULL, NULL, 'Y', 'T', 'Y', NULL);
INSERT INTO sys_pagefield_rlt(id, pageId, fieldId, orderNum, isRequired, isReaded, isReseted, isRecorded, isShowed, layout, isValid, module)
VALUES ('27f208bd-850d-4dbb-aac3-c00129e44951', 'ac34958b-a441-4b84-9758-f4d81a6465b5', '1d042dde-0eec-47d9-8880-442297b6942f', 17, 'Y', 'N', NULL, NULL, 'Y', 'F', 'Y', NULL);
INSERT INTO sys_pagefield_rlt(id, pageId, fieldId, orderNum, isRequired, isReaded, isReseted, isRecorded, isShowed, layout, isValid, module)
VALUES ('7ec7b827-a148-40f6-9b95-714cdfdde57a', 'b52606f9-10dc-4404-9798-6f388d54936f', 'fbd95340-7d49-45a2-a932-34c3c42b1604', 1, 'Y', 'Y', NULL, NULL, 'Y', 'F', 'Y', NULL);
INSERT INTO sys_pagefield_rlt(id, pageId, fieldId, orderNum, isRequired, isReaded, isReseted, isRecorded, isShowed, layout, isValid, module)
VALUES ('0c6b0473-360a-461c-9866-920ff1f73a82', 'b52606f9-10dc-4404-9798-6f388d54936f', '1cecb799-7fc7-4281-ba3d-4441b441a75d', 2, 'Y', 'Y', NULL, NULL, 'Y', 'T', 'Y', NULL);
INSERT INTO sys_pagefield_rlt(id, pageId, fieldId, orderNum, isRequired, isReaded, isReseted, isRecorded, isShowed, layout, isValid, module)
VALUES ('9b67aaf5-1bf6-475c-9b80-d6439b04c769', 'b52606f9-10dc-4404-9798-6f388d54936f', '8d758406-86a3-4358-ad0a-1757f5bc4923', 3, 'N', 'Y', NULL, NULL, 'Y', 'T', 'Y', NULL);
INSERT INTO sys_pagefield_rlt(id, pageId, fieldId, orderNum, isRequired, isReaded, isReseted, isRecorded, isShowed, layout, isValid, module)
VALUES ('0ddbf02f-121f-481f-8cc3-149d73aa12f0', 'b52606f9-10dc-4404-9798-6f388d54936f', '57587811-451a-4da3-9fbc-01ce52b1cdce', 4, 'Y', 'Y', NULL, NULL, 'Y', 'T', 'Y', NULL);
INSERT INTO sys_pagefield_rlt(id, pageId, fieldId, orderNum, isRequired, isReaded, isReseted, isRecorded, isShowed, layout, isValid, module)
VALUES ('a191663f-8fea-405f-a9f4-1768af99c4fc', 'b52606f9-10dc-4404-9798-6f388d54936f', '5382b624-7d4a-42f7-9b70-fa83a36cc093', 5, 'Y', 'Y', NULL, NULL, 'Y', 'T', 'Y', NULL);
INSERT INTO sys_pagefield_rlt(id, pageId, fieldId, orderNum, isRequired, isReaded, isReseted, isRecorded, isShowed, layout, isValid, module)
VALUES ('e55af7ce-3bc1-442d-b1c0-9372b47ec61b', 'b52606f9-10dc-4404-9798-6f388d54936f', '9bbcc361-ee6d-40ae-9061-d181486a4404', 6, 'Y', 'Y', NULL, NULL, 'Y', 'F', 'Y', NULL);
INSERT INTO sys_pagefield_rlt(id, pageId, fieldId, orderNum, isRequired, isReaded, isReseted, isRecorded, isShowed, layout, isValid, module)
VALUES ('d36c1535-cbc5-4d9b-9b69-9d71f1eab18a', 'b52606f9-10dc-4404-9798-6f388d54936f', 'fae66d70-364c-4f52-8b62-7e5efd3d3d28', 7, 'Y', 'Y', NULL, NULL, 'Y', 'F', 'Y', NULL);
INSERT INTO sys_pagefield_rlt(id, pageId, fieldId, orderNum, isRequired, isReaded, isReseted, isRecorded, isShowed, layout, isValid, module)
VALUES ('916a1f29-fb1f-4c4d-80a3-d33a6cb98a51', 'b52606f9-10dc-4404-9798-6f388d54936f', '955e50cf-7df1-4486-9152-dd85ea3a29a6', 8, 'N', 'Y', NULL, NULL, 'Y', 'F', 'Y', NULL);
INSERT INTO sys_pagefield_rlt(id, pageId, fieldId, orderNum, isRequired, isReaded, isReseted, isRecorded, isShowed, layout, isValid, module)
VALUES ('546abfba-1357-4ae8-bdfd-585276b85e30', 'b52606f9-10dc-4404-9798-6f388d54936f', '71feedff-8490-459d-af60-0fdac3c72bcc', 9, 'N', 'Y', NULL, NULL, 'Y', 'T', 'Y', NULL);
INSERT INTO sys_pagefield_rlt(id, pageId, fieldId, orderNum, isRequired, isReaded, isReseted, isRecorded, isShowed, layout, isValid, module)
VALUES ('39f09d8e-a004-408e-8f25-3881f8aeb829', 'b52606f9-10dc-4404-9798-6f388d54936f', '6bd43868-6414-4c04-89f7-7fbc70bfc2f6', 10, 'Y', 'Y', NULL, NULL, 'Y', 'T', 'Y', NULL);
INSERT INTO sys_pagefield_rlt(id, pageId, fieldId, orderNum, isRequired, isReaded, isReseted, isRecorded, isShowed, layout, isValid, module)
VALUES ('2615023b-4b5b-45d2-8409-5ca2eb6b9423', 'b52606f9-10dc-4404-9798-6f388d54936f', 'd1db16aa-aef9-441b-9c64-70b4fa68bdd0', 11, 'N', 'Y', NULL, NULL, 'Y', 'F', 'Y', NULL);
INSERT INTO sys_pagefield_rlt(id, pageId, fieldId, orderNum, isRequired, isReaded, isReseted, isRecorded, isShowed, layout, isValid, module)
VALUES ('eb51920e-0b7e-45b0-beb6-c486b92ca97c', 'b52606f9-10dc-4404-9798-6f388d54936f', 'a213a511-259c-4750-8960-f723419ca494', 12, 'N', 'Y', NULL, NULL, 'Y', 'F', 'Y', NULL);
INSERT INTO sys_pagefield_rlt(id, pageId, fieldId, orderNum, isRequired, isReaded, isReseted, isRecorded, isShowed, layout, isValid, module)
VALUES ('340ce0b4-4b03-4af2-9c14-d7b35a4d41f1', 'b52606f9-10dc-4404-9798-6f388d54936f', 'a6286c17-e038-44cf-9aba-c7066d38dd26', 13, 'N', 'Y', NULL, NULL, 'Y', 'F', 'Y', NULL);
INSERT INTO sys_pagefield_rlt(id, pageId, fieldId, orderNum, isRequired, isReaded, isReseted, isRecorded, isShowed, layout, isValid, module)
VALUES ('801a6af2-fdaa-472e-b815-50702898952a', 'b52606f9-10dc-4404-9798-6f388d54936f', 'ad6e1213-85e3-4a7d-ba26-afe76626cec2', 14, 'N', 'Y', NULL, NULL, 'Y', 'F', 'Y', NULL);
INSERT INTO sys_pagefield_rlt(id, pageId, fieldId, orderNum, isRequired, isReaded, isReseted, isRecorded, isShowed, layout, isValid, module)
VALUES ('cce11339-37f0-4655-a7ce-b5cab7ade848', 'b52606f9-10dc-4404-9798-6f388d54936f', 'e5efa221-f0d0-4245-93d0-a73a9fd86bdb', 15, 'N', 'Y', NULL, NULL, 'Y', 'T', 'Y', NULL);
INSERT INTO sys_pagefield_rlt(id, pageId, fieldId, orderNum, isRequired, isReaded, isReseted, isRecorded, isShowed, layout, isValid, module)
VALUES ('cac02601-1100-48c7-8470-3d850b7a5fc3', 'b52606f9-10dc-4404-9798-6f388d54936f', '9cd138ac-acc5-4ca2-b009-a4093ce84b55', 16, 'N', 'Y', NULL, NULL, 'Y', 'T', 'Y', NULL);
INSERT INTO sys_pagefield_rlt(id, pageId, fieldId, orderNum, isRequired, isReaded, isReseted, isRecorded, isShowed, layout, isValid, module)
VALUES ('9ae424e4-9556-416a-9c16-411953c9eb17', 'b52606f9-10dc-4404-9798-6f388d54936f', '1d042dde-0eec-47d9-8880-442297b6942f', 17, 'N', 'Y', NULL, NULL, 'Y', 'F', 'Y', NULL);
INSERT INTO sys_pagefield_rlt(id, pageId, fieldId, orderNum, isRequired, isReaded, isReseted, isRecorded, isShowed, layout, isValid, module)
VALUES ('125ca216-fb05-4089-bcdb-d8acabf62d70', 'b52606f9-10dc-4404-9798-6f388d54936f', '20fa265d-3a1d-4aa5-a156-54034381bda9', 18, 'N', 'Y', NULL, NULL, 'Y', 'F', 'Y', NULL);
INSERT INTO sys_pagefield_rlt(id, pageId, fieldId, orderNum, isRequired, isReaded, isReseted, isRecorded, isShowed, layout, isValid, module)
VALUES ('1eb2975f-bc91-424c-adf3-c5dc7a9d97f8', 'b52606f9-10dc-4404-9798-6f388d54936f', '928b5638-bc04-41ac-abeb-0701f18d1e32', 19, 'Y', 'Y', NULL, NULL, 'Y', 'F', 'Y', NULL);
INSERT INTO sys_pagefield_rlt(id, pageId, fieldId, orderNum, isRequired, isReaded, isReseted, isRecorded, isShowed, layout, isValid, module)
VALUES ('a06dcc6f-f106-46d7-ad6a-a96347e59b5e', 'ba0272c2-f34d-41e0-8bed-e049bd677c33', 'fbd95340-7d49-45a2-a932-34c3c42b1604', 1, 'Y', 'Y', NULL, NULL, 'Y', 'F', 'Y', NULL);
INSERT INTO sys_pagefield_rlt(id, pageId, fieldId, orderNum, isRequired, isReaded, isReseted, isRecorded, isShowed, layout, isValid, module)
VALUES ('b58f88b6-9ef8-4da3-a9a3-0e7a2b8585cc', 'ba0272c2-f34d-41e0-8bed-e049bd677c33', '1cecb799-7fc7-4281-ba3d-4441b441a75d', 2, 'Y', 'Y', NULL, NULL, 'Y', 'T', 'Y', NULL);
INSERT INTO sys_pagefield_rlt(id, pageId, fieldId, orderNum, isRequired, isReaded, isReseted, isRecorded, isShowed, layout, isValid, module)
VALUES ('3b4149f8-3452-4292-a233-263841360d07', 'ba0272c2-f34d-41e0-8bed-e049bd677c33', '8d758406-86a3-4358-ad0a-1757f5bc4923', 3, 'N', 'Y', NULL, NULL, 'Y', 'T', 'Y', NULL);
INSERT INTO sys_pagefield_rlt(id, pageId, fieldId, orderNum, isRequired, isReaded, isReseted, isRecorded, isShowed, layout, isValid, module)
VALUES ('748e5218-7491-48c3-a0c0-7020af7c0dc2', 'ba0272c2-f34d-41e0-8bed-e049bd677c33', '57587811-451a-4da3-9fbc-01ce52b1cdce', 4, 'Y', 'Y', NULL, NULL, 'Y', 'T', 'Y', NULL);
INSERT INTO sys_pagefield_rlt(id, pageId, fieldId, orderNum, isRequired, isReaded, isReseted, isRecorded, isShowed, layout, isValid, module)
VALUES ('d858ed3f-39fa-43ce-9f04-40ac0bf8abb4', 'ba0272c2-f34d-41e0-8bed-e049bd677c33', '5382b624-7d4a-42f7-9b70-fa83a36cc093', 5, 'Y', 'Y', NULL, NULL, 'Y', 'T', 'Y', NULL);
INSERT INTO sys_pagefield_rlt(id, pageId, fieldId, orderNum, isRequired, isReaded, isReseted, isRecorded, isShowed, layout, isValid, module)
VALUES ('574b8f32-2cb6-44fc-bcd9-f3cab2fe92b2', 'ba0272c2-f34d-41e0-8bed-e049bd677c33', '9bbcc361-ee6d-40ae-9061-d181486a4404', 6, 'Y', 'Y', NULL, NULL, 'Y', 'F', 'Y', NULL);
INSERT INTO sys_pagefield_rlt(id, pageId, fieldId, orderNum, isRequired, isReaded, isReseted, isRecorded, isShowed, layout, isValid, module)
VALUES ('bfd4d3c2-8d54-4c4d-9754-e3dc80575da7', 'ba0272c2-f34d-41e0-8bed-e049bd677c33', 'fae66d70-364c-4f52-8b62-7e5efd3d3d28', 7, 'Y', 'Y', NULL, NULL, 'Y', 'F', 'Y', NULL);
INSERT INTO sys_pagefield_rlt(id, pageId, fieldId, orderNum, isRequired, isReaded, isReseted, isRecorded, isShowed, layout, isValid, module)
VALUES ('3b45c740-bf21-4bbb-9cef-3ad7a39c4778', 'ba0272c2-f34d-41e0-8bed-e049bd677c33', '955e50cf-7df1-4486-9152-dd85ea3a29a6', 8, 'N', 'Y', NULL, NULL, 'Y', 'F', 'Y', NULL);
INSERT INTO sys_pagefield_rlt(id, pageId, fieldId, orderNum, isRequired, isReaded, isReseted, isRecorded, isShowed, layout, isValid, module)
VALUES ('05f8c687-cc4d-4b9a-9171-3c0adcd53d3f', 'ba0272c2-f34d-41e0-8bed-e049bd677c33', '71feedff-8490-459d-af60-0fdac3c72bcc', 9, 'N', 'Y', NULL, NULL, 'Y', 'T', 'Y', NULL);
INSERT INTO sys_pagefield_rlt(id, pageId, fieldId, orderNum, isRequired, isReaded, isReseted, isRecorded, isShowed, layout, isValid, module)
VALUES ('83033fcd-70c4-41be-92c5-70f6c417de42', 'ba0272c2-f34d-41e0-8bed-e049bd677c33', '6bd43868-6414-4c04-89f7-7fbc70bfc2f6', 10, 'N', 'N', NULL, NULL, 'Y', 'T', 'Y', NULL);
INSERT INTO sys_pagefield_rlt(id, pageId, fieldId, orderNum, isRequired, isReaded, isReseted, isRecorded, isShowed, layout, isValid, module)
VALUES ('1cb777a2-62de-41ac-ba6a-253be43afb68', 'ba0272c2-f34d-41e0-8bed-e049bd677c33', 'd1db16aa-aef9-441b-9c64-70b4fa68bdd0', 11, 'N', 'Y', NULL, NULL, 'Y', 'F', 'Y', NULL);
INSERT INTO sys_pagefield_rlt(id, pageId, fieldId, orderNum, isRequired, isReaded, isReseted, isRecorded, isShowed, layout, isValid, module)
VALUES ('ecb0a41d-b5a8-4cf0-9bba-9cdf7a52d438', 'ba0272c2-f34d-41e0-8bed-e049bd677c33', 'a213a511-259c-4750-8960-f723419ca494', 12, 'N', 'Y', NULL, NULL, 'Y', 'F', 'Y', NULL);
INSERT INTO sys_pagefield_rlt(id, pageId, fieldId, orderNum, isRequired, isReaded, isReseted, isRecorded, isShowed, layout, isValid, module)
VALUES ('41ba87dd-befb-48c6-a01d-153bbcee6ddb', 'ba0272c2-f34d-41e0-8bed-e049bd677c33', 'a6286c17-e038-44cf-9aba-c7066d38dd26', 13, 'Y', 'N', NULL, NULL, 'Y', 'F', 'Y', NULL);
INSERT INTO sys_pagefield_rlt(id, pageId, fieldId, orderNum, isRequired, isReaded, isReseted, isRecorded, isShowed, layout, isValid, module)
VALUES ('24194482-bd2b-40ee-984c-bb7c04c39c18', 'ba0272c2-f34d-41e0-8bed-e049bd677c33', 'ad6e1213-85e3-4a7d-ba26-afe76626cec2', 14, 'Y', 'N', NULL, NULL, 'Y', 'F', 'Y', NULL);
INSERT INTO sys_pagefield_rlt(id, pageId, fieldId, orderNum, isRequired, isReaded, isReseted, isRecorded, isShowed, layout, isValid, module)
VALUES ('733d94ab-fd48-4f93-9b82-0b572e23714c', 'ba0272c2-f34d-41e0-8bed-e049bd677c33', 'e5efa221-f0d0-4245-93d0-a73a9fd86bdb', 15, 'Y', 'N', NULL, NULL, 'Y', 'T', 'Y', NULL);
INSERT INTO sys_pagefield_rlt(id, pageId, fieldId, orderNum, isRequired, isReaded, isReseted, isRecorded, isShowed, layout, isValid, module)
VALUES ('f4fca901-1475-4808-a678-f849e9e5395a', 'd661caec-8ab8-4881-830c-7911c86665b8', 'fbd95340-7d49-45a2-a932-34c3c42b1604', 1, 'Y', 'Y', NULL, NULL, 'Y', 'F', 'Y', NULL);
INSERT INTO sys_pagefield_rlt(id, pageId, fieldId, orderNum, isRequired, isReaded, isReseted, isRecorded, isShowed, layout, isValid, module)
VALUES ('fe7e779d-6c67-4602-b460-1849e5bfaa18', 'd661caec-8ab8-4881-830c-7911c86665b8', '1cecb799-7fc7-4281-ba3d-4441b441a75d', 2, 'Y', 'Y', NULL, NULL, 'Y', 'T', 'Y', NULL);
INSERT INTO sys_pagefield_rlt(id, pageId, fieldId, orderNum, isRequired, isReaded, isReseted, isRecorded, isShowed, layout, isValid, module)
VALUES ('818b736b-5288-49f3-b853-737d5fd974e4', 'd661caec-8ab8-4881-830c-7911c86665b8', '8d758406-86a3-4358-ad0a-1757f5bc4923', 3, 'N', 'Y', NULL, NULL, 'Y', 'T', 'Y', NULL);
INSERT INTO sys_pagefield_rlt(id, pageId, fieldId, orderNum, isRequired, isReaded, isReseted, isRecorded, isShowed, layout, isValid, module)
VALUES ('ea0f9930-7866-431c-a487-97396becbeaf', 'd661caec-8ab8-4881-830c-7911c86665b8', '57587811-451a-4da3-9fbc-01ce52b1cdce', 4, 'Y', 'Y', NULL, NULL, 'Y', 'T', 'Y', NULL);
INSERT INTO sys_pagefield_rlt(id, pageId, fieldId, orderNum, isRequired, isReaded, isReseted, isRecorded, isShowed, layout, isValid, module)
VALUES ('7b7e26eb-df43-4dd4-a517-660a12fca386', 'd661caec-8ab8-4881-830c-7911c86665b8', '5382b624-7d4a-42f7-9b70-fa83a36cc093', 5, 'Y', 'Y', NULL, NULL, 'Y', 'T', 'Y', NULL);
INSERT INTO sys_pagefield_rlt(id, pageId, fieldId, orderNum, isRequired, isReaded, isReseted, isRecorded, isShowed, layout, isValid, module)
VALUES ('6824c6af-1dc3-456c-9d37-b7e3109ae4a2', 'd661caec-8ab8-4881-830c-7911c86665b8', '9bbcc361-ee6d-40ae-9061-d181486a4404', 6, 'Y', 'Y', NULL, NULL, 'Y', 'F', 'Y', NULL);
INSERT INTO sys_pagefield_rlt(id, pageId, fieldId, orderNum, isRequired, isReaded, isReseted, isRecorded, isShowed, layout, isValid, module)
VALUES ('bd8a560c-d503-47c6-9c09-ae88a44740e1', 'd661caec-8ab8-4881-830c-7911c86665b8', 'fae66d70-364c-4f52-8b62-7e5efd3d3d28', 7, 'Y', 'Y', NULL, NULL, 'Y', 'F', 'Y', NULL);
INSERT INTO sys_pagefield_rlt(id, pageId, fieldId, orderNum, isRequired, isReaded, isReseted, isRecorded, isShowed, layout, isValid, module)
VALUES ('1ced5da0-4632-4cb2-a9fb-157626f32617', 'd661caec-8ab8-4881-830c-7911c86665b8', '955e50cf-7df1-4486-9152-dd85ea3a29a6', 8, 'N', 'Y', NULL, NULL, 'Y', 'F', 'Y', NULL);
INSERT INTO sys_pagefield_rlt(id, pageId, fieldId, orderNum, isRequired, isReaded, isReseted, isRecorded, isShowed, layout, isValid, module)
VALUES ('8e851d3b-ad41-44e0-af5d-a6398287f4b3', 'd661caec-8ab8-4881-830c-7911c86665b8', '71feedff-8490-459d-af60-0fdac3c72bcc', 9, 'Y', 'N', NULL, NULL, 'Y', 'T', 'Y', NULL);
INSERT INTO sys_pagefield_rlt(id, pageId, fieldId, orderNum, isRequired, isReaded, isReseted, isRecorded, isShowed, layout, isValid, module)
VALUES ('8e591641-9393-4199-959a-750035854492', 'd661caec-8ab8-4881-830c-7911c86665b8', '6bd43868-6414-4c04-89f7-7fbc70bfc2f6', 10, 'N', 'N', NULL, NULL, 'Y', 'T', 'Y', NULL);
INSERT INTO sys_pagefield_rlt(id, pageId, fieldId, orderNum, isRequired, isReaded, isReseted, isRecorded, isShowed, layout, isValid, module)
VALUES ('ab6ae661-eb59-4a9b-9df4-01749ff6cb26', 'd661caec-8ab8-4881-830c-7911c86665b8', 'd1db16aa-aef9-441b-9c64-70b4fa68bdd0', 11, 'N', 'Y', NULL, NULL, 'Y', 'F', 'Y', NULL);
INSERT INTO sys_pagefield_rlt(id, pageId, fieldId, orderNum, isRequired, isReaded, isReseted, isRecorded, isShowed, layout, isValid, module)
VALUES ('a5d97236-ca87-4f73-8d64-e3d520f630e4', 'd661caec-8ab8-4881-830c-7911c86665b8', 'a213a511-259c-4750-8960-f723419ca494', 12, 'N', 'Y', NULL, NULL, 'Y', 'F', 'Y', NULL);
INSERT INTO sys_pagefield_rlt(id, pageId, fieldId, orderNum, isRequired, isReaded, isReseted, isRecorded, isShowed, layout, isValid, module)
VALUES ('e48774f5-09d1-4ad7-8510-234491858024', 'd661caec-8ab8-4881-830c-7911c86665b8', '928b5638-bc04-41ac-abeb-0701f18d1e32', 13, 'Y', 'N', NULL, NULL, 'Y', 'F', 'Y', NULL);
INSERT INTO sys_pagefield_rlt(id, pageId, fieldId, orderNum, isRequired, isReaded, isReseted, isRecorded, isShowed, layout, isValid, module)
VALUES ('b9fbfa00-dc9b-4ee4-b826-9ec13069aa04', 'd6819f76-1d80-4e53-952b-a18929d0a689', 'fbd95340-7d49-45a2-a932-34c3c42b1604', 1, 'Y', 'Y', NULL, NULL, 'Y', 'F', 'Y', NULL);
INSERT INTO sys_pagefield_rlt(id, pageId, fieldId, orderNum, isRequired, isReaded, isReseted, isRecorded, isShowed, layout, isValid, module)
VALUES ('6308cb2f-715a-4fdb-b1b1-78d31a942f0a', 'd6819f76-1d80-4e53-952b-a18929d0a689', '1cecb799-7fc7-4281-ba3d-4441b441a75d', 2, 'Y', 'Y', NULL, NULL, 'Y', 'T', 'Y', NULL);
INSERT INTO sys_pagefield_rlt(id, pageId, fieldId, orderNum, isRequired, isReaded, isReseted, isRecorded, isShowed, layout, isValid, module)
VALUES ('8ba87018-b91b-40df-a447-bfee1e8e0f10', 'd6819f76-1d80-4e53-952b-a18929d0a689', '8d758406-86a3-4358-ad0a-1757f5bc4923', 3, 'N', 'Y', NULL, NULL, 'Y', 'T', 'Y', NULL);
INSERT INTO sys_pagefield_rlt(id, pageId, fieldId, orderNum, isRequired, isReaded, isReseted, isRecorded, isShowed, layout, isValid, module)
VALUES ('96cd1ce2-3dcb-42f0-8c2b-8db43218185d', 'd6819f76-1d80-4e53-952b-a18929d0a689', '57587811-451a-4da3-9fbc-01ce52b1cdce', 4, 'Y', 'Y', NULL, NULL, 'Y', 'T', 'Y', NULL);
INSERT INTO sys_pagefield_rlt(id, pageId, fieldId, orderNum, isRequired, isReaded, isReseted, isRecorded, isShowed, layout, isValid, module)
VALUES ('beac71fe-f6fb-4e7c-a9a6-aed60096e21a', 'd6819f76-1d80-4e53-952b-a18929d0a689', '5382b624-7d4a-42f7-9b70-fa83a36cc093', 5, 'Y', 'Y', NULL, NULL, 'Y', 'T', 'Y', NULL);
INSERT INTO sys_pagefield_rlt(id, pageId, fieldId, orderNum, isRequired, isReaded, isReseted, isRecorded, isShowed, layout, isValid, module)
VALUES ('18186bc3-17d9-486c-901c-f22435730cdf', 'd6819f76-1d80-4e53-952b-a18929d0a689', '9bbcc361-ee6d-40ae-9061-d181486a4404', 6, 'Y', 'Y', NULL, NULL, 'Y', 'F', 'Y', NULL);
INSERT INTO sys_pagefield_rlt(id, pageId, fieldId, orderNum, isRequired, isReaded, isReseted, isRecorded, isShowed, layout, isValid, module)
VALUES ('7d6a7d77-dd05-4240-a238-f0f9daefac24', 'd6819f76-1d80-4e53-952b-a18929d0a689', 'fae66d70-364c-4f52-8b62-7e5efd3d3d28', 7, 'Y', 'Y', NULL, NULL, 'Y', 'F', 'Y', NULL);
INSERT INTO sys_pagefield_rlt(id, pageId, fieldId, orderNum, isRequired, isReaded, isReseted, isRecorded, isShowed, layout, isValid, module)
VALUES ('e9dfde84-5d1c-4908-a3b0-5d3f7b80fd4c', 'd6819f76-1d80-4e53-952b-a18929d0a689', '955e50cf-7df1-4486-9152-dd85ea3a29a6', 8, 'N', 'Y', NULL, NULL, 'Y', 'F', 'Y', NULL);
INSERT INTO sys_pagefield_rlt(id, pageId, fieldId, orderNum, isRequired, isReaded, isReseted, isRecorded, isShowed, layout, isValid, module)
VALUES ('f996bab7-1b42-418c-bbba-8e73a907acfd', 'd6819f76-1d80-4e53-952b-a18929d0a689', '71feedff-8490-459d-af60-0fdac3c72bcc', 9, 'N', 'Y', NULL, NULL, 'Y', 'T', 'Y', NULL);
INSERT INTO sys_pagefield_rlt(id, pageId, fieldId, orderNum, isRequired, isReaded, isReseted, isRecorded, isShowed, layout, isValid, module)
VALUES ('fa20c3da-5a53-4d83-b0cd-807a3eec81fa', 'd6819f76-1d80-4e53-952b-a18929d0a689', '6bd43868-6414-4c04-89f7-7fbc70bfc2f6', 10, 'N', 'N', NULL, NULL, 'Y', 'T', 'Y', NULL);
INSERT INTO sys_pagefield_rlt(id, pageId, fieldId, orderNum, isRequired, isReaded, isReseted, isRecorded, isShowed, layout, isValid, module)
VALUES ('2001ec86-7a09-492b-bca5-d6b59881d35f', 'd6819f76-1d80-4e53-952b-a18929d0a689', 'd1db16aa-aef9-441b-9c64-70b4fa68bdd0', 11, 'N', 'Y', NULL, NULL, 'Y', 'F', 'Y', NULL);
INSERT INTO sys_pagefield_rlt(id, pageId, fieldId, orderNum, isRequired, isReaded, isReseted, isRecorded, isShowed, layout, isValid, module)
VALUES ('a0c2b14e-d73e-4169-8bfc-53a1441354a7', 'd6819f76-1d80-4e53-952b-a18929d0a689', 'a213a511-259c-4750-8960-f723419ca494', 12, 'N', 'Y', NULL, NULL, 'Y', 'F', 'Y', NULL);
INSERT INTO sys_pagefield_rlt(id, pageId, fieldId, orderNum, isRequired, isReaded, isReseted, isRecorded, isShowed, layout, isValid, module)
VALUES ('b6ed4950-560f-4936-a9d5-dcc5f2bc8d7e', 'd6819f76-1d80-4e53-952b-a18929d0a689', 'a6286c17-e038-44cf-9aba-c7066d38dd26', 13, 'N', 'Y', NULL, NULL, 'Y', 'F', 'Y', NULL);
INSERT INTO sys_pagefield_rlt(id, pageId, fieldId, orderNum, isRequired, isReaded, isReseted, isRecorded, isShowed, layout, isValid, module)
VALUES ('4341c588-3e11-4bbd-8a11-6d609e6ba9a0', 'd6819f76-1d80-4e53-952b-a18929d0a689', 'ad6e1213-85e3-4a7d-ba26-afe76626cec2', 14, 'N', 'Y', NULL, NULL, 'Y', 'F', 'Y', NULL);
INSERT INTO sys_pagefield_rlt(id, pageId, fieldId, orderNum, isRequired, isReaded, isReseted, isRecorded, isShowed, layout, isValid, module)
VALUES ('df62dc8f-c5ed-48ba-b217-f8777123b90d', 'd6819f76-1d80-4e53-952b-a18929d0a689', 'e5efa221-f0d0-4245-93d0-a73a9fd86bdb', 15, 'Y', 'N', NULL, NULL, 'Y', 'T', 'Y', NULL);
INSERT INTO sys_pagefield_rlt(id, pageId, fieldId, orderNum, isRequired, isReaded, isReseted, isRecorded, isShowed, layout, isValid, module)
VALUES ('68d094b7-bc77-4b6f-bcec-8240387664f1', 'd6819f76-1d80-4e53-952b-a18929d0a689', '9cd138ac-acc5-4ca2-b009-a4093ce84b55', 16, 'N', 'Y', NULL, NULL, 'Y', 'T', 'Y', NULL);
INSERT INTO sys_pagefield_rlt(id, pageId, fieldId, orderNum, isRequired, isReaded, isReseted, isRecorded, isShowed, layout, isValid, module)
VALUES ('99882ee5-ebd9-4d0b-8fe4-9efc057be37e', 'd6819f76-1d80-4e53-952b-a18929d0a689', '1d042dde-0eec-47d9-8880-442297b6942f', 17, 'N', 'Y', NULL, NULL, 'Y', 'F', 'Y', NULL);
INSERT INTO sys_pagefield_rlt(id, pageId, fieldId, orderNum, isRequired, isReaded, isReseted, isRecorded, isShowed, layout, isValid, module)
VALUES ('f60f99a1-5e4c-4f28-9808-2d5f2e51c701', 'd6819f76-1d80-4e53-952b-a18929d0a689', '20fa265d-3a1d-4aa5-a156-54034381bda9', 18, 'Y', 'N', NULL, NULL, 'Y', 'F', 'Y', NULL);
INSERT INTO sys_pagefield_rlt(id, pageId, fieldId, orderNum, isRequired, isReaded, isReseted, isRecorded, isShowed, layout, isValid, module)
VALUES ('ba28a608-b5f8-45df-b8e1-28c0516c500e', 'db239807-3522-46b3-a68a-c3d8a92b98de', 'fbd95340-7d49-45a2-a932-34c3c42b1604', 1, 'Y', 'Y', NULL, NULL, 'Y', 'F', 'Y', NULL);
INSERT INTO sys_pagefield_rlt(id, pageId, fieldId, orderNum, isRequired, isReaded, isReseted, isRecorded, isShowed, layout, isValid, module)
VALUES ('790db0ed-e4ac-430d-8f30-c45c22103d51', 'db239807-3522-46b3-a68a-c3d8a92b98de', '1cecb799-7fc7-4281-ba3d-4441b441a75d', 2, 'Y', 'Y', NULL, NULL, 'Y', 'T', 'Y', NULL);
INSERT INTO sys_pagefield_rlt(id, pageId, fieldId, orderNum, isRequired, isReaded, isReseted, isRecorded, isShowed, layout, isValid, module)
VALUES ('094fb95c-0e69-401a-9e39-888caa16ffe6', 'db239807-3522-46b3-a68a-c3d8a92b98de', '8d758406-86a3-4358-ad0a-1757f5bc4923', 3, 'N', 'Y', NULL, NULL, 'Y', 'T', 'Y', NULL);
INSERT INTO sys_pagefield_rlt(id, pageId, fieldId, orderNum, isRequired, isReaded, isReseted, isRecorded, isShowed, layout, isValid, module)
VALUES ('49fe96de-eb13-42ae-8374-2caa1c05b319', 'db239807-3522-46b3-a68a-c3d8a92b98de', '57587811-451a-4da3-9fbc-01ce52b1cdce', 4, 'Y', 'Y', NULL, NULL, 'Y', 'T', 'Y', NULL);
INSERT INTO sys_pagefield_rlt(id, pageId, fieldId, orderNum, isRequired, isReaded, isReseted, isRecorded, isShowed, layout, isValid, module)
VALUES ('2f2eda52-912f-47a4-8935-111b37354bc5', 'db239807-3522-46b3-a68a-c3d8a92b98de', '5382b624-7d4a-42f7-9b70-fa83a36cc093', 5, 'Y', 'Y', NULL, NULL, 'Y', 'T', 'Y', NULL);
INSERT INTO sys_pagefield_rlt(id, pageId, fieldId, orderNum, isRequired, isReaded, isReseted, isRecorded, isShowed, layout, isValid, module)
VALUES ('a9f9edbb-9250-4157-8734-0d95e564161d', 'db239807-3522-46b3-a68a-c3d8a92b98de', '9bbcc361-ee6d-40ae-9061-d181486a4404', 6, 'Y', 'Y', NULL, NULL, 'Y', 'F', 'Y', NULL);
INSERT INTO sys_pagefield_rlt(id, pageId, fieldId, orderNum, isRequired, isReaded, isReseted, isRecorded, isShowed, layout, isValid, module)
VALUES ('a652f54a-a606-4b6b-ab41-ddf586c8118f', 'db239807-3522-46b3-a68a-c3d8a92b98de', 'fae66d70-364c-4f52-8b62-7e5efd3d3d28', 7, 'Y', 'Y', NULL, NULL, 'Y', 'F', 'Y', NULL);
INSERT INTO sys_pagefield_rlt(id, pageId, fieldId, orderNum, isRequired, isReaded, isReseted, isRecorded, isShowed, layout, isValid, module)
VALUES ('bb2ebdc9-c874-4046-8230-f9f9c9ba12a1', 'db239807-3522-46b3-a68a-c3d8a92b98de', '955e50cf-7df1-4486-9152-dd85ea3a29a6', 8, 'N', 'Y', NULL, NULL, 'Y', 'F', 'Y', NULL);
INSERT INTO sys_pagefield_rlt(id, pageId, fieldId, orderNum, isRequired, isReaded, isReseted, isRecorded, isShowed, layout, isValid, module)
VALUES ('581553e0-7877-4319-9fe9-134a134f20f8', 'db239807-3522-46b3-a68a-c3d8a92b98de', '71feedff-8490-459d-af60-0fdac3c72bcc', 9, 'N', 'Y', NULL, NULL, 'Y', 'T', 'Y', NULL);
INSERT INTO sys_pagefield_rlt(id, pageId, fieldId, orderNum, isRequired, isReaded, isReseted, isRecorded, isShowed, layout, isValid, module)
VALUES ('54ed4581-4763-454d-985f-17658d4e50fe', 'db239807-3522-46b3-a68a-c3d8a92b98de', '6bd43868-6414-4c04-89f7-7fbc70bfc2f6', 10, 'N', 'Y', NULL, NULL, 'Y', 'T', 'Y', NULL);
INSERT INTO sys_pagefield_rlt(id, pageId, fieldId, orderNum, isRequired, isReaded, isReseted, isRecorded, isShowed, layout, isValid, module)
VALUES ('624c7ea4-ceab-4960-9472-a3a75df9611b', 'db239807-3522-46b3-a68a-c3d8a92b98de', 'd1db16aa-aef9-441b-9c64-70b4fa68bdd0', 11, 'N', 'Y', NULL, NULL, 'Y', 'F', 'Y', NULL);
INSERT INTO sys_pagefield_rlt(id, pageId, fieldId, orderNum, isRequired, isReaded, isReseted, isRecorded, isShowed, layout, isValid, module)
VALUES ('c79a4fd2-9e17-4746-84e5-446bcf5cd3e4', 'db239807-3522-46b3-a68a-c3d8a92b98de', 'a213a511-259c-4750-8960-f723419ca494', 12, 'N', 'Y', NULL, NULL, 'Y', 'F', 'Y', NULL);
INSERT INTO sys_pagefield_rlt(id, pageId, fieldId, orderNum, isRequired, isReaded, isReseted, isRecorded, isShowed, layout, isValid, module)
VALUES ('380605ec-ce0e-4243-a8c7-4e3ee74a6593', 'db239807-3522-46b3-a68a-c3d8a92b98de', 'a6286c17-e038-44cf-9aba-c7066d38dd26', 13, 'N', 'Y', NULL, NULL, 'Y', 'F', 'Y', NULL);
INSERT INTO sys_pagefield_rlt(id, pageId, fieldId, orderNum, isRequired, isReaded, isReseted, isRecorded, isShowed, layout, isValid, module)
VALUES ('18715f7a-5ad3-4439-b48b-7eeef077a4bc', 'db239807-3522-46b3-a68a-c3d8a92b98de', 'ad6e1213-85e3-4a7d-ba26-afe76626cec2', 14, 'N', 'Y', NULL, NULL, 'Y', 'F', 'Y', NULL);
INSERT INTO sys_pagefield_rlt(id, pageId, fieldId, orderNum, isRequired, isReaded, isReseted, isRecorded, isShowed, layout, isValid, module)
VALUES ('ce9648d0-1905-405a-af24-423e305c1566', 'db239807-3522-46b3-a68a-c3d8a92b98de', 'e5efa221-f0d0-4245-93d0-a73a9fd86bdb', 15, 'Y', 'Y', NULL, NULL, 'Y', 'T', 'Y', NULL);
INSERT INTO sys_pagefield_rlt(id, pageId, fieldId, orderNum, isRequired, isReaded, isReseted, isRecorded, isShowed, layout, isValid, module)
VALUES ('3d13083c-357d-465e-8b68-49dc0199084e', 'db239807-3522-46b3-a68a-c3d8a92b98de', '9cd138ac-acc5-4ca2-b009-a4093ce84b55', 16, 'Y', 'Y', NULL, NULL, 'Y', 'T', 'Y', NULL);
INSERT INTO sys_pagefield_rlt(id, pageId, fieldId, orderNum, isRequired, isReaded, isReseted, isRecorded, isShowed, layout, isValid, module)
VALUES ('c22d499a-291f-4642-927f-5f37d111b064', 'db239807-3522-46b3-a68a-c3d8a92b98de', '1d042dde-0eec-47d9-8880-442297b6942f', 17, 'Y', 'Y', NULL, NULL, 'Y', 'F', 'Y', NULL);
INSERT INTO sys_pagefield_rlt(id, pageId, fieldId, orderNum, isRequired, isReaded, isReseted, isRecorded, isShowed, layout, isValid, module)
VALUES ('d79bf859-428c-47c5-9b61-ce4f91ac3bc8', 'db81889d-b00e-4544-91e4-bcf0c419e2e3', 'fbd95340-7d49-45a2-a932-34c3c42b1604', 1, 'Y', 'Y', NULL, NULL, 'Y', 'F', 'Y', NULL);
INSERT INTO sys_pagefield_rlt(id, pageId, fieldId, orderNum, isRequired, isReaded, isReseted, isRecorded, isShowed, layout, isValid, module)
VALUES ('e262831d-3c67-4f89-a6f0-da692edd39d5', 'db81889d-b00e-4544-91e4-bcf0c419e2e3', '1cecb799-7fc7-4281-ba3d-4441b441a75d', 2, 'Y', 'Y', NULL, NULL, 'Y', 'T', 'Y', NULL);
INSERT INTO sys_pagefield_rlt(id, pageId, fieldId, orderNum, isRequired, isReaded, isReseted, isRecorded, isShowed, layout, isValid, module)
VALUES ('f1f08f3f-c414-4ad1-be79-438105ea6fd6', 'db81889d-b00e-4544-91e4-bcf0c419e2e3', '8d758406-86a3-4358-ad0a-1757f5bc4923', 3, 'N', 'Y', NULL, NULL, 'Y', 'T', 'Y', NULL);
INSERT INTO sys_pagefield_rlt(id, pageId, fieldId, orderNum, isRequired, isReaded, isReseted, isRecorded, isShowed, layout, isValid, module)
VALUES ('bf4a5997-d18b-4b6b-8bc6-b8fc39a18945', 'db81889d-b00e-4544-91e4-bcf0c419e2e3', '57587811-451a-4da3-9fbc-01ce52b1cdce', 4, 'Y', 'Y', NULL, NULL, 'Y', 'T', 'Y', NULL);
INSERT INTO sys_pagefield_rlt(id, pageId, fieldId, orderNum, isRequired, isReaded, isReseted, isRecorded, isShowed, layout, isValid, module)
VALUES ('c1c47141-b542-4945-ac1a-d3d7dc57528e', 'db81889d-b00e-4544-91e4-bcf0c419e2e3', '5382b624-7d4a-42f7-9b70-fa83a36cc093', 5, 'Y', 'Y', NULL, NULL, 'Y', 'T', 'Y', NULL);
INSERT INTO sys_pagefield_rlt(id, pageId, fieldId, orderNum, isRequired, isReaded, isReseted, isRecorded, isShowed, layout, isValid, module)
VALUES ('2b09bec3-a697-4f01-b7aa-0b6a50d65469', 'db81889d-b00e-4544-91e4-bcf0c419e2e3', '9bbcc361-ee6d-40ae-9061-d181486a4404', 6, 'Y', 'Y', NULL, NULL, 'Y', 'F', 'Y', NULL);
INSERT INTO sys_pagefield_rlt(id, pageId, fieldId, orderNum, isRequired, isReaded, isReseted, isRecorded, isShowed, layout, isValid, module)
VALUES ('4e93c7ec-4e99-4f64-82ad-c7da23644f41', 'db81889d-b00e-4544-91e4-bcf0c419e2e3', 'fae66d70-364c-4f52-8b62-7e5efd3d3d28', 7, 'Y', 'Y', NULL, NULL, 'Y', 'F', 'Y', NULL);
INSERT INTO sys_pagefield_rlt(id, pageId, fieldId, orderNum, isRequired, isReaded, isReseted, isRecorded, isShowed, layout, isValid, module)
VALUES ('bb016bd2-7092-4433-89df-852daa5c020d', 'db81889d-b00e-4544-91e4-bcf0c419e2e3', '955e50cf-7df1-4486-9152-dd85ea3a29a6', 8, 'N', 'Y', NULL, NULL, 'Y', 'F', 'Y', NULL);
INSERT INTO sys_pagefield_rlt(id, pageId, fieldId, orderNum, isRequired, isReaded, isReseted, isRecorded, isShowed, layout, isValid, module)
VALUES ('f153d177-8933-453b-a1fa-dec78428faf3', 'db81889d-b00e-4544-91e4-bcf0c419e2e3', '71feedff-8490-459d-af60-0fdac3c72bcc', 9, 'N', 'Y', NULL, NULL, 'Y', 'T', 'Y', NULL);
INSERT INTO sys_pagefield_rlt(id, pageId, fieldId, orderNum, isRequired, isReaded, isReseted, isRecorded, isShowed, layout, isValid, module)
VALUES ('7393a782-1434-4b9a-8af5-96ab06d2bb52', 'db81889d-b00e-4544-91e4-bcf0c419e2e3', '6bd43868-6414-4c04-89f7-7fbc70bfc2f6', 10, 'N', 'N', NULL, NULL, 'Y', 'T', 'Y', NULL);
INSERT INTO sys_pagefield_rlt(id, pageId, fieldId, orderNum, isRequired, isReaded, isReseted, isRecorded, isShowed, layout, isValid, module)
VALUES ('f6dc0e3b-a4ad-4459-a6a2-c75da1accc2b', 'db81889d-b00e-4544-91e4-bcf0c419e2e3', 'd1db16aa-aef9-441b-9c64-70b4fa68bdd0', 11, 'N', 'Y', NULL, NULL, 'Y', 'F', 'Y', NULL);
INSERT INTO sys_pagefield_rlt(id, pageId, fieldId, orderNum, isRequired, isReaded, isReseted, isRecorded, isShowed, layout, isValid, module)
VALUES ('5d2098db-95ab-42bd-8ecc-a1937009dc4b', 'db81889d-b00e-4544-91e4-bcf0c419e2e3', 'a213a511-259c-4750-8960-f723419ca494', 12, 'N', 'Y', NULL, NULL, 'Y', 'F', 'Y', NULL);
INSERT INTO sys_pagefield_rlt(id, pageId, fieldId, orderNum, isRequired, isReaded, isReseted, isRecorded, isShowed, layout, isValid, module)
VALUES ('675c7fe6-f35d-4bd8-81a6-2f32ca0c185e', 'db81889d-b00e-4544-91e4-bcf0c419e2e3', 'a6286c17-e038-44cf-9aba-c7066d38dd26', 13, 'N', 'N', NULL, NULL, 'Y', 'F', 'Y', NULL);
INSERT INTO sys_pagefield_rlt(id, pageId, fieldId, orderNum, isRequired, isReaded, isReseted, isRecorded, isShowed, layout, isValid, module)
VALUES ('cfab18a7-910c-4135-8a7f-9db0888cd1f1', 'db81889d-b00e-4544-91e4-bcf0c419e2e3', 'ad6e1213-85e3-4a7d-ba26-afe76626cec2', 14, 'N', 'N', NULL, NULL, 'Y', 'F', 'Y', NULL);
INSERT INTO sys_pagefield_rlt(id, pageId, fieldId, orderNum, isRequired, isReaded, isReseted, isRecorded, isShowed, layout, isValid, module)
VALUES ('77c57ac2-5b5b-4291-9960-2d7842bd1362', 'db81889d-b00e-4544-91e4-bcf0c419e2e3', 'e5efa221-f0d0-4245-93d0-a73a9fd86bdb', 15, 'Y', 'N', NULL, NULL, 'Y', 'T', 'Y', NULL);
INSERT INTO sys_pagefield_rlt(id, pageId, fieldId, orderNum, isRequired, isReaded, isReseted, isRecorded, isShowed, layout, isValid, module)
VALUES ('8cc8434e-cf7d-464b-b784-654ba71827c6', 'db81889d-b00e-4544-91e4-bcf0c419e2e3', '9cd138ac-acc5-4ca2-b009-a4093ce84b55', 16, 'N', 'Y', NULL, NULL, 'Y', 'T', 'Y', NULL);
INSERT INTO sys_pagefield_rlt(id, pageId, fieldId, orderNum, isRequired, isReaded, isReseted, isRecorded, isShowed, layout, isValid, module)
VALUES ('e53d71fc-0a3a-46a2-81ff-a5c16a1ba956', 'db81889d-b00e-4544-91e4-bcf0c419e2e3', '1d042dde-0eec-47d9-8880-442297b6942f', 17, 'N', 'Y', NULL, NULL, 'Y', 'F', 'Y', NULL);
INSERT INTO sys_pagefield_rlt(id, pageId, fieldId, orderNum, isRequired, isReaded, isReseted, isRecorded, isShowed, layout, isValid, module)
VALUES ('f2b3bdfa-6641-491c-a58f-b4ef289d962d', 'db81889d-b00e-4544-91e4-bcf0c419e2e3', '928b5638-bc04-41ac-abeb-0701f18d1e32', 18, 'Y', 'N', NULL, NULL, 'Y', 'F', 'Y', NULL);
INSERT INTO sys_pagefield_rlt(id, pageId, fieldId, orderNum, isRequired, isReaded, isReseted, isRecorded, isShowed, layout, isValid, module)
VALUES ('01789b7a-f7a9-46f3-af2c-cd76e225b708', 'e68aa479-0635-4e61-b3a7-3a1dcd170714', 'fbd95340-7d49-45a2-a932-34c3c42b1604', 1, 'Y', 'Y', NULL, NULL, 'Y', 'F', 'Y', NULL);
INSERT INTO sys_pagefield_rlt(id, pageId, fieldId, orderNum, isRequired, isReaded, isReseted, isRecorded, isShowed, layout, isValid, module)
VALUES ('8be94fe5-a6af-4fd0-b094-ceefd64092fb', 'e68aa479-0635-4e61-b3a7-3a1dcd170714', '1cecb799-7fc7-4281-ba3d-4441b441a75d', 2, 'Y', 'Y', NULL, NULL, 'Y', 'T', 'Y', NULL);
INSERT INTO sys_pagefield_rlt(id, pageId, fieldId, orderNum, isRequired, isReaded, isReseted, isRecorded, isShowed, layout, isValid, module)
VALUES ('262c3e40-06c2-440e-b377-a826eb4a61bb', 'e68aa479-0635-4e61-b3a7-3a1dcd170714', '8d758406-86a3-4358-ad0a-1757f5bc4923', 3, 'N', 'Y', NULL, NULL, 'Y', 'T', 'Y', NULL);
INSERT INTO sys_pagefield_rlt(id, pageId, fieldId, orderNum, isRequired, isReaded, isReseted, isRecorded, isShowed, layout, isValid, module)
VALUES ('9c8e62b6-d119-4944-ae25-3c08b74fae62', 'e68aa479-0635-4e61-b3a7-3a1dcd170714', '57587811-451a-4da3-9fbc-01ce52b1cdce', 4, 'Y', 'Y', NULL, NULL, 'Y', 'T', 'Y', NULL);
INSERT INTO sys_pagefield_rlt(id, pageId, fieldId, orderNum, isRequired, isReaded, isReseted, isRecorded, isShowed, layout, isValid, module)
VALUES ('c7a2dffa-b628-4579-a37f-697527188686', 'e68aa479-0635-4e61-b3a7-3a1dcd170714', '5382b624-7d4a-42f7-9b70-fa83a36cc093', 5, 'Y', 'Y', NULL, NULL, 'Y', 'T', 'Y', NULL);
INSERT INTO sys_pagefield_rlt(id, pageId, fieldId, orderNum, isRequired, isReaded, isReseted, isRecorded, isShowed, layout, isValid, module)
VALUES ('2a02663d-4ceb-4e75-8352-6ac394d1596d', 'e68aa479-0635-4e61-b3a7-3a1dcd170714', '9bbcc361-ee6d-40ae-9061-d181486a4404', 6, 'Y', 'Y', NULL, NULL, 'Y', 'F', 'Y', NULL);
INSERT INTO sys_pagefield_rlt(id, pageId, fieldId, orderNum, isRequired, isReaded, isReseted, isRecorded, isShowed, layout, isValid, module)
VALUES ('729943dc-4a46-441c-9123-1258effbb940', 'e68aa479-0635-4e61-b3a7-3a1dcd170714', 'fae66d70-364c-4f52-8b62-7e5efd3d3d28', 7, 'Y', 'Y', NULL, NULL, 'Y', 'F', 'Y', NULL);
INSERT INTO sys_pagefield_rlt(id, pageId, fieldId, orderNum, isRequired, isReaded, isReseted, isRecorded, isShowed, layout, isValid, module)
VALUES ('7d222982-e8fd-495a-83e5-c90b7cd11e77', 'e68aa479-0635-4e61-b3a7-3a1dcd170714', '955e50cf-7df1-4486-9152-dd85ea3a29a6', 8, 'N', 'Y', NULL, NULL, 'Y', 'F', 'Y', NULL);
INSERT INTO sys_pagefield_rlt(id, pageId, fieldId, orderNum, isRequired, isReaded, isReseted, isRecorded, isShowed, layout, isValid, module)
VALUES ('913c744f-ea91-4146-b8d8-23ad0b5fd46e', 'e68aa479-0635-4e61-b3a7-3a1dcd170714', '71feedff-8490-459d-af60-0fdac3c72bcc', 9, 'N', 'Y', NULL, NULL, 'Y', 'T', 'Y', NULL);
INSERT INTO sys_pagefield_rlt(id, pageId, fieldId, orderNum, isRequired, isReaded, isReseted, isRecorded, isShowed, layout, isValid, module)
VALUES ('cfa89724-579f-456d-a246-c7b9133caeb2', 'e68aa479-0635-4e61-b3a7-3a1dcd170714', '6bd43868-6414-4c04-89f7-7fbc70bfc2f6', 10, 'N', 'Y', NULL, NULL, 'Y', 'T', 'Y', NULL);
INSERT INTO sys_pagefield_rlt(id, pageId, fieldId, orderNum, isRequired, isReaded, isReseted, isRecorded, isShowed, layout, isValid, module)
VALUES ('4d4a34d2-6bf6-4699-b2d7-b7edc83836b3', 'e68aa479-0635-4e61-b3a7-3a1dcd170714', 'd1db16aa-aef9-441b-9c64-70b4fa68bdd0', 11, 'N', 'Y', NULL, NULL, 'Y', 'F', 'Y', NULL);
INSERT INTO sys_pagefield_rlt(id, pageId, fieldId, orderNum, isRequired, isReaded, isReseted, isRecorded, isShowed, layout, isValid, module)
VALUES ('02aa640f-fe93-4621-92bd-29f14fb36859', 'e68aa479-0635-4e61-b3a7-3a1dcd170714', 'a213a511-259c-4750-8960-f723419ca494', 12, 'N', 'Y', NULL, NULL, 'Y', 'F', 'Y', NULL);
INSERT INTO sys_pagefield_rlt(id, pageId, fieldId, orderNum, isRequired, isReaded, isReseted, isRecorded, isShowed, layout, isValid, module)
VALUES ('48edb812-3c91-44cc-90c4-d1e0f875b2b6', 'e68aa479-0635-4e61-b3a7-3a1dcd170714', 'a6286c17-e038-44cf-9aba-c7066d38dd26', 13, 'N', 'Y', NULL, NULL, 'Y', 'F', 'Y', NULL);
INSERT INTO sys_pagefield_rlt(id, pageId, fieldId, orderNum, isRequired, isReaded, isReseted, isRecorded, isShowed, layout, isValid, module)
VALUES ('6fa0b092-51ef-43b6-bfc9-160b2fdbddaf', 'e68aa479-0635-4e61-b3a7-3a1dcd170714', 'ad6e1213-85e3-4a7d-ba26-afe76626cec2', 14, 'N', 'Y', NULL, NULL, 'Y', 'F', 'Y', NULL);
INSERT INTO sys_pagefield_rlt(id, pageId, fieldId, orderNum, isRequired, isReaded, isReseted, isRecorded, isShowed, layout, isValid, module)
VALUES ('b5492f0a-d9fc-463f-b20c-3dbab0d31a83', 'e68aa479-0635-4e61-b3a7-3a1dcd170714', 'e5efa221-f0d0-4245-93d0-a73a9fd86bdb', 15, 'Y', 'Y', NULL, NULL, 'Y', 'T', 'Y', NULL);
INSERT INTO sys_pagefield_rlt(id, pageId, fieldId, orderNum, isRequired, isReaded, isReseted, isRecorded, isShowed, layout, isValid, module)
VALUES ('dde6f8af-3f95-4897-bdda-dfb6f8d81299', 'e6a4404d-6d39-4513-8ada-7db504f6e907', 'fbd95340-7d49-45a2-a932-34c3c42b1604', 1, 'Y', 'Y', NULL, NULL, 'Y', 'F', 'Y', NULL);
INSERT INTO sys_pagefield_rlt(id, pageId, fieldId, orderNum, isRequired, isReaded, isReseted, isRecorded, isShowed, layout, isValid, module)
VALUES ('0ae4d2d0-5d09-4e63-acdb-822e07f3e6dd', 'e6a4404d-6d39-4513-8ada-7db504f6e907', '1cecb799-7fc7-4281-ba3d-4441b441a75d', 2, 'Y', 'Y', NULL, NULL, 'Y', 'T', 'Y', NULL);
INSERT INTO sys_pagefield_rlt(id, pageId, fieldId, orderNum, isRequired, isReaded, isReseted, isRecorded, isShowed, layout, isValid, module)
VALUES ('7a400b25-69f4-41fd-96d2-5f665d8722a9', 'e6a4404d-6d39-4513-8ada-7db504f6e907', '8d758406-86a3-4358-ad0a-1757f5bc4923', 3, 'N', 'Y', NULL, NULL, 'Y', 'T', 'Y', NULL);
INSERT INTO sys_pagefield_rlt(id, pageId, fieldId, orderNum, isRequired, isReaded, isReseted, isRecorded, isShowed, layout, isValid, module)
VALUES ('d89bf821-0019-4a96-b77d-b253b34a8b8d', 'e6a4404d-6d39-4513-8ada-7db504f6e907', '57587811-451a-4da3-9fbc-01ce52b1cdce', 4, 'Y', 'Y', NULL, NULL, 'Y', 'T', 'Y', NULL);
INSERT INTO sys_pagefield_rlt(id, pageId, fieldId, orderNum, isRequired, isReaded, isReseted, isRecorded, isShowed, layout, isValid, module)
VALUES ('f73ffde9-e484-4fbf-b4ee-41f38b1f02ef', 'e6a4404d-6d39-4513-8ada-7db504f6e907', '5382b624-7d4a-42f7-9b70-fa83a36cc093', 5, 'Y', 'Y', NULL, NULL, 'Y', 'T', 'Y', NULL);
INSERT INTO sys_pagefield_rlt(id, pageId, fieldId, orderNum, isRequired, isReaded, isReseted, isRecorded, isShowed, layout, isValid, module)
VALUES ('59226e5d-0a2a-46fb-9296-0eff92280d0e', 'e6a4404d-6d39-4513-8ada-7db504f6e907', '9bbcc361-ee6d-40ae-9061-d181486a4404', 6, 'Y', 'Y', NULL, NULL, 'Y', 'F', 'Y', NULL);
INSERT INTO sys_pagefield_rlt(id, pageId, fieldId, orderNum, isRequired, isReaded, isReseted, isRecorded, isShowed, layout, isValid, module)
VALUES ('b421533b-00a6-47b4-a197-48e482a313c2', 'e6a4404d-6d39-4513-8ada-7db504f6e907', 'fae66d70-364c-4f52-8b62-7e5efd3d3d28', 7, 'Y', 'Y', NULL, NULL, 'Y', 'F', 'Y', NULL);
INSERT INTO sys_pagefield_rlt(id, pageId, fieldId, orderNum, isRequired, isReaded, isReseted, isRecorded, isShowed, layout, isValid, module)
VALUES ('efcd8d9d-49fb-4bb7-8e93-1229b8c0c620', 'e6a4404d-6d39-4513-8ada-7db504f6e907', '955e50cf-7df1-4486-9152-dd85ea3a29a6', 8, 'N', 'Y', NULL, NULL, 'Y', 'F', 'Y', NULL);
INSERT INTO sys_pagefield_rlt(id, pageId, fieldId, orderNum, isRequired, isReaded, isReseted, isRecorded, isShowed, layout, isValid, module)
VALUES ('a6016fc1-f173-459b-bf95-0f4b3f8c5c49', 'e6a4404d-6d39-4513-8ada-7db504f6e907', '71feedff-8490-459d-af60-0fdac3c72bcc', 9, 'N', 'Y', NULL, NULL, 'Y', 'T', 'Y', NULL);
INSERT INTO sys_pagefield_rlt(id, pageId, fieldId, orderNum, isRequired, isReaded, isReseted, isRecorded, isShowed, layout, isValid, module)
VALUES ('ef553d37-44f8-4f6f-9a67-b94f06b39709', 'e6a4404d-6d39-4513-8ada-7db504f6e907', '6bd43868-6414-4c04-89f7-7fbc70bfc2f6', 10, 'N', 'N', NULL, NULL, 'Y', 'T', 'Y', NULL);
INSERT INTO sys_pagefield_rlt(id, pageId, fieldId, orderNum, isRequired, isReaded, isReseted, isRecorded, isShowed, layout, isValid, module)
VALUES ('9c9093bd-734f-4a56-a032-cc588a331b1a', 'e6a4404d-6d39-4513-8ada-7db504f6e907', 'd1db16aa-aef9-441b-9c64-70b4fa68bdd0', 11, 'N', 'Y', NULL, NULL, 'Y', 'F', 'Y', NULL);
INSERT INTO sys_pagefield_rlt(id, pageId, fieldId, orderNum, isRequired, isReaded, isReseted, isRecorded, isShowed, layout, isValid, module)
VALUES ('cfd70884-0c34-42b5-ae10-1b700872350a', 'e6a4404d-6d39-4513-8ada-7db504f6e907', 'a213a511-259c-4750-8960-f723419ca494', 12, 'N', 'Y', NULL, NULL, 'Y', 'F', 'Y', NULL);
INSERT INTO sys_pagefield_rlt(id, pageId, fieldId, orderNum, isRequired, isReaded, isReseted, isRecorded, isShowed, layout, isValid, module)
VALUES ('c307c1fd-c60d-42b8-8500-7abf171797d3', 'e6a4404d-6d39-4513-8ada-7db504f6e907', 'a6286c17-e038-44cf-9aba-c7066d38dd26', 13, 'N', 'N', NULL, NULL, 'Y', 'F', 'Y', NULL);
INSERT INTO sys_pagefield_rlt(id, pageId, fieldId, orderNum, isRequired, isReaded, isReseted, isRecorded, isShowed, layout, isValid, module)
VALUES ('6bc90ca6-56d1-43e0-87ef-41d32e742d0a', 'e6a4404d-6d39-4513-8ada-7db504f6e907', 'ad6e1213-85e3-4a7d-ba26-afe76626cec2', 14, 'N', 'N', NULL, NULL, 'Y', 'F', 'Y', NULL);
INSERT INTO sys_pagefield_rlt(id, pageId, fieldId, orderNum, isRequired, isReaded, isReseted, isRecorded, isShowed, layout, isValid, module)
VALUES ('23a9e8f1-0049-4237-9037-b2aa6b4730bb', 'e6a4404d-6d39-4513-8ada-7db504f6e907', '928b5638-bc04-41ac-abeb-0701f18d1e32', 15, 'Y', 'N', NULL, NULL, 'Y', 'F', 'Y', NULL);
INSERT INTO sys_pagefield_rlt(id, pageId, fieldId, orderNum, isRequired, isReaded, isReseted, isRecorded, isShowed, layout, isValid, module)
VALUES ('b4021ff2-e9d0-44c0-9316-ae9788e1d425', 'f204b849-293a-4aa4-abff-90e9c96b76b8', 'fbd95340-7d49-45a2-a932-34c3c42b1604', 1, 'Y', 'Y', NULL, NULL, 'Y', 'F', 'Y', NULL);
INSERT INTO sys_pagefield_rlt(id, pageId, fieldId, orderNum, isRequired, isReaded, isReseted, isRecorded, isShowed, layout, isValid, module)
VALUES ('c0caf45a-9e21-4abb-8d97-39a4e9eaf9d6', 'f204b849-293a-4aa4-abff-90e9c96b76b8', '1cecb799-7fc7-4281-ba3d-4441b441a75d', 2, 'Y', 'Y', NULL, NULL, 'Y', 'T', 'Y', NULL);
INSERT INTO sys_pagefield_rlt(id, pageId, fieldId, orderNum, isRequired, isReaded, isReseted, isRecorded, isShowed, layout, isValid, module)
VALUES ('34e89036-e787-4426-aa28-ea3baffd4a0d', 'f204b849-293a-4aa4-abff-90e9c96b76b8', '8d758406-86a3-4358-ad0a-1757f5bc4923', 3, 'N', 'Y', NULL, NULL, 'Y', 'T', 'Y', NULL);
INSERT INTO sys_pagefield_rlt(id, pageId, fieldId, orderNum, isRequired, isReaded, isReseted, isRecorded, isShowed, layout, isValid, module)
VALUES ('2f7644ac-61b0-480e-aa6f-c2d5696fc502', 'f204b849-293a-4aa4-abff-90e9c96b76b8', '57587811-451a-4da3-9fbc-01ce52b1cdce', 4, 'Y', 'Y', NULL, NULL, 'Y', 'T', 'Y', NULL);
INSERT INTO sys_pagefield_rlt(id, pageId, fieldId, orderNum, isRequired, isReaded, isReseted, isRecorded, isShowed, layout, isValid, module)
VALUES ('b73cf873-45f5-441f-bece-4dc44e1ef968', 'f204b849-293a-4aa4-abff-90e9c96b76b8', '5382b624-7d4a-42f7-9b70-fa83a36cc093', 5, 'Y', 'Y', NULL, NULL, 'Y', 'T', 'Y', NULL);
INSERT INTO sys_pagefield_rlt(id, pageId, fieldId, orderNum, isRequired, isReaded, isReseted, isRecorded, isShowed, layout, isValid, module)
VALUES ('0c700ddb-eb16-4a66-9171-4fe36a4fd148', 'f204b849-293a-4aa4-abff-90e9c96b76b8', '9bbcc361-ee6d-40ae-9061-d181486a4404', 6, 'Y', 'Y', NULL, NULL, 'Y', 'F', 'Y', NULL);
INSERT INTO sys_pagefield_rlt(id, pageId, fieldId, orderNum, isRequired, isReaded, isReseted, isRecorded, isShowed, layout, isValid, module)
VALUES ('96db1b8f-866d-45a8-82b1-b04b6b8199af', 'f204b849-293a-4aa4-abff-90e9c96b76b8', 'fae66d70-364c-4f52-8b62-7e5efd3d3d28', 7, 'Y', 'Y', NULL, NULL, 'Y', 'F', 'Y', NULL);
INSERT INTO sys_pagefield_rlt(id, pageId, fieldId, orderNum, isRequired, isReaded, isReseted, isRecorded, isShowed, layout, isValid, module)
VALUES ('25af7c55-c340-4cd2-a6c3-fc6ebca363c1', 'f204b849-293a-4aa4-abff-90e9c96b76b8', '955e50cf-7df1-4486-9152-dd85ea3a29a6', 8, 'N', 'Y', NULL, NULL, 'Y', 'F', 'Y', NULL);
INSERT INTO sys_pagefield_rlt(id, pageId, fieldId, orderNum, isRequired, isReaded, isReseted, isRecorded, isShowed, layout, isValid, module)
VALUES ('407b0d38-fd59-4d87-9c85-c433b85b865b', 'f204b849-293a-4aa4-abff-90e9c96b76b8', '71feedff-8490-459d-af60-0fdac3c72bcc', 9, 'N', 'N', NULL, NULL, 'Y', 'T', 'Y', NULL);
INSERT INTO sys_pagefield_rlt(id, pageId, fieldId, orderNum, isRequired, isReaded, isReseted, isRecorded, isShowed, layout, isValid, module)
VALUES ('9efe9b19-1641-4854-89ef-6a3221d47a55', 'f204b849-293a-4aa4-abff-90e9c96b76b8', '6bd43868-6414-4c04-89f7-7fbc70bfc2f6', 10, 'Y', 'N', NULL, NULL, 'Y', 'T', 'Y', NULL);
INSERT INTO sys_pagefield_rlt(id, pageId, fieldId, orderNum, isRequired, isReaded, isReseted, isRecorded, isShowed, layout, isValid, module)
VALUES ('205b6ebb-2b12-484c-89e5-50ccb3e8d41e', 'f204b849-293a-4aa4-abff-90e9c96b76b8', 'd1db16aa-aef9-441b-9c64-70b4fa68bdd0', 11, 'N', 'N', NULL, NULL, 'Y', 'F', 'Y', NULL);
INSERT INTO sys_pagefield_rlt(id, pageId, fieldId, orderNum, isRequired, isReaded, isReseted, isRecorded, isShowed, layout, isValid, module)
VALUES ('be22b856-af24-474f-a17a-63771bc817f0', 'f204b849-293a-4aa4-abff-90e9c96b76b8', 'a213a511-259c-4750-8960-f723419ca494', 12, 'Y', 'N', NULL, NULL, 'Y', 'F', 'Y', NULL);
INSERT INTO sys_pagefield_rlt(id, pageId, fieldId, orderNum, isRequired, isReaded, isReseted, isRecorded, isShowed, layout, isValid, module)
VALUES ('68bc4987-e6be-49f8-a2d5-95ff0d8ff024', 'f69328d2-849a-4bb2-a7c0-2d8e309944fa', 'fbd95340-7d49-45a2-a932-34c3c42b1604', 1, 'Y', 'Y', NULL, NULL, 'Y', 'F', 'Y', NULL);
INSERT INTO sys_pagefield_rlt(id, pageId, fieldId, orderNum, isRequired, isReaded, isReseted, isRecorded, isShowed, layout, isValid, module)
VALUES ('1c89e344-25dc-48f6-a957-c220dafc1258', 'f69328d2-849a-4bb2-a7c0-2d8e309944fa', '1cecb799-7fc7-4281-ba3d-4441b441a75d', 2, 'Y', 'Y', NULL, NULL, 'Y', 'T', 'Y', NULL);
INSERT INTO sys_pagefield_rlt(id, pageId, fieldId, orderNum, isRequired, isReaded, isReseted, isRecorded, isShowed, layout, isValid, module)
VALUES ('80067f60-dbd7-461c-bad2-d8eb23a1854b', 'f69328d2-849a-4bb2-a7c0-2d8e309944fa', '8d758406-86a3-4358-ad0a-1757f5bc4923', 3, 'N', 'Y', NULL, NULL, 'Y', 'T', 'Y', NULL);
INSERT INTO sys_pagefield_rlt(id, pageId, fieldId, orderNum, isRequired, isReaded, isReseted, isRecorded, isShowed, layout, isValid, module)
VALUES ('1a68cc3a-2094-4dc9-8026-da3747479618', 'f69328d2-849a-4bb2-a7c0-2d8e309944fa', '57587811-451a-4da3-9fbc-01ce52b1cdce', 4, 'Y', 'Y', NULL, NULL, 'Y', 'T', 'Y', NULL);
INSERT INTO sys_pagefield_rlt(id, pageId, fieldId, orderNum, isRequired, isReaded, isReseted, isRecorded, isShowed, layout, isValid, module)
VALUES ('1c579c62-5672-47b3-a8e0-2f919b09c208', 'f69328d2-849a-4bb2-a7c0-2d8e309944fa', '5382b624-7d4a-42f7-9b70-fa83a36cc093', 5, 'Y', 'Y', NULL, NULL, 'Y', 'T', 'Y', NULL);
INSERT INTO sys_pagefield_rlt(id, pageId, fieldId, orderNum, isRequired, isReaded, isReseted, isRecorded, isShowed, layout, isValid, module)
VALUES ('42304da7-864a-42d4-9d25-c4b1ee780b1f', 'f69328d2-849a-4bb2-a7c0-2d8e309944fa', '9bbcc361-ee6d-40ae-9061-d181486a4404', 6, 'Y', 'Y', NULL, NULL, 'Y', 'F', 'Y', NULL);
INSERT INTO sys_pagefield_rlt(id, pageId, fieldId, orderNum, isRequired, isReaded, isReseted, isRecorded, isShowed, layout, isValid, module)
VALUES ('cdda15cb-e0dc-4689-b3a4-fe366ea63653', 'f69328d2-849a-4bb2-a7c0-2d8e309944fa', 'fae66d70-364c-4f52-8b62-7e5efd3d3d28', 7, 'Y', 'Y', NULL, NULL, 'Y', 'F', 'Y', NULL);
INSERT INTO sys_pagefield_rlt(id, pageId, fieldId, orderNum, isRequired, isReaded, isReseted, isRecorded, isShowed, layout, isValid, module)
VALUES ('84214fca-68d3-4d29-9a09-57cd27ea898c', 'f69328d2-849a-4bb2-a7c0-2d8e309944fa', '955e50cf-7df1-4486-9152-dd85ea3a29a6', 8, 'N', 'Y', NULL, NULL, 'Y', 'F', 'Y', NULL);
INSERT INTO sys_pagefield_rlt(id, pageId, fieldId, orderNum, isRequired, isReaded, isReseted, isRecorded, isShowed, layout, isValid, module)
VALUES ('58700040-b892-481d-84a5-4553f8f6f29a', 'f69328d2-849a-4bb2-a7c0-2d8e309944fa', '71feedff-8490-459d-af60-0fdac3c72bcc', 9, 'N', 'Y', NULL, NULL, 'Y', 'T', 'Y', NULL);
INSERT INTO sys_pagefield_rlt(id, pageId, fieldId, orderNum, isRequired, isReaded, isReseted, isRecorded, isShowed, layout, isValid, module)
VALUES ('2414d15f-b44d-4953-a89d-ebadaad1106d', 'f69328d2-849a-4bb2-a7c0-2d8e309944fa', '6bd43868-6414-4c04-89f7-7fbc70bfc2f6', 10, 'N', 'Y', NULL, NULL, 'Y', 'T', 'Y', NULL);
INSERT INTO sys_pagefield_rlt(id, pageId, fieldId, orderNum, isRequired, isReaded, isReseted, isRecorded, isShowed, layout, isValid, module)
VALUES ('c2eaf3a4-36a9-4a9b-bf76-c75aab247c94', 'f69328d2-849a-4bb2-a7c0-2d8e309944fa', 'd1db16aa-aef9-441b-9c64-70b4fa68bdd0', 11, 'N', 'Y', NULL, NULL, 'Y', 'F', 'Y', NULL);
INSERT INTO sys_pagefield_rlt(id, pageId, fieldId, orderNum, isRequired, isReaded, isReseted, isRecorded, isShowed, layout, isValid, module)
VALUES ('6e2c28b9-3a0b-4cba-bcd7-620a39d215b9', 'f69328d2-849a-4bb2-a7c0-2d8e309944fa', 'a213a511-259c-4750-8960-f723419ca494', 12, 'N', 'Y', NULL, NULL, 'Y', 'F', 'Y', NULL);
INSERT INTO sys_pagefield_rlt(id, pageId, fieldId, orderNum, isRequired, isReaded, isReseted, isRecorded, isShowed, layout, isValid, module)
VALUES ('e518b330-e5c9-4637-9412-37115331b1d3', 'f69328d2-849a-4bb2-a7c0-2d8e309944fa', 'a6286c17-e038-44cf-9aba-c7066d38dd26', 13, 'N', 'Y', NULL, NULL, 'Y', 'F', 'Y', NULL);
INSERT INTO sys_pagefield_rlt(id, pageId, fieldId, orderNum, isRequired, isReaded, isReseted, isRecorded, isShowed, layout, isValid, module)
VALUES ('d6898216-01bc-454a-be48-90f41e16eef0', 'f69328d2-849a-4bb2-a7c0-2d8e309944fa', 'ad6e1213-85e3-4a7d-ba26-afe76626cec2', 14, 'N', 'Y', NULL, NULL, 'Y', 'F', 'Y', NULL);
INSERT INTO sys_pagefield_rlt(id, pageId, fieldId, orderNum, isRequired, isReaded, isReseted, isRecorded, isShowed, layout, isValid, module)
VALUES ('ad9b0979-d38d-40c2-8513-0a585189f430', 'f69328d2-849a-4bb2-a7c0-2d8e309944fa', 'e5efa221-f0d0-4245-93d0-a73a9fd86bdb', 15, 'Y', 'Y', NULL, NULL, 'Y', 'T', 'Y', NULL);
INSERT INTO sys_pagefield_rlt(id, pageId, fieldId, orderNum, isRequired, isReaded, isReseted, isRecorded, isShowed, layout, isValid, module)
VALUES ('fcd21916-82f7-45d8-bb29-9e5c86b26460', 'f69328d2-849a-4bb2-a7c0-2d8e309944fa', '9cd138ac-acc5-4ca2-b009-a4093ce84b55', 16, 'N', 'Y', NULL, NULL, 'Y', 'T', 'Y', NULL);
INSERT INTO sys_pagefield_rlt(id, pageId, fieldId, orderNum, isRequired, isReaded, isReseted, isRecorded, isShowed, layout, isValid, module)
VALUES ('2c78b164-a58e-443b-a796-fc0774941257', 'f69328d2-849a-4bb2-a7c0-2d8e309944fa', '1d042dde-0eec-47d9-8880-442297b6942f', 17, 'N', 'Y', NULL, NULL, 'Y', 'F', 'Y', NULL);
INSERT INTO sys_pagefield_rlt(id, pageId, fieldId, orderNum, isRequired, isReaded, isReseted, isRecorded, isShowed, layout, isValid, module)
VALUES ('e81ea44e-b683-410b-9114-6e4ae72f61b3', 'f69328d2-849a-4bb2-a7c0-2d8e309944fa', '20fa265d-3a1d-4aa5-a156-54034381bda9', 18, 'N', 'Y', NULL, NULL, 'Y', 'F', 'Y', NULL);

INSERT INTO wf_rolematch_rlt(id, pageFieldId, pageId, roleId)
VALUES ('12c3590e-d57c-4d7b-8669-ea2d644f006c', '6bd43868-6414-4c04-89f7-7fbc70bfc2f6', 'ac34958b-a441-4b84-9758-f4d81a6465b5', '960fb540-3cef-49e8-89b6-1bPMIrole002');
INSERT INTO wf_rolematch_rlt(id, pageFieldId, pageId, roleId)
VALUES ('1968952e-99d1-4017-999b-4887cd810d31', '6bd43868-6414-4c04-89f7-7fbc70bfc2f6', '01e935fb-66f0-4f47-9623-bd46826d67a1', '960fb540-3cef-49e8-89b6-1bPMIrole001');
INSERT INTO wf_rolematch_rlt(id, pageFieldId, pageId, roleId)
VALUES ('2cef476f-f82e-47cd-90bb-eff956390791', 'e5efa221-f0d0-4245-93d0-a73a9fd86bdb', 'ac34958b-a441-4b84-9758-f4d81a6465b5', '960fb540-3cef-49e8-89b6-1bPMIrole001');
INSERT INTO wf_rolematch_rlt(id, pageFieldId, pageId, roleId)
VALUES ('76c2cc6b-958d-457f-bbd5-2fe224c2f6ab', '6bd43868-6414-4c04-89f7-7fbc70bfc2f6', 'd6819f76-1d80-4e53-952b-a18929d0a689', '960fb540-3cef-49e8-89b6-1bPMIrole002');
INSERT INTO wf_rolematch_rlt(id, pageFieldId, pageId, roleId)
VALUES ('7bdd473b-3bc9-4636-917a-928d8b43ff47', '6bd43868-6414-4c04-89f7-7fbc70bfc2f6', 'e6a4404d-6d39-4513-8ada-7db504f6e907', '960fb540-3cef-49e8-89b6-1bPMIrole001');
INSERT INTO wf_rolematch_rlt(id, pageFieldId, pageId, roleId)
VALUES ('7e43cc0f-df62-4cf2-b157-5b7f0eaa1c80', '6bd43868-6414-4c04-89f7-7fbc70bfc2f6', 'd661caec-8ab8-4881-830c-7911c86665b8', '960fb540-3cef-49e8-89b6-1bPMIrole001');
INSERT INTO wf_rolematch_rlt(id, pageFieldId, pageId, roleId)
VALUES ('8727787b-f5a3-41af-8d15-ec78abdc2fce', 'e5efa221-f0d0-4245-93d0-a73a9fd86bdb', '26da8c0e-b665-4715-90e3-237b35d2b309', '960fb540-3cef-49e8-89b6-1bPMIrole001');
INSERT INTO wf_rolematch_rlt(id, pageFieldId, pageId, roleId)
VALUES ('8ac49ee6-2e65-433f-914c-02dc47027a78', '71feedff-8490-459d-af60-0fdac3c72bcc', 'd661caec-8ab8-4881-830c-7911c86665b8', '960fb540-3cef-49e8-89b6-1bPMIrole001');
INSERT INTO wf_rolematch_rlt(id, pageFieldId, pageId, roleId)
VALUES ('955ee8eb-e2a9-42a7-bc17-3f34b231b1c9', '6bd43868-6414-4c04-89f7-7fbc70bfc2f6', 'ba0272c2-f34d-41e0-8bed-e049bd677c33', '960fb540-3cef-49e8-89b6-1bPMIrole002');
INSERT INTO wf_rolematch_rlt(id, pageFieldId, pageId, roleId)
VALUES ('961ba53e-6387-477c-9aab-e4efc11dc6e7', '6bd43868-6414-4c04-89f7-7fbc70bfc2f6', '3fcd96ca-aedc-4b81-95b0-97a423de757e', '960fb540-3cef-49e8-89b6-1bPMIrole001');
INSERT INTO wf_rolematch_rlt(id, pageFieldId, pageId, roleId)
VALUES ('99e4b89b-3e71-423a-a59d-2d7c38417e3b', 'e5efa221-f0d0-4245-93d0-a73a9fd86bdb', '3fcd96ca-aedc-4b81-95b0-97a423de757e', '960fb540-3cef-49e8-89b6-1bPMIrole002');
INSERT INTO wf_rolematch_rlt(id, pageFieldId, pageId, roleId)
VALUES ('a4def89d-2cb1-4a60-9025-516f27119e74', '6bd43868-6414-4c04-89f7-7fbc70bfc2f6', 'f204b849-293a-4aa4-abff-90e9c96b76b8', '960fb540-3cef-49e8-89b6-1bPMIrole001');
INSERT INTO wf_rolematch_rlt(id, pageFieldId, pageId, roleId)
VALUES ('a6547097-2cc5-406a-a075-c2f7c4260a18', 'e5efa221-f0d0-4245-93d0-a73a9fd86bdb', '01e935fb-66f0-4f47-9623-bd46826d67a1', '960fb540-3cef-49e8-89b6-1bPMIrole002');
INSERT INTO wf_rolematch_rlt(id, pageFieldId, pageId, roleId)
VALUES ('c04163a1-c1e4-4ab7-9b32-f6245ede5d20', 'e5efa221-f0d0-4245-93d0-a73a9fd86bdb', 'db81889d-b00e-4544-91e4-bcf0c419e2e3', '960fb540-3cef-49e8-89b6-1bPMIrole001');
INSERT INTO wf_rolematch_rlt(id, pageFieldId, pageId, roleId)
VALUES ('c255ad86-365c-4550-876a-f8800ac77e8d', '71feedff-8490-459d-af60-0fdac3c72bcc', '83b13673-cb3d-44ec-93e7-952e8399e009', '960fb540-3cef-49e8-89b6-1bPMIrole001');
INSERT INTO wf_rolematch_rlt(id, pageFieldId, pageId, roleId)
VALUES ('cf8b2f51-4e75-44bf-a1f6-45f84b879c45', 'e5efa221-f0d0-4245-93d0-a73a9fd86bdb', 'd6819f76-1d80-4e53-952b-a18929d0a689', '960fb540-3cef-49e8-89b6-1bPMIrole001');
INSERT INTO wf_rolematch_rlt(id, pageFieldId, pageId, roleId)
VALUES ('dcf8e410-0a14-4771-9c62-406ab6f1e192', '6bd43868-6414-4c04-89f7-7fbc70bfc2f6', '26da8c0e-b665-4715-90e3-237b35d2b309', '960fb540-3cef-49e8-89b6-1bPMIrole002');
INSERT INTO wf_rolematch_rlt(id, pageFieldId, pageId, roleId)
VALUES ('f6cf741a-b2d2-4561-b5cb-6b3653f7071f', '6bd43868-6414-4c04-89f7-7fbc70bfc2f6', 'db81889d-b00e-4544-91e4-bcf0c419e2e3', '960fb540-3cef-49e8-89b6-1bPMIrole002');
INSERT INTO wf_rolematch_rlt(id, pageFieldId, pageId, roleId)
VALUES ('fa668495-7368-4843-8cbe-b851ad1b77ed', 'e5efa221-f0d0-4245-93d0-a73a9fd86bdb', 'ba0272c2-f34d-41e0-8bed-e049bd677c33', '960fb540-3cef-49e8-89b6-1bPMIrole001');

INSERT INTO wf_authorizationrole_rlt(id, transitionId, roleId, conditions, isValid)
VALUES ('0c77acbe-9604-4369-a615-c994defcd6fb', 'D091F3E6-E63A-41D9-A872-5379CA802CE6', '960fb540-3cef-49e8-89b6-1bPMIrole001', NULL, 'Y');
INSERT INTO wf_authorizationrole_rlt(id, transitionId, roleId, conditions, isValid)
VALUES ('13a09460-1140-455f-ab39-4cd2ade2acd6', '61811C0D-A184-423D-9D28-D650F3D2177D', '960fb540-3cef-49e8-89b6-1bPMIrole002', NULL, 'Y');
INSERT INTO wf_authorizationrole_rlt(id, transitionId, roleId, conditions, isValid)
VALUES ('1db2a7af-76e6-44ab-9458-2e0c449b3b6c', 'E8ADC324-3997-4164-BDC1-8B46383D40A6', '960fb540-3cef-49e8-89b6-1bPMIrole002', NULL, 'Y');
INSERT INTO wf_authorizationrole_rlt(id, transitionId, roleId, conditions, isValid)
VALUES ('1fffd830-d712-4f7c-8cf2-9999bb8d6555', 'DF10D5A8-AD17-4E5E-864C-473056D917B4', '960fb540-3cef-49e8-89b6-1bPMIrole001', NULL, 'Y');
INSERT INTO wf_authorizationrole_rlt(id, transitionId, roleId, conditions, isValid)
VALUES ('374c7d3c-07c1-4d5a-bf26-4b85cdccc60a', '61811C0D-A184-423D-9D28-D650F3D2177D', '960fb540-3cef-49e8-89b6-1bPMIrole001', NULL, 'Y');
INSERT INTO wf_authorizationrole_rlt(id, transitionId, roleId, conditions, isValid)
VALUES ('3774ba74-8c68-4a54-a7f1-5f87fb5e9cd7', 'AD46AD84-FB59-4FC2-83F4-A3A13E969ADC', '960fb540-3cef-49e8-89b6-1bPMIrole002', NULL, 'Y');
INSERT INTO wf_authorizationrole_rlt(id, transitionId, roleId, conditions, isValid)
VALUES ('3aad4821-720a-4367-ab71-16e9493ed7f3', '03216353-6AF6-44E4-A69D-0BF9F33585FB', '960fb540-3cef-49e8-89b6-1bPMIrole001', NULL, 'Y');
INSERT INTO wf_authorizationrole_rlt(id, transitionId, roleId, conditions, isValid)
VALUES ('60dc1ff4-8e6b-442e-b55b-9397fe4cefba', 'E8ADC324-3997-4164-BDC1-8B46383D40A6', '960fb540-3cef-49e8-89b6-1bPMIrole001', NULL, 'Y');
INSERT INTO wf_authorizationrole_rlt(id, transitionId, roleId, conditions, isValid)
VALUES ('67c0211e-f0f2-4bb5-9349-260b628f1c26', 'E9515D8F-7E1E-456E-921B-F367281A4929', '960fb540-3cef-49e8-89b6-1bPMIrole001', NULL, 'Y');
INSERT INTO wf_authorizationrole_rlt(id, transitionId, roleId, conditions, isValid)
VALUES ('71f35294-480c-4555-aba7-ef7afbff9da0', 'DF10D5A8-AD17-4E5E-864C-473056D917B4', '960fb540-3cef-49e8-89b6-1bPMIrole002', NULL, 'Y');
INSERT INTO wf_authorizationrole_rlt(id, transitionId, roleId, conditions, isValid)
VALUES ('7529e7f5-0e93-4c1b-8ed1-7a63c5034434', 'AD46AD84-FB59-4FC2-83F4-A3A13E969ADC', '960fb540-3cef-49e8-89b6-1bPMIrole001', NULL, 'Y');
INSERT INTO wf_authorizationrole_rlt(id, transitionId, roleId, conditions, isValid)
VALUES ('addfa8f7-206f-45a0-9568-d486b045550b', '64DF9905-8A90-4C7D-9BE9-2B1ED9062596', '960fb540-3cef-49e8-89b6-1bPMIrole001', NULL, 'Y');
INSERT INTO wf_authorizationrole_rlt(id, transitionId, roleId, conditions, isValid)
VALUES ('bffbe15c-855f-4660-8c77-5f3008abaf6e', '8DE60D84-FC42-413E-BED9-0935CF17B362', '960fb540-3cef-49e8-89b6-1bPMIrole001', NULL, 'Y');
INSERT INTO wf_authorizationrole_rlt(id, transitionId, roleId, conditions, isValid)
VALUES ('c46386bd-0af7-495f-9f70-6c9259431d69', '036131BB-A5D7-4E66-8E3C-8AEA2652DF9E', '960fb540-3cef-49e8-89b6-1bPMIrole001', NULL, 'Y');
INSERT INTO wf_authorizationrole_rlt(id, transitionId, roleId, conditions, isValid)
VALUES ('d4961a8e-d8f0-4b18-b5af-a90db2610487', 'F40C6BEE-E15B-481F-A8D2-965942D3C9FC', '960fb540-3cef-49e8-89b6-1bPMIrole001', NULL, 'Y');
INSERT INTO wf_authorizationrole_rlt(id, transitionId, roleId, conditions, isValid)
VALUES ('ed0ce8ab-2cd1-49ce-aa70-01c7cf500d9c', '64DF9905-8A90-4C7D-9BE9-2B1ED9062596', '960fb540-3cef-49e8-89b6-1bPMIrole002', NULL, 'Y');

INSERT INTO sys_page(id, name, objectType, pageType, parentId, workflowID, deriveWfType, deriveWfID, mapField, isStartPage, entityTypeID, extPageUrl, extPageCls, isSystem, remark, isValid, orderNum, creatorId, createdTime, modifyId, modifyTime)
VALUES ('07698511-fa9f-47e2-9f4c-kfREWpage001', '系统视图', 'REW', NULL, NULL, NULL, NULL, NULL, NULL, NULL, NULL, NULL, NULL, 'Y', NULL, 'Y', 1, NULL, NULL, NULL, NULL);
INSERT INTO sys_page(id, name, objectType, pageType, parentId, workflowID, deriveWfType, deriveWfID, mapField, isStartPage, entityTypeID, extPageUrl, extPageCls, isSystem, remark, isValid, orderNum, creatorId, createdTime, modifyId, modifyTime)
VALUES ('07698511-fa9f-47e2-9f4c-kfREWpage002', '默认视图', 'REW', 'LIST', '07698511-fa9f-47e2-9f4c-kfREWpage001', NULL, NULL, NULL, NULL, NULL, NULL, NULL, NULL, 'Y', NULL, 'Y', 2, 'b8ab9427-627b-469f-bfd0-4b1buser0001', '2022-08-08', 'b8ab9427-627b-469f-bfd0-4b1buser0001', '2022-08-08');
INSERT INTO sys_page(id, name, objectType, pageType, parentId, workflowID, deriveWfType, deriveWfID, mapField, isStartPage, entityTypeID, extPageUrl, extPageCls, isSystem, remark, isValid, orderNum, creatorId, createdTime, modifyId, modifyTime)
VALUES ('07698511-fa9f-47e2-9f4c-kfREWpage004', '导入导出视图', 'REW', 'IMPEXPLIST', '', NULL, NULL, NULL, NULL, NULL, NULL, NULL, NULL, 'Y', NULL, 'Y', 5, NULL, NULL, NULL, NULL);
INSERT INTO sys_page(id, name, objectType, pageType, parentId, workflowID, deriveWfType, deriveWfID, mapField, isStartPage, entityTypeID, extPageUrl, extPageCls, isSystem, remark, isValid, orderNum, creatorId, createdTime, modifyId, modifyTime)
VALUES ('07698511-fa9f-47e2-9f4c-kfREWpage005', '导入视图', 'REW', 'IMPLIST', '07698511-fa9f-47e2-9f4c-kfREWpage004', NULL, NULL, NULL, NULL, NULL, NULL, NULL, NULL, 'Y', NULL, 'Y', 6, 'b8ab9427-627b-469f-bfd0-4b1buser0001', '2022-08-08', 'b8ab9427-627b-469f-bfd0-4b1buser0001', '2022-08-08');
INSERT INTO sys_page(id, name, objectType, pageType, parentId, workflowID, deriveWfType, deriveWfID, mapField, isStartPage, entityTypeID, extPageUrl, extPageCls, isSystem, remark, isValid, orderNum, creatorId, createdTime, modifyId, modifyTime)
VALUES ('07698511-fa9f-47e2-9f4c-kfREWpage006', '导出视图', 'REW', 'EXPLIST', '07698511-fa9f-47e2-9f4c-kfREWpage004', NULL, NULL, NULL, NULL, NULL, NULL, NULL, NULL, 'Y', NULL, 'Y', 7, 'b8ab9427-627b-469f-bfd0-4b1buser0001', '2022-08-08', 'b8ab9427-627b-469f-bfd0-4b1buser0001', '2022-08-08');
INSERT INTO sys_page(id, name, objectType, pageType, parentId, workflowID, deriveWfType, deriveWfID, mapField, isStartPage, entityTypeID, extPageUrl, extPageCls, isSystem, remark, isValid, orderNum, creatorId, createdTime, modifyId, modifyTime)
VALUES ('07698511-fa9f-47e2-9f4c-kfREWpage003', '个人视图', 'REW', 'CUSLIST', '', NULL, NULL, NULL, NULL, NULL, NULL, NULL, NULL, 'Y', NULL, 'Y', 8, NULL, NULL, NULL, NULL);

INSERT INTO wf_role(id, workflowType, name, val, orderNum, isSystem, isValid, creatorId, createdTime, modifyId, modifyTime)
VALUES ('960fb540-3cef-49e8-89b6-1bREWrole001', 'REW', '责任人', 'OR', 1, 'Y', 'Y', 'b8ab9427-627b-469f-bfd0-4b1buser0001', '2022-08-08', 'b8ab9427-627b-469f-bfd0-4b1buser0001', '2022-08-08');
INSERT INTO wf_role(id, workflowType, name, val, orderNum, isSystem, isValid, creatorId, createdTime, modifyId, modifyTime)
VALUES ('960fb540-3cef-49e8-89b6-1bREWrole002', 'REW', '参与人', 'AC', 2, 'Y', 'Y', 'b8ab9427-627b-469f-bfd0-4b1buser0001', '2022-08-08', 'b8ab9427-627b-469f-bfd0-4b1buser0001', '2022-08-08');
INSERT INTO wf_role(id, workflowType, name, val, orderNum, isSystem, isValid, creatorId, createdTime, modifyId, modifyTime)
VALUES ('960fb540-3cef-49e8-89b6-1bREWrole003', 'REW', '创建人', 'CR', 3, 'Y', 'Y', 'b8ab9427-627b-469f-bfd0-4b1buser0001', '2022-08-08', 'b8ab9427-627b-469f-bfd0-4b1buser0001', '2022-08-08');
INSERT INTO wf_role(id, workflowType, name, val, orderNum, isSystem, isValid, creatorId, createdTime, modifyId, modifyTime)
VALUES ('960fb540-3cef-49e8-89b6-1bREWrole004', 'REW', '读者', 'RR', 4, 'Y', 'Y', 'b8ab9427-627b-469f-bfd0-4b1buser0001', '2022-08-08', 'b8ab9427-627b-469f-bfd0-4b1buser0001', '2022-08-08');

INSERT INTO sys_pagelist_rlt(id, pageId, objectType, fieldView, filterCondition, isValid)
VALUES ('218f7f7e-481a-425d-8dca-215618469641', '07698511-fa9f-47e2-9f4c-kfREWpage002', 'REW', '{"pageSize":"20","orderBy":"","orderByType":"desc","query":"","view":[{"f":"id","a":"center","w":"60px","t":"ID","r":"","s":false,"h":false,"i":""},{"f":"name","a":"left","w":"300.0px","t":"TEXT","r":"true","s":false,"h":false,"i":"a4c1ec93-5859-4906-bbc1-da9bee3dcde3"},{"f":"code","a":"left","w":"120.0px","t":"TEXT","r":false,"s":false,"h":false,"i":"7af823db-39fc-442c-9724-48fdaff4383f"},{"f":"projectId","a":"left","w":"120.0px","t":"PJT","r":false,"s":false,"h":false,"i":"9b78dbbd-664b-4afa-8072-d8fa2f770e3c"},{"f":"ownerIds","a":"left","w":"120.0px","t":"USER","r":false,"s":false,"h":false,"i":"ownerIds"},{"f":"statusId","a":"left","w":"120.0px","t":"SELECT","r":false,"s":false,"h":false,"i":"1f5b5448-efba-4e34-88c9-0f03474ce62f"},{"f":"creatorId","a":"left","w":"120.0px","t":"USER","r":false,"s":false,"h":false,"i":"3dfd94b0-110c-47e3-87ea-375104afddc6"},{"f":"modifyTime","a":"left","w":"120.0px","t":"DATE","r":false,"s":false,"h":false,"i":"e30cfba5-f98c-4e10-91c9-510da5d24d1a"}]}', '', 'Y');
INSERT INTO sys_pagelist_rlt(id, pageId, objectType, fieldView, filterCondition, isValid)
VALUES ('86c340f9-e0b0-4ea0-a9c6-02cd00a496e5', '07698511-fa9f-47e2-9f4c-kfREWpage005', 'REW', '{"pageSize":"20","orderBy":"","orderByType":"desc","query":"","view":[{"f":"id","a":"center","w":"60px","t":"ID","r":"","s":false,"h":false,"i":""},{"f":"name","a":"left","w":"300.0px","t":"TEXT","r":"true","s":false,"h":false,"i":"a4c1ec93-5859-4906-bbc1-da9bee3dcde3"},{"f":"code","a":"left","w":"120.0px","t":"TEXT","r":false,"s":false,"h":false,"i":"7af823db-39fc-442c-9724-48fdaff4383f"},{"f":"projectId","a":"left","w":"120.0px","t":"PJT","r":false,"s":false,"h":false,"i":"9b78dbbd-664b-4afa-8072-d8fa2f770e3c"},{"f":"statusId","a":"left","w":"120.0px","t":"SELECT","r":false,"s":false,"h":false,"i":"1f5b5448-efba-4e34-88c9-0f03474ce62f"},{"f":"creatorId","a":"left","w":"120.0px","t":"USER","r":false,"s":false,"h":false,"i":"3dfd94b0-110c-47e3-87ea-375104afddc6"},{"f":"modifyTime","a":"left","w":"120.0px","t":"DATE","r":false,"s":false,"h":false,"i":"e30cfba5-f98c-4e10-91c9-510da5d24d1a"}]}', '', 'Y');
INSERT INTO sys_pagelist_rlt(id, pageId, objectType, fieldView, filterCondition, isValid)
VALUES ('f79d0177-3f5e-4e92-a725-ad28a98e66cf', '07698511-fa9f-47e2-9f4c-kfREWpage006', 'REW', '{"pageSize":"20","orderBy":"","orderByType":"desc","query":"","view":[{"f":"id","a":"center","w":"60px","t":"ID","r":"","s":false,"h":false,"i":""},{"f":"name","a":"left","w":"300.0px","t":"TEXT","r":"true","s":false,"h":false,"i":"a4c1ec93-5859-4906-bbc1-da9bee3dcde3"},{"f":"code","a":"left","w":"120.0px","t":"TEXT","r":false,"s":false,"h":false,"i":"7af823db-39fc-442c-9724-48fdaff4383f"},{"f":"projectId","a":"left","w":"120.0px","t":"PJT","r":false,"s":false,"h":false,"i":"9b78dbbd-664b-4afa-8072-d8fa2f770e3c"},{"f":"ownerIds","a":"left","w":"120.0px","t":"USER","r":false,"s":false,"h":false,"i":"ownerIds"},{"f":"statusId","a":"left","w":"120.0px","t":"SELECT","r":false,"s":false,"h":false,"i":"1f5b5448-efba-4e34-88c9-0f03474ce62f"},{"f":"creatorId","a":"left","w":"120.0px","t":"USER","r":false,"s":false,"h":false,"i":"3dfd94b0-110c-47e3-87ea-375104afddc6"}]}', '', 'Y');

INSERT INTO sys_field(id, colName, showName, objectType, dataType, htmlType, fieldType, displayWidth, remark, defaultValue, defaultRule, extendClass, layout, showMobile, isCommon, parentId, isValid, orderNum, creatorId, createdTime, modifyId, modifyTime, isDBField)
VALUES ('a4c1ec93-5859-4906-bbc1-da9bee3dcde3', 'name', '名称', 'REW', 'varchar', 'TEXT', 'S', 300.0, '', '', '{"isRecorded":"Y","textLength":"128","isRequired":"Y"}', '', 'F', NULL, 'N', NULL, 'Y', 2, 'b8ab9427-627b-469f-bfd0-4b1buser0001', '2022-08-08', 'b8ab9427-627b-469f-bfd0-4b1buser0001', '2022-08-08', 'Y');
INSERT INTO sys_field(id, colName, showName, objectType, dataType, htmlType, fieldType, displayWidth, remark, defaultValue, defaultRule, extendClass, layout, showMobile, isCommon, parentId, isValid, orderNum, creatorId, createdTime, modifyId, modifyTime, isDBField)
VALUES ('7af823db-39fc-442c-9724-48fdaff4383f', 'code', '编号', 'REW', 'varchar', 'TEXT', 'S', 120.0, '', '', '{"isRecorded":"Y","textLength":"128","isRequired":"N"}', '', 'T', NULL, 'N', NULL, 'Y', 13, 'b8ab9427-627b-469f-bfd0-4b1buser0001', '2022-08-08', 'b8ab9427-627b-469f-bfd0-4b1buser0001', '2022-08-08', 'Y');
INSERT INTO sys_field(id, colName, showName, objectType, dataType, htmlType, fieldType, displayWidth, remark, defaultValue, defaultRule, extendClass, layout, showMobile, isCommon, parentId, isValid, orderNum, creatorId, createdTime, modifyId, modifyTime, isDBField)
VALUES ('9b78dbbd-664b-4afa-8072-d8fa2f770e3c', 'projectId', '归属项目', 'REW', 'varchar', 'PJT', 'S', 120.0, '', NULL, '{"isRecorded":"Y","isRequired":"N"}', '', 'T', NULL, 'N', NULL, 'Y', 14, 'b8ab9427-627b-469f-bfd0-4b1buser0001', '2022-08-08', 'b8ab9427-627b-469f-bfd0-4b1buser0001', '2022-08-08', 'Y');
INSERT INTO sys_field(id, colName, showName, objectType, dataType, htmlType, fieldType, displayWidth, remark, defaultValue, defaultRule, extendClass, layout, showMobile, isCommon, parentId, isValid, orderNum, creatorId, createdTime, modifyId, modifyTime, isDBField)
VALUES ('d0cfc630-2a13-43c4-add7-8e17be726b3d', 'departmentId', '归属部门', 'REW', 'varchar', 'DEPT', 'S', 120.0, '', NULL, '{"isRecorded":"Y","deptDefaultRule":"N","isRequired":"N"}', '', 'T', NULL, 'N', NULL, 'Y', 15, 'b8ab9427-627b-469f-bfd0-4b1buser0001', '2022-08-08', 'b8ab9427-627b-469f-bfd0-4b1buser0001', '2022-08-08', 'Y');
INSERT INTO sys_field(id, colName, showName, objectType, dataType, htmlType, fieldType, displayWidth, remark, defaultValue, defaultRule, extendClass, layout, showMobile, isCommon, parentId, isValid, orderNum, creatorId, createdTime, modifyId, modifyTime, isDBField)
VALUES ('1f5b5448-efba-4e34-88c9-0f03474ce62f', 'statusId', '状态', 'REW', 'varchar', 'SELECT', 'S', 120.0, '', '', '{"isSeached":"Y","selectSource":"","setCascade":"","isRecorded":"Y","isRequired":"N"}', '', 'T', NULL, 'N', NULL, 'Y', 16, 'b8ab9427-627b-469f-bfd0-4b1buser0001', '2022-08-08', 'b8ab9427-627b-469f-bfd0-4b1buser0001', '2022-08-08', 'Y');
INSERT INTO sys_field(id, colName, showName, objectType, dataType, htmlType, fieldType, displayWidth, remark, defaultValue, defaultRule, extendClass, layout, showMobile, isCommon, parentId, isValid, orderNum, creatorId, createdTime, modifyId, modifyTime, isDBField)
VALUES ('61399393-f077-496c-a6d7-c31d490aee39', 'entityStatusId', '实体状态', 'REW', 'varchar', 'SELECT', 'S', 120.0, '', '', '{"isSeached":"","selectSource":"fd3dc295-1ba2-4e2d-90c1-109127890b08","setCascade":"","isRecorded":"N","isRequired":"N"}', '', 'T', NULL, 'N', NULL, 'Y', 17, 'b8ab9427-627b-469f-bfd0-4b1buser0001', '2022-08-08', 'b8ab9427-627b-469f-bfd0-4b1buser0001', '2022-08-08', 'Y');
INSERT INTO sys_field(id, colName, showName, objectType, dataType, htmlType, fieldType, displayWidth, remark, defaultValue, defaultRule, extendClass, layout, showMobile, isCommon, parentId, isValid, orderNum, creatorId, createdTime, modifyId, modifyTime, isDBField)
VALUES ('9cf4f01c-93cf-4869-9a9b-4c90a9051605', 'remark', '描述', 'REW', 'varchar', 'AREA', 'S', 120.0, '', '', '{"areaLength":"1024","areaIsLimit":"Y","areaRows":"8","isRecorded":"N","isRequired":"N"}', '', 'F', NULL, 'N', NULL, 'Y', 20, 'b8ab9427-627b-469f-bfd0-4b1buser0001', '2022-08-08', 'b8ab9427-627b-469f-bfd0-4b1buser0001', '2022-08-08', 'Y');
INSERT INTO sys_field(id, colName, showName, objectType, dataType, htmlType, fieldType, displayWidth, remark, defaultValue, defaultRule, extendClass, layout, showMobile, isCommon, parentId, isValid, orderNum, creatorId, createdTime, modifyId, modifyTime, isDBField)
VALUES ('0e3309f3-de13-4706-ae15-80feefba3bad', 'pointId', '评审点', 'REW', 'varchar', 'SELECT', 'S', 120.0, '', '', '{"isSeached":"Y","selectSource":"","setCascade":"","isRecorded":"N","isRequired":"N"}', '', 'T', NULL, 'N', NULL, 'Y', 21, 'b8ab9427-627b-469f-bfd0-4b1buser0001', '2022-08-08', 'b8ab9427-627b-469f-bfd0-4b1buser0001', '2022-08-08', 'Y');
INSERT INTO sys_field(id, colName, showName, objectType, dataType, htmlType, fieldType, displayWidth, remark, defaultValue, defaultRule, extendClass, layout, showMobile, isCommon, parentId, isValid, orderNum, creatorId, createdTime, modifyId, modifyTime, isDBField)
VALUES ('c252fde3-0e12-4369-891a-9e85c1ed3441', 'presenterId', '评审发起人', 'REW', 'varchar', 'USER', 'S', 120.0, '', NULL, '{"isRecorded":"N","userIsMul":"","isRequired":"N","userDefaultRule":"CS"}', '', 'T', NULL, 'N', NULL, 'Y', 22, 'b8ab9427-627b-469f-bfd0-4b1buser0001', '2022-08-08', 'b8ab9427-627b-469f-bfd0-4b1buser0001', '2022-08-08', 'Y');
INSERT INTO sys_field(id, colName, showName, objectType, dataType, htmlType, fieldType, displayWidth, remark, defaultValue, defaultRule, extendClass, layout, showMobile, isCommon, parentId, isValid, orderNum, creatorId, createdTime, modifyId, modifyTime, isDBField)
VALUES ('1c07149d-9696-445c-8e5a-c3eaf24b457a', 'planRewDate', '计划评审日期', 'REW', 'datetime', 'DATE', 'S', 120.0, '', NULL, '{"isRecorded":"N","dateFormatRule":"YMD","dateDefaultRule":"N","isRequired":"N"}', '', 'T', NULL, 'N', NULL, 'Y', 23, 'b8ab9427-627b-469f-bfd0-4b1buser0001', '2022-08-08', 'b8ab9427-627b-469f-bfd0-4b1buser0001', '2022-08-08', 'Y');
INSERT INTO sys_field(id, colName, showName, objectType, dataType, htmlType, fieldType, displayWidth, remark, defaultValue, defaultRule, extendClass, layout, showMobile, isCommon, parentId, isValid, orderNum, creatorId, createdTime, modifyId, modifyTime, isDBField)
VALUES ('ca8b8d21-02e2-4097-8579-25138780c0fd', 'realRewDate', '实际评审日期', 'REW', 'datetime', 'DATE', 'S', 120.0, '', NULL, '{"isRecorded":"N","dateFormatRule":"YMD","dateDefaultRule":"N","isRequired":"N"}', '', 'T', NULL, 'N', NULL, 'Y', 24, 'b8ab9427-627b-469f-bfd0-4b1buser0001', '2022-08-08', 'b8ab9427-627b-469f-bfd0-4b1buser0001', '2022-08-08', 'Y');
INSERT INTO sys_field(id, colName, showName, objectType, dataType, htmlType, fieldType, displayWidth, remark, defaultValue, defaultRule, extendClass, layout, showMobile, isCommon, parentId, isValid, orderNum, creatorId, createdTime, modifyId, modifyTime, isDBField)
VALUES ('1e6515f4-0410-4088-940e-86e460a24d87', 'preRequest', '预审要求', 'REW', 'varchar', 'AREA', 'S', 120.0, '', '', '{"areaLength":"1024","areaIsLimit":"Y","areaRows":"8","isRecorded":"N","isRequired":"N"}', '', 'F', NULL, 'N', NULL, 'Y', 25, 'b8ab9427-627b-469f-bfd0-4b1buser0001', '2022-08-08', 'b8ab9427-627b-469f-bfd0-4b1buser0001', '2022-08-08', 'Y');
INSERT INTO sys_field(id, colName, showName, objectType, dataType, htmlType, fieldType, displayWidth, remark, defaultValue, defaultRule, extendClass, layout, showMobile, isCommon, parentId, isValid, orderNum, creatorId, createdTime, modifyId, modifyTime, isDBField)
VALUES ('5db0b88e-adcb-443c-89e9-9cc09dae9c99', 'formalRequest', '正式评审要求', 'REW', 'varchar', 'AREA', 'S', 120.0, '', '', '{"areaLength":"1024","areaIsLimit":"Y","areaRows":"8","isRecorded":"N","isRequired":"N"}', '', 'F', NULL, 'N', NULL, 'Y', 26, 'b8ab9427-627b-469f-bfd0-4b1buser0001', '2022-08-08', 'b8ab9427-627b-469f-bfd0-4b1buser0001', '2022-08-08', 'Y');
INSERT INTO sys_field(id, colName, showName, objectType, dataType, htmlType, fieldType, displayWidth, remark, defaultValue, defaultRule, extendClass, layout, showMobile, isCommon, parentId, isValid, orderNum, creatorId, createdTime, modifyId, modifyTime, isDBField)
VALUES ('d93e154e-d0ef-43d7-88d8-edac54657dbe', 'rewRemark', '评审描述', 'REW', 'varchar', 'AREA', 'S', 120.0, '', '', '{"areaLength":"1024","areaIsLimit":"Y","areaRows":"8","isRecorded":"N","isRequired":"N"}', '', 'F', NULL, 'N', NULL, 'Y', 28, 'b8ab9427-627b-469f-bfd0-4b1buser0001', '2022-08-08', 'b8ab9427-627b-469f-bfd0-4b1buser0001', '2022-08-08', 'Y');
INSERT INTO sys_field(id, colName, showName, objectType, dataType, htmlType, fieldType, displayWidth, remark, defaultValue, defaultRule, extendClass, layout, showMobile, isCommon, parentId, isValid, orderNum, creatorId, createdTime, modifyId, modifyTime, isDBField)
VALUES ('4d6e253d-10e6-4a18-910c-22d228f39787', 'address', '会议地址', 'REW', 'varchar', 'AREA', 'S', 120.0, '', '', '{"areaLength":"1024","areaIsLimit":"Y","areaRows":"8","isRecorded":"N","isRequired":"N"}', '', 'F', NULL, 'N', NULL, 'Y', 33, 'b8ab9427-627b-469f-bfd0-4b1buser0001', '2022-08-08', 'b8ab9427-627b-469f-bfd0-4b1buser0001', '2022-08-08', 'Y');
INSERT INTO sys_field(id, colName, showName, objectType, dataType, htmlType, fieldType, displayWidth, remark, defaultValue, defaultRule, extendClass, layout, showMobile, isCommon, parentId, isValid, orderNum, creatorId, createdTime, modifyId, modifyTime, isDBField)
VALUES ('f24f897d-025a-4546-b293-7bfa9485c100', 'rewTimes', '评审次数', 'REW', 'float', 'NUMBER', 'S', 120.0, '', '', '{"numberMax":"","numberFormat":"D","isRecorded":"N","numberMin":"","numberPrecision":"","isRequired":"N","unitId":""}', '', 'T', NULL, 'N', NULL, 'Y', 34, 'b8ab9427-627b-469f-bfd0-4b1buser0001', '2022-08-08', 'b8ab9427-627b-469f-bfd0-4b1buser0001', '2022-08-08', 'Y');
INSERT INTO sys_field(id, colName, showName, objectType, dataType, htmlType, fieldType, displayWidth, remark, defaultValue, defaultRule, extendClass, layout, showMobile, isCommon, parentId, isValid, orderNum, creatorId, createdTime, modifyId, modifyTime, isDBField)
VALUES ('d68012f7-66dd-4474-8c76-881fbed19eaf', 'projectMngId', '项目经理', 'REW', 'varchar', 'USER', 'S', 120.0, '', '项目经理', '{"isRecorded":"N","userIsMul":"N","isRequired":"N","userDefaultRule":"PR"}', '', 'T', NULL, 'N', NULL, 'Y', 36, 'b8ab9427-627b-469f-bfd0-4b1buser0001', '2022-08-08', 'b8ab9427-627b-469f-bfd0-4b1buser0001', '2022-08-08', 'Y');
INSERT INTO sys_field(id, colName, showName, objectType, dataType, htmlType, fieldType, displayWidth, remark, defaultValue, defaultRule, extendClass, layout, showMobile, isCommon, parentId, isValid, orderNum, creatorId, createdTime, modifyId, modifyTime, isDBField)
VALUES ('dfdad7ae-fda4-4baa-8b44-f570b50d1914', 'functionMngId', '职能经理', 'REW', 'varchar', 'USER', 'S', 120.0, '', '职能经理', '{"isRecorded":"N","userIsMul":"","isRequired":"N","userDefaultRule":"PR"}', '', 'T', NULL, 'N', NULL, 'Y', 37, 'b8ab9427-627b-469f-bfd0-4b1buser0001', '2022-08-08', 'b8ab9427-627b-469f-bfd0-4b1buser0001', '2022-08-08', 'Y');
INSERT INTO sys_field(id, colName, showName, objectType, dataType, htmlType, fieldType, displayWidth, remark, defaultValue, defaultRule, extendClass, layout, showMobile, isCommon, parentId, isValid, orderNum, creatorId, createdTime, modifyId, modifyTime, isDBField)
VALUES ('acf0d451-7f36-41a4-9bf8-164f6bbd3b2b', 'rewElements', '评审要素', 'REW', 'varchar', 'SIGN', 'S', 120.0, '', NULL, '{"isRecorded":"N","isRequired":"N","signDefaultRule":"ZDY","isShowed":"N"}', 'com.dream.rewElementSign.RewElementSign', 'F', NULL, 'N', NULL, 'Y', 39, 'b8ab9427-627b-469f-bfd0-4b1buser0001', '2022-08-08', 'b8ab9427-627b-469f-bfd0-4b1buser0001', '2022-08-08', 'N');
INSERT INTO sys_field(id, colName, showName, objectType, dataType, htmlType, fieldType, displayWidth, remark, defaultValue, defaultRule, extendClass, layout, showMobile, isCommon, parentId, isValid, orderNum, creatorId, createdTime, modifyId, modifyTime, isDBField)
VALUES ('0543b40a-bbf2-450f-b761-9a02c9221159', 'rewResultId', '评审结论', 'REW', 'varchar', 'SELECT', 'S', 120.0, '', '', '{"isSeached":"Y","selectSource":"846f1856-6f6e-4997-9d66-0a30076ae97b","setCascade":"","isRecorded":"N","isRequired":"N"}', '', 'T', NULL, 'N', NULL, 'Y', 42, 'b8ab9427-627b-469f-bfd0-4b1buser0001', '2022-08-08', 'b8ab9427-627b-469f-bfd0-4b1buser0001', '2022-08-08', 'Y');
INSERT INTO sys_field(id, colName, showName, objectType, dataType, htmlType, fieldType, displayWidth, remark, defaultValue, defaultRule, extendClass, layout, showMobile, isCommon, parentId, isValid, orderNum, creatorId, createdTime, modifyId, modifyTime, isDBField)
VALUES ('62dd171b-10ab-4d3c-a83f-e702d1a4eb64', 'rewDocScoreId', '评审资料得分', 'REW', 'varchar', 'SELECT', 'S', 120.0, '', '', '{"isSeached":"Y","selectSource":"a5ef54dc-9363-4aa5-8d8e-cae7c6108ecf","setCascade":"","isRecorded":"N","isRequired":"N"}', '', 'T', NULL, 'N', NULL, 'Y', 43, 'b8ab9427-627b-469f-bfd0-4b1buser0001', '2022-08-08', 'b8ab9427-627b-469f-bfd0-4b1buser0001', '2022-08-08', 'Y');
INSERT INTO sys_field(id, colName, showName, objectType, dataType, htmlType, fieldType, displayWidth, remark, defaultValue, defaultRule, extendClass, layout, showMobile, isCommon, parentId, isValid, orderNum, creatorId, createdTime, modifyId, modifyTime, isDBField)
VALUES ('14d0576e-8175-4743-8204-4bb4d57e01e2', 'rewProcScoreId', '评审过程得分', 'REW', 'varchar', 'SELECT', 'S', 120.0, '', '', '{"isSeached":"Y","selectSource":"5416bfb8-ff42-45d3-8e69-8e27dd1fa8fa","setCascade":"","isRecorded":"N","isRequired":"N"}', '', 'T', NULL, 'N', NULL, 'Y', 44, 'b8ab9427-627b-469f-bfd0-4b1buser0001', '2022-08-08', 'b8ab9427-627b-469f-bfd0-4b1buser0001', '2022-08-08', 'Y');
INSERT INTO sys_field(id, colName, showName, objectType, dataType, htmlType, fieldType, displayWidth, remark, defaultValue, defaultRule, extendClass, layout, showMobile, isCommon, parentId, isValid, orderNum, creatorId, createdTime, modifyId, modifyTime, isDBField)
VALUES ('7e1c2176-6f78-4e02-b1e6-7cbd8388401a', 'auditorId', '审核人', 'REW', 'varchar', 'USER', 'S', 120.0, '', NULL, '{"isRecorded":"N","userIsMul":"","isRequired":"N","userDefaultRule":"N"}', '', 'T', NULL, 'N', NULL, 'Y', 45, 'b8ab9427-627b-469f-bfd0-4b1buser0001', '2022-08-08', 'b8ab9427-627b-469f-bfd0-4b1buser0001', '2022-08-08', 'Y');
INSERT INTO sys_field(id, colName, showName, objectType, dataType, htmlType, fieldType, displayWidth, remark, defaultValue, defaultRule, extendClass, layout, showMobile, isCommon, parentId, isValid, orderNum, creatorId, createdTime, modifyId, modifyTime, isDBField)
VALUES ('4782c136-b2ed-4a93-b803-10d46ca96d87', 'auditDate', '审核日期', 'REW', 'datetime', 'DATE', 'S', 120.0, '', NULL, '{"isRecorded":"Y","dateFormatRule":"YMD","dateDefaultRule":"N","isRequired":"N"}', '', 'T', NULL, 'N', NULL, 'Y', 46, 'b8ab9427-627b-469f-bfd0-4b1buser0001', '2022-08-08', 'b8ab9427-627b-469f-bfd0-4b1buser0001', '2022-08-08', 'Y');
INSERT INTO sys_field(id, colName, showName, objectType, dataType, htmlType, fieldType, displayWidth, remark, defaultValue, defaultRule, extendClass, layout, showMobile, isCommon, parentId, isValid, orderNum, creatorId, createdTime, modifyId, modifyTime, isDBField)
VALUES ('906d63ef-2323-499f-b8f1-cdc10a43d942', 'auditRemark', '审批意见', 'REW', 'varchar', 'AREA', 'S', 120.0, '', '', '{"areaLength":"1024","areaIsLimit":"Y","areaRows":"8","isRecorded":"Y","isRequired":"N"}', '', 'F', NULL, 'N', NULL, 'Y', 48, 'b8ab9427-627b-469f-bfd0-4b1buser0001', '2022-08-08', 'b8ab9427-627b-469f-bfd0-4b1buser0001', '2022-08-08', 'Y');
INSERT INTO sys_field(id, colName, showName, objectType, dataType, htmlType, fieldType, displayWidth, remark, defaultValue, defaultRule, extendClass, layout, showMobile, isCommon, parentId, isValid, orderNum, creatorId, createdTime, modifyId, modifyTime, isDBField)
VALUES ('6d3d39e0-58ac-43e6-a043-44f24c588156', 'ownerId', '评审人', 'REW', 'varchar', 'USER', 'S', 120.0, '', NULL, '{"isRecorded":"N","userIsMul":"N","isRequired":"N","userDefaultRule":"N"}', '', 'T', NULL, 'N', NULL, 'Y', 49, 'b8ab9427-627b-469f-bfd0-4b1buser0001', '2022-08-08', 'b8ab9427-627b-469f-bfd0-4b1buser0001', '2022-08-08', 'Y');
INSERT INTO sys_field(id, colName, showName, objectType, dataType, htmlType, fieldType, displayWidth, remark, defaultValue, defaultRule, extendClass, layout, showMobile, isCommon, parentId, isValid, orderNum, creatorId, createdTime, modifyId, modifyTime, isDBField)
VALUES ('a03b09de-1622-4b9b-8d45-a78a5145479b', 'actorId', '评审专家组', 'REW', 'varchar', 'USER', 'S', 120.0, '', NULL, '{"isRecorded":"N","userIsMul":"Y","isRequired":"N","userDefaultRule":"N"}', '', 'T', NULL, 'N', NULL, 'Y', 51, 'b8ab9427-627b-469f-bfd0-4b1buser0001', '2022-08-08', 'b8ab9427-627b-469f-bfd0-4b1buser0001', '2022-08-08', 'Y');
INSERT INTO sys_field(id, colName, showName, objectType, dataType, htmlType, fieldType, displayWidth, remark, defaultValue, defaultRule, extendClass, layout, showMobile, isCommon, parentId, isValid, orderNum, creatorId, createdTime, modifyId, modifyTime, isDBField)
VALUES ('96d85bd9-33db-49ed-9d96-624a4ef53ea1', 'signOpinionId', '会签意见', 'REW', 'varchar', 'SELECT', 'S', 120.0, '', '', '{"isSeached":"","selectSource":"","setCascade":"","isRecorded":"Y","isRequired":"N"}', '', 'T', NULL, 'N', NULL, 'Y', 57, 'b8ab9427-627b-469f-bfd0-4b1buser0001', '2022-08-08', 'b8ab9427-627b-469f-bfd0-4b1buser0001', '2022-08-08', 'Y');
INSERT INTO sys_field(id, colName, showName, objectType, dataType, htmlType, fieldType, displayWidth, remark, defaultValue, defaultRule, extendClass, layout, showMobile, isCommon, parentId, isValid, orderNum, creatorId, createdTime, modifyId, modifyTime, isDBField)
VALUES ('5c28a6f4-3c10-4f57-8b2d-8d9d019c0b70', 'signRemark', '会签描述', 'REW', 'varchar', 'AREA', 'S', 120.0, '', '', '{"areaLength":"1024","areaIsLimit":"Y","areaRows":"8","isRecorded":"Y","isRequired":"N"}', '', 'F', NULL, 'N', NULL, 'Y', 59, 'b8ab9427-627b-469f-bfd0-4b1buser0001', '2022-08-08', 'b8ab9427-627b-469f-bfd0-4b1buser0001', '2022-08-08', 'Y');
INSERT INTO sys_field(id, colName, showName, objectType, dataType, htmlType, fieldType, displayWidth, remark, defaultValue, defaultRule, extendClass, layout, showMobile, isCommon, parentId, isValid, orderNum, creatorId, createdTime, modifyId, modifyTime, isDBField)
VALUES ('38d9daa6-2c6c-471a-8ce4-7e41054f8181', 'lampSign', '指示灯', 'REW', 'float', 'NUMBER', 'S', 120.0, '', '', '{"numberFormat":"I","isRecorded":"N","isRequired":"N","redLight":"79","greenLight":"30"}', '', 'T', NULL, 'N', NULL, 'Y', 60, 'b8ab9427-627b-469f-bfd0-4b1buser0001', '2022-08-08', 'b8ab9427-627b-469f-bfd0-4b1buser0001', '2022-08-08', 'Y');
INSERT INTO sys_field(id, colName, showName, objectType, dataType, htmlType, fieldType, displayWidth, remark, defaultValue, defaultRule, extendClass, layout, showMobile, isCommon, parentId, isValid, orderNum, creatorId, createdTime, modifyId, modifyTime, isDBField)
VALUES ('d9302212-ba8f-4351-b962-7357ebb37547', 'fileSign', '附件', 'REW', 'varchar', 'SIGN', 'S', 120.0, '', NULL, '{"isRecorded":"N","isRequired":"N","signDefaultRule":"ZDY","isShowed":"N"}', 'com.dream.fileSign.FileSign', 'F', NULL, 'N', NULL, 'Y', 61, 'b8ab9427-627b-469f-bfd0-4b1buser0001', '2022-08-08', 'b8ab9427-627b-469f-bfd0-4b1buser0001', '2022-08-08', 'N');
INSERT INTO sys_field(id, colName, showName, objectType, dataType, htmlType, fieldType, displayWidth, remark, defaultValue, defaultRule, extendClass, layout, showMobile, isCommon, parentId, isValid, orderNum, creatorId, createdTime, modifyId, modifyTime, isDBField)
VALUES ('6505034e-c788-444e-a343-cfbef86b8573', 'related', '关联', 'REW', 'varchar', 'SIGN', 'S', 120.0, '', NULL, '{"isRecorded":"N","isRequired":"N","signDefaultRule":"ZDY","isShowed":"N"}', 'com.dream.relatedSign.RelatedSign', 'F', NULL, 'N', NULL, 'Y', 62, 'b8ab9427-627b-469f-bfd0-4b1buser0001', '2022-08-08', 'b8ab9427-627b-469f-bfd0-4b1buser0001', '2022-08-08', 'N');
INSERT INTO sys_field(id, colName, showName, objectType, dataType, htmlType, fieldType, displayWidth, remark, defaultValue, defaultRule, extendClass, layout, showMobile, isCommon, parentId, isValid, orderNum, creatorId, createdTime, modifyId, modifyTime, isDBField)
VALUES ('3dfd94b0-110c-47e3-87ea-375104afddc6', 'creatorId', '创建人', 'REW', 'varchar', 'USER', 'S', 120.0, '', NULL, '{"isRecorded":"N","userIsMul":"","isRequired":"N","userDefaultRule":"N"}', '', 'T', NULL, 'N', NULL, 'Y', 63, 'b8ab9427-627b-469f-bfd0-4b1buser0001', '2022-08-08', 'b8ab9427-627b-469f-bfd0-4b1buser0001', '2022-08-08', 'Y');
INSERT INTO sys_field(id, colName, showName, objectType, dataType, htmlType, fieldType, displayWidth, remark, defaultValue, defaultRule, extendClass, layout, showMobile, isCommon, parentId, isValid, orderNum, creatorId, createdTime, modifyId, modifyTime, isDBField)
VALUES ('b7faacd8-ddda-4127-b1c2-25cb73ce49f7', 'createdTime', '创建时间', 'REW', 'datetime', 'DATE', 'S', 120.0, '', NULL, '{"isRecorded":"N","dateFormatRule":"YMDHm","dateDefaultRule":"N","isRequired":"N"}', '', 'T', NULL, 'N', NULL, 'Y', 64, 'b8ab9427-627b-469f-bfd0-4b1buser0001', '2022-08-08', 'b8ab9427-627b-469f-bfd0-4b1buser0001', '2022-08-08', 'Y');
INSERT INTO sys_field(id, colName, showName, objectType, dataType, htmlType, fieldType, displayWidth, remark, defaultValue, defaultRule, extendClass, layout, showMobile, isCommon, parentId, isValid, orderNum, creatorId, createdTime, modifyId, modifyTime, isDBField)
VALUES ('6556f0d6-b258-4c6d-b0cd-7772aff6762b', 'modifyId', '更新人', 'REW', 'varchar', 'USER', 'S', 120.0, '', NULL, '{"isRecorded":"N","userIsMul":"","isRequired":"N","userDefaultRule":"N"}', '', 'T', NULL, 'N', NULL, 'Y', 65, 'b8ab9427-627b-469f-bfd0-4b1buser0001', '2022-08-08', 'b8ab9427-627b-469f-bfd0-4b1buser0001', '2022-08-08', 'Y');
INSERT INTO sys_field(id, colName, showName, objectType, dataType, htmlType, fieldType, displayWidth, remark, defaultValue, defaultRule, extendClass, layout, showMobile, isCommon, parentId, isValid, orderNum, creatorId, createdTime, modifyId, modifyTime, isDBField)
VALUES ('e30cfba5-f98c-4e10-91c9-510da5d24d1a', 'modifyTime', '最新更新时间', 'REW', 'datetime', 'DATE', 'S', 120.0, '', NULL, '{"isRecorded":"N","dateFormatRule":"YMDHm","dateDefaultRule":"N","isRequired":"N"}', '', 'T', NULL, 'N', NULL, 'Y', 66, 'b8ab9427-627b-469f-bfd0-4b1buser0001', '2022-08-08', 'b8ab9427-627b-469f-bfd0-4b1buser0001', '2022-08-08', 'Y');

INSERT INTO sys_fieldnum(id, objectType, fieldId, orderNum)
VALUES ('9409f6fa-135c-45d4-a263-6ff72b10cd23', 'REW', 'a4c1ec93-5859-4906-bbc1-da9bee3dcde3', 2);
INSERT INTO sys_fieldnum(id, objectType, fieldId, orderNum)
VALUES ('5d276b79-1c3a-4728-a356-3a5e224e5c31', 'REW', '7af823db-39fc-442c-9724-48fdaff4383f', 13);
INSERT INTO sys_fieldnum(id, objectType, fieldId, orderNum)
VALUES ('7291f2df-44e2-4b17-aa02-4334b50d12a2', 'REW', '9b78dbbd-664b-4afa-8072-d8fa2f770e3c', 14);
INSERT INTO sys_fieldnum(id, objectType, fieldId, orderNum)
VALUES ('7bef656e-d846-4171-afac-ba9e2ce60086', 'REW', 'd0cfc630-2a13-43c4-add7-8e17be726b3d', 15);
INSERT INTO sys_fieldnum(id, objectType, fieldId, orderNum)
VALUES ('ca0b5c77-1b02-4cf0-a1e3-dda45be80790', 'REW', '1f5b5448-efba-4e34-88c9-0f03474ce62f', 16);
INSERT INTO sys_fieldnum(id, objectType, fieldId, orderNum)
VALUES ('3879be61-4a79-46f0-bab7-88f29edea269', 'REW', '61399393-f077-496c-a6d7-c31d490aee39', 17);
INSERT INTO sys_fieldnum(id, objectType, fieldId, orderNum)
VALUES ('c5aff2c8-7b64-4d30-b894-25ec32ec724b', 'REW', '9cf4f01c-93cf-4869-9a9b-4c90a9051605', 20);
INSERT INTO sys_fieldnum(id, objectType, fieldId, orderNum)
VALUES ('da728739-c790-48b0-aa47-fa3fe2d3aa09', 'REW', '0e3309f3-de13-4706-ae15-80feefba3bad', 21);
INSERT INTO sys_fieldnum(id, objectType, fieldId, orderNum)
VALUES ('2a1833fe-7598-4553-aded-5f38521eabba', 'REW', 'c252fde3-0e12-4369-891a-9e85c1ed3441', 22);
INSERT INTO sys_fieldnum(id, objectType, fieldId, orderNum)
VALUES ('a8d1de72-373d-4cca-91af-8b04aaad590f', 'REW', '1c07149d-9696-445c-8e5a-c3eaf24b457a', 23);
INSERT INTO sys_fieldnum(id, objectType, fieldId, orderNum)
VALUES ('a0b2cb8d-3d55-4808-aacb-b33987d0cb8f', 'REW', 'ca8b8d21-02e2-4097-8579-25138780c0fd', 24);
INSERT INTO sys_fieldnum(id, objectType, fieldId, orderNum)
VALUES ('e4eaef80-b3dc-4e58-9fd9-d2d4ee14445f', 'REW', '1e6515f4-0410-4088-940e-86e460a24d87', 25);
INSERT INTO sys_fieldnum(id, objectType, fieldId, orderNum)
VALUES ('10e5ff0f-1fbc-4a03-b4ab-63728b262011', 'REW', '5db0b88e-adcb-443c-89e9-9cc09dae9c99', 26);
INSERT INTO sys_fieldnum(id, objectType, fieldId, orderNum)
VALUES ('daef20bd-2967-4c2f-b39d-d3124afe0b05', 'REW', 'd93e154e-d0ef-43d7-88d8-edac54657dbe', 28);
INSERT INTO sys_fieldnum(id, objectType, fieldId, orderNum)
VALUES ('ac2e7ac0-5917-42ef-ac49-b4bf9648138c', 'REW', '4d6e253d-10e6-4a18-910c-22d228f39787', 33);
INSERT INTO sys_fieldnum(id, objectType, fieldId, orderNum)
VALUES ('392085ad-fe7a-47aa-b3de-53c07019ff35', 'REW', 'f24f897d-025a-4546-b293-7bfa9485c100', 34);
INSERT INTO sys_fieldnum(id, objectType, fieldId, orderNum)
VALUES ('d0e276da-6560-4f2c-8273-6151c56c8670', 'REW', 'd68012f7-66dd-4474-8c76-881fbed19eaf', 36);
INSERT INTO sys_fieldnum(id, objectType, fieldId, orderNum)
VALUES ('6ea34c7e-1208-4576-a36d-736660b10c33', 'REW', 'dfdad7ae-fda4-4baa-8b44-f570b50d1914', 37);
INSERT INTO sys_fieldnum(id, objectType, fieldId, orderNum)
VALUES ('9c8cb5d5-ad77-46bf-a518-c6db9bce14e6', 'REW', 'acf0d451-7f36-41a4-9bf8-164f6bbd3b2b', 39);
INSERT INTO sys_fieldnum(id, objectType, fieldId, orderNum)
VALUES ('0fc62adb-c2fd-4b63-a114-cfaa96b9b620', 'REW', '0543b40a-bbf2-450f-b761-9a02c9221159', 42);
INSERT INTO sys_fieldnum(id, objectType, fieldId, orderNum)
VALUES ('bda89f60-dfaa-4fa8-b779-9192ec176adb', 'REW', '62dd171b-10ab-4d3c-a83f-e702d1a4eb64', 43);
INSERT INTO sys_fieldnum(id, objectType, fieldId, orderNum)
VALUES ('e20c42fa-685e-47d8-b36a-45386fd87764', 'REW', '14d0576e-8175-4743-8204-4bb4d57e01e2', 44);
INSERT INTO sys_fieldnum(id, objectType, fieldId, orderNum)
VALUES ('c88fa4f5-c9e6-40dd-b7a9-01b127aec337', 'REW', '7e1c2176-6f78-4e02-b1e6-7cbd8388401a', 45);
INSERT INTO sys_fieldnum(id, objectType, fieldId, orderNum)
VALUES ('c08bd27b-e34d-4d17-9d13-3954300ab4f1', 'REW', '4782c136-b2ed-4a93-b803-10d46ca96d87', 46);
INSERT INTO sys_fieldnum(id, objectType, fieldId, orderNum)
VALUES ('0a87803c-fbec-4f90-97d1-134674974070', 'REW', '906d63ef-2323-499f-b8f1-cdc10a43d942', 48);
INSERT INTO sys_fieldnum(id, objectType, fieldId, orderNum)
VALUES ('5b0c1a60-2468-4003-8543-0c0697b68c3b', 'REW', '6d3d39e0-58ac-43e6-a043-44f24c588156', 49);
INSERT INTO sys_fieldnum(id, objectType, fieldId, orderNum)
VALUES ('6e873f67-6a59-4059-8f86-271192b11b0c', 'REW', 'a03b09de-1622-4b9b-8d45-a78a5145479b', 51);
INSERT INTO sys_fieldnum(id, objectType, fieldId, orderNum)
VALUES ('3617265c-1496-4e5f-9185-79955b3951f4', 'REW', '96d85bd9-33db-49ed-9d96-624a4ef53ea1', 57);
INSERT INTO sys_fieldnum(id, objectType, fieldId, orderNum)
VALUES ('8ba4ee29-3a9c-4ce4-995b-7b6e257e0546', 'REW', '5c28a6f4-3c10-4f57-8b2d-8d9d019c0b70', 59);
INSERT INTO sys_fieldnum(id, objectType, fieldId, orderNum)
VALUES ('c2112058-850a-4e67-b5c3-f41799bb5b87', 'REW', '38d9daa6-2c6c-471a-8ce4-7e41054f8181', 60);
INSERT INTO sys_fieldnum(id, objectType, fieldId, orderNum)
VALUES ('e44bba4f-2c75-4aeb-aecd-1655c9749142', 'REW', 'd9302212-ba8f-4351-b962-7357ebb37547', 61);
INSERT INTO sys_fieldnum(id, objectType, fieldId, orderNum)
VALUES ('ccdb32c2-08d3-4157-9fa2-e2d40e2df846', 'REW', '6505034e-c788-444e-a343-cfbef86b8573', 62);
INSERT INTO sys_fieldnum(id, objectType, fieldId, orderNum)
VALUES ('55aaf1b8-d6a5-4be9-b1d4-6a9706501481', 'REW', '3dfd94b0-110c-47e3-87ea-375104afddc6', 63);
INSERT INTO sys_fieldnum(id, objectType, fieldId, orderNum)
VALUES ('d9a6b9f8-185c-435d-9895-840419133680', 'REW', 'b7faacd8-ddda-4127-b1c2-25cb73ce49f7', 64);
INSERT INTO sys_fieldnum(id, objectType, fieldId, orderNum)
VALUES ('c060fb9c-96ee-433b-af86-091ced694dbd', 'REW', '6556f0d6-b258-4c6d-b0cd-7772aff6762b', 65);
INSERT INTO sys_fieldnum(id, objectType, fieldId, orderNum)
VALUES ('f2b21844-2bc3-4d4f-87cb-9c23d27eb7f9', 'REW', 'e30cfba5-f98c-4e10-91c9-510da5d24d1a', 66);

INSERT INTO sys_datasource(id, objectType, name, val, isSystem, remark, isValid, orderNum, creatorId, createdTime, modifyId, modifyTime, linkFieldId)
VALUES ('fd3dc295-1ba2-4e2d-90c1-109127890b08', 'REW', '实体状态', NULL, 'Y', NULL, 'Y', 97, 'b8ab9427-627b-469f-bfd0-4b1buser0001', '2022-08-08', 'b8ab9427-627b-469f-bfd0-4b1buser0001', '2022-08-08', '61399393-f077-496c-a6d7-c31d490aee39');
INSERT INTO sys_datasource(id, objectType, name, val, isSystem, remark, isValid, orderNum, creatorId, createdTime, modifyId, modifyTime, linkFieldId)
VALUES ('846f1856-6f6e-4997-9d66-0a30076ae97b', 'REW', '评审结论', NULL, 'Y', NULL, 'Y', 98, 'b8ab9427-627b-469f-bfd0-4b1buser0001', '2022-08-08', 'b8ab9427-627b-469f-bfd0-4b1buser0001', '2022-08-08', '0543b40a-bbf2-450f-b761-9a02c9221159');
INSERT INTO sys_datasource(id, objectType, name, val, isSystem, remark, isValid, orderNum, creatorId, createdTime, modifyId, modifyTime, linkFieldId)
VALUES ('a5ef54dc-9363-4aa5-8d8e-cae7c6108ecf', 'REW', '评审资料得分', NULL, 'Y', NULL, 'Y', 100, 'b8ab9427-627b-469f-bfd0-4b1buser0001', '2022-08-08', 'b8ab9427-627b-469f-bfd0-4b1buser0001', '2022-08-08', '62dd171b-10ab-4d3c-a83f-e702d1a4eb64');
INSERT INTO sys_datasource(id, objectType, name, val, isSystem, remark, isValid, orderNum, creatorId, createdTime, modifyId, modifyTime, linkFieldId)
VALUES ('5416bfb8-ff42-45d3-8e69-8e27dd1fa8fa', 'REW', '评审过程得分', NULL, 'Y', NULL, 'Y', 102, 'b8ab9427-627b-469f-bfd0-4b1buser0001', '2022-08-08', 'b8ab9427-627b-469f-bfd0-4b1buser0001', '2022-08-08', '14d0576e-8175-4743-8204-4bb4d57e01e2');

INSERT INTO sys_dataoption(id, objectType, name, dataBaseId, parentId, isSystem, remark, bgColor, fColor, isValid, orderNum, creatorId, createdTime, modifyId, modifyTime)
VALUES ('2946c4a9-ae01-40b4-abac-123d5f7390ed', 'REW', '5分', '5416bfb8-ff42-45d3-8e69-8e27dd1fa8fa', '', 'Y', NULL, '', '', 'Y', 366, 'b8ab9427-627b-469f-bfd0-4b1buser0001', '2022-08-08', 'b8ab9427-627b-469f-bfd0-4b1buser0001', '2022-08-08');
INSERT INTO sys_dataoption(id, objectType, name, dataBaseId, parentId, isSystem, remark, bgColor, fColor, isValid, orderNum, creatorId, createdTime, modifyId, modifyTime)
VALUES ('f5cfb5b6-a3d2-4cea-80d1-c2d5fb40c737', 'REW', '4分', '5416bfb8-ff42-45d3-8e69-8e27dd1fa8fa', '', 'Y', NULL, '', '', 'Y', 367, 'b8ab9427-627b-469f-bfd0-4b1buser0001', '2022-08-08', 'b8ab9427-627b-469f-bfd0-4b1buser0001', '2022-08-08');
INSERT INTO sys_dataoption(id, objectType, name, dataBaseId, parentId, isSystem, remark, bgColor, fColor, isValid, orderNum, creatorId, createdTime, modifyId, modifyTime)
VALUES ('ac1e3403-b035-4130-804a-8160ba1d677c', 'REW', '3分', '5416bfb8-ff42-45d3-8e69-8e27dd1fa8fa', '', 'Y', NULL, '', '', 'Y', 368, 'b8ab9427-627b-469f-bfd0-4b1buser0001', '2022-08-08', 'b8ab9427-627b-469f-bfd0-4b1buser0001', '2022-08-08');
INSERT INTO sys_dataoption(id, objectType, name, dataBaseId, parentId, isSystem, remark, bgColor, fColor, isValid, orderNum, creatorId, createdTime, modifyId, modifyTime)
VALUES ('20dacfe2-3d71-48f5-9eb3-c3fa22a4327d', 'REW', '2分', '5416bfb8-ff42-45d3-8e69-8e27dd1fa8fa', '', 'Y', NULL, '', '', 'Y', 369, 'b8ab9427-627b-469f-bfd0-4b1buser0001', '2022-08-08', 'b8ab9427-627b-469f-bfd0-4b1buser0001', '2022-08-08');
INSERT INTO sys_dataoption(id, objectType, name, dataBaseId, parentId, isSystem, remark, bgColor, fColor, isValid, orderNum, creatorId, createdTime, modifyId, modifyTime)
VALUES ('6dfaf0fd-0e82-420f-8a3f-02d748e365f2', 'REW', '1分', '5416bfb8-ff42-45d3-8e69-8e27dd1fa8fa', '', 'Y', NULL, '', '', 'Y', 370, 'b8ab9427-627b-469f-bfd0-4b1buser0001', '2022-08-08', 'b8ab9427-627b-469f-bfd0-4b1buser0001', '2022-08-08');
INSERT INTO sys_dataoption(id, objectType, name, dataBaseId, parentId, isSystem, remark, bgColor, fColor, isValid, orderNum, creatorId, createdTime, modifyId, modifyTime)
VALUES ('9f5b942c-27b4-4d59-be33-4141b5a8e8b3', 'REW', '通过', '846f1856-6f6e-4997-9d66-0a30076ae97b', '', 'Y', NULL, '', '', 'Y', 358, 'b8ab9427-627b-469f-bfd0-4b1buser0001', '2022-08-08', 'b8ab9427-627b-469f-bfd0-4b1buser0001', '2022-08-08');
INSERT INTO sys_dataoption(id, objectType, name, dataBaseId, parentId, isSystem, remark, bgColor, fColor, isValid, orderNum, creatorId, createdTime, modifyId, modifyTime)
VALUES ('750c3fab-f076-4bf3-9766-7e68caa7f3d4', 'REW', '部分通过', '846f1856-6f6e-4997-9d66-0a30076ae97b', '', 'Y', NULL, '', '', 'Y', 359, 'b8ab9427-627b-469f-bfd0-4b1buser0001', '2022-08-08', 'b8ab9427-627b-469f-bfd0-4b1buser0001', '2022-08-08');
INSERT INTO sys_dataoption(id, objectType, name, dataBaseId, parentId, isSystem, remark, bgColor, fColor, isValid, orderNum, creatorId, createdTime, modifyId, modifyTime)
VALUES ('d97685db-2c71-49ae-8b46-8dbb68500edb', 'REW', '不通过', '846f1856-6f6e-4997-9d66-0a30076ae97b', '', 'Y', NULL, '', '', 'Y', 360, 'b8ab9427-627b-469f-bfd0-4b1buser0001', '2022-08-08', 'b8ab9427-627b-469f-bfd0-4b1buser0001', '2022-08-08');
INSERT INTO sys_dataoption(id, objectType, name, dataBaseId, parentId, isSystem, remark, bgColor, fColor, isValid, orderNum, creatorId, createdTime, modifyId, modifyTime)
VALUES ('027b0bc8-9038-426e-bc89-fd03b115cbe4', 'REW', '5分', 'a5ef54dc-9363-4aa5-8d8e-cae7c6108ecf', '', 'Y', NULL, '', '', 'Y', 361, 'b8ab9427-627b-469f-bfd0-4b1buser0001', '2022-08-08', 'b8ab9427-627b-469f-bfd0-4b1buser0001', '2022-08-08');
INSERT INTO sys_dataoption(id, objectType, name, dataBaseId, parentId, isSystem, remark, bgColor, fColor, isValid, orderNum, creatorId, createdTime, modifyId, modifyTime)
VALUES ('69b0abbc-71ac-4c82-b068-d79950d49804', 'REW', '4分', 'a5ef54dc-9363-4aa5-8d8e-cae7c6108ecf', '', 'Y', NULL, '', '', 'Y', 362, 'b8ab9427-627b-469f-bfd0-4b1buser0001', '2022-08-08', 'b8ab9427-627b-469f-bfd0-4b1buser0001', '2022-08-08');
INSERT INTO sys_dataoption(id, objectType, name, dataBaseId, parentId, isSystem, remark, bgColor, fColor, isValid, orderNum, creatorId, createdTime, modifyId, modifyTime)
VALUES ('a5522201-b063-49cd-805d-cdb13764c25b', 'REW', '3分', 'a5ef54dc-9363-4aa5-8d8e-cae7c6108ecf', '', 'Y', NULL, '', '', 'Y', 363, 'b8ab9427-627b-469f-bfd0-4b1buser0001', '2022-08-08', 'b8ab9427-627b-469f-bfd0-4b1buser0001', '2022-08-08');
INSERT INTO sys_dataoption(id, objectType, name, dataBaseId, parentId, isSystem, remark, bgColor, fColor, isValid, orderNum, creatorId, createdTime, modifyId, modifyTime)
VALUES ('d01bba11-6ba0-42ce-b776-5934dc49feb3', 'REW', '2分', 'a5ef54dc-9363-4aa5-8d8e-cae7c6108ecf', '', 'Y', NULL, '', '', 'Y', 364, 'b8ab9427-627b-469f-bfd0-4b1buser0001', '2022-08-08', 'b8ab9427-627b-469f-bfd0-4b1buser0001', '2022-08-08');
INSERT INTO sys_dataoption(id, objectType, name, dataBaseId, parentId, isSystem, remark, bgColor, fColor, isValid, orderNum, creatorId, createdTime, modifyId, modifyTime)
VALUES ('a4a8cee4-13da-485e-8ecb-30533dbfd211', 'REW', '1分', 'a5ef54dc-9363-4aa5-8d8e-cae7c6108ecf', '', 'Y', NULL, '', '', 'Y', 365, 'b8ab9427-627b-469f-bfd0-4b1buser0001', '2022-08-08', 'b8ab9427-627b-469f-bfd0-4b1buser0001', '2022-08-08');
INSERT INTO sys_dataoption(id, objectType, name, dataBaseId, parentId, isSystem, remark, bgColor, fColor, isValid, orderNum, creatorId, createdTime, modifyId, modifyTime)
VALUES ('5d3c240f-63e8-4fe4-a057-f615a5e70771', 'REW', '准备评审材料', 'fd3dc295-1ba2-4e2d-90c1-109127890b08', '', 'Y', NULL, '', '', 'Y', 354, 'b8ab9427-627b-469f-bfd0-4b1buser0001', '2022-08-08', 'b8ab9427-627b-469f-bfd0-4b1buser0001', '2022-08-08');
INSERT INTO sys_dataoption(id, objectType, name, dataBaseId, parentId, isSystem, remark, bgColor, fColor, isValid, orderNum, creatorId, createdTime, modifyId, modifyTime)
VALUES ('6289cd44-deaa-47c8-b391-a111c44c4ef8', 'REW', '评审发起审核', 'fd3dc295-1ba2-4e2d-90c1-109127890b08', '', 'Y', NULL, '', '', 'Y', 355, 'b8ab9427-627b-469f-bfd0-4b1buser0001', '2022-08-08', 'b8ab9427-627b-469f-bfd0-4b1buser0001', '2022-08-08');
INSERT INTO sys_dataoption(id, objectType, name, dataBaseId, parentId, isSystem, remark, bgColor, fColor, isValid, orderNum, creatorId, createdTime, modifyId, modifyTime)
VALUES ('a4be2d51-7100-48d2-9a10-359aea0410dd', 'REW', '召开评审会议', 'fd3dc295-1ba2-4e2d-90c1-109127890b08', '', 'Y', NULL, '', '', 'Y', 356, 'b8ab9427-627b-469f-bfd0-4b1buser0001', '2022-08-08', 'b8ab9427-627b-469f-bfd0-4b1buser0001', '2022-08-08');
INSERT INTO sys_dataoption(id, objectType, name, dataBaseId, parentId, isSystem, remark, bgColor, fColor, isValid, orderNum, creatorId, createdTime, modifyId, modifyTime)
VALUES ('b8f2b9b0-e286-4278-8749-233e44460987', 'REW', '评审报告发布', 'fd3dc295-1ba2-4e2d-90c1-109127890b08', '', 'Y', NULL, '', '', 'Y', 357, 'b8ab9427-627b-469f-bfd0-4b1buser0001', '2022-08-08', 'b8ab9427-627b-469f-bfd0-4b1buser0001', '2022-08-08');

INSERT INTO sys_reportchart(id, name, simpleName, status, isCandidate, objectType, chartType, dataFieldId, categoryFieldId, scope, remark, orderNum, isValid, creatorId, createdTime, modifyId, modifyTime, parentId, pjtStatus, isUsePjt, pjtOrderNum, height, width)
VALUES ('905095e6-2cd8-4458-a64d-bffeacbf0c61', '评审', '评审', 'RN', 'Y', 'REW', 'catalog', NULL, NULL, 'P', NULL, NULL, 'Y', 'b8ab9427-627b-469f-bfd0-4b1buser0001', '2022-08-08', 'b8ab9427-627b-469f-bfd0-4b1buser0001', '2022-08-08', NULL, 'RN', 'Y', 37, '1', '1');
INSERT INTO sys_reportchart(id, name, simpleName, status, isCandidate, objectType, chartType, dataFieldId, categoryFieldId, scope, remark, orderNum, isValid, creatorId, createdTime, modifyId, modifyTime, parentId, pjtStatus, isUsePjt, pjtOrderNum, height, width)
VALUES ('6c72b96c-fccc-42b8-9e37-c08ae8569382', '评审结论分布图', '评审结论分布', 'RN', 'Y', 'REW', 'pie-basic', '0543b40a-bbf2-450f-b761-9a02c9221159', '', 'L,P,S', '', 2, 'Y', 'b8ab9427-627b-469f-bfd0-4b1buser0001', '2022-08-08', 'b8ab9427-627b-469f-bfd0-4b1buser0001', '2022-08-08', '905095e6-2cd8-4458-a64d-bffeacbf0c61', 'RN', 'N', 2, '1', '1');
INSERT INTO sys_reportchart(id, name, simpleName, status, isCandidate, objectType, chartType, dataFieldId, categoryFieldId, scope, remark, orderNum, isValid, creatorId, createdTime, modifyId, modifyTime, parentId, pjtStatus, isUsePjt, pjtOrderNum, height, width)
VALUES ('c2de8399-9365-4ca0-8a8b-f79b70e4cad1', '评审资料得分分布图', '评审资料得分分布', 'RN', 'Y', 'REW', 'pie-basic', '62dd171b-10ab-4d3c-a83f-e702d1a4eb64', '', 'L,P,S', '', 4, 'Y', 'b8ab9427-627b-469f-bfd0-4b1buser0001', '2022-08-08', 'b8ab9427-627b-469f-bfd0-4b1buser0001', '2022-08-08', '905095e6-2cd8-4458-a64d-bffeacbf0c61', 'RN', 'N', 3, '1', '1');
INSERT INTO sys_reportchart(id, name, simpleName, status, isCandidate, objectType, chartType, dataFieldId, categoryFieldId, scope, remark, orderNum, isValid, creatorId, createdTime, modifyId, modifyTime, parentId, pjtStatus, isUsePjt, pjtOrderNum, height, width)
VALUES ('f21baa4e-ae99-43c2-bb4e-33151db8ca3e', '评审过程得分分布图', '评审过程得分分布', 'RN', 'Y', 'REW', 'pie-basic', '14d0576e-8175-4743-8204-4bb4d57e01e2', '', 'L,P,S', '', 5, 'Y', 'b8ab9427-627b-469f-bfd0-4b1buser0001', '2022-08-08', 'b8ab9427-627b-469f-bfd0-4b1buser0001', '2022-08-08', '905095e6-2cd8-4458-a64d-bffeacbf0c61', 'RN', 'N', 3, '1', '1');
INSERT INTO sys_reportchart(id, name, simpleName, status, isCandidate, objectType, chartType, dataFieldId, categoryFieldId, scope, remark, orderNum, isValid, creatorId, createdTime, modifyId, modifyTime, parentId, pjtStatus, isUsePjt, pjtOrderNum, height, width)
VALUES ('cc33abd9-6372-4e8d-b92d-29c38351df7b', '计划评审趋势分布图', '计划评审趋势分布', 'RN', 'Y', 'REW', 'line-basic', '1c07149d-9696-445c-8e5a-c3eaf24b457a', '', 'L,P,S', '', 6, 'Y', 'b8ab9427-627b-469f-bfd0-4b1buser0001', '2022-08-08', 'b8ab9427-627b-469f-bfd0-4b1buser0001', '2022-08-08', '905095e6-2cd8-4458-a64d-bffeacbf0c61', 'RN', 'N', 3, '1', '1');
INSERT INTO sys_reportchart(id, name, simpleName, status, isCandidate, objectType, chartType, dataFieldId, categoryFieldId, scope, remark, orderNum, isValid, creatorId, createdTime, modifyId, modifyTime, parentId, pjtStatus, isUsePjt, pjtOrderNum, height, width)
VALUES ('d61b658a-451f-48be-abbc-0eb808b2f425', '实际评审趋势分布图', '实际评审趋势分布', 'RN', 'Y', 'REW', 'line-basic', 'ca8b8d21-02e2-4097-8579-25138780c0fd', '', 'L,P,S', '', 8, 'Y', 'b8ab9427-627b-469f-bfd0-4b1buser0001', '2022-08-08', 'b8ab9427-627b-469f-bfd0-4b1buser0001', '2022-08-08', '905095e6-2cd8-4458-a64d-bffeacbf0c61', 'RN', 'N', 7, '1', '1');
INSERT INTO sys_reportchart(id, name, simpleName, status, isCandidate, objectType, chartType, dataFieldId, categoryFieldId, scope, remark, orderNum, isValid, creatorId, createdTime, modifyId, modifyTime, parentId, pjtStatus, isUsePjt, pjtOrderNum, height, width)
VALUES ('4c26d5f1-29d8-4bee-9dad-225969bad8a1', '评审状态分布图', '评审状态分布', 'RN', 'Y', 'REW', 'pie-basic', '1f5b5448-efba-4e34-88c9-0f03474ce62f', '', 'L,P,S', '', 9, 'Y', 'b8ab9427-627b-469f-bfd0-4b1buser0001', '2022-08-08', 'b8ab9427-627b-469f-bfd0-4b1buser0001', '2022-08-08', '905095e6-2cd8-4458-a64d-bffeacbf0c61', 'RN', 'N', 7, '1', '1');
INSERT INTO sys_reportchart(id, name, simpleName, status, isCandidate, objectType, chartType, dataFieldId, categoryFieldId, scope, remark, orderNum, isValid, creatorId, createdTime, modifyId, modifyTime, parentId, pjtStatus, isUsePjt, pjtOrderNum, height, width)
VALUES ('4156ae64-086a-4647-9f57-c817d55ae1ae', '评审点-评审结论对比图', '评审点-评审结论对比', 'RN', 'Y', 'REW', 'bar-group', '0e3309f3-de13-4706-ae15-80feefba3bad', '0543b40a-bbf2-450f-b761-9a02c9221159', 'L,P,S', '', 10, 'Y', 'b8ab9427-627b-469f-bfd0-4b1buser0001', '2022-08-08', 'b8ab9427-627b-469f-bfd0-4b1buser0001', '2022-08-08', '905095e6-2cd8-4458-a64d-bffeacbf0c61', 'RN', 'N', 1, '1', '1');
INSERT INTO sys_reportchart(id, name, simpleName, status, isCandidate, objectType, chartType, dataFieldId, categoryFieldId, scope, remark, orderNum, isValid, creatorId, createdTime, modifyId, modifyTime, parentId, pjtStatus, isUsePjt, pjtOrderNum, height, width)
VALUES ('50fa201d-5911-4338-b7e1-96621996eeb9', '评审人-评审结论对比图', '评审人-评审结论对比', 'RN', 'Y', 'REW', 'bar-stack', '6d3d39e0-58ac-43e6-a043-44f24c588156', '0543b40a-bbf2-450f-b761-9a02c9221159', 'L,P,S', '', 12, 'Y', 'b8ab9427-627b-469f-bfd0-4b1buser0001', '2022-08-08', 'b8ab9427-627b-469f-bfd0-4b1buser0001', '2022-08-08', '905095e6-2cd8-4458-a64d-bffeacbf0c61', 'RN', 'N', 11, '1', '1');

INSERT INTO wf_rew_point(id, name, pjtRole, remark, orderNum, isValid, isShowCategory, status, creatorId, createdTime, modifyId, modifyTime) VALUES ('69ee712e-fbdd-432e-96a8-8063fa0a2923', '项目启动评审-TR1', NULL, '项目目标和范围的明确定义。\r\n需求和利益相关方期望的明确理解。\r\n项目的可行性分析,包括预算和资源需求。\r\n项目章程和项目管理计划的制定。', '1', 'Y', 'Y', 'RN', 'b8ab9427-627b-469f-bfd0-4b1buser0001', '2022-08-08', 'b8ab9427-627b-469f-bfd0-4b1buser0001', '2022-08-08');
INSERT INTO wf_rew_point(id, name, pjtRole, remark, orderNum, isValid, isShowCategory, status, creatorId, createdTime, modifyId, modifyTime) VALUES ('faf36c01-7129-4cef-b07d-a0a6e4de7a7c', '概念设计评审-TR2', NULL, '产品概念的明确描述。\r\n市场分析和竞争分析。\r\n初始设计和技术方案的草案。\r\n风险分析和初步项目计划。', '2', 'Y', 'Y', 'RN', 'b8ab9427-627b-469f-bfd0-4b1buser0001', '2022-08-08', 'b8ab9427-627b-469f-bfd0-4b1buser0001', '2022-08-08');
INSERT INTO wf_rew_point(id, name, pjtRole, remark, orderNum, isValid, isShowCategory, status, creatorId, createdTime, modifyId, modifyTime) VALUES ('6aba0441-3263-44ad-a786-4617c17bf434', '详细设计评审-TR3', NULL, '详细设计文档的编制,包括技术规格。\r\n设计评审和验证测试计划。\r\n制造流程和质量控制策略。\r\n成本和资源估算的更新。', '3', 'Y', 'Y', 'RN', 'b8ab9427-627b-469f-bfd0-4b1buser0001', '2022-08-08', 'b8ab9427-627b-469f-bfd0-4b1buser0001', '2022-08-08');
INSERT INTO wf_rew_point(id, name, pjtRole, remark, orderNum, isValid, isShowCategory, status, creatorId, createdTime, modifyId, modifyTime) VALUES ('9334bfed-317c-465b-9f1d-e0b842b7da54', '制造/开发评审-TR4', NULL, '制造或开发进展的监测。\r\n质量控制和过程改进。\r\n成本和进度的实际与计划比较。\r\n问题和风险管理。', '4', 'Y', 'Y', 'RN', 'b8ab9427-627b-469f-bfd0-4b1buser0001', '2022-08-08', 'b8ab9427-627b-469f-bfd0-4b1buser0001', '2022-08-08');
INSERT INTO wf_rew_point(id, name, pjtRole, remark, orderNum, isValid, isShowCategory, status, creatorId, createdTime, modifyId, modifyTime) VALUES ('ccb8b79c-7ee1-4277-807c-511832412a37', '测试/验证评审-TR5', NULL, '验证测试的执行和结果。\r\n产品性能和质量的确认。\r\n缺陷管理和修复计划。\r\n遵循验收标准和需求。', '5', 'Y', 'Y', 'RN', 'b8ab9427-627b-469f-bfd0-4b1buser0001', '2022-08-08', 'b8ab9427-627b-469f-bfd0-4b1buser0001', '2022-08-08');
INSERT INTO wf_rew_point(id, name, pjtRole, remark, orderNum, isValid, isShowCategory, status, creatorId, createdTime, modifyId, modifyTime) VALUES ('df6622c2-2dd6-43f6-b829-0775c7b2ac7c', '交付/发布评审-TR6', NULL, '产品的准备和交付。\r\n用户培训和文档的准备。\r\n发布和部署策略。\r\n最终项目总结和经验教训的收集。', '6', 'Y', 'Y', 'RN', 'b8ab9427-627b-469f-bfd0-4b1buser0001', '2022-08-08', 'b8ab9427-627b-469f-bfd0-4b1buser0001', '2022-08-08');

INSERT INTO wf_rew_category(id, name, pjtRole, remark, pointId, orderNum, status, isValid, creatorId, createdTime, modifyId, modifyTime) VALUES ('a9212b52-c58c-450f-8e3e-a84d430a431b', '产品需求', '项目助理', '', '69ee712e-fbdd-432e-96a8-8063fa0a2923', '1', 'RN', 'Y', 'b8ab9427-627b-469f-bfd0-4b1buser0001', '2022-08-08', 'b8ab9427-627b-469f-bfd0-4b1buser0001', '2022-08-08');
INSERT INTO wf_rew_category(id, name, pjtRole, remark, pointId, orderNum, status, isValid, creatorId, createdTime, modifyId, modifyTime) VALUES ('669debfe-44d9-497b-9d40-4d539a30b082', '安全需求', '', '', '69ee712e-fbdd-432e-96a8-8063fa0a2923', '2', 'RN', 'Y', 'b8ab9427-627b-469f-bfd0-4b1buser0001', '2022-08-08', 'b8ab9427-627b-469f-bfd0-4b1buser0001', '2022-08-08');
INSERT INTO wf_rew_category(id, name, pjtRole, remark, pointId, orderNum, status, isValid, creatorId, createdTime, modifyId, modifyTime) VALUES ('fbf651ba-e497-4971-9180-3600920f476a', '综合', '', '', '6aba0441-3263-44ad-a786-4617c17bf434', '13', 'RN', 'Y', 'b8ab9427-627b-469f-bfd0-4b1buser0001', '2022-08-08', 'b8ab9427-627b-469f-bfd0-4b1buser0001', '2022-08-08');
INSERT INTO wf_rew_category(id, name, pjtRole, remark, pointId, orderNum, status, isValid, creatorId, createdTime, modifyId, modifyTime) VALUES ('94fb4abb-3c95-4039-9edf-ed8eb0a36d86', '软件', '', '', '6aba0441-3263-44ad-a786-4617c17bf434', '14', 'RN', 'Y', 'b8ab9427-627b-469f-bfd0-4b1buser0001', '2022-08-08', 'b8ab9427-627b-469f-bfd0-4b1buser0001', '2022-08-08');
INSERT INTO wf_rew_category(id, name, pjtRole, remark, pointId, orderNum, status, isValid, creatorId, createdTime, modifyId, modifyTime) VALUES ('6f8b3af3-2f8f-4836-8ae9-627e42b93a75', '测试', '', '', '6aba0441-3263-44ad-a786-4617c17bf434', '15', 'RN', 'Y', 'b8ab9427-627b-469f-bfd0-4b1buser0001', '2022-08-08', 'b8ab9427-627b-469f-bfd0-4b1buser0001', '2022-08-08');
INSERT INTO wf_rew_category(id, name, pjtRole, remark, pointId, orderNum, status, isValid, creatorId, createdTime, modifyId, modifyTime) VALUES ('ac923384-7f0e-493c-9936-986f8d5367f9', '数据', '', '', '6aba0441-3263-44ad-a786-4617c17bf434', '16', 'RN', 'Y', 'b8ab9427-627b-469f-bfd0-4b1buser0001', '2022-08-08', 'b8ab9427-627b-469f-bfd0-4b1buser0001', '2022-08-08');
INSERT INTO wf_rew_category(id, name, pjtRole, remark, pointId, orderNum, status, isValid, creatorId, createdTime, modifyId, modifyTime) VALUES ('9317d13d-c98c-468a-a733-4874d0f7f658', '资料', '', '', '6aba0441-3263-44ad-a786-4617c17bf434', '17', 'RN', 'Y', 'b8ab9427-627b-469f-bfd0-4b1buser0001', '2022-08-08', 'b8ab9427-627b-469f-bfd0-4b1buser0001', '2022-08-08');
INSERT INTO wf_rew_category(id, name, pjtRole, remark, pointId, orderNum, status, isValid, creatorId, createdTime, modifyId, modifyTime) VALUES ('cb2fd11b-724c-4b5a-a817-69cd51a3c494', '测试', '', '', '9334bfed-317c-465b-9f1d-e0b842b7da54', '18', 'RN', 'Y', 'b8ab9427-627b-469f-bfd0-4b1buser0001', '2022-08-08', 'b8ab9427-627b-469f-bfd0-4b1buser0001', '2022-08-08');
INSERT INTO wf_rew_category(id, name, pjtRole, remark, pointId, orderNum, status, isValid, creatorId, createdTime, modifyId, modifyTime) VALUES ('19dc7cf0-9375-432f-843e-b969413787f2', '技术支持', '', '', '9334bfed-317c-465b-9f1d-e0b842b7da54', '19', 'RN', 'Y', 'b8ab9427-627b-469f-bfd0-4b1buser0001', '2022-08-08', 'b8ab9427-627b-469f-bfd0-4b1buser0001', '2022-08-08');
INSERT INTO wf_rew_category(id, name, pjtRole, remark, pointId, orderNum, status, isValid, creatorId, createdTime, modifyId, modifyTime) VALUES ('d628d719-ead5-4f40-a900-0eb98ed5fab1', '资料', '', '', '9334bfed-317c-465b-9f1d-e0b842b7da54', '20', 'RN', 'Y', 'b8ab9427-627b-469f-bfd0-4b1buser0001', '2022-08-08', 'b8ab9427-627b-469f-bfd0-4b1buser0001', '2022-08-08');
INSERT INTO wf_rew_category(id, name, pjtRole, remark, pointId, orderNum, status, isValid, creatorId, createdTime, modifyId, modifyTime) VALUES ('5d5dc165-75cb-4f59-ac2b-80967f7c8014', '测试', '', '', 'ccb8b79c-7ee1-4277-807c-511832412a37', '21', 'RN', 'Y', 'b8ab9427-627b-469f-bfd0-4b1buser0001', '2022-08-08', 'b8ab9427-627b-469f-bfd0-4b1buser0001', '2022-08-08');
INSERT INTO wf_rew_category(id, name, pjtRole, remark, pointId, orderNum, status, isValid, creatorId, createdTime, modifyId, modifyTime) VALUES ('013166a9-c9b8-4087-a5e9-25725659ecde', '交付', '', '', 'ccb8b79c-7ee1-4277-807c-511832412a37', '22', 'RN', 'Y', 'b8ab9427-627b-469f-bfd0-4b1buser0001', '2022-08-08', 'b8ab9427-627b-469f-bfd0-4b1buser0001', '2022-08-08');
INSERT INTO wf_rew_category(id, name, pjtRole, remark, pointId, orderNum, status, isValid, creatorId, createdTime, modifyId, modifyTime) VALUES ('3a91c093-95dd-4832-a238-ed7bd6450092', '资料', '', '', 'ccb8b79c-7ee1-4277-807c-511832412a37', '23', 'RN', 'Y', 'b8ab9427-627b-469f-bfd0-4b1buser0001', '2022-08-08', 'b8ab9427-627b-469f-bfd0-4b1buser0001', '2022-08-08');
INSERT INTO wf_rew_category(id, name, pjtRole, remark, pointId, orderNum, status, isValid, creatorId, createdTime, modifyId, modifyTime) VALUES ('90df40e9-01a5-43c1-8c3d-885a0a9d92a1', '交付', '', '', 'df6622c2-2dd6-43f6-b829-0775c7b2ac7c', '24', 'RN', 'Y', 'b8ab9427-627b-469f-bfd0-4b1buser0001', '2022-08-08', 'b8ab9427-627b-469f-bfd0-4b1buser0001', '2022-08-08');
INSERT INTO wf_rew_category(id, name, pjtRole, remark, pointId, orderNum, status, isValid, creatorId, createdTime, modifyId, modifyTime) VALUES ('1bcaf41c-b852-4927-a192-248628697883', '规格', '', '', 'df6622c2-2dd6-43f6-b829-0775c7b2ac7c', '25', 'RN', 'Y', 'b8ab9427-627b-469f-bfd0-4b1buser0001', '2022-08-08', 'b8ab9427-627b-469f-bfd0-4b1buser0001', '2022-08-08');
INSERT INTO wf_rew_category(id, name, pjtRole, remark, pointId, orderNum, status, isValid, creatorId, createdTime, modifyId, modifyTime) VALUES ('7f0c3673-d0f5-43a6-bb9c-5fb2506f51b2', '资料', '', '', 'df6622c2-2dd6-43f6-b829-0775c7b2ac7c', '26', 'RN', 'Y', 'b8ab9427-627b-469f-bfd0-4b1buser0001', '2022-08-08', 'b8ab9427-627b-469f-bfd0-4b1buser0001', '2022-08-08');
INSERT INTO wf_rew_category(id, name, pjtRole, remark, pointId, orderNum, status, isValid, creatorId, createdTime, modifyId, modifyTime) VALUES ('d6c9fab1-90a8-4579-983a-e860281ebc1b', '需求分配与系统架构', '', '', 'faf36c01-7129-4cef-b07d-a0a6e4de7a7c', '3', 'RN', 'Y', 'b8ab9427-627b-469f-bfd0-4b1buser0001', '2022-08-08', 'b8ab9427-627b-469f-bfd0-4b1buser0001', '2022-08-08');
INSERT INTO wf_rew_category(id, name, pjtRole, remark, pointId, orderNum, status, isValid, creatorId, createdTime, modifyId, modifyTime) VALUES ('6fd56a0e-d4a8-4ab8-a72c-d68481f462a4', '软件架构', '', '', 'faf36c01-7129-4cef-b07d-a0a6e4de7a7c', '4', 'RN', 'Y', 'b8ab9427-627b-469f-bfd0-4b1buser0001', '2022-08-08', 'b8ab9427-627b-469f-bfd0-4b1buser0001', '2022-08-08');
INSERT INTO wf_rew_category(id, name, pjtRole, remark, pointId, orderNum, status, isValid, creatorId, createdTime, modifyId, modifyTime) VALUES ('70fd0817-a2fd-4607-a964-efab8e3ccc31', '模块化', '', '', 'faf36c01-7129-4cef-b07d-a0a6e4de7a7c', '5', 'RN', 'Y', 'b8ab9427-627b-469f-bfd0-4b1buser0001', '2022-08-08', 'b8ab9427-627b-469f-bfd0-4b1buser0001', '2022-08-08');
INSERT INTO wf_rew_category(id, name, pjtRole, remark, pointId, orderNum, status, isValid, creatorId, createdTime, modifyId, modifyTime) VALUES ('9eb1de3e-f22e-4266-a555-143817d98d7e', '兼容性', '', '', 'faf36c01-7129-4cef-b07d-a0a6e4de7a7c', '6', 'RN', 'Y', 'b8ab9427-627b-469f-bfd0-4b1buser0001', '2022-08-08', 'b8ab9427-627b-469f-bfd0-4b1buser0001', '2022-08-08');
INSERT INTO wf_rew_category(id, name, pjtRole, remark, pointId, orderNum, status, isValid, creatorId, createdTime, modifyId, modifyTime) VALUES ('580de86f-68c2-4db6-ab9c-f4ad0a93b2ae', '可靠性', '', '', 'faf36c01-7129-4cef-b07d-a0a6e4de7a7c', '7', 'RN', 'Y', 'b8ab9427-627b-469f-bfd0-4b1buser0001', '2022-08-08', 'b8ab9427-627b-469f-bfd0-4b1buser0001', '2022-08-08');
INSERT INTO wf_rew_category(id, name, pjtRole, remark, pointId, orderNum, status, isValid, creatorId, createdTime, modifyId, modifyTime) VALUES ('bd14ea7e-b2a8-498d-8ebe-79e509868e0b', '可测试性', '', '', 'faf36c01-7129-4cef-b07d-a0a6e4de7a7c', '8', 'RN', 'Y', 'b8ab9427-627b-469f-bfd0-4b1buser0001', '2022-08-08', 'b8ab9427-627b-469f-bfd0-4b1buser0001', '2022-08-08');
INSERT INTO wf_rew_category(id, name, pjtRole, remark, pointId, orderNum, status, isValid, creatorId, createdTime, modifyId, modifyTime) VALUES ('c644ba20-b87d-4193-bc3d-d693b5c655f6', '可维护性', '', '', 'faf36c01-7129-4cef-b07d-a0a6e4de7a7c', '9', 'RN', 'Y', 'b8ab9427-627b-469f-bfd0-4b1buser0001', '2022-08-08', 'b8ab9427-627b-469f-bfd0-4b1buser0001', '2022-08-08');
INSERT INTO wf_rew_category(id, name, pjtRole, remark, pointId, orderNum, status, isValid, creatorId, createdTime, modifyId, modifyTime) VALUES ('8518ac0f-81c7-45ca-a430-a3ac0b29ba0a', '可行性', '', '', 'faf36c01-7129-4cef-b07d-a0a6e4de7a7c', '10', 'RN', 'Y', 'b8ab9427-627b-469f-bfd0-4b1buser0001', '2022-08-08', 'b8ab9427-627b-469f-bfd0-4b1buser0001', '2022-08-08');
INSERT INTO wf_rew_category(id, name, pjtRole, remark, pointId, orderNum, status, isValid, creatorId, createdTime, modifyId, modifyTime) VALUES ('9deb4b7b-be54-4700-bbd7-00c0d27d3095', '目标成本', '', '', 'faf36c01-7129-4cef-b07d-a0a6e4de7a7c', '11', 'RN', 'Y', 'b8ab9427-627b-469f-bfd0-4b1buser0001', '2022-08-08', 'b8ab9427-627b-469f-bfd0-4b1buser0001', '2022-08-08');
INSERT INTO wf_rew_category(id, name, pjtRole, remark, pointId, orderNum, status, isValid, creatorId, createdTime, modifyId, modifyTime) VALUES ('566700fa-2ad0-44ca-89c6-981c6bff9adf', '信息安全', '', '', 'faf36c01-7129-4cef-b07d-a0a6e4de7a7c', '12', 'RN', 'Y', 'b8ab9427-627b-469f-bfd0-4b1buser0001', '2022-08-08', 'b8ab9427-627b-469f-bfd0-4b1buser0001', '2022-08-08');

INSERT INTO wf_rew_element(id, name, pointId, categoryId, importanceId, remark, orderNum, status, isValid, creatorId, createdTime, modifyId, modifyTime) VALUES ('3b65c579-19ee-4805-9b09-c09870ec4b38', '安全需求是否已经考虑?', '69ee712e-fbdd-432e-96a8-8063fa0a2923', '669debfe-44d9-497b-9d40-4d539a30b082', NULL, '', '9', 'RN', 'Y', 'b8ab9427-627b-469f-bfd0-4b1buser0001', '2022-08-08', 'b8ab9427-627b-469f-bfd0-4b1buser0001', '2022-08-08');
INSERT INTO wf_rew_element(id, name, pointId, categoryId, importanceId, remark, orderNum, status, isValid, creatorId, createdTime, modifyId, modifyTime) VALUES ('eb699053-9a20-4c32-9f5d-55931010aef2', '产品需求是否清晰?', '69ee712e-fbdd-432e-96a8-8063fa0a2923', 'a9212b52-c58c-450f-8e3e-a84d430a431b', NULL, '', '1', 'RN', 'Y', 'b8ab9427-627b-469f-bfd0-4b1buser0001', '2022-08-08', 'b8ab9427-627b-469f-bfd0-4b1buser0001', '2022-08-08');
INSERT INTO wf_rew_element(id, name, pointId, categoryId, importanceId, remark, orderNum, status, isValid, creatorId, createdTime, modifyId, modifyTime) VALUES ('984c8f27-8ec0-4b1e-968b-e8229c908d3b', '是否包含可用性需求?', '69ee712e-fbdd-432e-96a8-8063fa0a2923', 'a9212b52-c58c-450f-8e3e-a84d430a431b', NULL, '', '2', 'RN', 'Y', 'b8ab9427-627b-469f-bfd0-4b1buser0001', '2022-08-08', 'b8ab9427-627b-469f-bfd0-4b1buser0001', '2022-08-08');
INSERT INTO wf_rew_element(id, name, pointId, categoryId, importanceId, remark, orderNum, status, isValid, creatorId, createdTime, modifyId, modifyTime) VALUES ('a6a700a5-f9e0-4754-ba05-be0e1bdb15e2', '是否包含可靠性需求?', '69ee712e-fbdd-432e-96a8-8063fa0a2923', 'a9212b52-c58c-450f-8e3e-a84d430a431b', NULL, '', '3', 'RN', 'Y', 'b8ab9427-627b-469f-bfd0-4b1buser0001', '2022-08-08', 'b8ab9427-627b-469f-bfd0-4b1buser0001', '2022-08-08');
INSERT INTO wf_rew_element(id, name, pointId, categoryId, importanceId, remark, orderNum, status, isValid, creatorId, createdTime, modifyId, modifyTime) VALUES ('f1cf52ae-340f-46b5-a941-3f8f914561c0', '是否包含可服务性需求?', '69ee712e-fbdd-432e-96a8-8063fa0a2923', 'a9212b52-c58c-450f-8e3e-a84d430a431b', NULL, '', '4', 'RN', 'Y', 'b8ab9427-627b-469f-bfd0-4b1buser0001', '2022-08-08', 'b8ab9427-627b-469f-bfd0-4b1buser0001', '2022-08-08');
INSERT INTO wf_rew_element(id, name, pointId, categoryId, importanceId, remark, orderNum, status, isValid, creatorId, createdTime, modifyId, modifyTime) VALUES ('8751d78d-bb72-44d4-a124-c56e0a08c15e', '是否包含可测试性需求?', '69ee712e-fbdd-432e-96a8-8063fa0a2923', 'a9212b52-c58c-450f-8e3e-a84d430a431b', NULL, '', '5', 'RN', 'Y', 'b8ab9427-627b-469f-bfd0-4b1buser0001', '2022-08-08', 'b8ab9427-627b-469f-bfd0-4b1buser0001', '2022-08-08');
INSERT INTO wf_rew_element(id, name, pointId, categoryId, importanceId, remark, orderNum, status, isValid, creatorId, createdTime, modifyId, modifyTime) VALUES ('8ff43b21-24c9-4fdc-92ca-8e95635f3485', '是否满足市场需求(外部需求)和业务需求(内部需求)?', '69ee712e-fbdd-432e-96a8-8063fa0a2923', 'a9212b52-c58c-450f-8e3e-a84d430a431b', NULL, '', '6', 'RN', 'Y', 'b8ab9427-627b-469f-bfd0-4b1buser0001', '2022-08-08', 'b8ab9427-627b-469f-bfd0-4b1buser0001', '2022-08-08');
INSERT INTO wf_rew_element(id, name, pointId, categoryId, importanceId, remark, orderNum, status, isValid, creatorId, createdTime, modifyId, modifyTime) VALUES ('4f0b25f6-b1f7-4f6a-9595-3004fce8658b', '关键业务是否满足主要客户提出的需求?', '69ee712e-fbdd-432e-96a8-8063fa0a2923', 'a9212b52-c58c-450f-8e3e-a84d430a431b', NULL, '', '7', 'RN', 'Y', 'b8ab9427-627b-469f-bfd0-4b1buser0001', '2022-08-08', 'b8ab9427-627b-469f-bfd0-4b1buser0001', '2022-08-08');
INSERT INTO wf_rew_element(id, name, pointId, categoryId, importanceId, remark, orderNum, status, isValid, creatorId, createdTime, modifyId, modifyTime) VALUES ('622f733c-b6c1-4206-a833-889273544d87', '需求是否确定优先级?', '69ee712e-fbdd-432e-96a8-8063fa0a2923', 'a9212b52-c58c-450f-8e3e-a84d430a431b', NULL, '', '8', 'RN', 'Y', 'b8ab9427-627b-469f-bfd0-4b1buser0001', '2022-08-08', 'b8ab9427-627b-469f-bfd0-4b1buser0001', '2022-08-08');
INSERT INTO wf_rew_element(id, name, pointId, categoryId, importanceId, remark, orderNum, status, isValid, creatorId, createdTime, modifyId, modifyTime) VALUES ('b1cf55df-abdc-410b-b329-055f68dfb9a7', 'HLD和相应的设计规格是否满足可测试性需求?', '6aba0441-3263-44ad-a786-4617c17bf434', '6f8b3af3-2f8f-4836-8ae9-627e42b93a75', NULL, '', '47', 'RN', 'Y', 'b8ab9427-627b-469f-bfd0-4b1buser0001', '2022-08-08', 'b8ab9427-627b-469f-bfd0-4b1buser0001', '2022-08-08');
INSERT INTO wf_rew_element(id, name, pointId, categoryId, importanceId, remark, orderNum, status, isValid, creatorId, createdTime, modifyId, modifyTime) VALUES ('f97040b6-322b-456d-ae74-62655bf53a6a', '是否完成测试计划和测试用例文档?', '6aba0441-3263-44ad-a786-4617c17bf434', '6f8b3af3-2f8f-4836-8ae9-627e42b93a75', NULL, '', '48', 'RN', 'Y', 'b8ab9427-627b-469f-bfd0-4b1buser0001', '2022-08-08', 'b8ab9427-627b-469f-bfd0-4b1buser0001', '2022-08-08');
INSERT INTO wf_rew_element(id, name, pointId, categoryId, importanceId, remark, orderNum, status, isValid, creatorId, createdTime, modifyId, modifyTime) VALUES ('414b5699-8b89-4e6a-9ffb-bc2e42185de8', '是否提供资料需求分析?', '6aba0441-3263-44ad-a786-4617c17bf434', '9317d13d-c98c-468a-a733-4874d0f7f658', NULL, '', '50', 'RN', 'Y', 'b8ab9427-627b-469f-bfd0-4b1buser0001', '2022-08-08', 'b8ab9427-627b-469f-bfd0-4b1buser0001', '2022-08-08');
INSERT INTO wf_rew_element(id, name, pointId, categoryId, importanceId, remark, orderNum, status, isValid, creatorId, createdTime, modifyId, modifyTime) VALUES ('44555f7a-3640-4833-bed3-900044b08be6', '检查文档密级的设置是否符合公司信息安全规定?', '6aba0441-3263-44ad-a786-4617c17bf434', '9317d13d-c98c-468a-a733-4874d0f7f658', NULL, '', '51', 'RN', 'Y', 'b8ab9427-627b-469f-bfd0-4b1buser0001', '2022-08-08', 'b8ab9427-627b-469f-bfd0-4b1buser0001', '2022-08-08');
INSERT INTO wf_rew_element(id, name, pointId, categoryId, importanceId, remark, orderNum, status, isValid, creatorId, createdTime, modifyId, modifyTime) VALUES ('fd9b4835-51d4-42c3-b1e3-e3fcb034061f', '各软件项目的需求分解分配是否充分映射产品需求/产品设计规格软件部分?', '6aba0441-3263-44ad-a786-4617c17bf434', '94fb4abb-3c95-4039-9edf-ed8eb0a36d86', NULL, '', '46', 'RN', 'Y', 'b8ab9427-627b-469f-bfd0-4b1buser0001', '2022-08-08', 'b8ab9427-627b-469f-bfd0-4b1buser0001', '2022-08-08');
INSERT INTO wf_rew_element(id, name, pointId, categoryId, importanceId, remark, orderNum, status, isValid, creatorId, createdTime, modifyId, modifyTime) VALUES ('e2f9a09c-1c0e-4808-99ee-69ca06195532', '计划阶段所要求归档或基线化的文档是否已归档或基线化?', '6aba0441-3263-44ad-a786-4617c17bf434', 'ac923384-7f0e-493c-9936-986f8d5367f9', NULL, '', '49', 'RN', 'Y', 'b8ab9427-627b-469f-bfd0-4b1buser0001', '2022-08-08', 'b8ab9427-627b-469f-bfd0-4b1buser0001', '2022-08-08');
INSERT INTO wf_rew_element(id, name, pointId, categoryId, importanceId, remark, orderNum, status, isValid, creatorId, createdTime, modifyId, modifyTime) VALUES ('f41920de-fe57-4cb9-a497-bcf3f3211a3d', '产品需求是否进行了分解并进行跟踪?', '6aba0441-3263-44ad-a786-4617c17bf434', 'fbf651ba-e497-4971-9180-3600920f476a', NULL, '', '40', 'RN', 'Y', 'b8ab9427-627b-469f-bfd0-4b1buser0001', '2022-08-08', 'b8ab9427-627b-469f-bfd0-4b1buser0001', '2022-08-08');
INSERT INTO wf_rew_element(id, name, pointId, categoryId, importanceId, remark, orderNum, status, isValid, creatorId, createdTime, modifyId, modifyTime) VALUES ('2ec18272-f746-4c22-a0aa-9933cf1fab8e', '概要设计是完成?', '6aba0441-3263-44ad-a786-4617c17bf434', 'fbf651ba-e497-4971-9180-3600920f476a', NULL, '', '41', 'RN', 'Y', 'b8ab9427-627b-469f-bfd0-4b1buser0001', '2022-08-08', 'b8ab9427-627b-469f-bfd0-4b1buser0001', '2022-08-08');
INSERT INTO wf_rew_element(id, name, pointId, categoryId, importanceId, remark, orderNum, status, isValid, creatorId, createdTime, modifyId, modifyTime) VALUES ('ac51e4f5-9548-4e5c-9275-2344d417b9aa', '各子系统的功能分配是否合理?', '6aba0441-3263-44ad-a786-4617c17bf434', 'fbf651ba-e497-4971-9180-3600920f476a', NULL, '', '42', 'RN', 'Y', 'b8ab9427-627b-469f-bfd0-4b1buser0001', '2022-08-08', 'b8ab9427-627b-469f-bfd0-4b1buser0001', '2022-08-08');
INSERT INTO wf_rew_element(id, name, pointId, categoryId, importanceId, remark, orderNum, status, isValid, creatorId, createdTime, modifyId, modifyTime) VALUES ('18bf5eea-e6ff-44d8-a828-8991f246d4b9', '各子系统的功能特性是否可验证?', '6aba0441-3263-44ad-a786-4617c17bf434', 'fbf651ba-e497-4971-9180-3600920f476a', NULL, '', '43', 'RN', 'Y', 'b8ab9427-627b-469f-bfd0-4b1buser0001', '2022-08-08', 'b8ab9427-627b-469f-bfd0-4b1buser0001', '2022-08-08');
INSERT INTO wf_rew_element(id, name, pointId, categoryId, importanceId, remark, orderNum, status, isValid, creatorId, createdTime, modifyId, modifyTime) VALUES ('3873ad52-dcfc-40fd-85cd-52ebcaeab6ae', '设计过程中发现的缺陷是否得到解决或制定经过批准的解决计划?', '6aba0441-3263-44ad-a786-4617c17bf434', 'fbf651ba-e497-4971-9180-3600920f476a', NULL, '', '44', 'RN', 'Y', 'b8ab9427-627b-469f-bfd0-4b1buser0001', '2022-08-08', 'b8ab9427-627b-469f-bfd0-4b1buser0001', '2022-08-08');
INSERT INTO wf_rew_element(id, name, pointId, categoryId, importanceId, remark, orderNum, status, isValid, creatorId, createdTime, modifyId, modifyTime) VALUES ('0a81bc11-e8bd-4612-ac91-c6ff1be888e1', '有否解决可能影响后续的技术实现的关键技术?', '6aba0441-3263-44ad-a786-4617c17bf434', 'fbf651ba-e497-4971-9180-3600920f476a', NULL, '', '45', 'RN', 'Y', 'b8ab9427-627b-469f-bfd0-4b1buser0001', '2022-08-08', 'b8ab9427-627b-469f-bfd0-4b1buser0001', '2022-08-08');
INSERT INTO wf_rew_element(id, name, pointId, categoryId, importanceId, remark, orderNum, status, isValid, creatorId, createdTime, modifyId, modifyTime) VALUES ('cb5b6a08-f2bb-4893-8da4-97f26ebbe350', '《设计规格书》中属于可服务性需求是否在产品设计中得到实现?', '9334bfed-317c-465b-9f1d-e0b842b7da54', '19dc7cf0-9375-432f-843e-b969413787f2', NULL, '', '56', 'RN', 'Y', 'b8ab9427-627b-469f-bfd0-4b1buser0001', '2022-08-08', 'b8ab9427-627b-469f-bfd0-4b1buser0001', '2022-08-08');
INSERT INTO wf_rew_element(id, name, pointId, categoryId, importanceId, remark, orderNum, status, isValid, creatorId, createdTime, modifyId, modifyTime) VALUES ('ea1b1bdc-819f-4bbe-84eb-ecdf1c66eb8f', '功能测试用例是否已经执行完成?', '9334bfed-317c-465b-9f1d-e0b842b7da54', 'cb2fd11b-724c-4b5a-a817-69cd51a3c494', NULL, '', '52', 'RN', 'Y', 'b8ab9427-627b-469f-bfd0-4b1buser0001', '2022-08-08', 'b8ab9427-627b-469f-bfd0-4b1buser0001', '2022-08-08');
INSERT INTO wf_rew_element(id, name, pointId, categoryId, importanceId, remark, orderNum, status, isValid, creatorId, createdTime, modifyId, modifyTime) VALUES ('2484e269-c64b-4713-a23c-7cf1266c4381', '功能测试报告中要求必须解决的问题是否已经解决?', '9334bfed-317c-465b-9f1d-e0b842b7da54', 'cb2fd11b-724c-4b5a-a817-69cd51a3c494', NULL, '', '53', 'RN', 'Y', 'b8ab9427-627b-469f-bfd0-4b1buser0001', '2022-08-08', 'b8ab9427-627b-469f-bfd0-4b1buser0001', '2022-08-08');
INSERT INTO wf_rew_element(id, name, pointId, categoryId, importanceId, remark, orderNum, status, isValid, creatorId, createdTime, modifyId, modifyTime) VALUES ('9a1336a5-2f67-4ea3-bafd-801c45dfd35b', '提交的《测试报告》是否测试组内部评审通过?', '9334bfed-317c-465b-9f1d-e0b842b7da54', 'cb2fd11b-724c-4b5a-a817-69cd51a3c494', NULL, '', '54', 'RN', 'Y', 'b8ab9427-627b-469f-bfd0-4b1buser0001', '2022-08-08', 'b8ab9427-627b-469f-bfd0-4b1buser0001', '2022-08-08');
INSERT INTO wf_rew_element(id, name, pointId, categoryId, importanceId, remark, orderNum, status, isValid, creatorId, createdTime, modifyId, modifyTime) VALUES ('10965b9f-a7e4-4979-83f4-326d8ff29f60', '《特性规划》(需求规格清单)中要求的所有功能规格在该版本中实现?', '9334bfed-317c-465b-9f1d-e0b842b7da54', 'cb2fd11b-724c-4b5a-a817-69cd51a3c494', NULL, '', '55', 'RN', 'Y', 'b8ab9427-627b-469f-bfd0-4b1buser0001', '2022-08-08', 'b8ab9427-627b-469f-bfd0-4b1buser0001', '2022-08-08');
INSERT INTO wf_rew_element(id, name, pointId, categoryId, importanceId, remark, orderNum, status, isValid, creatorId, createdTime, modifyId, modifyTime) VALUES ('f3062db2-c6b8-4269-9e93-30e8e54bacf1', '《开发计划》是否更新并归档?', '9334bfed-317c-465b-9f1d-e0b842b7da54', 'd628d719-ead5-4f40-a900-0eb98ed5fab1', NULL, '', '57', 'RN', 'Y', 'b8ab9427-627b-469f-bfd0-4b1buser0001', '2022-08-08', 'b8ab9427-627b-469f-bfd0-4b1buser0001', '2022-08-08');
INSERT INTO wf_rew_element(id, name, pointId, categoryId, importanceId, remark, orderNum, status, isValid, creatorId, createdTime, modifyId, modifyTime) VALUES ('d2724a38-11a2-4003-a1f2-97ac7a3141de', '是否按计划完成所有开发交付件的开发与评审?', '9334bfed-317c-465b-9f1d-e0b842b7da54', 'd628d719-ead5-4f40-a900-0eb98ed5fab1', NULL, '', '58', 'RN', 'Y', 'b8ab9427-627b-469f-bfd0-4b1buser0001', '2022-08-08', 'b8ab9427-627b-469f-bfd0-4b1buser0001', '2022-08-08');
INSERT INTO wf_rew_element(id, name, pointId, categoryId, importanceId, remark, orderNum, status, isValid, creatorId, createdTime, modifyId, modifyTime) VALUES ('f9b52aa1-30b5-4903-9ae2-7e9459d4f9bb', '“开发交付件”、“测试方案”评审后需要解决的遗留问题是否已经解决?', '9334bfed-317c-465b-9f1d-e0b842b7da54', 'd628d719-ead5-4f40-a900-0eb98ed5fab1', NULL, '', '59', 'RN', 'Y', 'b8ab9427-627b-469f-bfd0-4b1buser0001', '2022-08-08', 'b8ab9427-627b-469f-bfd0-4b1buser0001', '2022-08-08');
INSERT INTO wf_rew_element(id, name, pointId, categoryId, importanceId, remark, orderNum, status, isValid, creatorId, createdTime, modifyId, modifyTime) VALUES ('4159b4a1-86bc-4cf5-ade0-e880a0795b6d', '被纳入产品包需求的可服务性需求是否全部验证?', 'ccb8b79c-7ee1-4277-807c-511832412a37', '013166a9-c9b8-4087-a5e9-25725659ecde', NULL, '', '67', 'RN', 'Y', 'b8ab9427-627b-469f-bfd0-4b1buser0001', '2022-08-08', 'b8ab9427-627b-469f-bfd0-4b1buser0001', '2022-08-08');
INSERT INTO wf_rew_element(id, name, pointId, categoryId, importanceId, remark, orderNum, status, isValid, creatorId, createdTime, modifyId, modifyTime) VALUES ('510e74de-7f62-4c28-bc01-7ffd065d6253', '可安装性方面是否没有严重级别及以上的遗留问题?', 'ccb8b79c-7ee1-4277-807c-511832412a37', '013166a9-c9b8-4087-a5e9-25725659ecde', NULL, '', '68', 'RN', 'Y', 'b8ab9427-627b-469f-bfd0-4b1buser0001', '2022-08-08', 'b8ab9427-627b-469f-bfd0-4b1buser0001', '2022-08-08');
INSERT INTO wf_rew_element(id, name, pointId, categoryId, importanceId, remark, orderNum, status, isValid, creatorId, createdTime, modifyId, modifyTime) VALUES ('bd003be4-8cc0-4a9c-8c07-cf94154e0503', '可维护性方面是否没有严重遗留问题?', 'ccb8b79c-7ee1-4277-807c-511832412a37', '013166a9-c9b8-4087-a5e9-25725659ecde', NULL, '', '69', 'RN', 'Y', 'b8ab9427-627b-469f-bfd0-4b1buser0001', '2022-08-08', 'b8ab9427-627b-469f-bfd0-4b1buser0001', '2022-08-08');
INSERT INTO wf_rew_element(id, name, pointId, categoryId, importanceId, remark, orderNum, status, isValid, creatorId, createdTime, modifyId, modifyTime) VALUES ('5541a80e-f7ab-45ca-b4ec-f9ff4a34a30b', '如果产品将会发给Beta用户,下面标准是否满足?\r\n1.更新的可服务性文档是否可用?\r\n2.更新的产品文档是否可用?\r\n3.用服工程师在维修、维护和安装方面的培训是否完成?\r\n4.是否完成充分的可服务性和可安装性测试?', 'ccb8b79c-7ee1-4277-807c-511832412a37', '013166a9-c9b8-4087-a5e9-25725659ecde', NULL, '', '70', 'RN', 'Y', 'b8ab9427-627b-469f-bfd0-4b1buser0001', '2022-08-08', 'b8ab9427-627b-469f-bfd0-4b1buser0001', '2022-08-08');
INSERT INTO wf_rew_element(id, name, pointId, categoryId, importanceId, remark, orderNum, status, isValid, creatorId, createdTime, modifyId, modifyTime) VALUES ('ac560a00-f01c-4620-89f8-c1375334f9d2', '升级测试是否成功完成?', 'ccb8b79c-7ee1-4277-807c-511832412a37', '013166a9-c9b8-4087-a5e9-25725659ecde', NULL, '', '71', 'RN', 'Y', 'b8ab9427-627b-469f-bfd0-4b1buser0001', '2022-08-08', 'b8ab9427-627b-469f-bfd0-4b1buser0001', '2022-08-08');
INSERT INTO wf_rew_element(id, name, pointId, categoryId, importanceId, remark, orderNum, status, isValid, creatorId, createdTime, modifyId, modifyTime) VALUES ('8053d2fe-bd40-4080-acc2-d608dbc5b77d', '是否按计划完成所有产品交付件的开发与评审?', 'ccb8b79c-7ee1-4277-807c-511832412a37', '3a91c093-95dd-4832-a238-ed7bd6450092', NULL, '', '72', 'RN', 'Y', 'b8ab9427-627b-469f-bfd0-4b1buser0001', '2022-08-08', 'b8ab9427-627b-469f-bfd0-4b1buser0001', '2022-08-08');
INSERT INTO wf_rew_element(id, name, pointId, categoryId, importanceId, remark, orderNum, status, isValid, creatorId, createdTime, modifyId, modifyTime) VALUES ('b52933fe-aff2-4a2e-be5f-5e3185f3e60f', '提交评审的版本SIT(系统集成测试)活动是否已完成?', 'ccb8b79c-7ee1-4277-807c-511832412a37', '5d5dc165-75cb-4f59-ac2b-80967f7c8014', NULL, '', '60', 'RN', 'Y', 'b8ab9427-627b-469f-bfd0-4b1buser0001', '2022-08-08', 'b8ab9427-627b-469f-bfd0-4b1buser0001', '2022-08-08');
INSERT INTO wf_rew_element(id, name, pointId, categoryId, importanceId, remark, orderNum, status, isValid, creatorId, createdTime, modifyId, modifyTime) VALUES ('6c23583e-2b68-473f-b4b1-528fef672464', '《设计规格书》中要求的所有规格在该版本是否全部实现?', 'ccb8b79c-7ee1-4277-807c-511832412a37', '5d5dc165-75cb-4f59-ac2b-80967f7c8014', NULL, '', '61', 'RN', 'Y', 'b8ab9427-627b-469f-bfd0-4b1buser0001', '2022-08-08', 'b8ab9427-627b-469f-bfd0-4b1buser0001', '2022-08-08');
INSERT INTO wf_rew_element(id, name, pointId, categoryId, importanceId, remark, orderNum, status, isValid, creatorId, createdTime, modifyId, modifyTime) VALUES ('523c177a-81b5-4cea-9d29-35afb228d2fb', '安全测试是否通过?', 'ccb8b79c-7ee1-4277-807c-511832412a37', '5d5dc165-75cb-4f59-ac2b-80967f7c8014', NULL, '', '62', 'RN', 'Y', 'b8ab9427-627b-469f-bfd0-4b1buser0001', '2022-08-08', 'b8ab9427-627b-469f-bfd0-4b1buser0001', '2022-08-08');
INSERT INTO wf_rew_element(id, name, pointId, categoryId, importanceId, remark, orderNum, status, isValid, creatorId, createdTime, modifyId, modifyTime) VALUES ('0293a250-8b12-4c7f-abb4-582fcc4d0370', '性能测试是否通过?', 'ccb8b79c-7ee1-4277-807c-511832412a37', '5d5dc165-75cb-4f59-ac2b-80967f7c8014', NULL, '', '63', 'RN', 'Y', 'b8ab9427-627b-469f-bfd0-4b1buser0001', '2022-08-08', 'b8ab9427-627b-469f-bfd0-4b1buser0001', '2022-08-08');
INSERT INTO wf_rew_element(id, name, pointId, categoryId, importanceId, remark, orderNum, status, isValid, creatorId, createdTime, modifyId, modifyTime) VALUES ('aafa2649-32b0-46b1-8954-c47a30a76f92', 'DFX测试是否通过?', 'ccb8b79c-7ee1-4277-807c-511832412a37', '5d5dc165-75cb-4f59-ac2b-80967f7c8014', NULL, '', '64', 'RN', 'Y', 'b8ab9427-627b-469f-bfd0-4b1buser0001', '2022-08-08', 'b8ab9427-627b-469f-bfd0-4b1buser0001', '2022-08-08');
INSERT INTO wf_rew_element(id, name, pointId, categoryId, importanceId, remark, orderNum, status, isValid, creatorId, createdTime, modifyId, modifyTime) VALUES ('a666ee77-c3d3-46b6-bcb1-40efe620dbfc', '如果TR5后要现网发布版本,遗留的严重问题是否制定规避措施且规避措施自动执行?', 'ccb8b79c-7ee1-4277-807c-511832412a37', '5d5dc165-75cb-4f59-ac2b-80967f7c8014', NULL, '', '65', 'RN', 'Y', 'b8ab9427-627b-469f-bfd0-4b1buser0001', '2022-08-08', 'b8ab9427-627b-469f-bfd0-4b1buser0001', '2022-08-08');
INSERT INTO wf_rew_element(id, name, pointId, categoryId, importanceId, remark, orderNum, status, isValid, creatorId, createdTime, modifyId, modifyTime) VALUES ('d99cd39c-213e-40b3-8f6e-50aff7d20f80', '兼容性测试是否通过?', 'ccb8b79c-7ee1-4277-807c-511832412a37', '5d5dc165-75cb-4f59-ac2b-80967f7c8014', NULL, '', '66', 'RN', 'Y', 'b8ab9427-627b-469f-bfd0-4b1buser0001', '2022-08-08', 'b8ab9427-627b-469f-bfd0-4b1buser0001', '2022-08-08');
INSERT INTO wf_rew_element(id, name, pointId, categoryId, importanceId, remark, orderNum, status, isValid, creatorId, createdTime, modifyId, modifyTime) VALUES ('2b03eb46-2bcc-4e8a-9cad-e7b78acad611', '产品的全部规格是否实现?相关联的产品包需求和设计需求是否得到验证?', 'df6622c2-2dd6-43f6-b829-0775c7b2ac7c', '1bcaf41c-b852-4927-a192-248628697883', NULL, '', '79', 'RN', 'Y', 'b8ab9427-627b-469f-bfd0-4b1buser0001', '2022-08-08', 'b8ab9427-627b-469f-bfd0-4b1buser0001', '2022-08-08');
INSERT INTO wf_rew_element(id, name, pointId, categoryId, importanceId, remark, orderNum, status, isValid, creatorId, createdTime, modifyId, modifyTime) VALUES ('b21bd16b-8972-43ff-9adc-5cb3aea6a259', '遗留的严重问题是否制定规避措施且规避措施自动执行?', 'df6622c2-2dd6-43f6-b829-0775c7b2ac7c', '1bcaf41c-b852-4927-a192-248628697883', NULL, '', '80', 'RN', 'Y', 'b8ab9427-627b-469f-bfd0-4b1buser0001', '2022-08-08', 'b8ab9427-627b-469f-bfd0-4b1buser0001', '2022-08-08');
INSERT INTO wf_rew_element(id, name, pointId, categoryId, importanceId, remark, orderNum, status, isValid, creatorId, createdTime, modifyId, modifyTime) VALUES ('c8d0d0c8-78de-4f2e-af60-954c11fecd10', '安全测试是否通过?', 'df6622c2-2dd6-43f6-b829-0775c7b2ac7c', '1bcaf41c-b852-4927-a192-248628697883', NULL, '', '81', 'RN', 'Y', 'b8ab9427-627b-469f-bfd0-4b1buser0001', '2022-08-08', 'b8ab9427-627b-469f-bfd0-4b1buser0001', '2022-08-08');
INSERT INTO wf_rew_element(id, name, pointId, categoryId, importanceId, remark, orderNum, status, isValid, creatorId, createdTime, modifyId, modifyTime) VALUES ('3d800f2f-56e2-48b4-93a2-16fed11259f3', '性能测试是否通过?', 'df6622c2-2dd6-43f6-b829-0775c7b2ac7c', '1bcaf41c-b852-4927-a192-248628697883', NULL, '', '82', 'RN', 'Y', 'b8ab9427-627b-469f-bfd0-4b1buser0001', '2022-08-08', 'b8ab9427-627b-469f-bfd0-4b1buser0001', '2022-08-08');
INSERT INTO wf_rew_element(id, name, pointId, categoryId, importanceId, remark, orderNum, status, isValid, creatorId, createdTime, modifyId, modifyTime) VALUES ('0f0a1078-e8f7-4add-ba96-918a84b80820', 'DFX测试是否通过?', 'df6622c2-2dd6-43f6-b829-0775c7b2ac7c', '1bcaf41c-b852-4927-a192-248628697883', NULL, '', '83', 'RN', 'Y', 'b8ab9427-627b-469f-bfd0-4b1buser0001', '2022-08-08', 'b8ab9427-627b-469f-bfd0-4b1buser0001', '2022-08-08');
INSERT INTO wf_rew_element(id, name, pointId, categoryId, importanceId, remark, orderNum, status, isValid, creatorId, createdTime, modifyId, modifyTime) VALUES ('60529ae9-451e-469b-a51a-94d2420f2348', '产品是否通过国际认证?', 'df6622c2-2dd6-43f6-b829-0775c7b2ac7c', '1bcaf41c-b852-4927-a192-248628697883', NULL, '', '84', 'RN', 'Y', 'b8ab9427-627b-469f-bfd0-4b1buser0001', '2022-08-08', 'b8ab9427-627b-469f-bfd0-4b1buser0001', '2022-08-08');
INSERT INTO wf_rew_element(id, name, pointId, categoryId, importanceId, remark, orderNum, status, isValid, creatorId, createdTime, modifyId, modifyTime) VALUES ('465f3477-d317-4005-8649-bd881a365952', '是否按计划完成所有产品交付件的开发与评审?', 'df6622c2-2dd6-43f6-b829-0775c7b2ac7c', '7f0c3673-d0f5-43a6-bb9c-5fb2506f51b2', NULL, '', '85', 'RN', 'Y', 'b8ab9427-627b-469f-bfd0-4b1buser0001', '2022-08-08', 'b8ab9427-627b-469f-bfd0-4b1buser0001', '2022-08-08');
INSERT INTO wf_rew_element(id, name, pointId, categoryId, importanceId, remark, orderNum, status, isValid, creatorId, createdTime, modifyId, modifyTime) VALUES ('5d117ce2-6134-4bdf-a47f-225be1fb3230', '在试验测试中是否发现并解决了所有的致命问题和严重问题?', 'df6622c2-2dd6-43f6-b829-0775c7b2ac7c', '90df40e9-01a5-43c1-8c3d-885a0a9d92a1', NULL, '', '73', 'RN', 'Y', 'b8ab9427-627b-469f-bfd0-4b1buser0001', '2022-08-08', 'b8ab9427-627b-469f-bfd0-4b1buser0001', '2022-08-08');
INSERT INTO wf_rew_element(id, name, pointId, categoryId, importanceId, remark, orderNum, status, isValid, creatorId, createdTime, modifyId, modifyTime) VALUES ('edb6e57c-2748-404f-b658-9cee648f9555', '所有可服务性需求是否得到验证?', 'df6622c2-2dd6-43f6-b829-0775c7b2ac7c', '90df40e9-01a5-43c1-8c3d-885a0a9d92a1', NULL, '', '74', 'RN', 'Y', 'b8ab9427-627b-469f-bfd0-4b1buser0001', '2022-08-08', 'b8ab9427-627b-469f-bfd0-4b1buser0001', '2022-08-08');
INSERT INTO wf_rew_element(id, name, pointId, categoryId, importanceId, remark, orderNum, status, isValid, creatorId, createdTime, modifyId, modifyTime) VALUES ('0ee10999-9236-4151-adde-f08db917b06c', '对于用户日常维护是否已制定一整套的推荐方案?', 'df6622c2-2dd6-43f6-b829-0775c7b2ac7c', '90df40e9-01a5-43c1-8c3d-885a0a9d92a1', NULL, '', '75', 'RN', 'Y', 'b8ab9427-627b-469f-bfd0-4b1buser0001', '2022-08-08', 'b8ab9427-627b-469f-bfd0-4b1buser0001', '2022-08-08');
INSERT INTO wf_rew_element(id, name, pointId, categoryId, importanceId, remark, orderNum, status, isValid, creatorId, createdTime, modifyId, modifyTime) VALUES ('650b67b9-dd68-4424-af7e-794ef4106508', '是否给用服工程师提供工程设计、安装、维护方面的培训?', 'df6622c2-2dd6-43f6-b829-0775c7b2ac7c', '90df40e9-01a5-43c1-8c3d-885a0a9d92a1', NULL, '', '76', 'RN', 'Y', 'b8ab9427-627b-469f-bfd0-4b1buser0001', '2022-08-08', 'b8ab9427-627b-469f-bfd0-4b1buser0001', '2022-08-08');
INSERT INTO wf_rew_element(id, name, pointId, categoryId, importanceId, remark, orderNum, status, isValid, creatorId, createdTime, modifyId, modifyTime) VALUES ('faca7da0-e05a-4533-b96f-e7899fd6d45b', '最终的产品和服务文档是否齐套?', 'df6622c2-2dd6-43f6-b829-0775c7b2ac7c', '90df40e9-01a5-43c1-8c3d-885a0a9d92a1', NULL, '', '77', 'RN', 'Y', 'b8ab9427-627b-469f-bfd0-4b1buser0001', '2022-08-08', 'b8ab9427-627b-469f-bfd0-4b1buser0001', '2022-08-08');
INSERT INTO wf_rew_element(id, name, pointId, categoryId, importanceId, remark, orderNum, status, isValid, creatorId, createdTime, modifyId, modifyTime) VALUES ('4cb1e95f-de21-49ff-afdc-d99a9d014701', '所有的服务工具,譬如维修工具、升级工具等,是否经过测试并可准备就绪?', 'df6622c2-2dd6-43f6-b829-0775c7b2ac7c', '90df40e9-01a5-43c1-8c3d-885a0a9d92a1', NULL, '', '78', 'RN', 'Y', 'b8ab9427-627b-469f-bfd0-4b1buser0001', '2022-08-08', 'b8ab9427-627b-469f-bfd0-4b1buser0001', '2022-08-08');
INSERT INTO wf_rew_element(id, name, pointId, categoryId, importanceId, remark, orderNum, status, isValid, creatorId, createdTime, modifyId, modifyTime) VALUES ('7906b37f-2392-495d-a70d-8f2a73766234', '对实现难度较大的产品,是否已充分考虑其风险?', 'faf36c01-7129-4cef-b07d-a0a6e4de7a7c', '566700fa-2ad0-44ca-89c6-981c6bff9adf', NULL, '', '36', 'RN', 'Y', 'b8ab9427-627b-469f-bfd0-4b1buser0001', '2022-08-08', 'b8ab9427-627b-469f-bfd0-4b1buser0001', '2022-08-08');
INSERT INTO wf_rew_element(id, name, pointId, categoryId, importanceId, remark, orderNum, status, isValid, creatorId, createdTime, modifyId, modifyTime) VALUES ('52986a9c-9aa4-4126-996c-919c16caa6c1', '对准备购买来进行集成的软件及开发工具是否有安全性检查?', 'faf36c01-7129-4cef-b07d-a0a6e4de7a7c', '566700fa-2ad0-44ca-89c6-981c6bff9adf', NULL, '', '37', 'RN', 'Y', 'b8ab9427-627b-469f-bfd0-4b1buser0001', '2022-08-08', 'b8ab9427-627b-469f-bfd0-4b1buser0001', '2022-08-08');
INSERT INTO wf_rew_element(id, name, pointId, categoryId, importanceId, remark, orderNum, status, isValid, creatorId, createdTime, modifyId, modifyTime) VALUES ('5929a15b-f235-4d24-a9c3-47af748f700a', '检查文档密级的设置是否符合公司信息安全规定?', 'faf36c01-7129-4cef-b07d-a0a6e4de7a7c', '566700fa-2ad0-44ca-89c6-981c6bff9adf', NULL, '', '38', 'RN', 'Y', 'b8ab9427-627b-469f-bfd0-4b1buser0001', '2022-08-08', 'b8ab9427-627b-469f-bfd0-4b1buser0001', '2022-08-08');
INSERT INTO wf_rew_element(id, name, pointId, categoryId, importanceId, remark, orderNum, status, isValid, creatorId, createdTime, modifyId, modifyTime) VALUES ('d20126fc-cac0-401f-9bae-c8149e2761ff', '系统管理手段是否安全,以免被轻易获取系统性能、缺陷等信息?', 'faf36c01-7129-4cef-b07d-a0a6e4de7a7c', '566700fa-2ad0-44ca-89c6-981c6bff9adf', NULL, '', '39', 'RN', 'Y', 'b8ab9427-627b-469f-bfd0-4b1buser0001', '2022-08-08', 'b8ab9427-627b-469f-bfd0-4b1buser0001', '2022-08-08');
INSERT INTO wf_rew_element(id, name, pointId, categoryId, importanceId, remark, orderNum, status, isValid, creatorId, createdTime, modifyId, modifyTime) VALUES ('49223079-511b-446c-b0e2-7cee2f7bdb69', '是否确定产品和模块的可靠性规格和基线(包括系统可靠性、环境等)?', 'faf36c01-7129-4cef-b07d-a0a6e4de7a7c', '580de86f-68c2-4db6-ab9c-f4ad0a93b2ae', NULL, '', '22', 'RN', 'Y', 'b8ab9427-627b-469f-bfd0-4b1buser0001', '2022-08-08', 'b8ab9427-627b-469f-bfd0-4b1buser0001', '2022-08-08');
INSERT INTO wf_rew_element(id, name, pointId, categoryId, importanceId, remark, orderNum, status, isValid, creatorId, createdTime, modifyId, modifyTime) VALUES ('cde50148-d944-48ea-b4c2-62b92c1feced', '是否确定全部故障告警级别?', 'faf36c01-7129-4cef-b07d-a0a6e4de7a7c', '580de86f-68c2-4db6-ab9c-f4ad0a93b2ae', NULL, '', '23', 'RN', 'Y', 'b8ab9427-627b-469f-bfd0-4b1buser0001', '2022-08-08', 'b8ab9427-627b-469f-bfd0-4b1buser0001', '2022-08-08');
INSERT INTO wf_rew_element(id, name, pointId, categoryId, importanceId, remark, orderNum, status, isValid, creatorId, createdTime, modifyId, modifyTime) VALUES ('39001ca6-9e85-4524-b2c7-ade3b5e1daf3', '是否有信息安全方面的防范?', 'faf36c01-7129-4cef-b07d-a0a6e4de7a7c', '580de86f-68c2-4db6-ab9c-f4ad0a93b2ae', NULL, '', '24', 'RN', 'Y', 'b8ab9427-627b-469f-bfd0-4b1buser0001', '2022-08-08', 'b8ab9427-627b-469f-bfd0-4b1buser0001', '2022-08-08');
INSERT INTO wf_rew_element(id, name, pointId, categoryId, importanceId, remark, orderNum, status, isValid, creatorId, createdTime, modifyId, modifyTime) VALUES ('0e69efd2-4f01-4464-8e4e-209b72881ad8', '在被选择的技术方案中是否考虑了支持第三方开发?', 'faf36c01-7129-4cef-b07d-a0a6e4de7a7c', '6fd56a0e-d4a8-4ab8-a72c-d68481f462a4', NULL, '', '13', 'RN', 'Y', 'b8ab9427-627b-469f-bfd0-4b1buser0001', '2022-08-08', 'b8ab9427-627b-469f-bfd0-4b1buser0001', '2022-08-08');
INSERT INTO wf_rew_element(id, name, pointId, categoryId, importanceId, remark, orderNum, status, isValid, creatorId, createdTime, modifyId, modifyTime) VALUES ('f3fd0321-45b1-47a8-b9d3-81450199b90d', '是否考虑了对整个系统稳定性、安全性的影响?', 'faf36c01-7129-4cef-b07d-a0a6e4de7a7c', '6fd56a0e-d4a8-4ab8-a72c-d68481f462a4', NULL, '', '14', 'RN', 'Y', 'b8ab9427-627b-469f-bfd0-4b1buser0001', '2022-08-08', 'b8ab9427-627b-469f-bfd0-4b1buser0001', '2022-08-08');
INSERT INTO wf_rew_element(id, name, pointId, categoryId, importanceId, remark, orderNum, status, isValid, creatorId, createdTime, modifyId, modifyTime) VALUES ('6e11884e-8af4-412e-a84b-9f1bebd45726', '是否对软件子系统的开发工具和开发方式进行评估与优选?是否采用仿真环境等?', 'faf36c01-7129-4cef-b07d-a0a6e4de7a7c', '6fd56a0e-d4a8-4ab8-a72c-d68481f462a4', NULL, '', '15', 'RN', 'Y', 'b8ab9427-627b-469f-bfd0-4b1buser0001', '2022-08-08', 'b8ab9427-627b-469f-bfd0-4b1buser0001', '2022-08-08');
INSERT INTO wf_rew_element(id, name, pointId, categoryId, importanceId, remark, orderNum, status, isValid, creatorId, createdTime, modifyId, modifyTime) VALUES ('100f1d2c-6453-42b4-8258-89df4c79f890', '是否支持License管理?', 'faf36c01-7129-4cef-b07d-a0a6e4de7a7c', '6fd56a0e-d4a8-4ab8-a72c-d68481f462a4', NULL, '', '16', 'RN', 'Y', 'b8ab9427-627b-469f-bfd0-4b1buser0001', '2022-08-08', 'b8ab9427-627b-469f-bfd0-4b1buser0001', '2022-08-08');
INSERT INTO wf_rew_element(id, name, pointId, categoryId, importanceId, remark, orderNum, status, isValid, creatorId, createdTime, modifyId, modifyTime) VALUES ('33daaa99-4373-43d8-acf3-d6f7650722ba', '模块之间的接口是否定义?', 'faf36c01-7129-4cef-b07d-a0a6e4de7a7c', '70fd0817-a2fd-4607-a964-efab8e3ccc31', NULL, '', '17', 'RN', 'Y', 'b8ab9427-627b-469f-bfd0-4b1buser0001', '2022-08-08', 'b8ab9427-627b-469f-bfd0-4b1buser0001', '2022-08-08');
INSERT INTO wf_rew_element(id, name, pointId, categoryId, importanceId, remark, orderNum, status, isValid, creatorId, createdTime, modifyId, modifyTime) VALUES ('01194c0e-4c11-45bd-8d8d-ac8f76ea9b86', '产品的系统构成是否有外购件?例如中间件、服务器软件等。是否明确相应的成本?是否规划自主替换计划?', 'faf36c01-7129-4cef-b07d-a0a6e4de7a7c', '70fd0817-a2fd-4607-a964-efab8e3ccc31', NULL, '', '18', 'RN', 'Y', 'b8ab9427-627b-469f-bfd0-4b1buser0001', '2022-08-08', 'b8ab9427-627b-469f-bfd0-4b1buser0001', '2022-08-08');
INSERT INTO wf_rew_element(id, name, pointId, categoryId, importanceId, remark, orderNum, status, isValid, creatorId, createdTime, modifyId, modifyTime) VALUES ('0486c0ea-d398-4b5d-a032-29c0cd02fbf3', '是否考虑遵循和充分利用已有的国际和国家标准?', 'faf36c01-7129-4cef-b07d-a0a6e4de7a7c', '8518ac0f-81c7-45ca-a430-a3ac0b29ba0a', NULL, '', '33', 'RN', 'Y', 'b8ab9427-627b-469f-bfd0-4b1buser0001', '2022-08-08', 'b8ab9427-627b-469f-bfd0-4b1buser0001', '2022-08-08');
INSERT INTO wf_rew_element(id, name, pointId, categoryId, importanceId, remark, orderNum, status, isValid, creatorId, createdTime, modifyId, modifyTime) VALUES ('1d40fc92-b1ce-4285-861f-4c68d0f1909b', '如果存在多种标准,产品选择的标准是否是主流的标准?对标准、协议的特性支持是否明确?', 'faf36c01-7129-4cef-b07d-a0a6e4de7a7c', '8518ac0f-81c7-45ca-a430-a3ac0b29ba0a', NULL, '', '34', 'RN', 'Y', 'b8ab9427-627b-469f-bfd0-4b1buser0001', '2022-08-08', 'b8ab9427-627b-469f-bfd0-4b1buser0001', '2022-08-08');
INSERT INTO wf_rew_element(id, name, pointId, categoryId, importanceId, remark, orderNum, status, isValid, creatorId, createdTime, modifyId, modifyTime) VALUES ('c9c1dce4-d0d5-4c0b-a271-be07839a0db7', '是否按照“目标成本估计”法给出目标成本?', 'faf36c01-7129-4cef-b07d-a0a6e4de7a7c', '9deb4b7b-be54-4700-bbd7-00c0d27d3095', NULL, '', '35', 'RN', 'Y', 'b8ab9427-627b-469f-bfd0-4b1buser0001', '2022-08-08', 'b8ab9427-627b-469f-bfd0-4b1buser0001', '2022-08-08');
INSERT INTO wf_rew_element(id, name, pointId, categoryId, importanceId, remark, orderNum, status, isValid, creatorId, createdTime, modifyId, modifyTime) VALUES ('ac429f26-5c1a-4cd0-8d79-addf2bd85bec', '相同功能软件接口前向兼容,新功能软件接口是否考虑后向兼容性?', 'faf36c01-7129-4cef-b07d-a0a6e4de7a7c', '9eb1de3e-f22e-4266-a555-143817d98d7e', NULL, '', '19', 'RN', 'Y', 'b8ab9427-627b-469f-bfd0-4b1buser0001', '2022-08-08', 'b8ab9427-627b-469f-bfd0-4b1buser0001', '2022-08-08');
INSERT INTO wf_rew_element(id, name, pointId, categoryId, importanceId, remark, orderNum, status, isValid, creatorId, createdTime, modifyId, modifyTime) VALUES ('4996af33-ad91-4290-9cfe-ced725d39494', '是否考虑了多版本之间的业务延续性和继承性?继承的特性是否明确?', 'faf36c01-7129-4cef-b07d-a0a6e4de7a7c', '9eb1de3e-f22e-4266-a555-143817d98d7e', NULL, '', '20', 'RN', 'Y', 'b8ab9427-627b-469f-bfd0-4b1buser0001', '2022-08-08', 'b8ab9427-627b-469f-bfd0-4b1buser0001', '2022-08-08');
INSERT INTO wf_rew_element(id, name, pointId, categoryId, importanceId, remark, orderNum, status, isValid, creatorId, createdTime, modifyId, modifyTime) VALUES ('ac742c96-bd16-4d4b-8227-a83edabe3afa', '配套产品的接口定义是否明确?', 'faf36c01-7129-4cef-b07d-a0a6e4de7a7c', '9eb1de3e-f22e-4266-a555-143817d98d7e', NULL, '', '21', 'RN', 'Y', 'b8ab9427-627b-469f-bfd0-4b1buser0001', '2022-08-08', 'b8ab9427-627b-469f-bfd0-4b1buser0001', '2022-08-08');
INSERT INTO wf_rew_element(id, name, pointId, categoryId, importanceId, remark, orderNum, status, isValid, creatorId, createdTime, modifyId, modifyTime) VALUES ('8bc1fce1-c903-4fbe-9fa4-f15b7fab2171', '是否满足产品和模块的可测性和可维护性设计需求?', 'faf36c01-7129-4cef-b07d-a0a6e4de7a7c', 'bd14ea7e-b2a8-498d-8ebe-79e509868e0b', NULL, '', '25', 'RN', 'Y', 'b8ab9427-627b-469f-bfd0-4b1buser0001', '2022-08-08', 'b8ab9427-627b-469f-bfd0-4b1buser0001', '2022-08-08');
INSERT INTO wf_rew_element(id, name, pointId, categoryId, importanceId, remark, orderNum, status, isValid, creatorId, createdTime, modifyId, modifyTime) VALUES ('1f132f09-31aa-4b07-b362-c5f03b9998b2', '在可测试性需求是否得到满足?', 'faf36c01-7129-4cef-b07d-a0a6e4de7a7c', 'bd14ea7e-b2a8-498d-8ebe-79e509868e0b', NULL, '', '26', 'RN', 'Y', 'b8ab9427-627b-469f-bfd0-4b1buser0001', '2022-08-08', 'b8ab9427-627b-469f-bfd0-4b1buser0001', '2022-08-08');
INSERT INTO wf_rew_element(id, name, pointId, categoryId, importanceId, remark, orderNum, status, isValid, creatorId, createdTime, modifyId, modifyTime) VALUES ('73c0d959-4822-4ee6-9f93-7d799b3a1633', '是否提供远程维护和远程故障诊断与定位功能?', 'faf36c01-7129-4cef-b07d-a0a6e4de7a7c', 'bd14ea7e-b2a8-498d-8ebe-79e509868e0b', NULL, '', '27', 'RN', 'Y', 'b8ab9427-627b-469f-bfd0-4b1buser0001', '2022-08-08', 'b8ab9427-627b-469f-bfd0-4b1buser0001', '2022-08-08');
INSERT INTO wf_rew_element(id, name, pointId, categoryId, importanceId, remark, orderNum, status, isValid, creatorId, createdTime, modifyId, modifyTime) VALUES ('611c408b-f1f7-44e5-8db7-86b1fd913a93', '是否提供完善的告警/性能和日志的记录和上报功能?', 'faf36c01-7129-4cef-b07d-a0a6e4de7a7c', 'c644ba20-b87d-4193-bc3d-d693b5c655f6', NULL, '', '28', 'RN', 'Y', 'b8ab9427-627b-469f-bfd0-4b1buser0001', '2022-08-08', 'b8ab9427-627b-469f-bfd0-4b1buser0001', '2022-08-08');
INSERT INTO wf_rew_element(id, name, pointId, categoryId, importanceId, remark, orderNum, status, isValid, creatorId, createdTime, modifyId, modifyTime) VALUES ('cdbed1f2-9971-4351-94b8-b22a5c1951fa', '是否提供在线诊断和离线诊断功能?', 'faf36c01-7129-4cef-b07d-a0a6e4de7a7c', 'c644ba20-b87d-4193-bc3d-d693b5c655f6', NULL, '', '29', 'RN', 'Y', 'b8ab9427-627b-469f-bfd0-4b1buser0001', '2022-08-08', 'b8ab9427-627b-469f-bfd0-4b1buser0001', '2022-08-08');
INSERT INTO wf_rew_element(id, name, pointId, categoryId, importanceId, remark, orderNum, status, isValid, creatorId, createdTime, modifyId, modifyTime) VALUES ('4cfcc42e-ac49-45cb-96b7-05fb8a229ccd', '软件子系统是否包含可服务性?', 'faf36c01-7129-4cef-b07d-a0a6e4de7a7c', 'c644ba20-b87d-4193-bc3d-d693b5c655f6', NULL, '', '30', 'RN', 'Y', 'b8ab9427-627b-469f-bfd0-4b1buser0001', '2022-08-08', 'b8ab9427-627b-469f-bfd0-4b1buser0001', '2022-08-08');
INSERT INTO wf_rew_element(id, name, pointId, categoryId, importanceId, remark, orderNum, status, isValid, creatorId, createdTime, modifyId, modifyTime) VALUES ('bd0fc960-1981-4bea-9772-62c2aa7d45fb', '用户支持部份关于资料和联机帮助的规格是否足够清晰?', 'faf36c01-7129-4cef-b07d-a0a6e4de7a7c', 'c644ba20-b87d-4193-bc3d-d693b5c655f6', NULL, '', '31', 'RN', 'Y', 'b8ab9427-627b-469f-bfd0-4b1buser0001', '2022-08-08', 'b8ab9427-627b-469f-bfd0-4b1buser0001', '2022-08-08');
INSERT INTO wf_rew_element(id, name, pointId, categoryId, importanceId, remark, orderNum, status, isValid, creatorId, createdTime, modifyId, modifyTime) VALUES ('7ec1003f-0b02-414c-992c-e4f125187ace', '是否考虑了今后的系统升级(是否有系统升级的清晰需求和途径)?产品采用的现有技术是否满足升级需求?相关技术出现对升级需求产生影响?', 'faf36c01-7129-4cef-b07d-a0a6e4de7a7c', 'c644ba20-b87d-4193-bc3d-d693b5c655f6', NULL, '', '32', 'RN', 'Y', 'b8ab9427-627b-469f-bfd0-4b1buser0001', '2022-08-08', 'b8ab9427-627b-469f-bfd0-4b1buser0001', '2022-08-08');
INSERT INTO wf_rew_element(id, name, pointId, categoryId, importanceId, remark, orderNum, status, isValid, creatorId, createdTime, modifyId, modifyTime) VALUES ('ad9c6bc8-442c-4522-8567-ce320d0eda70', '产品需求是否充分转换成设计需求?', 'faf36c01-7129-4cef-b07d-a0a6e4de7a7c', 'd6c9fab1-90a8-4579-983a-e860281ebc1b', NULL, '', '10', 'RN', 'Y', 'b8ab9427-627b-469f-bfd0-4b1buser0001', '2022-08-08', 'b8ab9427-627b-469f-bfd0-4b1buser0001', '2022-08-08');
INSERT INTO wf_rew_element(id, name, pointId, categoryId, importanceId, remark, orderNum, status, isValid, creatorId, createdTime, modifyId, modifyTime) VALUES ('49811c46-4b48-4f56-b8fb-9faf7c3b2694', '所有产品需求(包括客户需求、可服务性/可维护性/可靠性/DFX需求/安全需求等)是否清晰地定义并映射到技术方案?', 'faf36c01-7129-4cef-b07d-a0a6e4de7a7c', 'd6c9fab1-90a8-4579-983a-e860281ebc1b', NULL, '', '11', 'RN', 'Y', 'b8ab9427-627b-469f-bfd0-4b1buser0001', '2022-08-08', 'b8ab9427-627b-469f-bfd0-4b1buser0001', '2022-08-08');
INSERT INTO wf_rew_element(id, name, pointId, categoryId, importanceId, remark, orderNum, status, isValid, creatorId, createdTime, modifyId, modifyTime) VALUES ('4d57f008-2cec-4dc5-8b9f-cb2017401195', '系统架构是否满足需求文档中的性能目标要求?特别是否满足系统最大配置时的性能目标要求?', 'faf36c01-7129-4cef-b07d-a0a6e4de7a7c', 'd6c9fab1-90a8-4579-983a-e860281ebc1b', NULL, '', '12', 'RN', 'Y', 'b8ab9427-627b-469f-bfd0-4b1buser0001', '2022-08-08', 'b8ab9427-627b-469f-bfd0-4b1buser0001', '2022-08-08');

INSERT INTO wf_rew_checkresult(id, name, remark, orderNum, status, isValid, creatorId, createdTime, modifyId, modifyTime) VALUES ('64c28b2d-1fad-4d52-9061-512688fc7998', 'A', '良好,符合标准,没有重大问题或风险', '1', 'RN', 'Y', 'b8ab9427-627b-469f-bfd0-4b1buser0001', '2022-08-08', 'b8ab9427-627b-469f-bfd0-4b1buser0001', '2022-08-08');
INSERT INTO wf_rew_checkresult(id, name, remark, orderNum, status, isValid, creatorId, createdTime, modifyId, modifyTime) VALUES ('fa9bfffa-886f-40c9-b9c2-ce2bb2a166a8', 'B', '需要改进,有一些问题或风险,但还可以接受', '2', 'RN', 'Y', 'b8ab9427-627b-469f-bfd0-4b1buser0001', '2022-08-08', 'b8ab9427-627b-469f-bfd0-4b1buser0001', '2022-08-08');
INSERT INTO wf_rew_checkresult(id, name, remark, orderNum, status, isValid, creatorId, createdTime, modifyId, modifyTime) VALUES ('354a71c6-a36c-4aca-8872-d3f64e6c49c9', 'C', '不合格,存在严重问题或风险,需要立即采取行动来解决', '3', 'RN', 'Y', 'b8ab9427-627b-469f-bfd0-4b1buser0001', '2022-08-08', 'b8ab9427-627b-469f-bfd0-4b1buser0001', '2022-08-08');

INSERT INTO wf_instance(id, name, objectType, remark, modelId, status, orderNum, isSystem, isValid, isDefault, graphView, tranExeCls, creatorId, createdTime, modifyId, modifyTime, step, title, deploymentId, tempStatus)
VALUES ('ACT5caa6-b0d9-4379-94b3-a0a515ceff31', '评审管理模型_1.0', 'REW', '', '37', 'IN', 1, 'Y', 'Y', 'Y', CONVERT(varbinary(max), '<svg xmlns="http://www.w3.org/2000/svg" xmlns:oryx="http://oryx-editor.org" id="sid-4123D9FD-8C54-4A8E-A2AC-4438D0C1233F" width="1207" height="366" xmlns:xlink="http://www.w3.org/1999/xlink" xmlns:svg="http://www.w3.org/2000/svg"><defs><marker id="sid-93452365-7B47-4BCA-A05F-376F5F873A11start" refX="1" refY="5" markerUnits="userSpaceOnUse" markerWidth="17" markerHeight="11" orient="auto">	  		undefined			<path id="sid-93452365-7B47-4BCA-A05F-376F5F873A11default" d="M 5 0 L 11 10" fill="white" stroke="#b7b5b5" stroke-width="1" display="none"/>	  	</marker><marker id="sid-93452365-7B47-4BCA-A05F-376F5F873A11end" refX="9" refY="5" markerUnits="userSpaceOnUse" markerWidth="11" markerHeight="10" orient="auto">	  		<path id="sid-93452365-7B47-4BCA-A05F-376F5F873A11arrowhead" d="M 0 1 L 10 5 L 1 9z" fill="#cfcccc" stroke="#cfcccc" stroke-linejoin="round" stroke-width="1"/>	  	</marker><marker id="sid-9C55636B-F1C5-4DE0-8B1A-63256A3CC38Fstart" refX="1" refY="5" markerUnits="userSpaceOnUse" markerWidth="17" markerHeight="11" orient="auto">	  		undefined			<path id="sid-9C55636B-F1C5-4DE0-8B1A-63256A3CC38Fdefault" d="M 5 0 L 11 10" fill="white" stroke="#b7b5b5" stroke-width="1" display="none"/>	  	</marker><marker id="sid-9C55636B-F1C5-4DE0-8B1A-63256A3CC38Fend" refX="9" refY="5" markerUnits="userSpaceOnUse" markerWidth="11" markerHeight="10" orient="auto">	  		<path id="sid-9C55636B-F1C5-4DE0-8B1A-63256A3CC38Farrowhead" d="M 0 1 L 10 5 L 1 9z" fill="#cfcccc" stroke="#cfcccc" stroke-linejoin="round" stroke-width="1"/>	  	</marker><marker id="sid-4CAE4B51-C7A4-4943-87BE-59B6DB968965start" refX="1" refY="5" markerUnits="userSpaceOnUse" markerWidth="17" markerHeight="11" orient="auto">	  		undefined			<path id="sid-4CAE4B51-C7A4-4943-87BE-59B6DB968965default" d="M 5 0 L 11 10" fill="white" stroke="#b7b5b5" stroke-width="1" display="none"/>	  	</marker><marker id="sid-4CAE4B51-C7A4-4943-87BE-59B6DB968965end" refX="9" refY="5" markerUnits="userSpaceOnUse" markerWidth="11" markerHeight="10" orient="auto">	  		<path id="sid-4CAE4B51-C7A4-4943-87BE-59B6DB968965arrowhead" d="M 0 1 L 10 5 L 1 9z" fill="#cfcccc" stroke="#cfcccc" stroke-linejoin="round" stroke-width="1"/>	  	</marker><marker id="sid-070BE274-98A9-421A-9870-6DD2364A7471start" refX="1" refY="5" markerUnits="userSpaceOnUse" markerWidth="17" markerHeight="11" orient="auto">	  		undefined			<path id="sid-070BE274-98A9-421A-9870-6DD2364A7471default" d="M 5 0 L 11 10" fill="white" stroke="#b7b5b5" stroke-width="1" display="none"/>	  	</marker><marker id="sid-070BE274-98A9-421A-9870-6DD2364A7471end" refX="9" refY="5" markerUnits="userSpaceOnUse" markerWidth="11" markerHeight="10" orient="auto">	  		<path id="sid-070BE274-98A9-421A-9870-6DD2364A7471arrowhead" d="M 0 1 L 10 5 L 1 9z" fill="#cfcccc" stroke="#cfcccc" stroke-linejoin="round" stroke-width="1"/>	  	</marker><marker id="sid-37A07B02-78BA-4AE7-953D-C7C2F4F39A95start" refX="1" refY="5" markerUnits="userSpaceOnUse" markerWidth="17" markerHeight="11" orient="auto">	  		undefined			<path id="sid-37A07B02-78BA-4AE7-953D-C7C2F4F39A95default" d="M 5 0 L 11 10" fill="white" stroke="#b7b5b5" stroke-width="1" display="none"/>	  	</marker><marker id="sid-37A07B02-78BA-4AE7-953D-C7C2F4F39A95end" refX="9" refY="5" markerUnits="userSpaceOnUse" markerWidth="11" markerHeight="10" orient="auto">	  		<path id="sid-37A07B02-78BA-4AE7-953D-C7C2F4F39A95arrowhead" d="M 0 1 L 10 5 L 1 9z" fill="#cfcccc" stroke="#cfcccc" stroke-linejoin="round" stroke-width="1"/>	  	</marker><marker id="sid-BA798104-10DF-4CB8-AAC4-6FCD76FEA122start" refX="1" refY="5" markerUnits="userSpaceOnUse" markerWidth="17" markerHeight="11" orient="auto">	  		undefined			<path id="sid-BA798104-10DF-4CB8-AAC4-6FCD76FEA122default" d="M 5 0 L 11 10" fill="white" stroke="#b7b5b5" stroke-width="1" display="none"/>	  	</marker><marker id="sid-BA798104-10DF-4CB8-AAC4-6FCD76FEA122end" refX="9" refY="5" markerUnits="userSpaceOnUse" markerWidth="11" markerHeight="10" orient="auto">	  		<path id="sid-BA798104-10DF-4CB8-AAC4-6FCD76FEA122arrowhead" d="M 0 1 L 10 5 L 1 9z" fill="#cfcccc" stroke="#cfcccc" stroke-linejoin="round" stroke-width="1"/>	  	</marker><marker id="sid-53F62E80-4862-4FBB-9A51-B0118F1AE348start" refX="1" refY="5" markerUnits="userSpaceOnUse" markerWidth="17" markerHeight="11" orient="auto">	  		undefined			<path id="sid-53F62E80-4862-4FBB-9A51-B0118F1AE348default" d="M 5 0 L 11 10" fill="white" stroke="#b7b5b5" stroke-width="1" display="none"/>	  	</marker><marker id="sid-53F62E80-4862-4FBB-9A51-B0118F1AE348end" refX="9" refY="5" markerUnits="userSpaceOnUse" markerWidth="11" markerHeight="10" orient="auto">	  		<path id="sid-53F62E80-4862-4FBB-9A51-B0118F1AE348arrowhead" d="M 0 1 L 10 5 L 1 9z" fill="#cfcccc" stroke="#cfcccc" stroke-linejoin="round" stroke-width="1"/>	  	</marker><marker id="sid-21305562-60A8-4465-BAE3-50EBE7B936B2start" refX="1" refY="5" markerUnits="userSpaceOnUse" markerWidth="17" markerHeight="11" orient="auto">	  		undefined			<path id="sid-21305562-60A8-4465-BAE3-50EBE7B936B2default" d="M 5 0 L 11 10" fill="white" stroke="#b7b5b5" stroke-width="1" display="none"/>	  	</marker><marker id="sid-21305562-60A8-4465-BAE3-50EBE7B936B2end" refX="9" refY="5" markerUnits="userSpaceOnUse" markerWidth="11" markerHeight="10" orient="auto">	  		<path id="sid-21305562-60A8-4465-BAE3-50EBE7B936B2arrowhead" d="M 0 1 L 10 5 L 1 9z" fill="#cfcccc" stroke="#cfcccc" stroke-linejoin="round" stroke-width="1"/>	  	</marker><marker id="sid-040DB049-5345-4BDE-A9EF-ECC071CA907Astart" refX="1" refY="5" markerUnits="userSpaceOnUse" markerWidth="17" markerHeight="11" orient="auto">	  		undefined			<path id="sid-040DB049-5345-4BDE-A9EF-ECC071CA907Adefault" d="M 5 0 L 11 10" fill="white" stroke="#b7b5b5" stroke-width="1" display="none"/>	  	</marker><marker id="sid-040DB049-5345-4BDE-A9EF-ECC071CA907Aend" refX="9" refY="5" markerUnits="userSpaceOnUse" markerWidth="11" markerHeight="10" orient="auto">	  		<path id="sid-040DB049-5345-4BDE-A9EF-ECC071CA907Aarrowhead" d="M 0 1 L 10 5 L 1 9z" fill="#cfcccc" stroke="#cfcccc" stroke-linejoin="round" stroke-width="1"/>	  	</marker><marker id="sid-FF6AE4F7-8658-42D0-8A68-8E3216A5F0E2start" refX="1" refY="5" markerUnits="userSpaceOnUse" markerWidth="17" markerHeight="11" orient="auto">	  		undefined			<path id="sid-FF6AE4F7-8658-42D0-8A68-8E3216A5F0E2default" d="M 5 0 L 11 10" fill="white" stroke="#b7b5b5" stroke-width="1" display="none"/>	  	</marker><marker id="sid-FF6AE4F7-8658-42D0-8A68-8E3216A5F0E2end" refX="9" refY="5" markerUnits="userSpaceOnUse" markerWidth="11" markerHeight="10" orient="auto">	  		<path id="sid-FF6AE4F7-8658-42D0-8A68-8E3216A5F0E2arrowhead" d="M 0 1 L 10 5 L 1 9z" fill="#cfcccc" stroke="#cfcccc" stroke-linejoin="round" stroke-width="1"/>	  	</marker></defs><svg id="underlay-container"/><g stroke="none" font-family="Verdana, sans-serif" font-size-adjust="none" font-style="normal" font-variant="normal" font-weight="normal" line-heigth="normal" font-size="12"><g class="stencils"><g class="me"/><g class="children"><g id="svg-sid-14B1C748-B8A1-48F3-9240-94DED65DB7B4"><g class="stencils" transform="translate(198.5, 180)"><g class="me"><g pointer-events="fill" id="sid-267D4F19-3A2E-44E8-9350-254D2341CED4" title="开始">    <circle id="sid-267D4F19-3A2E-44E8-9350-254D2341CED4bg_frame" cx="16" cy="16" r="16" stroke="none" fill="url(#sid-267D4F19-3A2E-44E8-9350-254D2341CED4image1)" stroke-width="0"/><defs id="sid-267D4F19-3A2E-44E8-9350-254D2341CED4_sid-267D4F19-3A2E-44E8-9350-254D2341CED4_5"><pattern width="32" height="32" patternUnits="userSpaceOnUse" y="0" x="0" id="sid-267D4F19-3A2E-44E8-9350-254D2341CED4image1"><image href="editor-app/images/start.png" height="32" width="32" y="0" x="0" id="sid-267D4F19-3A2E-44E8-9350-254D2341CED4_sid-267D4F19-3A2E-44E8-9350-254D2341CED4_6"/></pattern></defs> 	<text font-size="11" id="sid-267D4F19-3A2E-44E8-9350-254D2341CED4text_name" x="16" y="38" oryx:align="top center" stroke="#373e48" stroke-width="0pt" letter-spacing="-0.01px" transform="rotate(0 16 38)" oryx:fontSize="11" text-anchor="middle"><tspan dy="11" x="16" y="38">开始</tspan></text>  </g></g><g class="children" style="overflow:hidden"/><g class="edge"/></g><g class="controls"><g class="dockers"/><g class="magnets" transform="translate(198.5, 180)"><g pointer-events="all" display="none" transform="translate(8, 8)"><circle cx="8" cy="8" r="4" stroke="none" fill="red" fill-opacity="0.3"/></g></g></g></g><g id="svg-sid-9EB906D9-BCD6-410E-BE3B-F1965B2F29A2"><g class="stencils" transform="translate(350.5, 180)"><g class="me"><g pointer-events="fill" id="sid-3A53CA59-F3EF-4F3A-9CFD-9180CDA20ED0" title="步骤">    <circle id="sid-3A53CA59-F3EF-4F3A-9CFD-9180CDA20ED0bg_frame" cx="16" cy="16" r="16" stroke="none" fill="url(#sid-3A53CA59-F3EF-4F3A-9CFD-9180CDA20ED0image2)" stroke-width="0"/><defs id="sid-3A53CA59-F3EF-4F3A-9CFD-9180CDA20ED0_sid-3A53CA59-F3EF-4F3A-9CFD-9180CDA20ED0_5"><pattern width="32" height="32" patternUnits="userSpaceOnUse" y="0" x="0" id="sid-3A53CA59-F3EF-4F3A-9CFD-9180CDA20ED0image2"><image href="editor-app/images/status.png" height="32" width="32" y="0" x="0" id="sid-3A53CA59-F3EF-4F3A-9CFD-9180CDA20ED0_sid-3A53CA59-F3EF-4F3A-9CFD-9180CDA20ED0_6"/></pattern></defs>	<text font-size="11" id="sid-3A53CA59-F3EF-4F3A-9CFD-9180CDA20ED0text_name" x="16" y="38" oryx:align="top center" stroke="#373e48" stroke-width="0pt" letter-spacing="-0.01px" transform="rotate(0 16 38)" oryx:fontSize="11" text-anchor="middle"><tspan dy="11" x="16" y="38">发起待审核</tspan></text>  </g></g><g class="children" style="overflow:hidden"/><g class="edge"/></g><g class="controls"><g class="dockers"/><g class="magnets" transform="translate(350.5, 180)"><g pointer-events="all" display="none" transform="translate(8, 8)"><circle cx="8" cy="8" r="4" stroke="none" fill="red" fill-opacity="0.3"/></g></g></g></g><g id="svg-sid-6504A08E-A6FB-4CB6-95F1-E3EEE2CBB262"><g class="stencils" transform="translate(502.5, 180)"><g class="me"><g pointer-events="fill" id="sid-77F82B6E-67F2-4630-98D8-EF240D3BF5D8" title="步骤">    <circle id="sid-77F82B6E-67F2-4630-98D8-EF240D3BF5D8bg_frame" cx="16" cy="16" r="16" stroke="none" fill="url(#sid-77F82B6E-67F2-4630-98D8-EF240D3BF5D8image2)" stroke-width="0"/><defs id="sid-77F82B6E-67F2-4630-98D8-EF240D3BF5D8_sid-77F82B6E-67F2-4630-98D8-EF240D3BF5D8_5"><pattern width="32" height="32" patternUnits="userSpaceOnUse" y="0" x="0" id="sid-77F82B6E-67F2-4630-98D8-EF240D3BF5D8image2"><image href="editor-app/images/status.png" height="32" width="32" y="0" x="0" id="sid-77F82B6E-67F2-4630-98D8-EF240D3BF5D8_sid-77F82B6E-67F2-4630-98D8-EF240D3BF5D8_6"/></pattern></defs>	<text font-size="11" id="sid-77F82B6E-67F2-4630-98D8-EF240D3BF5D8text_name" x="16" y="38" oryx:align="top center" stroke="#373e48" stroke-width="0pt" letter-spacing="-0.01px" transform="rotate(0 16 38)" oryx:fontSize="11" text-anchor="middle"><tspan dy="11" x="16" y="38">预审中</tspan></text>  </g></g><g class="children" style="overflow:hidden"/><g class="edge"/></g><g class="controls"><g class="dockers"/><g class="magnets" transform="translate(502.5, 180)"><g pointer-events="all" display="none" transform="translate(8, 8)"><circle cx="8" cy="8" r="4" stroke="none" fill="red" fill-opacity="0.3"/></g></g></g></g><g id="svg-sid-1223720C-89D9-4F2A-A1B5-BDEA3D7CAE1B"><g class="stencils" transform="translate(654.5, 180)"><g class="me"><g pointer-events="fill" id="sid-9F3729F3-7921-4705-B83F-08E56B43DC1A" title="步骤">    <circle id="sid-9F3729F3-7921-4705-B83F-08E56B43DC1Abg_frame" cx="16" cy="16" r="16" stroke="none" fill="url(#sid-9F3729F3-7921-4705-B83F-08E56B43DC1Aimage2)" stroke-width="0"/><defs id="sid-9F3729F3-7921-4705-B83F-08E56B43DC1A_sid-9F3729F3-7921-4705-B83F-08E56B43DC1A_5"><pattern width="32" height="32" patternUnits="userSpaceOnUse" y="0" x="0" id="sid-9F3729F3-7921-4705-B83F-08E56B43DC1Aimage2"><image href="editor-app/images/status.png" height="32" width="32" y="0" x="0" id="sid-9F3729F3-7921-4705-B83F-08E56B43DC1A_sid-9F3729F3-7921-4705-B83F-08E56B43DC1A_6"/></pattern></defs>	<text font-size="11" id="sid-9F3729F3-7921-4705-B83F-08E56B43DC1Atext_name" x="16" y="38" oryx:align="top center" stroke="#373e48" stroke-width="0pt" letter-spacing="-0.01px" transform="rotate(0 16 38)" oryx:fontSize="11" text-anchor="middle"><tspan dy="11" x="16" y="38">正式评审中</tspan></text>  </g></g><g class="children" style="overflow:hidden"/><g class="edge"/></g><g class="controls"><g class="dockers"/><g class="magnets" transform="translate(654.5, 180)"><g pointer-events="all" display="none" transform="translate(8, 8)"><circle cx="8" cy="8" r="4" stroke="none" fill="red" fill-opacity="0.3"/></g></g></g></g><g id="svg-sid-B0089B2D-6095-43DB-BEC8-6A74C235C913"><g class="stencils" transform="translate(806.5, 180)"><g class="me"><g pointer-events="fill" id="sid-5DE83BD7-73C8-4285-A613-BC82D28FFB06" title="步骤">    <circle id="sid-5DE83BD7-73C8-4285-A613-BC82D28FFB06bg_frame" cx="16" cy="16" r="16" stroke="none" fill="url(#sid-5DE83BD7-73C8-4285-A613-BC82D28FFB06image2)" stroke-width="0"/><defs id="sid-5DE83BD7-73C8-4285-A613-BC82D28FFB06_sid-5DE83BD7-73C8-4285-A613-BC82D28FFB06_5"><pattern width="32" height="32" patternUnits="userSpaceOnUse" y="0" x="0" id="sid-5DE83BD7-73C8-4285-A613-BC82D28FFB06image2"><image href="editor-app/images/status.png" height="32" width="32" y="0" x="0" id="sid-5DE83BD7-73C8-4285-A613-BC82D28FFB06_sid-5DE83BD7-73C8-4285-A613-BC82D28FFB06_6"/></pattern></defs>	<text font-size="11" id="sid-5DE83BD7-73C8-4285-A613-BC82D28FFB06text_name" x="16" y="38" oryx:align="top center" stroke="#373e48" stroke-width="0pt" letter-spacing="-0.01px" transform="rotate(0 16 38)" oryx:fontSize="11" text-anchor="middle"><tspan dy="11" x="16" y="38">一级审核</tspan></text>  </g></g><g class="children" style="overflow:hidden"/><g class="edge"/></g><g class="controls"><g class="dockers"/><g class="magnets" transform="translate(806.5, 180)"><g pointer-events="all" display="none" transform="translate(8, 8)"><circle cx="8" cy="8" r="4" stroke="none" fill="red" fill-opacity="0.3"/></g></g></g></g><g id="svg-sid-C8D74AA5-A730-497C-852B-EE6D85DAE1AB"><g class="stencils" transform="translate(958.5, 180)"><g class="me"><g pointer-events="fill" id="sid-86792F99-8E6F-4D35-A706-5069F049673A" title="步骤">    <circle id="sid-86792F99-8E6F-4D35-A706-5069F049673Abg_frame" cx="16" cy="16" r="16" stroke="none" fill="url(#sid-86792F99-8E6F-4D35-A706-5069F049673Aimage2)" stroke-width="0"/><defs id="sid-86792F99-8E6F-4D35-A706-5069F049673A_sid-86792F99-8E6F-4D35-A706-5069F049673A_5"><pattern width="32" height="32" patternUnits="userSpaceOnUse" y="0" x="0" id="sid-86792F99-8E6F-4D35-A706-5069F049673Aimage2"><image href="editor-app/images/status.png" height="32" width="32" y="0" x="0" id="sid-86792F99-8E6F-4D35-A706-5069F049673A_sid-86792F99-8E6F-4D35-A706-5069F049673A_6"/></pattern></defs>	<text font-size="11" id="sid-86792F99-8E6F-4D35-A706-5069F049673Atext_name" x="16" y="38" oryx:align="top center" stroke="#373e48" stroke-width="0pt" letter-spacing="-0.01px" transform="rotate(0 16 38)" oryx:fontSize="11" text-anchor="middle"><tspan dy="11" x="16" y="38">二级审核</tspan></text>  </g></g><g class="children" style="overflow:hidden"/><g class="edge"/></g><g class="controls"><g class="dockers"/><g class="magnets" transform="translate(958.5, 180)"><g pointer-events="all" display="none" transform="translate(8, 8)"><circle cx="8" cy="8" r="4" stroke="none" fill="red" fill-opacity="0.3"/></g></g></g></g><g id="svg-sid-6D954728-D9BB-4897-BDBE-6E3B046386E6"><g class="stencils" transform="translate(1125, 179)"><g class="me"><g pointer-events="fill" id="sid-96B21606-E537-4468-94F1-46A2C188C7A0" title="结束">    <circle id="sid-96B21606-E537-4468-94F1-46A2C188C7A0bg_frame" cx="16" cy="16" r="16" stroke="none" fill="url(#sid-96B21606-E537-4468-94F1-46A2C188C7A0image1)" stroke-width="0"/><defs id="sid-96B21606-E537-4468-94F1-46A2C188C7A0_sid-96B21606-E537-4468-94F1-46A2C188C7A0_5"><pattern width="32" height="32" patternUnits="userSpaceOnUse" y="0" x="0" id="sid-96B21606-E537-4468-94F1-46A2C188C7A0image1"><image href="editor-app/images/end.png" height="32" width="32" y="0" x="0" id="sid-96B21606-E537-4468-94F1-46A2C188C7A0_sid-96B21606-E537-4468-94F1-46A2C188C7A0_6"/></pattern></defs> 	<text font-size="11" id="sid-96B21606-E537-4468-94F1-46A2C188C7A0text_name" x="16" y="38" oryx:align="top center" stroke="#373e48" stroke-width="0pt" letter-spacing="-0.01px" transform="rotate(0 16 38)" oryx:fontSize="11" text-anchor="middle"><tspan dy="11" x="16" y="38">结束</tspan></text>  </g></g><g class="children" style="overflow:hidden"/><g class="edge"/></g><g class="controls"><g class="dockers"/><g class="magnets" transform="translate(1125, 179)"><g pointer-events="all" display="none" transform="translate(8, 8)"><circle cx="8" cy="8" r="4" stroke="none" fill="red" fill-opacity="0.3"/></g></g></g></g><g id="svg-sid-A85EE3BF-334E-4501-A435-8166E819F0DB"><g class="stencils" transform="translate(510.5, 300)"><g class="me"><g pointer-events="fill" id="sid-C3CC9982-7CAD-491D-9A25-C2FE7A055E47" title="派生">    <circle id="sid-C3CC9982-7CAD-491D-9A25-C2FE7A055E47bg_frame" cx="8" cy="8" r="8" stroke="none" fill="url(#sid-C3CC9982-7CAD-491D-9A25-C2FE7A055E47image1)" stroke-width="0"/><defs id="sid-C3CC9982-7CAD-491D-9A25-C2FE7A055E47_sid-C3CC9982-7CAD-491D-9A25-C2FE7A055E47_5"><pattern width="16" height="16" patternUnits="userSpaceOnUse" y="0" x="0" id="sid-C3CC9982-7CAD-491D-9A25-C2FE7A055E47image1"><image href="editor-app/images/derive.png" height="16" width="16" y="0" x="0" id="sid-C3CC9982-7CAD-491D-9A25-C2FE7A055E47_sid-C3CC9982-7CAD-491D-9A25-C2FE7A055E47_6"/></pattern></defs> 	<text font-size="11" id="sid-C3CC9982-7CAD-491D-9A25-C2FE7A055E47text_name" x="7" y="23" oryx:align="top center" stroke="#373e48" class="samll-derive-text" stroke-width="0pt" letter-spacing="-0.01px" transform="rotate(0 7 23)" oryx:fontSize="11" text-anchor="middle" style="display: inline;"><tspan dy="11" x="7" y="23">缺陷 [缺陷流程模型_1.0]</tspan></text>  </g></g><g class="children" style="overflow:hidden"/><g class="edge"/></g><g class="controls"><g class="dockers"/><g class="magnets" transform="translate(510.5, 300)"><g pointer-events="all" display="none" transform="translate(0, 0)"><circle cx="8" cy="8" r="4" stroke="none" fill="red" fill-opacity="0.3"/></g></g></g></g><g id="svg-sid-C395847D-4A19-4942-93C0-339EEC933095"><g class="stencils" transform="translate(662.5, 300)"><g class="me"><g pointer-events="fill" id="sid-5C6AB7A9-07D1-4865-B814-FDF780474271" title="派生">    <circle id="sid-5C6AB7A9-07D1-4865-B814-FDF780474271bg_frame" cx="8" cy="8" r="8" stroke="none" fill="url(#sid-5C6AB7A9-07D1-4865-B814-FDF780474271image1)" stroke-width="0"/><defs id="sid-5C6AB7A9-07D1-4865-B814-FDF780474271_sid-5C6AB7A9-07D1-4865-B814-FDF780474271_5"><pattern width="16" height="16" patternUnits="userSpaceOnUse" y="0" x="0" id="sid-5C6AB7A9-07D1-4865-B814-FDF780474271image1"><image href="editor-app/images/derive.png" height="16" width="16" y="0" x="0" id="sid-5C6AB7A9-07D1-4865-B814-FDF780474271_sid-5C6AB7A9-07D1-4865-B814-FDF780474271_6"/></pattern></defs> 	<text font-size="11" id="sid-5C6AB7A9-07D1-4865-B814-FDF780474271text_name" x="7" y="23" oryx:align="top center" stroke="#373e48" class="samll-derive-text" stroke-width="0pt" letter-spacing="-0.01px" transform="rotate(0 7 23)" oryx:fontSize="11" text-anchor="middle" style="display: inline;"><tspan dy="11" x="7" y="23">缺陷 [缺陷流程模型_1.0]</tspan></text>  </g></g><g class="children" style="overflow:hidden"/><g class="edge"/></g><g class="controls"><g class="dockers"/><g class="magnets" transform="translate(662.5, 300)"><g pointer-events="all" display="none" transform="translate(0, 0)"><circle cx="8" cy="8" r="4" stroke="none" fill="red" fill-opacity="0.3"/></g></g></g></g></g><g class="edge"><g id="svg-sid-B2B7D773-17E2-4FA3-8B7B-56E2E0D4018F"><g class="stencils"><g class="me"><g pointer-events="painted"><path id="sid-93452365-7B47-4BCA-A05F-376F5F873A11_1" d="M230.9375 196L350.0625 196 " stroke="#b7b5b5" fill="none" stroke-width="1" stroke-linecap="round" stroke-linejoin="round" marker-start="url(#sid-93452365-7B47-4BCA-A05F-376F5F873A11start)" marker-end="url(#sid-93452365-7B47-4BCA-A05F-376F5F873A11end)"/></g><text id="sid-93452365-7B47-4BCA-A05F-376F5F873A11text_name" x="290" y="199" oryx:edgePosition="midbottom" stroke-width="0pt" letter-spacing="-0.01px" transform="rotate(0 290 199)" oryx:fontSize="12" text-anchor="middle"><tspan dy="0" x="290" y="199">提交</tspan></text></g><g class="children" style="overflow:hidden"/><g class="edge"/></g><g class="controls"><g class="dockers"/><g class="magnets"/></g></g><g id="svg-sid-917FE5FE-E3D6-4C06-A9DC-576FBAC00C4A"><g class="stencils"><g class="me"><g pointer-events="painted"><path id="sid-9C55636B-F1C5-4DE0-8B1A-63256A3CC38F_1" d="M382.9375 196L502.0625 196 " stroke="#b7b5b5" fill="none" stroke-width="1" stroke-linecap="round" stroke-linejoin="round" marker-start="url(#sid-9C55636B-F1C5-4DE0-8B1A-63256A3CC38Fstart)" marker-end="url(#sid-9C55636B-F1C5-4DE0-8B1A-63256A3CC38Fend)"/></g><text id="sid-9C55636B-F1C5-4DE0-8B1A-63256A3CC38Ftext_name" x="442" y="199" oryx:edgePosition="midbottom" stroke-width="0pt" letter-spacing="-0.01px" transform="rotate(0 442 199)" oryx:fontSize="12" text-anchor="middle"><tspan dy="0" x="442" y="199">发起预审</tspan></text></g><g class="children" style="overflow:hidden"/><g class="edge"/></g><g class="controls"><g class="dockers"/><g class="magnets"/></g></g><g id="svg-sid-B210CC6A-07C9-41B7-9E01-E3CEC71DC638"><g class="stencils"><g class="me"><g pointer-events="painted"><path id="sid-4CAE4B51-C7A4-4943-87BE-59B6DB968965_1" d="M534.9375 196L654.0625 196 " stroke="#b7b5b5" fill="none" stroke-width="1" stroke-linecap="round" stroke-linejoin="round" marker-start="url(#sid-4CAE4B51-C7A4-4943-87BE-59B6DB968965start)" marker-end="url(#sid-4CAE4B51-C7A4-4943-87BE-59B6DB968965end)"/></g><text id="sid-4CAE4B51-C7A4-4943-87BE-59B6DB968965text_name" x="594" y="199" oryx:edgePosition="midbottom" stroke-width="0pt" letter-spacing="-0.01px" transform="rotate(0 594 199)" oryx:fontSize="12" text-anchor="middle"><tspan dy="0" x="594" y="199">发起正式评审</tspan></text></g><g class="children" style="overflow:hidden"/><g class="edge"/></g><g class="controls"><g class="dockers"/><g class="magnets"/></g></g><g id="svg-sid-6B7E6BA7-7572-4752-A83A-C5704554758B"><g class="stencils"><g class="me"><g pointer-events="painted"><path id="sid-070BE274-98A9-421A-9870-6DD2364A7471_1" d="M686.9375 196L806.0625 196 " stroke="#b7b5b5" fill="none" stroke-width="1" stroke-linecap="round" stroke-linejoin="round" marker-start="url(#sid-070BE274-98A9-421A-9870-6DD2364A7471start)" marker-end="url(#sid-070BE274-98A9-421A-9870-6DD2364A7471end)"/></g><text id="sid-070BE274-98A9-421A-9870-6DD2364A7471text_name" x="746" y="199" oryx:edgePosition="midbottom" stroke-width="0pt" letter-spacing="-0.01px" transform="rotate(0 746 199)" oryx:fontSize="12" text-anchor="middle"><tspan dy="0" x="746" y="199">提交审核</tspan></text></g><g class="children" style="overflow:hidden"/><g class="edge"/></g><g class="controls"><g class="dockers"/><g class="magnets"/></g></g><g id="svg-sid-9D5D388B-70EA-4FCB-98BB-4A788BB21E27"><g class="stencils"><g class="me"><g pointer-events="painted"><path id="sid-37A07B02-78BA-4AE7-953D-C7C2F4F39A95_1" d="M838.9375 196L958.0625 196 " stroke="#b7b5b5" fill="none" stroke-width="1" stroke-linecap="round" stroke-linejoin="round" marker-start="url(#sid-37A07B02-78BA-4AE7-953D-C7C2F4F39A95start)" marker-end="url(#sid-37A07B02-78BA-4AE7-953D-C7C2F4F39A95end)"/></g><text id="sid-37A07B02-78BA-4AE7-953D-C7C2F4F39A95text_name" x="898" y="199" oryx:edgePosition="midbottom" stroke-width="0pt" letter-spacing="-0.01px" transform="rotate(0 898 199)" oryx:fontSize="12" text-anchor="middle"><tspan dy="0" x="898" y="199">审核通过</tspan></text></g><g class="children" style="overflow:hidden"/><g class="edge"/></g><g class="controls"><g class="dockers"/><g class="magnets"/></g></g><g id="svg-sid-A8F30E44-393A-44A6-ADBF-E67912533F48"><g class="stencils"><g class="me"><g pointer-events="painted"><path id="sid-BA798104-10DF-4CB8-AAC4-6FCD76FEA122_1" d="M991.1093569644339 195.90024410231572L1124.3906430355662 195.09975589768428 " stroke="#b7b5b5" fill="none" stroke-width="1" stroke-linecap="round" stroke-linejoin="round" marker-start="url(#sid-BA798104-10DF-4CB8-AAC4-6FCD76FEA122start)" marker-end="url(#sid-BA798104-10DF-4CB8-AAC4-6FCD76FEA122end)"/></g><text id="sid-BA798104-10DF-4CB8-AAC4-6FCD76FEA122text_name" x="1057" y="198" oryx:edgePosition="midbottom" stroke-width="0pt" letter-spacing="-0.01px" transform="rotate(0 1057 198)" oryx:fontSize="12" text-anchor="middle"><tspan dy="0" x="1057" y="198">审核通过</tspan></text></g><g class="children" style="overflow:hidden"/><g class="edge"/></g><g class="controls"><g class="dockers"/><g class="magnets"/></g></g><g id="svg-sid-E5A5EB37-8E6A-42DE-A793-96B1D1724CFF"><g class="stencils"><g class="me"><g pointer-events="painted"><path id="sid-53F62E80-4862-4FBB-9A51-B0118F1AE348_1" d="M822.5 179.359375L822.5 105 L670.5 105 L670.5 179.359375 " stroke="#b7b5b5" fill="none" stroke-width="1" stroke-linecap="round" stroke-linejoin="round" marker-start="url(#sid-53F62E80-4862-4FBB-9A51-B0118F1AE348start)" marker-end="url(#sid-53F62E80-4862-4FBB-9A51-B0118F1AE348end)"/></g><text id="sid-53F62E80-4862-4FBB-9A51-B0118F1AE348text_name" x="746" y="108" oryx:edgePosition="midbottom" stroke-width="0pt" letter-spacing="-0.01px" transform="rotate(0 746 108)" oryx:fontSize="12" text-anchor="middle"><tspan dy="0" x="746" y="108">审核不通过</tspan></text></g><g class="children" style="overflow:hidden"/><g class="edge"/></g><g class="controls"><g class="dockers"/><g class="magnets"/></g></g><g id="svg-sid-D7F30FF3-4E94-44DF-9C6A-340EA9231328"><g class="stencils"><g class="me"><g pointer-events="painted"><path id="sid-21305562-60A8-4465-BAE3-50EBE7B936B2_1" d="M974.5 212.1875L974.5 304 L822.5 304 L822.5 212.1875 " stroke="#b7b5b5" fill="none" stroke-width="1" stroke-linecap="round" stroke-linejoin="round" marker-start="url(#sid-21305562-60A8-4465-BAE3-50EBE7B936B2start)" marker-end="url(#sid-21305562-60A8-4465-BAE3-50EBE7B936B2end)"/></g><text id="sid-21305562-60A8-4465-BAE3-50EBE7B936B2text_name" x="898" y="307" oryx:edgePosition="midbottom" stroke-width="0pt" letter-spacing="-0.01px" transform="rotate(0 898 307)" oryx:fontSize="12" text-anchor="middle"><tspan dy="0" x="898" y="307">审核不通过</tspan></text></g><g class="children" style="overflow:hidden"/><g class="edge"/></g><g class="controls"><g class="dockers"/><g class="magnets"/></g></g><g id="svg-sid-466A1B9E-ABBD-43A4-B927-B2A4D3775151"><g class="stencils"><g class="me"><g pointer-events="painted"><path id="sid-040DB049-5345-4BDE-A9EF-ECC071CA907A_1" d="M518.5 212.75L518.5 300 " stroke="#b7b5b5" fill="none" stroke-width="1" stroke-linecap="round" stroke-linejoin="round" marker-start="url(#sid-040DB049-5345-4BDE-A9EF-ECC071CA907Astart)" marker-end="url(#sid-040DB049-5345-4BDE-A9EF-ECC071CA907Aend)"/></g><text id="sid-040DB049-5345-4BDE-A9EF-ECC071CA907Atext_name" x="518" y="259" oryx:edgePosition="midbottom" stroke-width="0pt" letter-spacing="-0.01px" transform="rotate(0 518 259)" oryx:fontSize="12" text-anchor="middle"><tspan dy="0" x="518" y="259">派生缺陷</tspan></text></g><g class="children" style="overflow:hidden"/><g class="edge"/></g><g class="controls"><g class="dockers"/><g class="magnets"/></g></g><g id="svg-sid-D76F8289-1278-434B-AD49-BE36B45857CB"><g class="stencils"><g class="me"><g pointer-events="painted"><path id="sid-FF6AE4F7-8658-42D0-8A68-8E3216A5F0E2_1" d="M670.5 212.75L670.5 300 " stroke="#b7b5b5" fill="none" stroke-width="1" stroke-linecap="round" stroke-linejoin="round" marker-start="url(#sid-FF6AE4F7-8658-42D0-8A68-8E3216A5F0E2start)" marker-end="url(#sid-FF6AE4F7-8658-42D0-8A68-8E3216A5F0E2end)"/></g><text id="sid-FF6AE4F7-8658-42D0-8A68-8E3216A5F0E2text_name" x="670" y="259" oryx:edgePosition="midbottom" stroke-width="0pt" letter-spacing="-0.01px" transform="rotate(0 670 259)" oryx:fontSize="12" text-anchor="middle"><tspan dy="0" x="670" y="259">派生缺陷</tspan></text></g><g class="children" style="overflow:hidden"/><g class="edge"/></g><g class="controls"><g class="dockers"/><g class="magnets"/></g></g></g></g><g class="svgcontainer"><g display="none" transform="translate(1035.5, 109)"><rect x="0" y="0" stroke-width="1" stroke="#777777" fill="none" stroke-dasharray="2,2" pointer-events="none" width="40" height="40"/></g><g display="none"><path stroke-width="1" stroke="silver" fill="none" stroke-dasharray="5,5" pointer-events="none"/></g><g display="none"><path stroke-width="1" stroke="silver" fill="none" stroke-dasharray="5,5" pointer-events="none"/></g><g><path stroke-width="2" fill="none" d="M-4 1 l0 -5 l5 0 M-4 788 l0 5 l5 0 M1814 788 l0 5 l-5 0 M1814 1 l0 -5 l-5 0 " stroke="#00FF00" stroke-opacity="1" display="none"/></g></g></g></svg>'), NULL, 'b8ab9427-627b-469f-bfd0-4b1buser0001', '2022-08-08', 'b8ab9427-627b-469f-bfd0-4b1buser0001', '2022-08-08', '2', '新建评审', NULL, NULL);

INSERT INTO wf_node(id, name, workflowId, type, property, linkedStatusId, workflowPageId, emailRole, notifyRole, isEmailFile, tranType, phaseRule, lagMode, autoToId, exeCls, entityOpRul, isSynEntity, canWrite, canUpdateFile, canUpdateRelate, rejectRole, remark, orderNum, isSystem, isValid, creatorId, createdTime, modifyId, modifyTime, canRollback)
VALUES ('14B1C748-B8A1-48F3-9240-94DED65DB7B4', '开始', 'ACT5caa6-b0d9-4379-94b3-a0a515ceff31', 'start-state', NULL, NULL, 'e1390fa8-f495-4357-a33b-f732a3f6c600', NULL, NULL, NULL, NULL, NULL, NULL, NULL, NULL, NULL, NULL, NULL, 'N', 'N', NULL, NULL, 1, 'Y', 'Y', 'b8ab9427-627b-469f-bfd0-4b1buser0001', '2022-08-08', 'b8ab9427-627b-469f-bfd0-4b1buser0001', '2022-08-08', 'Y');
INSERT INTO wf_node(id, name, workflowId, type, property, linkedStatusId, workflowPageId, emailRole, notifyRole, isEmailFile, tranType, phaseRule, lagMode, autoToId, exeCls, entityOpRul, isSynEntity, canWrite, canUpdateFile, canUpdateRelate, rejectRole, remark, orderNum, isSystem, isValid, creatorId, createdTime, modifyId, modifyTime, canRollback)
VALUES ('9EB906D9-BCD6-410E-BE3B-F1965B2F29A2', '发起待审核', 'ACT5caa6-b0d9-4379-94b3-a0a515ceff31', 'state', NULL, '95984212-d1f4-4d11-afae-9ef5b9241701', '72abd1af-84d8-47a9-847c-a2f8f0a3a216', '960fb540-3cef-49e8-89b6-1bREWrole001', ',960fb540-3cef-49e8-89b6-1bREWrole001', NULL, NULL, NULL, NULL, NULL, '', NULL, NULL, NULL, 'Y', 'Y', '', NULL, 2, 'Y', 'Y', 'b8ab9427-627b-469f-bfd0-4b1buser0001', '2022-08-08', 'b8ab9427-627b-469f-bfd0-4b1buser0001', '2022-08-08', 'Y');
INSERT INTO wf_node(id, name, workflowId, type, property, linkedStatusId, workflowPageId, emailRole, notifyRole, isEmailFile, tranType, phaseRule, lagMode, autoToId, exeCls, entityOpRul, isSynEntity, canWrite, canUpdateFile, canUpdateRelate, rejectRole, remark, orderNum, isSystem, isValid, creatorId, createdTime, modifyId, modifyTime, canRollback)
VALUES ('6504A08E-A6FB-4CB6-95F1-E3EEE2CBB262', '预审中', 'ACT5caa6-b0d9-4379-94b3-a0a515ceff31', 'state', NULL, 'd36b0242-dac8-4be4-9b68-e24e17b71d88', '3e69723c-4d15-48e4-b0d5-c7d6fe2c7523', '960fb540-3cef-49e8-89b6-1bREWrole001', '960fb540-3cef-49e8-89b6-1bREWrole001', NULL, NULL, NULL, NULL, NULL, '', NULL, NULL, NULL, 'Y', 'Y', '', NULL, 3, 'Y', 'Y', 'b8ab9427-627b-469f-bfd0-4b1buser0001', '2022-08-08', 'b8ab9427-627b-469f-bfd0-4b1buser0001', '2022-08-08', 'Y');
INSERT INTO wf_node(id, name, workflowId, type, property, linkedStatusId, workflowPageId, emailRole, notifyRole, isEmailFile, tranType, phaseRule, lagMode, autoToId, exeCls, entityOpRul, isSynEntity, canWrite, canUpdateFile, canUpdateRelate, rejectRole, remark, orderNum, isSystem, isValid, creatorId, createdTime, modifyId, modifyTime, canRollback)
VALUES ('1223720C-89D9-4F2A-A1B5-BDEA3D7CAE1B', '正式评审中', 'ACT5caa6-b0d9-4379-94b3-a0a515ceff31', 'state', NULL, 'c79dc1f5-9443-4c6d-8a61-6cd76cf8f795', 'dbb40cda-bd7c-48ef-88c3-e682c6cf513a', '960fb540-3cef-49e8-89b6-1bREWrole001', ',960fb540-3cef-49e8-89b6-1bREWrole001', NULL, NULL, NULL, NULL, NULL, '', NULL, NULL, NULL, 'Y', 'Y', ',960fb540-3cef-49e8-89b6-1bREWrole001', NULL, 4, 'Y', 'Y', 'b8ab9427-627b-469f-bfd0-4b1buser0001', '2022-08-08', 'b8ab9427-627b-469f-bfd0-4b1buser0001', '2022-08-08', 'Y');
INSERT INTO wf_node(id, name, workflowId, type, property, linkedStatusId, workflowPageId, emailRole, notifyRole, isEmailFile, tranType, phaseRule, lagMode, autoToId, exeCls, entityOpRul, isSynEntity, canWrite, canUpdateFile, canUpdateRelate, rejectRole, remark, orderNum, isSystem, isValid, creatorId, createdTime, modifyId, modifyTime, canRollback)
VALUES ('B0089B2D-6095-43DB-BEC8-6A74C235C913', '一级审核', 'ACT5caa6-b0d9-4379-94b3-a0a515ceff31', 'state', NULL, 'aced1690-1d35-477b-97f2-0f59427f4aaa', 'a3ebcfb5-f2ec-4062-b2f5-cb6b55505ccd', '960fb540-3cef-49e8-89b6-1bREWrole001', ',960fb540-3cef-49e8-89b6-1bREWrole001', NULL, NULL, NULL, NULL, NULL, '', NULL, NULL, NULL, 'Y', 'Y', '', NULL, 5, 'Y', 'Y', 'b8ab9427-627b-469f-bfd0-4b1buser0001', '2022-08-08', 'b8ab9427-627b-469f-bfd0-4b1buser0001', '2022-08-08', 'Y');
INSERT INTO wf_node(id, name, workflowId, type, property, linkedStatusId, workflowPageId, emailRole, notifyRole, isEmailFile, tranType, phaseRule, lagMode, autoToId, exeCls, entityOpRul, isSynEntity, canWrite, canUpdateFile, canUpdateRelate, rejectRole, remark, orderNum, isSystem, isValid, creatorId, createdTime, modifyId, modifyTime, canRollback)
VALUES ('C8D74AA5-A730-497C-852B-EE6D85DAE1AB', '二级审核', 'ACT5caa6-b0d9-4379-94b3-a0a515ceff31', 'state', NULL, '7ace062d-9c9a-4411-a0c0-e83dbc105fb5', '9e8096b8-88a3-492d-8bd6-72f84b60310b', '960fb540-3cef-49e8-89b6-1bREWrole001', ',960fb540-3cef-49e8-89b6-1bREWrole001', NULL, NULL, NULL, NULL, NULL, '', NULL, NULL, NULL, 'N', 'N', '', NULL, 6, 'Y', 'Y', 'b8ab9427-627b-469f-bfd0-4b1buser0001', '2022-08-08', 'b8ab9427-627b-469f-bfd0-4b1buser0001', '2022-08-08', 'Y');
INSERT INTO wf_node(id, name, workflowId, type, property, linkedStatusId, workflowPageId, emailRole, notifyRole, isEmailFile, tranType, phaseRule, lagMode, autoToId, exeCls, entityOpRul, isSynEntity, canWrite, canUpdateFile, canUpdateRelate, rejectRole, remark, orderNum, isSystem, isValid, creatorId, createdTime, modifyId, modifyTime, canRollback)
VALUES ('6D954728-D9BB-4897-BDBE-6E3B046386E6', '结束', 'ACT5caa6-b0d9-4379-94b3-a0a515ceff31', 'end-state', NULL, '5ee00034-0279-4201-ab16-db244bd3580e', 'bfa6ce8b-1fc4-4c7f-98cd-c679fb310154', '', '', NULL, NULL, NULL, NULL, NULL, '', NULL, NULL, NULL, 'N', 'N', '', NULL, 7, 'Y', 'Y', 'b8ab9427-627b-469f-bfd0-4b1buser0001', '2022-08-08', 'b8ab9427-627b-469f-bfd0-4b1buser0001', '2022-08-08', 'Y');

INSERT INTO wf_transition(id, name, nodeId, toNodeId, workflowPageId, deriveWorkflowType, toDeriveNodeId, conditions, type, isOnlyOnce, isSaveNodeUser, SynCondition, exeCls, workflowId, deriveWorkflowId, isDelPageUser, hasSave, pageTo, isMulTask, functionRight, mapField, deriveMode, emailRemindAgain, remark, orderNum, isSystem, isValid, creatorId, createdTime, modifyId, modifyTime, isForking, isDefaultForking)
VALUES ('B2B7D773-17E2-4FA3-8B7B-56E2E0D4018F', '提交', '14B1C748-B8A1-48F3-9240-94DED65DB7B4', '9EB906D9-BCD6-410E-BE3B-F1965B2F29A2', NULL, NULL, NULL, NULL, 'COMMON', 'N', 'N', '1', NULL, 'ACT5caa6-b0d9-4379-94b3-a0a515ceff31', NULL, NULL, 'N', '1', NULL, NULL, NULL, NULL, NULL, NULL, 0, 'Y', 'Y', 'b8ab9427-627b-469f-bfd0-4b1buser0001', '2022-08-08', 'b8ab9427-627b-469f-bfd0-4b1buser0001', '2022-08-08', 'N', 'N');
INSERT INTO wf_transition(id, name, nodeId, toNodeId, workflowPageId, deriveWorkflowType, toDeriveNodeId, conditions, type, isOnlyOnce, isSaveNodeUser, SynCondition, exeCls, workflowId, deriveWorkflowId, isDelPageUser, hasSave, pageTo, isMulTask, functionRight, mapField, deriveMode, emailRemindAgain, remark, orderNum, isSystem, isValid, creatorId, createdTime, modifyId, modifyTime, isForking, isDefaultForking)
VALUES ('917FE5FE-E3D6-4C06-A9DC-576FBAC00C4A', '发起预审', '9EB906D9-BCD6-410E-BE3B-F1965B2F29A2', '6504A08E-A6FB-4CB6-95F1-E3EEE2CBB262', 'b2df6754-4597-4d77-b6e4-dfbdb60e509f', NULL, NULL, NULL, 'COMMON', 'N', 'N', '1', '', 'ACT5caa6-b0d9-4379-94b3-a0a515ceff31', NULL, NULL, 'N', '1', NULL, NULL, NULL, NULL, NULL, NULL, 1, 'Y', 'Y', 'b8ab9427-627b-469f-bfd0-4b1buser0001', '2022-08-08', 'b8ab9427-627b-469f-bfd0-4b1buser0001', '2022-08-08', 'N', 'N');
INSERT INTO wf_transition(id, name, nodeId, toNodeId, workflowPageId, deriveWorkflowType, toDeriveNodeId, conditions, type, isOnlyOnce, isSaveNodeUser, SynCondition, exeCls, workflowId, deriveWorkflowId, isDelPageUser, hasSave, pageTo, isMulTask, functionRight, mapField, deriveMode, emailRemindAgain, remark, orderNum, isSystem, isValid, creatorId, createdTime, modifyId, modifyTime, isForking, isDefaultForking)
VALUES ('B210CC6A-07C9-41B7-9E01-E3CEC71DC638', '发起正式评审', '6504A08E-A6FB-4CB6-95F1-E3EEE2CBB262', '1223720C-89D9-4F2A-A1B5-BDEA3D7CAE1B', '0c135f88-e526-4aaf-93df-1d749f2cc079', NULL, NULL, NULL, 'COMMON', 'N', 'N', '1', '', 'ACT5caa6-b0d9-4379-94b3-a0a515ceff31', NULL, NULL, 'N', '1', NULL, NULL, NULL, NULL, NULL, NULL, 2, 'Y', 'Y', 'b8ab9427-627b-469f-bfd0-4b1buser0001', '2022-08-08', 'b8ab9427-627b-469f-bfd0-4b1buser0001', '2022-08-08', 'N', 'N');
INSERT INTO wf_transition(id, name, nodeId, toNodeId, workflowPageId, deriveWorkflowType, toDeriveNodeId, conditions, type, isOnlyOnce, isSaveNodeUser, SynCondition, exeCls, workflowId, deriveWorkflowId, isDelPageUser, hasSave, pageTo, isMulTask, functionRight, mapField, deriveMode, emailRemindAgain, remark, orderNum, isSystem, isValid, creatorId, createdTime, modifyId, modifyTime, isForking, isDefaultForking)
VALUES ('466A1B9E-ABBD-43A4-B927-B2A4D3775151', '派生缺陷', '6504A08E-A6FB-4CB6-95F1-E3EEE2CBB262', 'A85EE3BF-334E-4501-A435-8166E819F0DB', '7bd1a891-b99c-4ceb-85f4-2c4785a04db3', 'BUG', 'AF6F4C88-5796-4AA2-A0BC-0B10EEF4E646', NULL, 'DERIVE', 'N', 'N', '1', '', 'ACT5caa6-b0d9-4379-94b3-a0a515ceff31', 'ACT041b9-0c1e-47de-88d3-bb195e084561', NULL, 'N', '1', NULL, NULL, '{"deriveType":"BUG","mappingField":"projectId:projectId"}', NULL, NULL, NULL, 3, 'Y', 'Y', 'b8ab9427-627b-469f-bfd0-4b1buser0001', '2022-08-08', 'b8ab9427-627b-469f-bfd0-4b1buser0001', '2022-08-08', 'N', 'N');
INSERT INTO wf_transition(id, name, nodeId, toNodeId, workflowPageId, deriveWorkflowType, toDeriveNodeId, conditions, type, isOnlyOnce, isSaveNodeUser, SynCondition, exeCls, workflowId, deriveWorkflowId, isDelPageUser, hasSave, pageTo, isMulTask, functionRight, mapField, deriveMode, emailRemindAgain, remark, orderNum, isSystem, isValid, creatorId, createdTime, modifyId, modifyTime, isForking, isDefaultForking)
VALUES ('6B7E6BA7-7572-4752-A83A-C5704554758B', '提交审核', '1223720C-89D9-4F2A-A1B5-BDEA3D7CAE1B', 'B0089B2D-6095-43DB-BEC8-6A74C235C913', 'dcff4987-a135-40ca-a295-e6b03fb03125', NULL, NULL, NULL, 'COMMON', 'N', 'N', '1', '', 'ACT5caa6-b0d9-4379-94b3-a0a515ceff31', NULL, NULL, 'N', '1', NULL, NULL, NULL, NULL, NULL, NULL, 4, 'Y', 'Y', 'b8ab9427-627b-469f-bfd0-4b1buser0001', '2022-08-08', 'b8ab9427-627b-469f-bfd0-4b1buser0001', '2022-08-08', 'N', 'N');
INSERT INTO wf_transition(id, name, nodeId, toNodeId, workflowPageId, deriveWorkflowType, toDeriveNodeId, conditions, type, isOnlyOnce, isSaveNodeUser, SynCondition, exeCls, workflowId, deriveWorkflowId, isDelPageUser, hasSave, pageTo, isMulTask, functionRight, mapField, deriveMode, emailRemindAgain, remark, orderNum, isSystem, isValid, creatorId, createdTime, modifyId, modifyTime, isForking, isDefaultForking)
VALUES ('D76F8289-1278-434B-AD49-BE36B45857CB', '派生缺陷', '1223720C-89D9-4F2A-A1B5-BDEA3D7CAE1B', 'C395847D-4A19-4942-93C0-339EEC933095', '465e5151-26b1-4068-9863-431ae87667c2', 'BUG', 'AF6F4C88-5796-4AA2-A0BC-0B10EEF4E646', NULL, 'DERIVE', 'N', 'N', '1', '', 'ACT5caa6-b0d9-4379-94b3-a0a515ceff31', 'ACT041b9-0c1e-47de-88d3-bb195e084561', NULL, 'N', '1', NULL, NULL, '{"deriveType":"BUG","mappingField":"projectId:projectId"}', NULL, NULL, NULL, 5, 'Y', 'Y', 'b8ab9427-627b-469f-bfd0-4b1buser0001', '2022-08-08', 'b8ab9427-627b-469f-bfd0-4b1buser0001', '2022-08-08', 'N', 'N');
INSERT INTO wf_transition(id, name, nodeId, toNodeId, workflowPageId, deriveWorkflowType, toDeriveNodeId, conditions, type, isOnlyOnce, isSaveNodeUser, SynCondition, exeCls, workflowId, deriveWorkflowId, isDelPageUser, hasSave, pageTo, isMulTask, functionRight, mapField, deriveMode, emailRemindAgain, remark, orderNum, isSystem, isValid, creatorId, createdTime, modifyId, modifyTime, isForking, isDefaultForking)
VALUES ('9D5D388B-70EA-4FCB-98BB-4A788BB21E27', '审核通过', 'B0089B2D-6095-43DB-BEC8-6A74C235C913', 'C8D74AA5-A730-497C-852B-EE6D85DAE1AB', 'e8218154-1b4d-43a8-870a-dda80489865e', NULL, NULL, NULL, 'COMMON', 'N', 'N', '1', '', 'ACT5caa6-b0d9-4379-94b3-a0a515ceff31', NULL, NULL, 'N', '1', NULL, NULL, NULL, NULL, NULL, NULL, 7, 'Y', 'Y', 'b8ab9427-627b-469f-bfd0-4b1buser0001', '2022-08-08', 'b8ab9427-627b-469f-bfd0-4b1buser0001', '2022-08-08', 'N', 'N');
INSERT INTO wf_transition(id, name, nodeId, toNodeId, workflowPageId, deriveWorkflowType, toDeriveNodeId, conditions, type, isOnlyOnce, isSaveNodeUser, SynCondition, exeCls, workflowId, deriveWorkflowId, isDelPageUser, hasSave, pageTo, isMulTask, functionRight, mapField, deriveMode, emailRemindAgain, remark, orderNum, isSystem, isValid, creatorId, createdTime, modifyId, modifyTime, isForking, isDefaultForking)
VALUES ('E5A5EB37-8E6A-42DE-A793-96B1D1724CFF', '审核不通过', 'B0089B2D-6095-43DB-BEC8-6A74C235C913', '1223720C-89D9-4F2A-A1B5-BDEA3D7CAE1B', '4d5fb22b-33aa-4fae-935b-f8a9722c86f9', NULL, NULL, NULL, 'COMMON', 'N', 'N', '1', '', 'ACT5caa6-b0d9-4379-94b3-a0a515ceff31', NULL, NULL, 'N', '1', NULL, NULL, NULL, NULL, NULL, NULL, 8, 'Y', 'Y', 'b8ab9427-627b-469f-bfd0-4b1buser0001', '2022-08-08', 'b8ab9427-627b-469f-bfd0-4b1buser0001', '2022-08-08', 'N', 'N');
INSERT INTO wf_transition(id, name, nodeId, toNodeId, workflowPageId, deriveWorkflowType, toDeriveNodeId, conditions, type, isOnlyOnce, isSaveNodeUser, SynCondition, exeCls, workflowId, deriveWorkflowId, isDelPageUser, hasSave, pageTo, isMulTask, functionRight, mapField, deriveMode, emailRemindAgain, remark, orderNum, isSystem, isValid, creatorId, createdTime, modifyId, modifyTime, isForking, isDefaultForking)
VALUES ('A8F30E44-393A-44A6-ADBF-E67912533F48', '审核通过', 'C8D74AA5-A730-497C-852B-EE6D85DAE1AB', '6D954728-D9BB-4897-BDBE-6E3B046386E6', '9a6b3b44-e05f-4fd1-9e24-72b35e68a9c7', NULL, NULL, NULL, 'COMMON', 'N', 'N', '1', '', 'ACT5caa6-b0d9-4379-94b3-a0a515ceff31', NULL, NULL, 'N', '1', NULL, NULL, NULL, NULL, NULL, NULL, 9, 'Y', 'Y', 'b8ab9427-627b-469f-bfd0-4b1buser0001', '2022-08-08', 'b8ab9427-627b-469f-bfd0-4b1buser0001', '2022-08-08', 'N', 'N');
INSERT INTO wf_transition(id, name, nodeId, toNodeId, workflowPageId, deriveWorkflowType, toDeriveNodeId, conditions, type, isOnlyOnce, isSaveNodeUser, SynCondition, exeCls, workflowId, deriveWorkflowId, isDelPageUser, hasSave, pageTo, isMulTask, functionRight, mapField, deriveMode, emailRemindAgain, remark, orderNum, isSystem, isValid, creatorId, createdTime, modifyId, modifyTime, isForking, isDefaultForking)
VALUES ('D7F30FF3-4E94-44DF-9C6A-340EA9231328', '审核不通过', 'C8D74AA5-A730-497C-852B-EE6D85DAE1AB', 'B0089B2D-6095-43DB-BEC8-6A74C235C913', 'e53a2e89-0528-4b88-aa59-46b642e0d429', NULL, NULL, NULL, 'COMMON', 'N', 'N', '1', '', 'ACT5caa6-b0d9-4379-94b3-a0a515ceff31', NULL, NULL, 'N', '1', NULL, NULL, NULL, NULL, NULL, NULL, 10, 'Y', 'Y', 'b8ab9427-627b-469f-bfd0-4b1buser0001', '2022-08-08', 'b8ab9427-627b-469f-bfd0-4b1buser0001', '2022-08-08', 'N', 'N');
INSERT INTO wf_transition(id, name, nodeId, toNodeId, workflowPageId, deriveWorkflowType, toDeriveNodeId, conditions, type, isOnlyOnce, isSaveNodeUser, SynCondition, exeCls, workflowId, deriveWorkflowId, isDelPageUser, hasSave, pageTo, isMulTask, functionRight, mapField, deriveMode, emailRemindAgain, remark, orderNum, isSystem, isValid, creatorId, createdTime, modifyId, modifyTime, isForking, isDefaultForking)
VALUES ('a0048827-bdff-421f-aa44-971fd1a960cc', '驳回', '1223720C-89D9-4F2A-A1B5-BDEA3D7CAE1B', '', NULL, NULL, NULL, NULL, 'REJECT', 'N', 'N', '1', NULL, 'ACT5caa6-b0d9-4379-94b3-a0a515ceff31', NULL, NULL, 'N', '1', NULL, NULL, NULL, NULL, NULL, NULL, 204, 'Y', 'Y', 'b8ab9427-627b-469f-bfd0-4b1buser0001', '2022-08-08', 'b8ab9427-627b-469f-bfd0-4b1buser0001', '2022-08-08', 'N', 'N');

INSERT INTO sys_status(id, objectType, Name, Remark, bgColor, fColor, isCalcLag, isEnd, isValid, orderNum, creatorId, createdTime, modifyId, modifyTime, workflowId)
VALUES ('95984212-d1f4-4d11-afae-9ef5b9241701', 'REW', '发起待审核', NULL, NULL, NULL, 'Y', 'N', 'Y', 2, 'b8ab9427-627b-469f-bfd0-4b1buser0001', '2022-08-08', 'b8ab9427-627b-469f-bfd0-4b1buser0001', '2022-08-08', 'ACT5caa6-b0d9-4379-94b3-a0a515ceff31');
INSERT INTO sys_status(id, objectType, Name, Remark, bgColor, fColor, isCalcLag, isEnd, isValid, orderNum, creatorId, createdTime, modifyId, modifyTime, workflowId)
VALUES ('d36b0242-dac8-4be4-9b68-e24e17b71d88', 'REW', '预审中', NULL, NULL, NULL, 'Y', 'N', 'Y', 3, 'b8ab9427-627b-469f-bfd0-4b1buser0001', '2022-08-08', 'b8ab9427-627b-469f-bfd0-4b1buser0001', '2022-08-08', 'ACT5caa6-b0d9-4379-94b3-a0a515ceff31');
INSERT INTO sys_status(id, objectType, Name, Remark, bgColor, fColor, isCalcLag, isEnd, isValid, orderNum, creatorId, createdTime, modifyId, modifyTime, workflowId)
VALUES ('c79dc1f5-9443-4c6d-8a61-6cd76cf8f795', 'REW', '正式评审中', NULL, NULL, NULL, 'Y', 'N', 'Y', 4, 'b8ab9427-627b-469f-bfd0-4b1buser0001', '2022-08-08', 'b8ab9427-627b-469f-bfd0-4b1buser0001', '2022-08-08', 'ACT5caa6-b0d9-4379-94b3-a0a515ceff31');
INSERT INTO sys_status(id, objectType, Name, Remark, bgColor, fColor, isCalcLag, isEnd, isValid, orderNum, creatorId, createdTime, modifyId, modifyTime, workflowId)
VALUES ('aced1690-1d35-477b-97f2-0f59427f4aaa', 'REW', '一级审核', NULL, NULL, NULL, 'Y', 'N', 'Y', 5, 'b8ab9427-627b-469f-bfd0-4b1buser0001', '2022-08-08', 'b8ab9427-627b-469f-bfd0-4b1buser0001', '2022-08-08', 'ACT5caa6-b0d9-4379-94b3-a0a515ceff31');
INSERT INTO sys_status(id, objectType, Name, Remark, bgColor, fColor, isCalcLag, isEnd, isValid, orderNum, creatorId, createdTime, modifyId, modifyTime, workflowId)
VALUES ('7ace062d-9c9a-4411-a0c0-e83dbc105fb5', 'REW', '二级审核', NULL, NULL, NULL, 'Y', 'N', 'Y', 6, 'b8ab9427-627b-469f-bfd0-4b1buser0001', '2022-08-08', 'b8ab9427-627b-469f-bfd0-4b1buser0001', '2022-08-08', 'ACT5caa6-b0d9-4379-94b3-a0a515ceff31');
INSERT INTO sys_status(id, objectType, Name, Remark, bgColor, fColor, isCalcLag, isEnd, isValid, orderNum, creatorId, createdTime, modifyId, modifyTime, workflowId)
VALUES ('5ee00034-0279-4201-ab16-db244bd3580e', 'REW', '结束', NULL, NULL, NULL, 'Y', 'Y', 'Y', 7, 'b8ab9427-627b-469f-bfd0-4b1buser0001', '2022-08-08', 'b8ab9427-627b-469f-bfd0-4b1buser0001', '2022-08-08', 'ACT5caa6-b0d9-4379-94b3-a0a515ceff31');

INSERT INTO sys_page(id, name, objectType, pageType, parentId, workflowID, deriveWfType, deriveWfID, mapField, isStartPage, entityTypeID, extPageUrl, extPageCls, isSystem, remark, isValid, orderNum, creatorId, createdTime, modifyId, modifyTime, subType)
VALUES ('465e5151-26b1-4068-9863-431ae87667c2', '派生', 'BUG', 'FORM', NULL, 'ACT5caa6-b0d9-4379-94b3-a0a515ceff31', NULL, NULL, '', NULL, '', NULL, NULL, 'N', NULL, 'Y', 1, 'b8ab9427-627b-469f-bfd0-4b1buser0001', '2022-08-08', 'b8ab9427-627b-469f-bfd0-4b1buser0001', '2022-08-08', 'ADD');
INSERT INTO sys_page(id, name, objectType, pageType, parentId, workflowID, deriveWfType, deriveWfID, mapField, isStartPage, entityTypeID, extPageUrl, extPageCls, isSystem, remark, isValid, orderNum, creatorId, createdTime, modifyId, modifyTime, subType)
VALUES ('7bd1a891-b99c-4ceb-85f4-2c4785a04db3', '派生缺陷', 'BUG', 'FORM', NULL, 'ACT5caa6-b0d9-4379-94b3-a0a515ceff31', NULL, NULL, '', NULL, '', NULL, NULL, 'N', NULL, 'Y', 1, 'b8ab9427-627b-469f-bfd0-4b1buser0001', '2022-08-08', 'b8ab9427-627b-469f-bfd0-4b1buser0001', '2022-08-08', 'ADD');
INSERT INTO sys_page(id, name, objectType, pageType, parentId, workflowID, deriveWfType, deriveWfID, mapField, isStartPage, entityTypeID, extPageUrl, extPageCls, isSystem, remark, isValid, orderNum, creatorId, createdTime, modifyId, modifyTime, subType)
VALUES ('b2df6754-4597-4d77-b6e4-dfbdb60e509f', '发起预审', 'REW', 'FORM', NULL, 'ACT5caa6-b0d9-4379-94b3-a0a515ceff31', NULL, NULL, 'tab_Y_detail,tab_Y_workflowChart,tab_Y_workflowProcess,tab_Y_relate,tab_Y_file', NULL, '', NULL, NULL, 'N', NULL, 'Y', 1, 'b8ab9427-627b-469f-bfd0-4b1buser0001', '2022-08-08', 'b8ab9427-627b-469f-bfd0-4b1buser0001', '2022-08-08', 'EDIT');
INSERT INTO sys_page(id, name, objectType, pageType, parentId, workflowID, deriveWfType, deriveWfID, mapField, isStartPage, entityTypeID, extPageUrl, extPageCls, isSystem, remark, isValid, orderNum, creatorId, createdTime, modifyId, modifyTime, subType)
VALUES ('e1390fa8-f495-4357-a33b-f732a3f6c600', '开始', 'REW', 'FORM', NULL, 'ACT5caa6-b0d9-4379-94b3-a0a515ceff31', NULL, NULL, '', NULL, '', NULL, NULL, 'N', NULL, 'Y', 1, 'b8ab9427-627b-469f-bfd0-4b1buser0001', '2022-08-08', 'b8ab9427-627b-469f-bfd0-4b1buser0001', '2022-08-08', 'ADD');
INSERT INTO sys_page(id, name, objectType, pageType, parentId, workflowID, deriveWfType, deriveWfID, mapField, isStartPage, entityTypeID, extPageUrl, extPageCls, isSystem, remark, isValid, orderNum, creatorId, createdTime, modifyId, modifyTime, subType)
VALUES ('0c135f88-e526-4aaf-93df-1d749f2cc079', '发起正式评审', 'REW', 'FORM', NULL, 'ACT5caa6-b0d9-4379-94b3-a0a515ceff31', NULL, NULL, 'tab_Y_detail,tab_Y_workflowChart,tab_Y_workflowProcess,tab_Y_relate,tab_Y_file', NULL, '', NULL, NULL, 'N', NULL, 'Y', 2, 'b8ab9427-627b-469f-bfd0-4b1buser0001', '2022-08-08', 'b8ab9427-627b-469f-bfd0-4b1buser0001', '2022-08-08', 'EDIT');
INSERT INTO sys_page(id, name, objectType, pageType, parentId, workflowID, deriveWfType, deriveWfID, mapField, isStartPage, entityTypeID, extPageUrl, extPageCls, isSystem, remark, isValid, orderNum, creatorId, createdTime, modifyId, modifyTime, subType)
VALUES ('72abd1af-84d8-47a9-847c-a2f8f0a3a216', '发起待审核', 'REW', 'FORM', NULL, 'ACT5caa6-b0d9-4379-94b3-a0a515ceff31', NULL, NULL, 'tab_Y_detail,tab_Y_workflowChart,tab_Y_workflowProcess,tab_Y_relate,tab_Y_file', NULL, '', NULL, NULL, 'N', NULL, 'Y', 2, 'b8ab9427-627b-469f-bfd0-4b1buser0001', '2022-08-08', 'b8ab9427-627b-469f-bfd0-4b1buser0001', '2022-08-08', 'VIEW');
INSERT INTO sys_page(id, name, objectType, pageType, parentId, workflowID, deriveWfType, deriveWfID, mapField, isStartPage, entityTypeID, extPageUrl, extPageCls, isSystem, remark, isValid, orderNum, creatorId, createdTime, modifyId, modifyTime, subType)
VALUES ('3e69723c-4d15-48e4-b0d5-c7d6fe2c7523', '预审中', 'REW', 'FORM', NULL, 'ACT5caa6-b0d9-4379-94b3-a0a515ceff31', NULL, NULL, 'tab_Y_detail,tab_Y_workflowChart,tab_Y_workflowProcess,tab_Y_relate,tab_Y_file', NULL, '', NULL, NULL, 'N', NULL, 'Y', 3, 'b8ab9427-627b-469f-bfd0-4b1buser0001', '2022-08-08', 'b8ab9427-627b-469f-bfd0-4b1buser0001', '2022-08-08', 'VIEW');
INSERT INTO sys_page(id, name, objectType, pageType, parentId, workflowID, deriveWfType, deriveWfID, mapField, isStartPage, entityTypeID, extPageUrl, extPageCls, isSystem, remark, isValid, orderNum, creatorId, createdTime, modifyId, modifyTime, subType)
VALUES ('dbb40cda-bd7c-48ef-88c3-e682c6cf513a', '正式评审中', 'REW', 'FORM', NULL, 'ACT5caa6-b0d9-4379-94b3-a0a515ceff31', NULL, NULL, 'tab_Y_detail,tab_Y_workflowChart,tab_Y_workflowProcess,tab_Y_relate,tab_Y_file', NULL, '', NULL, NULL, 'N', NULL, 'Y', 4, 'b8ab9427-627b-469f-bfd0-4b1buser0001', '2022-08-08', 'b8ab9427-627b-469f-bfd0-4b1buser0001', '2022-08-08', 'VIEW');
INSERT INTO sys_page(id, name, objectType, pageType, parentId, workflowID, deriveWfType, deriveWfID, mapField, isStartPage, entityTypeID, extPageUrl, extPageCls, isSystem, remark, isValid, orderNum, creatorId, createdTime, modifyId, modifyTime, subType)
VALUES ('dcff4987-a135-40ca-a295-e6b03fb03125', '提交审核', 'REW', 'FORM', NULL, 'ACT5caa6-b0d9-4379-94b3-a0a515ceff31', NULL, NULL, 'tab_Y_detail,tab_Y_workflowChart,tab_Y_workflowProcess,tab_Y_relate,tab_Y_file', NULL, '', NULL, NULL, 'N', NULL, 'Y', 4, 'b8ab9427-627b-469f-bfd0-4b1buser0001', '2022-08-08', 'b8ab9427-627b-469f-bfd0-4b1buser0001', '2022-08-08', 'EDIT');
INSERT INTO sys_page(id, name, objectType, pageType, parentId, workflowID, deriveWfType, deriveWfID, mapField, isStartPage, entityTypeID, extPageUrl, extPageCls, isSystem, remark, isValid, orderNum, creatorId, createdTime, modifyId, modifyTime, subType)
VALUES ('a3ebcfb5-f2ec-4062-b2f5-cb6b55505ccd', '一级审核', 'REW', 'FORM', NULL, 'ACT5caa6-b0d9-4379-94b3-a0a515ceff31', NULL, NULL, 'tab_Y_detail,tab_Y_workflowChart,tab_Y_workflowProcess,tab_Y_relate,tab_Y_file', NULL, '', NULL, NULL, 'N', NULL, 'Y', 5, 'b8ab9427-627b-469f-bfd0-4b1buser0001', '2022-08-08', 'b8ab9427-627b-469f-bfd0-4b1buser0001', '2022-08-08', 'VIEW');
INSERT INTO sys_page(id, name, objectType, pageType, parentId, workflowID, deriveWfType, deriveWfID, mapField, isStartPage, entityTypeID, extPageUrl, extPageCls, isSystem, remark, isValid, orderNum, creatorId, createdTime, modifyId, modifyTime, subType)
VALUES ('9e8096b8-88a3-492d-8bd6-72f84b60310b', '二级审核', 'REW', 'FORM', NULL, 'ACT5caa6-b0d9-4379-94b3-a0a515ceff31', NULL, NULL, 'tab_Y_detail,tab_Y_workflowChart,tab_Y_workflowProcess,tab_Y_relate,tab_Y_file', NULL, '', NULL, NULL, 'N', NULL, 'Y', 6, 'b8ab9427-627b-469f-bfd0-4b1buser0001', '2022-08-08', 'b8ab9427-627b-469f-bfd0-4b1buser0001', '2022-08-08', 'VIEW');
INSERT INTO sys_page(id, name, objectType, pageType, parentId, workflowID, deriveWfType, deriveWfID, mapField, isStartPage, entityTypeID, extPageUrl, extPageCls, isSystem, remark, isValid, orderNum, creatorId, createdTime, modifyId, modifyTime, subType)
VALUES ('bfa6ce8b-1fc4-4c7f-98cd-c679fb310154', '结束', 'REW', 'FORM', NULL, 'ACT5caa6-b0d9-4379-94b3-a0a515ceff31', NULL, NULL, 'tab_Y_detail,tab_Y_workflowChart,tab_Y_workflowProcess,tab_Y_relate,tab_Y_file', NULL, '', NULL, NULL, 'N', NULL, 'Y', 7, 'b8ab9427-627b-469f-bfd0-4b1buser0001', '2022-08-08', 'b8ab9427-627b-469f-bfd0-4b1buser0001', '2022-08-08', 'VIEW');
INSERT INTO sys_page(id, name, objectType, pageType, parentId, workflowID, deriveWfType, deriveWfID, mapField, isStartPage, entityTypeID, extPageUrl, extPageCls, isSystem, remark, isValid, orderNum, creatorId, createdTime, modifyId, modifyTime, subType)
VALUES ('e8218154-1b4d-43a8-870a-dda80489865e', '审核通过', 'REW', 'FORM', NULL, 'ACT5caa6-b0d9-4379-94b3-a0a515ceff31', NULL, NULL, 'tab_Y_detail,tab_Y_workflowChart,tab_Y_workflowProcess,tab_Y_relate,tab_Y_file', NULL, '', NULL, NULL, 'N', NULL, 'Y', 7, 'b8ab9427-627b-469f-bfd0-4b1buser0001', '2022-08-08', 'b8ab9427-627b-469f-bfd0-4b1buser0001', '2022-08-08', 'EDIT');
INSERT INTO sys_page(id, name, objectType, pageType, parentId, workflowID, deriveWfType, deriveWfID, mapField, isStartPage, entityTypeID, extPageUrl, extPageCls, isSystem, remark, isValid, orderNum, creatorId, createdTime, modifyId, modifyTime, subType)
VALUES ('4d5fb22b-33aa-4fae-935b-f8a9722c86f9', '审核不通过', 'REW', 'FORM', NULL, 'ACT5caa6-b0d9-4379-94b3-a0a515ceff31', NULL, NULL, 'tab_Y_detail,tab_Y_workflowChart,tab_Y_workflowProcess,tab_Y_relate,tab_Y_file', NULL, '', NULL, NULL, 'N', NULL, 'Y', 8, 'b8ab9427-627b-469f-bfd0-4b1buser0001', '2022-08-08', 'b8ab9427-627b-469f-bfd0-4b1buser0001', '2022-08-08', 'EDIT');
INSERT INTO sys_page(id, name, objectType, pageType, parentId, workflowID, deriveWfType, deriveWfID, mapField, isStartPage, entityTypeID, extPageUrl, extPageCls, isSystem, remark, isValid, orderNum, creatorId, createdTime, modifyId, modifyTime, subType)
VALUES ('9a6b3b44-e05f-4fd1-9e24-72b35e68a9c7', '审核通过', 'REW', 'FORM', NULL, 'ACT5caa6-b0d9-4379-94b3-a0a515ceff31', NULL, NULL, 'tab_Y_detail,tab_Y_workflowChart,tab_Y_workflowProcess,tab_Y_relate,tab_Y_file', NULL, '', NULL, NULL, 'N', NULL, 'Y', 9, 'b8ab9427-627b-469f-bfd0-4b1buser0001', '2022-08-08', 'b8ab9427-627b-469f-bfd0-4b1buser0001', '2022-08-08', 'EDIT');
INSERT INTO sys_page(id, name, objectType, pageType, parentId, workflowID, deriveWfType, deriveWfID, mapField, isStartPage, entityTypeID, extPageUrl, extPageCls, isSystem, remark, isValid, orderNum, creatorId, createdTime, modifyId, modifyTime, subType)
VALUES ('e53a2e89-0528-4b88-aa59-46b642e0d429', '审核不通过', 'REW', 'FORM', NULL, 'ACT5caa6-b0d9-4379-94b3-a0a515ceff31', NULL, NULL, 'tab_Y_detail,tab_Y_workflowChart,tab_Y_workflowProcess,tab_Y_relate,tab_Y_file', NULL, '', NULL, NULL, 'N', NULL, 'Y', 10, 'b8ab9427-627b-469f-bfd0-4b1buser0001', '2022-08-08', 'b8ab9427-627b-469f-bfd0-4b1buser0001', '2022-08-08', 'EDIT');

INSERT INTO sys_pagefield_rlt(id, pageId, fieldId, orderNum, isRequired, isReaded, isReseted, isRecorded, isShowed, layout, isValid, module)
VALUES ('0f2b12be-ec0d-4fad-846d-f7ac8ee6d0a8', '0c135f88-e526-4aaf-93df-1d749f2cc079', 'a4c1ec93-5859-4906-bbc1-da9bee3dcde3', 1, 'N', 'Y', NULL, NULL, 'Y', 'F', 'Y', NULL);
INSERT INTO sys_pagefield_rlt(id, pageId, fieldId, orderNum, isRequired, isReaded, isReseted, isRecorded, isShowed, layout, isValid, module)
VALUES ('08c04283-f1e4-4fe6-af75-3465b1d40f5f', '0c135f88-e526-4aaf-93df-1d749f2cc079', '9b78dbbd-664b-4afa-8072-d8fa2f770e3c', 2, 'N', 'Y', NULL, NULL, 'Y', 'F', 'Y', NULL);
INSERT INTO sys_pagefield_rlt(id, pageId, fieldId, orderNum, isRequired, isReaded, isReseted, isRecorded, isShowed, layout, isValid, module)
VALUES ('db08527f-b223-441e-bc24-28a1f6d91464', '0c135f88-e526-4aaf-93df-1d749f2cc079', 'c252fde3-0e12-4369-891a-9e85c1ed3441', 3, 'N', 'Y', NULL, NULL, 'Y', 'T', 'Y', NULL);
INSERT INTO sys_pagefield_rlt(id, pageId, fieldId, orderNum, isRequired, isReaded, isReseted, isRecorded, isShowed, layout, isValid, module)
VALUES ('56d29e0e-642d-4475-b060-a0f0f6d26e99', '0c135f88-e526-4aaf-93df-1d749f2cc079', '0e3309f3-de13-4706-ae15-80feefba3bad', 4, 'N', 'Y', NULL, NULL, 'Y', 'T', 'Y', NULL);
INSERT INTO sys_pagefield_rlt(id, pageId, fieldId, orderNum, isRequired, isReaded, isReseted, isRecorded, isShowed, layout, isValid, module)
VALUES ('f4daf618-9e27-4965-926a-9c87c8ff39b7', '0c135f88-e526-4aaf-93df-1d749f2cc079', 'd93e154e-d0ef-43d7-88d8-edac54657dbe', 5, 'N', 'Y', NULL, NULL, 'Y', 'F', 'Y', NULL);
INSERT INTO sys_pagefield_rlt(id, pageId, fieldId, orderNum, isRequired, isReaded, isReseted, isRecorded, isShowed, layout, isValid, module)
VALUES ('1803721d-0d93-42e8-a965-4d8d5c9b0f5d', '0c135f88-e526-4aaf-93df-1d749f2cc079', 'acf0d451-7f36-41a4-9bf8-164f6bbd3b2b', 6, 'Y', 'N', NULL, NULL, 'Y', 'F', 'Y', NULL);
INSERT INTO sys_pagefield_rlt(id, pageId, fieldId, orderNum, isRequired, isReaded, isReseted, isRecorded, isShowed, layout, isValid, module)
VALUES ('57b814e0-99a2-4aad-af2c-e11a1953b69e', '0c135f88-e526-4aaf-93df-1d749f2cc079', '6d3d39e0-58ac-43e6-a043-44f24c588156', 7, 'Y', 'N', NULL, NULL, 'Y', 'T', 'Y', NULL);
INSERT INTO sys_pagefield_rlt(id, pageId, fieldId, orderNum, isRequired, isReaded, isReseted, isRecorded, isShowed, layout, isValid, module)
VALUES ('3cc9df67-536c-49f8-9478-5f6817b3f958', '0c135f88-e526-4aaf-93df-1d749f2cc079', '1c07149d-9696-445c-8e5a-c3eaf24b457a', 8, 'Y', 'N', NULL, NULL, 'Y', 'T', 'Y', NULL);
INSERT INTO sys_pagefield_rlt(id, pageId, fieldId, orderNum, isRequired, isReaded, isReseted, isRecorded, isShowed, layout, isValid, module)
VALUES ('865f35ef-27e9-4f7c-9ffc-3522878f8900', '0c135f88-e526-4aaf-93df-1d749f2cc079', 'a03b09de-1622-4b9b-8d45-a78a5145479b', 9, 'N', 'N', NULL, NULL, 'Y', 'T', 'Y', NULL);
INSERT INTO sys_pagefield_rlt(id, pageId, fieldId, orderNum, isRequired, isReaded, isReseted, isRecorded, isShowed, layout, isValid, module)
VALUES ('40105bd7-49e7-421d-b41c-6effd875eee5', '3e69723c-4d15-48e4-b0d5-c7d6fe2c7523', 'a4c1ec93-5859-4906-bbc1-da9bee3dcde3', 1, 'N', 'Y', NULL, NULL, 'Y', 'F', 'Y', NULL);
INSERT INTO sys_pagefield_rlt(id, pageId, fieldId, orderNum, isRequired, isReaded, isReseted, isRecorded, isShowed, layout, isValid, module)
VALUES ('218343f3-f18a-4d55-868b-31d96ffb8ad6', '3e69723c-4d15-48e4-b0d5-c7d6fe2c7523', '9b78dbbd-664b-4afa-8072-d8fa2f770e3c', 2, 'N', 'Y', NULL, NULL, 'Y', 'F', 'Y', NULL);
INSERT INTO sys_pagefield_rlt(id, pageId, fieldId, orderNum, isRequired, isReaded, isReseted, isRecorded, isShowed, layout, isValid, module)
VALUES ('d1178f89-5cbe-4b26-ab72-b98aeff2bf28', '3e69723c-4d15-48e4-b0d5-c7d6fe2c7523', 'c252fde3-0e12-4369-891a-9e85c1ed3441', 3, 'N', 'Y', NULL, NULL, 'Y', 'T', 'Y', NULL);
INSERT INTO sys_pagefield_rlt(id, pageId, fieldId, orderNum, isRequired, isReaded, isReseted, isRecorded, isShowed, layout, isValid, module)
VALUES ('5c728fb3-358e-4244-b885-544737a73888', '3e69723c-4d15-48e4-b0d5-c7d6fe2c7523', '0e3309f3-de13-4706-ae15-80feefba3bad', 4, 'N', 'Y', NULL, NULL, 'Y', 'T', 'Y', NULL);
INSERT INTO sys_pagefield_rlt(id, pageId, fieldId, orderNum, isRequired, isReaded, isReseted, isRecorded, isShowed, layout, isValid, module)
VALUES ('c37159e2-6500-4dea-b6d1-5a672553abf4', '3e69723c-4d15-48e4-b0d5-c7d6fe2c7523', 'd93e154e-d0ef-43d7-88d8-edac54657dbe', 5, 'N', 'Y', NULL, NULL, 'Y', 'F', 'Y', NULL);
INSERT INTO sys_pagefield_rlt(id, pageId, fieldId, orderNum, isRequired, isReaded, isReseted, isRecorded, isShowed, layout, isValid, module)
VALUES ('02b9382e-2a8a-4f79-994c-b1ad7a7ac588', '3e69723c-4d15-48e4-b0d5-c7d6fe2c7523', 'acf0d451-7f36-41a4-9bf8-164f6bbd3b2b', 6, 'N', 'Y', NULL, NULL, 'Y', 'F', 'Y', NULL);
INSERT INTO sys_pagefield_rlt(id, pageId, fieldId, orderNum, isRequired, isReaded, isReseted, isRecorded, isShowed, layout, isValid, module)
VALUES ('ec71976a-429b-4ca8-9518-095ad725400c', '3e69723c-4d15-48e4-b0d5-c7d6fe2c7523', '6d3d39e0-58ac-43e6-a043-44f24c588156', 7, 'Y', 'Y', NULL, NULL, 'Y', 'T', 'Y', NULL);
INSERT INTO sys_pagefield_rlt(id, pageId, fieldId, orderNum, isRequired, isReaded, isReseted, isRecorded, isShowed, layout, isValid, module)
VALUES ('64fd689c-25e3-4bb1-a0fc-7b895b56a234', '3e69723c-4d15-48e4-b0d5-c7d6fe2c7523', '1c07149d-9696-445c-8e5a-c3eaf24b457a', 8, 'Y', 'Y', NULL, NULL, 'Y', 'T', 'Y', NULL);
INSERT INTO sys_pagefield_rlt(id, pageId, fieldId, orderNum, isRequired, isReaded, isReseted, isRecorded, isShowed, layout, isValid, module)
VALUES ('bd9b50b0-2741-4f3a-827a-9289232424d6', '3e69723c-4d15-48e4-b0d5-c7d6fe2c7523', 'a03b09de-1622-4b9b-8d45-a78a5145479b', 9, 'N', 'Y', NULL, NULL, 'Y', 'T', 'Y', NULL);
INSERT INTO sys_pagefield_rlt(id, pageId, fieldId, orderNum, isRequired, isReaded, isReseted, isRecorded, isShowed, layout, isValid, module)
VALUES ('b14ca78a-6e41-4ae1-8722-68d333440a27', '465e5151-26b1-4068-9863-431ae87667c2', '8efe7acd-ba5d-40fa-a34e-3094a7e88cd1', 1, 'Y', 'N', NULL, NULL, 'Y', 'F', 'Y', NULL);
INSERT INTO sys_pagefield_rlt(id, pageId, fieldId, orderNum, isRequired, isReaded, isReseted, isRecorded, isShowed, layout, isValid, module)
VALUES ('f8eb9662-3c5c-4c52-acb1-d3c13ad85b54', '465e5151-26b1-4068-9863-431ae87667c2', '5337ad8b-18f5-4dd9-88fc-6296d48bb55c', 2, 'N', 'N', NULL, NULL, 'Y', 'F', 'Y', NULL);
INSERT INTO sys_pagefield_rlt(id, pageId, fieldId, orderNum, isRequired, isReaded, isReseted, isRecorded, isShowed, layout, isValid, module)
VALUES ('ebc99f98-68aa-4f88-9c5a-23808a49278a', '465e5151-26b1-4068-9863-431ae87667c2', '01170613-855f-4b25-88b1-4d4fbcadcaf6', 3, 'Y', 'N', NULL, NULL, 'Y', 'T', 'Y', NULL);
INSERT INTO sys_pagefield_rlt(id, pageId, fieldId, orderNum, isRequired, isReaded, isReseted, isRecorded, isShowed, layout, isValid, module)
VALUES ('8d5c2154-a497-4e87-af14-5e224114f986', '465e5151-26b1-4068-9863-431ae87667c2', 'df25b50a-b71b-452f-9a13-a93037b3c10b', 4, 'Y', 'N', NULL, NULL, 'Y', 'T', 'Y', NULL);
INSERT INTO sys_pagefield_rlt(id, pageId, fieldId, orderNum, isRequired, isReaded, isReseted, isRecorded, isShowed, layout, isValid, module)
VALUES ('6242716e-4e5b-463c-95af-aacb7b0cb5a9', '465e5151-26b1-4068-9863-431ae87667c2', 'bd202e86-8dba-4882-a1cc-d6238221f5f1', 5, 'Y', 'N', NULL, NULL, 'Y', 'T', 'Y', NULL);
INSERT INTO sys_pagefield_rlt(id, pageId, fieldId, orderNum, isRequired, isReaded, isReseted, isRecorded, isShowed, layout, isValid, module)
VALUES ('c693ae60-5909-4a66-acbe-272336f95e20', '465e5151-26b1-4068-9863-431ae87667c2', 'edab1bc3-7dca-488e-aba4-975c68b9b59c', 6, 'Y', 'N', NULL, NULL, 'Y', 'T', 'Y', NULL);
INSERT INTO sys_pagefield_rlt(id, pageId, fieldId, orderNum, isRequired, isReaded, isReseted, isRecorded, isShowed, layout, isValid, module)
VALUES ('048ea491-1172-4315-a817-f1db653cba2a', '465e5151-26b1-4068-9863-431ae87667c2', '7d2ccc13-0e5b-47b4-9d73-584ba9aedffe', 7, 'N', 'N', NULL, NULL, 'Y', 'T', 'Y', NULL);
INSERT INTO sys_pagefield_rlt(id, pageId, fieldId, orderNum, isRequired, isReaded, isReseted, isRecorded, isShowed, layout, isValid, module)
VALUES ('c5d7baf3-b51b-4fc9-a7bf-b062dac3d8f7', '465e5151-26b1-4068-9863-431ae87667c2', 'da8d25ee-1816-4b11-8393-b48de27b9695', 8, 'Y', 'N', NULL, NULL, 'Y', 'T', 'Y', NULL);
INSERT INTO sys_pagefield_rlt(id, pageId, fieldId, orderNum, isRequired, isReaded, isReseted, isRecorded, isShowed, layout, isValid, module)
VALUES ('d1f599dc-4df8-4e74-abc6-650057cd8d6c', '465e5151-26b1-4068-9863-431ae87667c2', '1913968f-87d6-43c7-97c7-1be6e7efa002', 9, 'N', 'N', NULL, NULL, 'Y', 'T', 'Y', NULL);
INSERT INTO sys_pagefield_rlt(id, pageId, fieldId, orderNum, isRequired, isReaded, isReseted, isRecorded, isShowed, layout, isValid, module)
VALUES ('9b455f97-b7fa-48ae-a29e-47102aff670e', '465e5151-26b1-4068-9863-431ae87667c2', '5d79ee44-bc5e-417f-baf7-70717ce7c2ff', 10, 'N', 'N', NULL, NULL, 'Y', 'T', 'Y', NULL);
INSERT INTO sys_pagefield_rlt(id, pageId, fieldId, orderNum, isRequired, isReaded, isReseted, isRecorded, isShowed, layout, isValid, module)
VALUES ('87c0f397-539a-401b-b305-bf6dda81a77d', '465e5151-26b1-4068-9863-431ae87667c2', 'fba45d89-ef08-4b79-813c-9f703d4f869a', 11, 'N', 'N', NULL, NULL, 'Y', 'F', 'Y', NULL);
INSERT INTO sys_pagefield_rlt(id, pageId, fieldId, orderNum, isRequired, isReaded, isReseted, isRecorded, isShowed, layout, isValid, module)
VALUES ('86b5d094-3eaa-4091-89ce-67476369d53c', '4d5fb22b-33aa-4fae-935b-f8a9722c86f9', 'a4c1ec93-5859-4906-bbc1-da9bee3dcde3', 1, 'N', 'Y', NULL, NULL, 'Y', 'F', 'Y', NULL);
INSERT INTO sys_pagefield_rlt(id, pageId, fieldId, orderNum, isRequired, isReaded, isReseted, isRecorded, isShowed, layout, isValid, module)
VALUES ('de212585-8128-4ece-a71f-1f5a91545021', '4d5fb22b-33aa-4fae-935b-f8a9722c86f9', '9b78dbbd-664b-4afa-8072-d8fa2f770e3c', 2, 'N', 'Y', NULL, NULL, 'Y', 'F', 'Y', NULL);
INSERT INTO sys_pagefield_rlt(id, pageId, fieldId, orderNum, isRequired, isReaded, isReseted, isRecorded, isShowed, layout, isValid, module)
VALUES ('745cdd2b-e55e-4661-82de-3916a9993192', '4d5fb22b-33aa-4fae-935b-f8a9722c86f9', 'c252fde3-0e12-4369-891a-9e85c1ed3441', 3, 'N', 'Y', NULL, NULL, 'Y', 'T', 'Y', NULL);
INSERT INTO sys_pagefield_rlt(id, pageId, fieldId, orderNum, isRequired, isReaded, isReseted, isRecorded, isShowed, layout, isValid, module)
VALUES ('88312590-e76c-4c4d-9b63-c580487059a5', '4d5fb22b-33aa-4fae-935b-f8a9722c86f9', '0e3309f3-de13-4706-ae15-80feefba3bad', 4, 'N', 'Y', NULL, NULL, 'Y', 'T', 'Y', NULL);
INSERT INTO sys_pagefield_rlt(id, pageId, fieldId, orderNum, isRequired, isReaded, isReseted, isRecorded, isShowed, layout, isValid, module)
VALUES ('b5c5e55a-d3ab-4dac-8319-688e61f6dd56', '4d5fb22b-33aa-4fae-935b-f8a9722c86f9', 'd93e154e-d0ef-43d7-88d8-edac54657dbe', 5, 'N', 'Y', NULL, NULL, 'Y', 'F', 'Y', NULL);
INSERT INTO sys_pagefield_rlt(id, pageId, fieldId, orderNum, isRequired, isReaded, isReseted, isRecorded, isShowed, layout, isValid, module)
VALUES ('e3ae3985-a575-4ac8-a480-b543294c24a8', '4d5fb22b-33aa-4fae-935b-f8a9722c86f9', 'acf0d451-7f36-41a4-9bf8-164f6bbd3b2b', 6, 'N', 'N', NULL, NULL, 'Y', 'F', 'Y', NULL);
INSERT INTO sys_pagefield_rlt(id, pageId, fieldId, orderNum, isRequired, isReaded, isReseted, isRecorded, isShowed, layout, isValid, module)
VALUES ('9ffaebf2-6add-46fc-b598-54f4fd1a00f7', '4d5fb22b-33aa-4fae-935b-f8a9722c86f9', '0543b40a-bbf2-450f-b761-9a02c9221159', 7, 'Y', 'N', NULL, NULL, 'Y', 'T', 'Y', NULL);
INSERT INTO sys_pagefield_rlt(id, pageId, fieldId, orderNum, isRequired, isReaded, isReseted, isRecorded, isShowed, layout, isValid, module)
VALUES ('6d5c1d75-97b6-411b-a439-6a96b831fb09', '4d5fb22b-33aa-4fae-935b-f8a9722c86f9', 'ca8b8d21-02e2-4097-8579-25138780c0fd', 8, 'Y', 'N', NULL, NULL, 'Y', 'T', 'Y', NULL);
INSERT INTO sys_pagefield_rlt(id, pageId, fieldId, orderNum, isRequired, isReaded, isReseted, isRecorded, isShowed, layout, isValid, module)
VALUES ('40a2e150-5758-46a1-8526-2754e87893ec', '4d5fb22b-33aa-4fae-935b-f8a9722c86f9', 'dfdad7ae-fda4-4baa-8b44-f570b50d1914', 9, 'Y', 'N', NULL, NULL, 'Y', 'T', 'Y', NULL);
INSERT INTO sys_pagefield_rlt(id, pageId, fieldId, orderNum, isRequired, isReaded, isReseted, isRecorded, isShowed, layout, isValid, module)
VALUES ('b4f4579c-0bb3-42f9-a10e-84f92cdd0df2', '4d5fb22b-33aa-4fae-935b-f8a9722c86f9', '9cf4f01c-93cf-4869-9a9b-4c90a9051605', 10, 'N', 'N', NULL, NULL, 'Y', 'F', 'Y', NULL);
INSERT INTO sys_pagefield_rlt(id, pageId, fieldId, orderNum, isRequired, isReaded, isReseted, isRecorded, isShowed, layout, isValid, module)
VALUES ('8a571d35-a3b3-450a-8750-418d825b9b21', '4d5fb22b-33aa-4fae-935b-f8a9722c86f9', '906d63ef-2323-499f-b8f1-cdc10a43d942', 11, 'Y', 'N', NULL, NULL, 'Y', 'F', 'Y', NULL);
INSERT INTO sys_pagefield_rlt(id, pageId, fieldId, orderNum, isRequired, isReaded, isReseted, isRecorded, isShowed, layout, isValid, module)
VALUES ('36c3afcd-74ce-4816-982c-68f09246478a', '72abd1af-84d8-47a9-847c-a2f8f0a3a216', 'a4c1ec93-5859-4906-bbc1-da9bee3dcde3', 1, 'Y', 'Y', NULL, NULL, 'Y', 'F', 'Y', NULL);
INSERT INTO sys_pagefield_rlt(id, pageId, fieldId, orderNum, isRequired, isReaded, isReseted, isRecorded, isShowed, layout, isValid, module)
VALUES ('1e715761-d5a6-455a-b5b3-779e041f60ad', '72abd1af-84d8-47a9-847c-a2f8f0a3a216', '9b78dbbd-664b-4afa-8072-d8fa2f770e3c', 2, 'N', 'Y', NULL, NULL, 'Y', 'F', 'Y', NULL);
INSERT INTO sys_pagefield_rlt(id, pageId, fieldId, orderNum, isRequired, isReaded, isReseted, isRecorded, isShowed, layout, isValid, module)
VALUES ('0fe6f2ef-9229-46f7-996c-851503779582', '72abd1af-84d8-47a9-847c-a2f8f0a3a216', 'c252fde3-0e12-4369-891a-9e85c1ed3441', 3, 'Y', 'Y', NULL, NULL, 'Y', 'T', 'Y', NULL);
INSERT INTO sys_pagefield_rlt(id, pageId, fieldId, orderNum, isRequired, isReaded, isReseted, isRecorded, isShowed, layout, isValid, module)
VALUES ('c9181186-d315-4381-b4ee-bc620e6e421f', '72abd1af-84d8-47a9-847c-a2f8f0a3a216', '0e3309f3-de13-4706-ae15-80feefba3bad', 4, 'Y', 'Y', NULL, NULL, 'Y', 'T', 'Y', NULL);
INSERT INTO sys_pagefield_rlt(id, pageId, fieldId, orderNum, isRequired, isReaded, isReseted, isRecorded, isShowed, layout, isValid, module)
VALUES ('0b7490e8-3545-43a5-a5c6-4fdeee5c0a71', '72abd1af-84d8-47a9-847c-a2f8f0a3a216', 'd93e154e-d0ef-43d7-88d8-edac54657dbe', 5, 'N', 'Y', NULL, NULL, 'Y', 'F', 'Y', NULL);
INSERT INTO sys_pagefield_rlt(id, pageId, fieldId, orderNum, isRequired, isReaded, isReseted, isRecorded, isShowed, layout, isValid, module)
VALUES ('d4de17af-222f-4520-8676-1b6f6664ad40', '72abd1af-84d8-47a9-847c-a2f8f0a3a216', '7e1c2176-6f78-4e02-b1e6-7cbd8388401a', 6, 'N', 'Y', NULL, NULL, 'Y', 'T', 'Y', NULL);
INSERT INTO sys_pagefield_rlt(id, pageId, fieldId, orderNum, isRequired, isReaded, isReseted, isRecorded, isShowed, layout, isValid, module)
VALUES ('e38806f6-39ca-4168-846a-a4fe246b5287', '72abd1af-84d8-47a9-847c-a2f8f0a3a216', 'a03b09de-1622-4b9b-8d45-a78a5145479b', 7, 'N', 'Y', NULL, NULL, 'Y', 'T', 'Y', NULL);
INSERT INTO sys_pagefield_rlt(id, pageId, fieldId, orderNum, isRequired, isReaded, isReseted, isRecorded, isShowed, layout, isValid, module)
VALUES ('9a95901c-a2c4-459a-9808-c6e0ff5c24c1', '72abd1af-84d8-47a9-847c-a2f8f0a3a216', 'acf0d451-7f36-41a4-9bf8-164f6bbd3b2b', 8, 'N', 'Y', NULL, NULL, 'Y', 'F', 'Y', NULL);
INSERT INTO sys_pagefield_rlt(id, pageId, fieldId, orderNum, isRequired, isReaded, isReseted, isRecorded, isShowed, layout, isValid, module)
VALUES ('5c3bdd82-2848-415a-9075-3318c5d7d91a', '72abd1af-84d8-47a9-847c-a2f8f0a3a216', 'd9302212-ba8f-4351-b962-7357ebb37547', 9, 'N', 'Y', NULL, NULL, 'Y', 'F', 'Y', NULL);
INSERT INTO sys_pagefield_rlt(id, pageId, fieldId, orderNum, isRequired, isReaded, isReseted, isRecorded, isShowed, layout, isValid, module)
VALUES ('8180afa5-fc9c-4728-bf5b-34481ef5ce3a', '7bd1a891-b99c-4ceb-85f4-2c4785a04db3', '8efe7acd-ba5d-40fa-a34e-3094a7e88cd1', 1, 'Y', 'N', NULL, NULL, 'Y', 'F', 'Y', NULL);
INSERT INTO sys_pagefield_rlt(id, pageId, fieldId, orderNum, isRequired, isReaded, isReseted, isRecorded, isShowed, layout, isValid, module)
VALUES ('3b4531f5-1152-4a53-b2ac-c3d934d85bd5', '7bd1a891-b99c-4ceb-85f4-2c4785a04db3', '5337ad8b-18f5-4dd9-88fc-6296d48bb55c', 2, 'N', 'N', NULL, NULL, 'Y', 'F', 'Y', NULL);
INSERT INTO sys_pagefield_rlt(id, pageId, fieldId, orderNum, isRequired, isReaded, isReseted, isRecorded, isShowed, layout, isValid, module)
VALUES ('24a246e2-1dec-4861-9a44-aef8a99105c0', '7bd1a891-b99c-4ceb-85f4-2c4785a04db3', '01170613-855f-4b25-88b1-4d4fbcadcaf6', 3, 'Y', 'N', NULL, NULL, 'Y', 'T', 'Y', NULL);
INSERT INTO sys_pagefield_rlt(id, pageId, fieldId, orderNum, isRequired, isReaded, isReseted, isRecorded, isShowed, layout, isValid, module)
VALUES ('fb9dbccf-ce2e-4991-858f-839c86d54e54', '7bd1a891-b99c-4ceb-85f4-2c4785a04db3', 'df25b50a-b71b-452f-9a13-a93037b3c10b', 4, 'Y', 'N', NULL, NULL, 'Y', 'T', 'Y', NULL);
INSERT INTO sys_pagefield_rlt(id, pageId, fieldId, orderNum, isRequired, isReaded, isReseted, isRecorded, isShowed, layout, isValid, module)
VALUES ('9257d8e5-9d0a-4379-94d6-46a9987f2c35', '7bd1a891-b99c-4ceb-85f4-2c4785a04db3', 'edab1bc3-7dca-488e-aba4-975c68b9b59c', 5, 'Y', 'N', NULL, NULL, 'Y', 'T', 'Y', NULL);
INSERT INTO sys_pagefield_rlt(id, pageId, fieldId, orderNum, isRequired, isReaded, isReseted, isRecorded, isShowed, layout, isValid, module)
VALUES ('dbb6634e-a65a-4059-9d30-d1cc49b7bec8', '7bd1a891-b99c-4ceb-85f4-2c4785a04db3', 'bd202e86-8dba-4882-a1cc-d6238221f5f1', 6, 'Y', 'N', NULL, NULL, 'Y', 'T', 'Y', NULL);
INSERT INTO sys_pagefield_rlt(id, pageId, fieldId, orderNum, isRequired, isReaded, isReseted, isRecorded, isShowed, layout, isValid, module)
VALUES ('d539c845-830f-4552-8270-04c74921f947', '7bd1a891-b99c-4ceb-85f4-2c4785a04db3', 'da8d25ee-1816-4b11-8393-b48de27b9695', 7, 'Y', 'N', NULL, NULL, 'Y', 'T', 'Y', NULL);
INSERT INTO sys_pagefield_rlt(id, pageId, fieldId, orderNum, isRequired, isReaded, isReseted, isRecorded, isShowed, layout, isValid, module)
VALUES ('4bfff50e-7792-483c-8aa8-6fd8065c9435', '7bd1a891-b99c-4ceb-85f4-2c4785a04db3', '7d2ccc13-0e5b-47b4-9d73-584ba9aedffe', 8, 'N', 'N', NULL, NULL, 'Y', 'T', 'Y', NULL);
INSERT INTO sys_pagefield_rlt(id, pageId, fieldId, orderNum, isRequired, isReaded, isReseted, isRecorded, isShowed, layout, isValid, module)
VALUES ('b7ce32a1-ad3b-4d36-9d7e-516e2781ae6f', '7bd1a891-b99c-4ceb-85f4-2c4785a04db3', '1913968f-87d6-43c7-97c7-1be6e7efa002', 9, 'N', 'N', NULL, NULL, 'Y', 'T', 'Y', NULL);
INSERT INTO sys_pagefield_rlt(id, pageId, fieldId, orderNum, isRequired, isReaded, isReseted, isRecorded, isShowed, layout, isValid, module)
VALUES ('5a7ea20e-0d91-4748-a1b7-f36b369def69', '7bd1a891-b99c-4ceb-85f4-2c4785a04db3', '5d79ee44-bc5e-417f-baf7-70717ce7c2ff', 10, 'N', 'N', NULL, NULL, 'Y', 'T', 'Y', NULL);
INSERT INTO sys_pagefield_rlt(id, pageId, fieldId, orderNum, isRequired, isReaded, isReseted, isRecorded, isShowed, layout, isValid, module)
VALUES ('417446e1-b8dd-4060-8e2a-432409c5e219', '7bd1a891-b99c-4ceb-85f4-2c4785a04db3', 'fba45d89-ef08-4b79-813c-9f703d4f869a', 11, 'N', 'N', NULL, NULL, 'Y', 'F', 'Y', NULL);
INSERT INTO sys_pagefield_rlt(id, pageId, fieldId, orderNum, isRequired, isReaded, isReseted, isRecorded, isShowed, layout, isValid, module)
VALUES ('1713bae6-b9ad-4d4e-8140-07ee2a1e80c1', '9a6b3b44-e05f-4fd1-9e24-72b35e68a9c7', 'a4c1ec93-5859-4906-bbc1-da9bee3dcde3', 1, 'N', 'Y', NULL, NULL, 'Y', 'F', 'Y', NULL);
INSERT INTO sys_pagefield_rlt(id, pageId, fieldId, orderNum, isRequired, isReaded, isReseted, isRecorded, isShowed, layout, isValid, module)
VALUES ('41104a29-91ac-4c42-a8d6-e79bd4435a47', '9a6b3b44-e05f-4fd1-9e24-72b35e68a9c7', '9b78dbbd-664b-4afa-8072-d8fa2f770e3c', 2, 'N', 'Y', NULL, NULL, 'Y', 'F', 'Y', NULL);
INSERT INTO sys_pagefield_rlt(id, pageId, fieldId, orderNum, isRequired, isReaded, isReseted, isRecorded, isShowed, layout, isValid, module)
VALUES ('d9fdef2d-dd83-4dcb-a979-d6ca579357d4', '9a6b3b44-e05f-4fd1-9e24-72b35e68a9c7', 'c252fde3-0e12-4369-891a-9e85c1ed3441', 3, 'N', 'Y', NULL, NULL, 'Y', 'T', 'Y', NULL);
INSERT INTO sys_pagefield_rlt(id, pageId, fieldId, orderNum, isRequired, isReaded, isReseted, isRecorded, isShowed, layout, isValid, module)
VALUES ('c694a7ef-cf1c-469e-8e5c-bf93794e7aa3', '9a6b3b44-e05f-4fd1-9e24-72b35e68a9c7', '0e3309f3-de13-4706-ae15-80feefba3bad', 4, 'N', 'Y', NULL, NULL, 'Y', 'T', 'Y', NULL);
INSERT INTO sys_pagefield_rlt(id, pageId, fieldId, orderNum, isRequired, isReaded, isReseted, isRecorded, isShowed, layout, isValid, module)
VALUES ('f0e8e6af-c63a-4b93-9661-10056374f342', '9a6b3b44-e05f-4fd1-9e24-72b35e68a9c7', 'd93e154e-d0ef-43d7-88d8-edac54657dbe', 5, 'N', 'Y', NULL, NULL, 'Y', 'F', 'Y', NULL);
INSERT INTO sys_pagefield_rlt(id, pageId, fieldId, orderNum, isRequired, isReaded, isReseted, isRecorded, isShowed, layout, isValid, module)
VALUES ('2d033d0c-7129-407f-b695-2e9b9d7894f4', '9a6b3b44-e05f-4fd1-9e24-72b35e68a9c7', 'acf0d451-7f36-41a4-9bf8-164f6bbd3b2b', 6, 'N', 'Y', NULL, NULL, 'Y', 'F', 'Y', NULL);
INSERT INTO sys_pagefield_rlt(id, pageId, fieldId, orderNum, isRequired, isReaded, isReseted, isRecorded, isShowed, layout, isValid, module)
VALUES ('b88e8b14-8aa9-4864-a0c9-04fc9e6a45ef', '9a6b3b44-e05f-4fd1-9e24-72b35e68a9c7', '0543b40a-bbf2-450f-b761-9a02c9221159', 7, 'N', 'Y', NULL, NULL, 'Y', 'T', 'Y', NULL);
INSERT INTO sys_pagefield_rlt(id, pageId, fieldId, orderNum, isRequired, isReaded, isReseted, isRecorded, isShowed, layout, isValid, module)
VALUES ('7c8594a5-7eda-4568-b4bf-af7615ab3cec', '9a6b3b44-e05f-4fd1-9e24-72b35e68a9c7', 'ca8b8d21-02e2-4097-8579-25138780c0fd', 8, 'N', 'Y', NULL, NULL, 'Y', 'T', 'Y', NULL);
INSERT INTO sys_pagefield_rlt(id, pageId, fieldId, orderNum, isRequired, isReaded, isReseted, isRecorded, isShowed, layout, isValid, module)
VALUES ('b6136760-f12a-416e-ac13-13ae20d8e338', '9a6b3b44-e05f-4fd1-9e24-72b35e68a9c7', 'dfdad7ae-fda4-4baa-8b44-f570b50d1914', 9, 'N', 'Y', NULL, NULL, 'Y', 'T', 'Y', NULL);
INSERT INTO sys_pagefield_rlt(id, pageId, fieldId, orderNum, isRequired, isReaded, isReseted, isRecorded, isShowed, layout, isValid, module)
VALUES ('4344c701-5fd8-414b-bba8-ab257d8ec8aa', '9a6b3b44-e05f-4fd1-9e24-72b35e68a9c7', 'd68012f7-66dd-4474-8c76-881fbed19eaf', 10, 'Y', 'N', NULL, NULL, 'Y', 'T', 'Y', NULL);
INSERT INTO sys_pagefield_rlt(id, pageId, fieldId, orderNum, isRequired, isReaded, isReseted, isRecorded, isShowed, layout, isValid, module)
VALUES ('5e1f0e90-a8ab-4899-b620-6440a584d7c7', '9a6b3b44-e05f-4fd1-9e24-72b35e68a9c7', '9cf4f01c-93cf-4869-9a9b-4c90a9051605', 11, 'N', 'Y', NULL, NULL, 'Y', 'F', 'Y', NULL);
INSERT INTO sys_pagefield_rlt(id, pageId, fieldId, orderNum, isRequired, isReaded, isReseted, isRecorded, isShowed, layout, isValid, module)
VALUES ('a99a4010-bac2-4894-8966-52e24c2ac6ba', '9a6b3b44-e05f-4fd1-9e24-72b35e68a9c7', '906d63ef-2323-499f-b8f1-cdc10a43d942', 12, 'Y', 'N', NULL, NULL, 'Y', 'F', 'Y', NULL);
INSERT INTO sys_pagefield_rlt(id, pageId, fieldId, orderNum, isRequired, isReaded, isReseted, isRecorded, isShowed, layout, isValid, module)
VALUES ('9b94a5ad-432e-498d-866e-63f908350c75', '9e8096b8-88a3-492d-8bd6-72f84b60310b', 'a4c1ec93-5859-4906-bbc1-da9bee3dcde3', 1, 'N', 'Y', NULL, NULL, 'Y', 'F', 'Y', NULL);
INSERT INTO sys_pagefield_rlt(id, pageId, fieldId, orderNum, isRequired, isReaded, isReseted, isRecorded, isShowed, layout, isValid, module)
VALUES ('dfa78a73-94b6-43e2-952d-b46f7fab04c7', '9e8096b8-88a3-492d-8bd6-72f84b60310b', '9b78dbbd-664b-4afa-8072-d8fa2f770e3c', 2, 'N', 'Y', NULL, NULL, 'Y', 'F', 'Y', NULL);
INSERT INTO sys_pagefield_rlt(id, pageId, fieldId, orderNum, isRequired, isReaded, isReseted, isRecorded, isShowed, layout, isValid, module)
VALUES ('ba269c8b-7b48-4f89-b4ea-77cdcfd2ea54', '9e8096b8-88a3-492d-8bd6-72f84b60310b', 'c252fde3-0e12-4369-891a-9e85c1ed3441', 3, 'N', 'Y', NULL, NULL, 'Y', 'T', 'Y', NULL);
INSERT INTO sys_pagefield_rlt(id, pageId, fieldId, orderNum, isRequired, isReaded, isReseted, isRecorded, isShowed, layout, isValid, module)
VALUES ('b73dc02a-cfe9-489d-88ae-ed04d452f009', '9e8096b8-88a3-492d-8bd6-72f84b60310b', '0e3309f3-de13-4706-ae15-80feefba3bad', 4, 'N', 'Y', NULL, NULL, 'Y', 'T', 'Y', NULL);
INSERT INTO sys_pagefield_rlt(id, pageId, fieldId, orderNum, isRequired, isReaded, isReseted, isRecorded, isShowed, layout, isValid, module)
VALUES ('8432e454-939c-4f4f-8d75-4a186d4f0f8d', '9e8096b8-88a3-492d-8bd6-72f84b60310b', 'd93e154e-d0ef-43d7-88d8-edac54657dbe', 5, 'N', 'Y', NULL, NULL, 'Y', 'F', 'Y', NULL);
INSERT INTO sys_pagefield_rlt(id, pageId, fieldId, orderNum, isRequired, isReaded, isReseted, isRecorded, isShowed, layout, isValid, module)
VALUES ('8bbca25c-90f8-45da-982c-e0f8d79d7284', '9e8096b8-88a3-492d-8bd6-72f84b60310b', 'acf0d451-7f36-41a4-9bf8-164f6bbd3b2b', 6, 'N', 'Y', NULL, NULL, 'Y', 'F', 'Y', NULL);
INSERT INTO sys_pagefield_rlt(id, pageId, fieldId, orderNum, isRequired, isReaded, isReseted, isRecorded, isShowed, layout, isValid, module)
VALUES ('369f4677-6da8-4de5-98c7-29d7b6fa6ba7', '9e8096b8-88a3-492d-8bd6-72f84b60310b', '0543b40a-bbf2-450f-b761-9a02c9221159', 7, 'N', 'Y', NULL, NULL, 'Y', 'T', 'Y', NULL);
INSERT INTO sys_pagefield_rlt(id, pageId, fieldId, orderNum, isRequired, isReaded, isReseted, isRecorded, isShowed, layout, isValid, module)
VALUES ('f2f86a7b-d56a-4c1a-bcb3-f521bd6c672f', '9e8096b8-88a3-492d-8bd6-72f84b60310b', 'ca8b8d21-02e2-4097-8579-25138780c0fd', 8, 'N', 'Y', NULL, NULL, 'Y', 'T', 'Y', NULL);
INSERT INTO sys_pagefield_rlt(id, pageId, fieldId, orderNum, isRequired, isReaded, isReseted, isRecorded, isShowed, layout, isValid, module)
VALUES ('c21102da-f3c5-4829-95bc-361092200a2d', '9e8096b8-88a3-492d-8bd6-72f84b60310b', 'dfdad7ae-fda4-4baa-8b44-f570b50d1914', 9, 'N', 'Y', NULL, NULL, 'Y', 'T', 'Y', NULL);
INSERT INTO sys_pagefield_rlt(id, pageId, fieldId, orderNum, isRequired, isReaded, isReseted, isRecorded, isShowed, layout, isValid, module)
VALUES ('66c46dbc-5a03-45f8-8c34-7f9f7565f421', '9e8096b8-88a3-492d-8bd6-72f84b60310b', 'd68012f7-66dd-4474-8c76-881fbed19eaf', 10, 'Y', 'Y', NULL, NULL, 'Y', 'T', 'Y', NULL);
INSERT INTO sys_pagefield_rlt(id, pageId, fieldId, orderNum, isRequired, isReaded, isReseted, isRecorded, isShowed, layout, isValid, module)
VALUES ('0c899ffd-4598-471c-b6c4-b8bb9799480d', '9e8096b8-88a3-492d-8bd6-72f84b60310b', '9cf4f01c-93cf-4869-9a9b-4c90a9051605', 11, 'N', 'Y', NULL, NULL, 'Y', 'F', 'Y', NULL);
INSERT INTO sys_pagefield_rlt(id, pageId, fieldId, orderNum, isRequired, isReaded, isReseted, isRecorded, isShowed, layout, isValid, module)
VALUES ('c096af0c-464f-4146-8544-27a21e07f81f', '9e8096b8-88a3-492d-8bd6-72f84b60310b', '906d63ef-2323-499f-b8f1-cdc10a43d942', 12, 'Y', 'Y', NULL, NULL, 'Y', 'F', 'Y', NULL);
INSERT INTO sys_pagefield_rlt(id, pageId, fieldId, orderNum, isRequired, isReaded, isReseted, isRecorded, isShowed, layout, isValid, module)
VALUES ('fab0125f-e5a2-40c0-843f-d9d70fa96d2c', 'a3ebcfb5-f2ec-4062-b2f5-cb6b55505ccd', 'a4c1ec93-5859-4906-bbc1-da9bee3dcde3', 1, 'N', 'Y', NULL, NULL, 'Y', 'F', 'Y', NULL);
INSERT INTO sys_pagefield_rlt(id, pageId, fieldId, orderNum, isRequired, isReaded, isReseted, isRecorded, isShowed, layout, isValid, module)
VALUES ('ba4acf4f-fd7d-4e8e-a92a-4c2b4b53bb3a', 'a3ebcfb5-f2ec-4062-b2f5-cb6b55505ccd', '9b78dbbd-664b-4afa-8072-d8fa2f770e3c', 2, 'N', 'Y', NULL, NULL, 'Y', 'F', 'Y', NULL);
INSERT INTO sys_pagefield_rlt(id, pageId, fieldId, orderNum, isRequired, isReaded, isReseted, isRecorded, isShowed, layout, isValid, module)
VALUES ('e0784a21-d9d3-40c4-9ffa-6dbc6a7b9c54', 'a3ebcfb5-f2ec-4062-b2f5-cb6b55505ccd', 'c252fde3-0e12-4369-891a-9e85c1ed3441', 3, 'N', 'Y', NULL, NULL, 'Y', 'T', 'Y', NULL);
INSERT INTO sys_pagefield_rlt(id, pageId, fieldId, orderNum, isRequired, isReaded, isReseted, isRecorded, isShowed, layout, isValid, module)
VALUES ('fbcc0e66-ce91-4322-8d9f-b6f40998eb75', 'a3ebcfb5-f2ec-4062-b2f5-cb6b55505ccd', '0e3309f3-de13-4706-ae15-80feefba3bad', 4, 'N', 'Y', NULL, NULL, 'Y', 'T', 'Y', NULL);
INSERT INTO sys_pagefield_rlt(id, pageId, fieldId, orderNum, isRequired, isReaded, isReseted, isRecorded, isShowed, layout, isValid, module)
VALUES ('70969ebc-015c-4e08-a34e-8d898e367c45', 'a3ebcfb5-f2ec-4062-b2f5-cb6b55505ccd', 'd93e154e-d0ef-43d7-88d8-edac54657dbe', 5, 'N', 'Y', NULL, NULL, 'Y', 'F', 'Y', NULL);
INSERT INTO sys_pagefield_rlt(id, pageId, fieldId, orderNum, isRequired, isReaded, isReseted, isRecorded, isShowed, layout, isValid, module)
VALUES ('b77b6eef-a8a4-43b7-ab69-db6be0158cf4', 'a3ebcfb5-f2ec-4062-b2f5-cb6b55505ccd', 'acf0d451-7f36-41a4-9bf8-164f6bbd3b2b', 6, 'N', 'Y', NULL, NULL, 'Y', 'F', 'Y', NULL);
INSERT INTO sys_pagefield_rlt(id, pageId, fieldId, orderNum, isRequired, isReaded, isReseted, isRecorded, isShowed, layout, isValid, module)
VALUES ('f69b19c4-4e3e-44f1-aee3-32895efedcee', 'a3ebcfb5-f2ec-4062-b2f5-cb6b55505ccd', '0543b40a-bbf2-450f-b761-9a02c9221159', 7, 'N', 'Y', NULL, NULL, 'Y', 'T', 'Y', NULL);
INSERT INTO sys_pagefield_rlt(id, pageId, fieldId, orderNum, isRequired, isReaded, isReseted, isRecorded, isShowed, layout, isValid, module)
VALUES ('60989f9f-4faf-4f64-bf9e-e518e77d8291', 'a3ebcfb5-f2ec-4062-b2f5-cb6b55505ccd', 'ca8b8d21-02e2-4097-8579-25138780c0fd', 8, 'N', 'Y', NULL, NULL, 'Y', 'T', 'Y', NULL);
INSERT INTO sys_pagefield_rlt(id, pageId, fieldId, orderNum, isRequired, isReaded, isReseted, isRecorded, isShowed, layout, isValid, module)
VALUES ('b0c60fee-4dad-4965-9973-19ebc3abc467', 'a3ebcfb5-f2ec-4062-b2f5-cb6b55505ccd', 'dfdad7ae-fda4-4baa-8b44-f570b50d1914', 9, 'N', 'Y', NULL, NULL, 'Y', 'T', 'Y', NULL);
INSERT INTO sys_pagefield_rlt(id, pageId, fieldId, orderNum, isRequired, isReaded, isReseted, isRecorded, isShowed, layout, isValid, module)
VALUES ('f2061358-bcda-49e7-bd15-bb05f6dd6a34', 'a3ebcfb5-f2ec-4062-b2f5-cb6b55505ccd', '9cf4f01c-93cf-4869-9a9b-4c90a9051605', 10, 'N', 'Y', NULL, NULL, 'Y', 'F', 'Y', NULL);
INSERT INTO sys_pagefield_rlt(id, pageId, fieldId, orderNum, isRequired, isReaded, isReseted, isRecorded, isShowed, layout, isValid, module)
VALUES ('e8c59066-8d32-4f29-8ebb-6d17c15c0e28', 'b2df6754-4597-4d77-b6e4-dfbdb60e509f', 'a4c1ec93-5859-4906-bbc1-da9bee3dcde3', 1, 'N', 'Y', NULL, NULL, 'Y', 'F', 'Y', NULL);
INSERT INTO sys_pagefield_rlt(id, pageId, fieldId, orderNum, isRequired, isReaded, isReseted, isRecorded, isShowed, layout, isValid, module)
VALUES ('85bc92cb-e1c2-4e70-94e4-fc43775bb96e', 'b2df6754-4597-4d77-b6e4-dfbdb60e509f', '9b78dbbd-664b-4afa-8072-d8fa2f770e3c', 2, 'N', 'Y', NULL, NULL, 'Y', 'F', 'Y', NULL);
INSERT INTO sys_pagefield_rlt(id, pageId, fieldId, orderNum, isRequired, isReaded, isReseted, isRecorded, isShowed, layout, isValid, module)
VALUES ('7c79c781-e6fb-45a9-b6f0-837bd8c16a44', 'b2df6754-4597-4d77-b6e4-dfbdb60e509f', 'c252fde3-0e12-4369-891a-9e85c1ed3441', 3, 'N', 'Y', NULL, NULL, 'Y', 'T', 'Y', NULL);
INSERT INTO sys_pagefield_rlt(id, pageId, fieldId, orderNum, isRequired, isReaded, isReseted, isRecorded, isShowed, layout, isValid, module)
VALUES ('5d579d98-3fb8-49c3-b3db-3b742b741e05', 'b2df6754-4597-4d77-b6e4-dfbdb60e509f', '0e3309f3-de13-4706-ae15-80feefba3bad', 4, 'N', 'Y', NULL, NULL, 'Y', 'T', 'Y', NULL);
INSERT INTO sys_pagefield_rlt(id, pageId, fieldId, orderNum, isRequired, isReaded, isReseted, isRecorded, isShowed, layout, isValid, module)
VALUES ('e4178d1b-49ff-4e4b-801e-7f6667f58eac', 'b2df6754-4597-4d77-b6e4-dfbdb60e509f', 'd93e154e-d0ef-43d7-88d8-edac54657dbe', 5, 'N', 'Y', NULL, NULL, 'Y', 'F', 'Y', NULL);
INSERT INTO sys_pagefield_rlt(id, pageId, fieldId, orderNum, isRequired, isReaded, isReseted, isRecorded, isShowed, layout, isValid, module)
VALUES ('270b4adf-dacd-4f51-888d-a993dd347751', 'b2df6754-4597-4d77-b6e4-dfbdb60e509f', 'acf0d451-7f36-41a4-9bf8-164f6bbd3b2b', 6, 'Y', 'N', NULL, NULL, 'Y', 'F', 'Y', NULL);
INSERT INTO sys_pagefield_rlt(id, pageId, fieldId, orderNum, isRequired, isReaded, isReseted, isRecorded, isShowed, layout, isValid, module)
VALUES ('a2e35f3f-5de0-4b32-b66f-e517aa38732a', 'b2df6754-4597-4d77-b6e4-dfbdb60e509f', '6d3d39e0-58ac-43e6-a043-44f24c588156', 7, 'Y', 'N', NULL, NULL, 'Y', 'T', 'Y', NULL);
INSERT INTO sys_pagefield_rlt(id, pageId, fieldId, orderNum, isRequired, isReaded, isReseted, isRecorded, isShowed, layout, isValid, module)
VALUES ('c36c5187-e4b6-41fd-a24b-ab00f36a0c1d', 'b2df6754-4597-4d77-b6e4-dfbdb60e509f', '1c07149d-9696-445c-8e5a-c3eaf24b457a', 8, 'Y', 'N', NULL, NULL, 'Y', 'T', 'Y', NULL);
INSERT INTO sys_pagefield_rlt(id, pageId, fieldId, orderNum, isRequired, isReaded, isReseted, isRecorded, isShowed, layout, isValid, module)
VALUES ('76fbfcff-7c7e-4e9b-a1e8-ea55ef7c69ba', 'b2df6754-4597-4d77-b6e4-dfbdb60e509f', 'a03b09de-1622-4b9b-8d45-a78a5145479b', 9, 'N', 'N', NULL, NULL, 'Y', 'T', 'Y', NULL);
INSERT INTO sys_pagefield_rlt(id, pageId, fieldId, orderNum, isRequired, isReaded, isReseted, isRecorded, isShowed, layout, isValid, module)
VALUES ('7857f153-a95f-42f9-bcd9-36db71264591', 'bfa6ce8b-1fc4-4c7f-98cd-c679fb310154', 'a4c1ec93-5859-4906-bbc1-da9bee3dcde3', 1, 'N', 'Y', NULL, NULL, 'Y', 'F', 'Y', NULL);
INSERT INTO sys_pagefield_rlt(id, pageId, fieldId, orderNum, isRequired, isReaded, isReseted, isRecorded, isShowed, layout, isValid, module)
VALUES ('3acc2dce-56cc-4429-82c3-9211d26a49fe', 'bfa6ce8b-1fc4-4c7f-98cd-c679fb310154', '9b78dbbd-664b-4afa-8072-d8fa2f770e3c', 2, 'N', 'Y', NULL, NULL, 'Y', 'F', 'Y', NULL);
INSERT INTO sys_pagefield_rlt(id, pageId, fieldId, orderNum, isRequired, isReaded, isReseted, isRecorded, isShowed, layout, isValid, module)
VALUES ('ba502b52-b201-4e26-bb5e-93713dbbb606', 'bfa6ce8b-1fc4-4c7f-98cd-c679fb310154', 'c252fde3-0e12-4369-891a-9e85c1ed3441', 3, 'N', 'Y', NULL, NULL, 'Y', 'T', 'Y', NULL);
INSERT INTO sys_pagefield_rlt(id, pageId, fieldId, orderNum, isRequired, isReaded, isReseted, isRecorded, isShowed, layout, isValid, module)
VALUES ('98eaba96-7033-4f18-9a6e-e1bf8983e802', 'bfa6ce8b-1fc4-4c7f-98cd-c679fb310154', '0e3309f3-de13-4706-ae15-80feefba3bad', 4, 'N', 'Y', NULL, NULL, 'Y', 'T', 'Y', NULL);
INSERT INTO sys_pagefield_rlt(id, pageId, fieldId, orderNum, isRequired, isReaded, isReseted, isRecorded, isShowed, layout, isValid, module)
VALUES ('2b9db419-baee-4f2f-8f54-28085b2b56c5', 'bfa6ce8b-1fc4-4c7f-98cd-c679fb310154', 'd93e154e-d0ef-43d7-88d8-edac54657dbe', 5, 'N', 'Y', NULL, NULL, 'Y', 'F', 'Y', NULL);
INSERT INTO sys_pagefield_rlt(id, pageId, fieldId, orderNum, isRequired, isReaded, isReseted, isRecorded, isShowed, layout, isValid, module)
VALUES ('dddfc6b4-b9db-4262-9c9a-060515ece527', 'bfa6ce8b-1fc4-4c7f-98cd-c679fb310154', 'acf0d451-7f36-41a4-9bf8-164f6bbd3b2b', 6, 'N', 'Y', NULL, NULL, 'Y', 'F', 'Y', NULL);
INSERT INTO sys_pagefield_rlt(id, pageId, fieldId, orderNum, isRequired, isReaded, isReseted, isRecorded, isShowed, layout, isValid, module)
VALUES ('60023631-ec97-4e6e-b54d-52d8fd9b92db', 'bfa6ce8b-1fc4-4c7f-98cd-c679fb310154', '0543b40a-bbf2-450f-b761-9a02c9221159', 7, 'N', 'Y', NULL, NULL, 'Y', 'T', 'Y', NULL);
INSERT INTO sys_pagefield_rlt(id, pageId, fieldId, orderNum, isRequired, isReaded, isReseted, isRecorded, isShowed, layout, isValid, module)
VALUES ('61f76b19-6115-4c1d-a594-aec2cc6dce3c', 'bfa6ce8b-1fc4-4c7f-98cd-c679fb310154', 'ca8b8d21-02e2-4097-8579-25138780c0fd', 8, 'N', 'Y', NULL, NULL, 'Y', 'T', 'Y', NULL);
INSERT INTO sys_pagefield_rlt(id, pageId, fieldId, orderNum, isRequired, isReaded, isReseted, isRecorded, isShowed, layout, isValid, module)
VALUES ('c63cdb10-1429-4ef9-901d-2edaed8f0b1d', 'bfa6ce8b-1fc4-4c7f-98cd-c679fb310154', 'dfdad7ae-fda4-4baa-8b44-f570b50d1914', 9, 'N', 'Y', NULL, NULL, 'Y', 'T', 'Y', NULL);
INSERT INTO sys_pagefield_rlt(id, pageId, fieldId, orderNum, isRequired, isReaded, isReseted, isRecorded, isShowed, layout, isValid, module)
VALUES ('5d079cc9-392b-4274-9a5f-44201be49ca7', 'bfa6ce8b-1fc4-4c7f-98cd-c679fb310154', 'd68012f7-66dd-4474-8c76-881fbed19eaf', 10, 'Y', 'Y', NULL, NULL, 'Y', 'T', 'Y', NULL);
INSERT INTO sys_pagefield_rlt(id, pageId, fieldId, orderNum, isRequired, isReaded, isReseted, isRecorded, isShowed, layout, isValid, module)
VALUES ('0a8fe467-bbe6-4120-a502-b008cfd88f1e', 'bfa6ce8b-1fc4-4c7f-98cd-c679fb310154', '9cf4f01c-93cf-4869-9a9b-4c90a9051605', 11, 'N', 'Y', NULL, NULL, 'Y', 'F', 'Y', NULL);
INSERT INTO sys_pagefield_rlt(id, pageId, fieldId, orderNum, isRequired, isReaded, isReseted, isRecorded, isShowed, layout, isValid, module)
VALUES ('11579fbc-5504-4df6-8404-4f780a3bfb47', 'bfa6ce8b-1fc4-4c7f-98cd-c679fb310154', '906d63ef-2323-499f-b8f1-cdc10a43d942', 12, 'Y', 'Y', NULL, NULL, 'Y', 'F', 'Y', NULL);
INSERT INTO sys_pagefield_rlt(id, pageId, fieldId, orderNum, isRequired, isReaded, isReseted, isRecorded, isShowed, layout, isValid, module)
VALUES ('5c19827e-63d4-4c32-bee6-af1c15235920', 'dbb40cda-bd7c-48ef-88c3-e682c6cf513a', 'a4c1ec93-5859-4906-bbc1-da9bee3dcde3', 1, 'Y', 'Y', NULL, NULL, 'Y', 'F', 'Y', NULL);
INSERT INTO sys_pagefield_rlt(id, pageId, fieldId, orderNum, isRequired, isReaded, isReseted, isRecorded, isShowed, layout, isValid, module)
VALUES ('07a4e6c5-64c0-4eb9-8aa4-9e1dc6090373', 'dbb40cda-bd7c-48ef-88c3-e682c6cf513a', '9b78dbbd-664b-4afa-8072-d8fa2f770e3c', 2, 'N', 'Y', NULL, NULL, 'Y', 'F', 'Y', NULL);
INSERT INTO sys_pagefield_rlt(id, pageId, fieldId, orderNum, isRequired, isReaded, isReseted, isRecorded, isShowed, layout, isValid, module)
VALUES ('88c75d95-40f5-44e9-83a0-acc46759c740', 'dbb40cda-bd7c-48ef-88c3-e682c6cf513a', 'c252fde3-0e12-4369-891a-9e85c1ed3441', 3, 'Y', 'Y', NULL, NULL, 'Y', 'T', 'Y', NULL);
INSERT INTO sys_pagefield_rlt(id, pageId, fieldId, orderNum, isRequired, isReaded, isReseted, isRecorded, isShowed, layout, isValid, module)
VALUES ('1c2bcdda-7a8f-45f5-9986-cc7fc23b82b4', 'dbb40cda-bd7c-48ef-88c3-e682c6cf513a', '0e3309f3-de13-4706-ae15-80feefba3bad', 4, 'Y', 'Y', NULL, NULL, 'Y', 'T', 'Y', NULL);
INSERT INTO sys_pagefield_rlt(id, pageId, fieldId, orderNum, isRequired, isReaded, isReseted, isRecorded, isShowed, layout, isValid, module)
VALUES ('4a37a340-1dac-4136-bc46-0df4cc2859c0', 'dbb40cda-bd7c-48ef-88c3-e682c6cf513a', 'd93e154e-d0ef-43d7-88d8-edac54657dbe', 5, 'N', 'Y', NULL, NULL, 'Y', 'F', 'Y', NULL);
INSERT INTO sys_pagefield_rlt(id, pageId, fieldId, orderNum, isRequired, isReaded, isReseted, isRecorded, isShowed, layout, isValid, module)
VALUES ('2a53be52-086b-4831-8830-995c306b2c5d', 'dbb40cda-bd7c-48ef-88c3-e682c6cf513a', 'acf0d451-7f36-41a4-9bf8-164f6bbd3b2b', 6, 'N', 'Y', NULL, NULL, 'Y', 'F', 'Y', NULL);
INSERT INTO sys_pagefield_rlt(id, pageId, fieldId, orderNum, isRequired, isReaded, isReseted, isRecorded, isShowed, layout, isValid, module)
VALUES ('bec88f10-0009-448f-8100-32e448093822', 'dbb40cda-bd7c-48ef-88c3-e682c6cf513a', '6d3d39e0-58ac-43e6-a043-44f24c588156', 7, 'Y', 'Y', NULL, NULL, 'Y', 'T', 'Y', NULL);
INSERT INTO sys_pagefield_rlt(id, pageId, fieldId, orderNum, isRequired, isReaded, isReseted, isRecorded, isShowed, layout, isValid, module)
VALUES ('6ca2a61b-d877-4222-904e-573d3af6eedd', 'dbb40cda-bd7c-48ef-88c3-e682c6cf513a', '1c07149d-9696-445c-8e5a-c3eaf24b457a', 8, 'Y', 'Y', NULL, NULL, 'Y', 'T', 'Y', NULL);
INSERT INTO sys_pagefield_rlt(id, pageId, fieldId, orderNum, isRequired, isReaded, isReseted, isRecorded, isShowed, layout, isValid, module)
VALUES ('01d637a4-7fba-428c-8039-8dd40dd50345', 'dbb40cda-bd7c-48ef-88c3-e682c6cf513a', 'a03b09de-1622-4b9b-8d45-a78a5145479b', 9, 'N', 'Y', NULL, NULL, 'Y', 'T', 'Y', NULL);
INSERT INTO sys_pagefield_rlt(id, pageId, fieldId, orderNum, isRequired, isReaded, isReseted, isRecorded, isShowed, layout, isValid, module)
VALUES ('3a7bb4e1-b7bd-418c-a07c-7b5572f66e39', 'dcff4987-a135-40ca-a295-e6b03fb03125', 'a4c1ec93-5859-4906-bbc1-da9bee3dcde3', 1, 'N', 'Y', NULL, NULL, 'Y', 'F', 'Y', NULL);
INSERT INTO sys_pagefield_rlt(id, pageId, fieldId, orderNum, isRequired, isReaded, isReseted, isRecorded, isShowed, layout, isValid, module)
VALUES ('5866fb21-d3db-4b30-a476-3969f9922191', 'dcff4987-a135-40ca-a295-e6b03fb03125', '9b78dbbd-664b-4afa-8072-d8fa2f770e3c', 2, 'N', 'Y', NULL, NULL, 'Y', 'F', 'Y', NULL);
INSERT INTO sys_pagefield_rlt(id, pageId, fieldId, orderNum, isRequired, isReaded, isReseted, isRecorded, isShowed, layout, isValid, module)
VALUES ('eeffeb37-a119-43d3-8a3b-b45187924fe3', 'dcff4987-a135-40ca-a295-e6b03fb03125', 'c252fde3-0e12-4369-891a-9e85c1ed3441', 3, 'N', 'Y', NULL, NULL, 'Y', 'T', 'Y', NULL);
INSERT INTO sys_pagefield_rlt(id, pageId, fieldId, orderNum, isRequired, isReaded, isReseted, isRecorded, isShowed, layout, isValid, module)
VALUES ('cf7e2f3f-0949-4d5e-8337-08b30a295bc4', 'dcff4987-a135-40ca-a295-e6b03fb03125', '0e3309f3-de13-4706-ae15-80feefba3bad', 4, 'N', 'Y', NULL, NULL, 'Y', 'T', 'Y', NULL);
INSERT INTO sys_pagefield_rlt(id, pageId, fieldId, orderNum, isRequired, isReaded, isReseted, isRecorded, isShowed, layout, isValid, module)
VALUES ('e6228f0a-05d3-42d4-8d45-6750461abd54', 'dcff4987-a135-40ca-a295-e6b03fb03125', 'd93e154e-d0ef-43d7-88d8-edac54657dbe', 5, 'N', 'Y', NULL, NULL, 'Y', 'F', 'Y', NULL);
INSERT INTO sys_pagefield_rlt(id, pageId, fieldId, orderNum, isRequired, isReaded, isReseted, isRecorded, isShowed, layout, isValid, module)
VALUES ('e41fd415-572c-4f8c-b6b5-49f8edc457b2', 'dcff4987-a135-40ca-a295-e6b03fb03125', 'acf0d451-7f36-41a4-9bf8-164f6bbd3b2b', 6, 'N', 'Y', NULL, NULL, 'Y', 'F', 'Y', NULL);
INSERT INTO sys_pagefield_rlt(id, pageId, fieldId, orderNum, isRequired, isReaded, isReseted, isRecorded, isShowed, layout, isValid, module)
VALUES ('b3d820d6-66ad-418c-9381-576b2b5988a6', 'dcff4987-a135-40ca-a295-e6b03fb03125', '0543b40a-bbf2-450f-b761-9a02c9221159', 7, 'Y', 'N', NULL, NULL, 'Y', 'T', 'Y', NULL);
INSERT INTO sys_pagefield_rlt(id, pageId, fieldId, orderNum, isRequired, isReaded, isReseted, isRecorded, isShowed, layout, isValid, module)
VALUES ('5b162baf-7cf7-450d-9653-bff707de741d', 'dcff4987-a135-40ca-a295-e6b03fb03125', 'ca8b8d21-02e2-4097-8579-25138780c0fd', 8, 'Y', 'N', NULL, NULL, 'Y', 'T', 'Y', NULL);
INSERT INTO sys_pagefield_rlt(id, pageId, fieldId, orderNum, isRequired, isReaded, isReseted, isRecorded, isShowed, layout, isValid, module)
VALUES ('4e870b27-9add-45ad-b95c-baff38b48499', 'dcff4987-a135-40ca-a295-e6b03fb03125', 'dfdad7ae-fda4-4baa-8b44-f570b50d1914', 9, 'Y', 'N', NULL, NULL, 'Y', 'T', 'Y', NULL);
INSERT INTO sys_pagefield_rlt(id, pageId, fieldId, orderNum, isRequired, isReaded, isReseted, isRecorded, isShowed, layout, isValid, module)
VALUES ('63d62a0c-1294-4367-9ea7-2fe589984c9c', 'dcff4987-a135-40ca-a295-e6b03fb03125', '9cf4f01c-93cf-4869-9a9b-4c90a9051605', 10, 'N', 'N', NULL, NULL, 'Y', 'F', 'Y', NULL);
INSERT INTO sys_pagefield_rlt(id, pageId, fieldId, orderNum, isRequired, isReaded, isReseted, isRecorded, isShowed, layout, isValid, module)
VALUES ('8ec3bced-a801-40b3-bf75-82410b48e834', 'e1390fa8-f495-4357-a33b-f732a3f6c600', 'a4c1ec93-5859-4906-bbc1-da9bee3dcde3', 1, 'Y', 'N', NULL, NULL, 'Y', 'F', 'Y', NULL);
INSERT INTO sys_pagefield_rlt(id, pageId, fieldId, orderNum, isRequired, isReaded, isReseted, isRecorded, isShowed, layout, isValid, module)
VALUES ('81604e08-f2a0-4ef9-88b1-5dc0cb90929b', 'e1390fa8-f495-4357-a33b-f732a3f6c600', '9b78dbbd-664b-4afa-8072-d8fa2f770e3c', 2, 'N', 'N', NULL, NULL, 'Y', 'F', 'Y', NULL);
INSERT INTO sys_pagefield_rlt(id, pageId, fieldId, orderNum, isRequired, isReaded, isReseted, isRecorded, isShowed, layout, isValid, module)
VALUES ('c7d2c211-f9f5-4cfa-820c-68b53764adde', 'e1390fa8-f495-4357-a33b-f732a3f6c600', 'c252fde3-0e12-4369-891a-9e85c1ed3441', 3, 'Y', 'N', NULL, NULL, 'Y', 'T', 'Y', NULL);
INSERT INTO sys_pagefield_rlt(id, pageId, fieldId, orderNum, isRequired, isReaded, isReseted, isRecorded, isShowed, layout, isValid, module)
VALUES ('97f98b86-d5f2-41fa-9566-00d165c92e50', 'e1390fa8-f495-4357-a33b-f732a3f6c600', '0e3309f3-de13-4706-ae15-80feefba3bad', 4, 'N', 'N', NULL, NULL, 'Y', 'T', 'Y', NULL);
INSERT INTO sys_pagefield_rlt(id, pageId, fieldId, orderNum, isRequired, isReaded, isReseted, isRecorded, isShowed, layout, isValid, module)
VALUES ('262a66e6-92d0-463b-b556-4add51396cfc', 'e1390fa8-f495-4357-a33b-f732a3f6c600', 'd93e154e-d0ef-43d7-88d8-edac54657dbe', 5, 'N', 'N', NULL, NULL, 'Y', 'F', 'Y', NULL);
INSERT INTO sys_pagefield_rlt(id, pageId, fieldId, orderNum, isRequired, isReaded, isReseted, isRecorded, isShowed, layout, isValid, module)
VALUES ('1f2bd5b4-5367-4c2b-96a7-d2428dede779', 'e1390fa8-f495-4357-a33b-f732a3f6c600', '7e1c2176-6f78-4e02-b1e6-7cbd8388401a', 6, 'Y', 'N', NULL, NULL, 'Y', 'T', 'Y', NULL);
INSERT INTO sys_pagefield_rlt(id, pageId, fieldId, orderNum, isRequired, isReaded, isReseted, isRecorded, isShowed, layout, isValid, module)
VALUES ('743159f7-c307-4944-b6fc-d25a71ae0604', 'e1390fa8-f495-4357-a33b-f732a3f6c600', 'a03b09de-1622-4b9b-8d45-a78a5145479b', 7, 'N', 'N', NULL, NULL, 'Y', 'T', 'Y', NULL);
INSERT INTO sys_pagefield_rlt(id, pageId, fieldId, orderNum, isRequired, isReaded, isReseted, isRecorded, isShowed, layout, isValid, module)
VALUES ('ff3d2fab-d58c-4e94-b86b-c9439cf118bf', 'e1390fa8-f495-4357-a33b-f732a3f6c600', 'acf0d451-7f36-41a4-9bf8-164f6bbd3b2b', 8, 'N', 'N', NULL, NULL, 'Y', 'F', 'Y', NULL);
INSERT INTO sys_pagefield_rlt(id, pageId, fieldId, orderNum, isRequired, isReaded, isReseted, isRecorded, isShowed, layout, isValid, module)
VALUES ('30886e3a-c4e0-4a18-b095-adaea8105a38', 'e1390fa8-f495-4357-a33b-f732a3f6c600', 'd9302212-ba8f-4351-b962-7357ebb37547', 9, 'N', 'N', NULL, NULL, 'Y', 'F', 'Y', NULL);
INSERT INTO sys_pagefield_rlt(id, pageId, fieldId, orderNum, isRequired, isReaded, isReseted, isRecorded, isShowed, layout, isValid, module)
VALUES ('72bb451f-17f6-44be-86bc-6214d383d70f', 'e53a2e89-0528-4b88-aa59-46b642e0d429', 'a4c1ec93-5859-4906-bbc1-da9bee3dcde3', 1, 'N', 'Y', NULL, NULL, 'Y', 'F', 'Y', NULL);
INSERT INTO sys_pagefield_rlt(id, pageId, fieldId, orderNum, isRequired, isReaded, isReseted, isRecorded, isShowed, layout, isValid, module)
VALUES ('7331fa0d-a9fd-494b-99d1-8447d990df42', 'e53a2e89-0528-4b88-aa59-46b642e0d429', '9b78dbbd-664b-4afa-8072-d8fa2f770e3c', 2, 'N', 'Y', NULL, NULL, 'Y', 'F', 'Y', NULL);
INSERT INTO sys_pagefield_rlt(id, pageId, fieldId, orderNum, isRequired, isReaded, isReseted, isRecorded, isShowed, layout, isValid, module)
VALUES ('65e290cc-09cc-4c07-af31-c31bb452c2aa', 'e53a2e89-0528-4b88-aa59-46b642e0d429', 'c252fde3-0e12-4369-891a-9e85c1ed3441', 3, 'N', 'Y', NULL, NULL, 'Y', 'T', 'Y', NULL);
INSERT INTO sys_pagefield_rlt(id, pageId, fieldId, orderNum, isRequired, isReaded, isReseted, isRecorded, isShowed, layout, isValid, module)
VALUES ('e323f9bc-9d8a-4746-8013-7825ca317be0', 'e53a2e89-0528-4b88-aa59-46b642e0d429', '0e3309f3-de13-4706-ae15-80feefba3bad', 4, 'N', 'Y', NULL, NULL, 'Y', 'T', 'Y', NULL);
INSERT INTO sys_pagefield_rlt(id, pageId, fieldId, orderNum, isRequired, isReaded, isReseted, isRecorded, isShowed, layout, isValid, module)
VALUES ('62425ca0-4a46-489a-805f-b03b63bb819d', 'e53a2e89-0528-4b88-aa59-46b642e0d429', 'd93e154e-d0ef-43d7-88d8-edac54657dbe', 5, 'N', 'Y', NULL, NULL, 'Y', 'F', 'Y', NULL);
INSERT INTO sys_pagefield_rlt(id, pageId, fieldId, orderNum, isRequired, isReaded, isReseted, isRecorded, isShowed, layout, isValid, module)
VALUES ('f155a8c7-e646-44bd-a981-996d6fc7aaf7', 'e53a2e89-0528-4b88-aa59-46b642e0d429', 'acf0d451-7f36-41a4-9bf8-164f6bbd3b2b', 6, 'N', 'N', NULL, NULL, 'Y', 'F', 'Y', NULL);
INSERT INTO sys_pagefield_rlt(id, pageId, fieldId, orderNum, isRequired, isReaded, isReseted, isRecorded, isShowed, layout, isValid, module)
VALUES ('0d38c0e5-83e5-44a8-ba39-5581a9da6fa9', 'e53a2e89-0528-4b88-aa59-46b642e0d429', '0543b40a-bbf2-450f-b761-9a02c9221159', 7, 'Y', 'N', NULL, NULL, 'Y', 'T', 'Y', NULL);
INSERT INTO sys_pagefield_rlt(id, pageId, fieldId, orderNum, isRequired, isReaded, isReseted, isRecorded, isShowed, layout, isValid, module)
VALUES ('0e6df868-97b4-46a4-8a15-8ab2b04084b0', 'e53a2e89-0528-4b88-aa59-46b642e0d429', 'ca8b8d21-02e2-4097-8579-25138780c0fd', 8, 'Y', 'N', NULL, NULL, 'Y', 'T', 'Y', NULL);
INSERT INTO sys_pagefield_rlt(id, pageId, fieldId, orderNum, isRequired, isReaded, isReseted, isRecorded, isShowed, layout, isValid, module)
VALUES ('e9ff5d90-339f-4fa7-b035-bf995463fd12', 'e53a2e89-0528-4b88-aa59-46b642e0d429', 'dfdad7ae-fda4-4baa-8b44-f570b50d1914', 9, 'Y', 'N', NULL, NULL, 'Y', 'T', 'Y', NULL);
INSERT INTO sys_pagefield_rlt(id, pageId, fieldId, orderNum, isRequired, isReaded, isReseted, isRecorded, isShowed, layout, isValid, module)
VALUES ('7df6cc2a-d669-448d-bc05-c69729a43410', 'e53a2e89-0528-4b88-aa59-46b642e0d429', '9cf4f01c-93cf-4869-9a9b-4c90a9051605', 10, 'N', 'N', NULL, NULL, 'Y', 'F', 'Y', NULL);
INSERT INTO sys_pagefield_rlt(id, pageId, fieldId, orderNum, isRequired, isReaded, isReseted, isRecorded, isShowed, layout, isValid, module)
VALUES ('494bc25a-6990-4060-9e8b-286b8abfda3c', 'e53a2e89-0528-4b88-aa59-46b642e0d429', '906d63ef-2323-499f-b8f1-cdc10a43d942', 11, 'Y', 'N', NULL, NULL, 'Y', 'F', 'Y', NULL);
INSERT INTO sys_pagefield_rlt(id, pageId, fieldId, orderNum, isRequired, isReaded, isReseted, isRecorded, isShowed, layout, isValid, module)
VALUES ('6f0dabea-97ed-4465-9742-d04cef6dacc3', 'e8218154-1b4d-43a8-870a-dda80489865e', 'a4c1ec93-5859-4906-bbc1-da9bee3dcde3', 1, 'N', 'Y', NULL, NULL, 'Y', 'F', 'Y', NULL);
INSERT INTO sys_pagefield_rlt(id, pageId, fieldId, orderNum, isRequired, isReaded, isReseted, isRecorded, isShowed, layout, isValid, module)
VALUES ('d4c93772-f1df-4c8a-9463-e61a4f176aec', 'e8218154-1b4d-43a8-870a-dda80489865e', '9b78dbbd-664b-4afa-8072-d8fa2f770e3c', 2, 'N', 'Y', NULL, NULL, 'Y', 'F', 'Y', NULL);
INSERT INTO sys_pagefield_rlt(id, pageId, fieldId, orderNum, isRequired, isReaded, isReseted, isRecorded, isShowed, layout, isValid, module)
VALUES ('572bd859-3eb4-4530-baab-4a3210bfe7d9', 'e8218154-1b4d-43a8-870a-dda80489865e', 'c252fde3-0e12-4369-891a-9e85c1ed3441', 3, 'N', 'Y', NULL, NULL, 'Y', 'T', 'Y', NULL);
INSERT INTO sys_pagefield_rlt(id, pageId, fieldId, orderNum, isRequired, isReaded, isReseted, isRecorded, isShowed, layout, isValid, module)
VALUES ('3fe279d3-9f84-458a-8a18-fd3ab1f73998', 'e8218154-1b4d-43a8-870a-dda80489865e', '0e3309f3-de13-4706-ae15-80feefba3bad', 4, 'N', 'Y', NULL, NULL, 'Y', 'T', 'Y', NULL);
INSERT INTO sys_pagefield_rlt(id, pageId, fieldId, orderNum, isRequired, isReaded, isReseted, isRecorded, isShowed, layout, isValid, module)
VALUES ('cbc4c7b6-a71b-4a4b-b7fd-eeebe1035844', 'e8218154-1b4d-43a8-870a-dda80489865e', 'd93e154e-d0ef-43d7-88d8-edac54657dbe', 5, 'N', 'Y', NULL, NULL, 'Y', 'F', 'Y', NULL);
INSERT INTO sys_pagefield_rlt(id, pageId, fieldId, orderNum, isRequired, isReaded, isReseted, isRecorded, isShowed, layout, isValid, module)
VALUES ('8a5c8d4b-6eec-459e-8d5c-dd270573244b', 'e8218154-1b4d-43a8-870a-dda80489865e', 'acf0d451-7f36-41a4-9bf8-164f6bbd3b2b', 6, 'N', 'Y', NULL, NULL, 'Y', 'F', 'Y', NULL);
INSERT INTO sys_pagefield_rlt(id, pageId, fieldId, orderNum, isRequired, isReaded, isReseted, isRecorded, isShowed, layout, isValid, module)
VALUES ('91479041-d210-421c-8167-60acef8682b7', 'e8218154-1b4d-43a8-870a-dda80489865e', '0543b40a-bbf2-450f-b761-9a02c9221159', 7, 'N', 'Y', NULL, NULL, 'Y', 'T', 'Y', NULL);
INSERT INTO sys_pagefield_rlt(id, pageId, fieldId, orderNum, isRequired, isReaded, isReseted, isRecorded, isShowed, layout, isValid, module)
VALUES ('bb11f62a-982d-41ae-ab5b-64da7a03e27b', 'e8218154-1b4d-43a8-870a-dda80489865e', 'ca8b8d21-02e2-4097-8579-25138780c0fd', 8, 'N', 'Y', NULL, NULL, 'Y', 'T', 'Y', NULL);
INSERT INTO sys_pagefield_rlt(id, pageId, fieldId, orderNum, isRequired, isReaded, isReseted, isRecorded, isShowed, layout, isValid, module)
VALUES ('95e63ff5-8151-4935-be76-4a9639faa184', 'e8218154-1b4d-43a8-870a-dda80489865e', 'dfdad7ae-fda4-4baa-8b44-f570b50d1914', 9, 'N', 'Y', NULL, NULL, 'Y', 'T', 'Y', NULL);
INSERT INTO sys_pagefield_rlt(id, pageId, fieldId, orderNum, isRequired, isReaded, isReseted, isRecorded, isShowed, layout, isValid, module)
VALUES ('96d8e222-ce88-4833-a02a-260a2c89a865', 'e8218154-1b4d-43a8-870a-dda80489865e', 'd68012f7-66dd-4474-8c76-881fbed19eaf', 10, 'Y', 'N', NULL, NULL, 'Y', 'T', 'Y', NULL);
INSERT INTO sys_pagefield_rlt(id, pageId, fieldId, orderNum, isRequired, isReaded, isReseted, isRecorded, isShowed, layout, isValid, module)
VALUES ('62963639-e509-4e88-b0cb-b225ceb76357', 'e8218154-1b4d-43a8-870a-dda80489865e', '9cf4f01c-93cf-4869-9a9b-4c90a9051605', 11, 'N', 'N', NULL, NULL, 'Y', 'F', 'Y', NULL);
INSERT INTO sys_pagefield_rlt(id, pageId, fieldId, orderNum, isRequired, isReaded, isReseted, isRecorded, isShowed, layout, isValid, module)
VALUES ('f62d62f2-e75f-41fb-9f76-5780764d249c', 'e8218154-1b4d-43a8-870a-dda80489865e', '906d63ef-2323-499f-b8f1-cdc10a43d942', 12, 'Y', 'N', NULL, NULL, 'Y', 'F', 'Y', NULL);

INSERT INTO wf_rolematch_rlt(id, pageFieldId, pageId, roleId)
VALUES ('28180f5a-b4ab-4593-adc1-3a887f65237a', 'dfdad7ae-fda4-4baa-8b44-f570b50d1914', '9a6b3b44-e05f-4fd1-9e24-72b35e68a9c7', '960fb540-3cef-49e8-89b6-1bREWrole004');
INSERT INTO wf_rolematch_rlt(id, pageFieldId, pageId, roleId)
VALUES ('296551c5-d243-403f-b166-89a4438d6554', 'd68012f7-66dd-4474-8c76-881fbed19eaf', '9a6b3b44-e05f-4fd1-9e24-72b35e68a9c7', '960fb540-3cef-49e8-89b6-1bREWrole004');
INSERT INTO wf_rolematch_rlt(id, pageFieldId, pageId, roleId)
VALUES ('32d0e59c-8698-4206-b923-7e4b553b864c', 'dfdad7ae-fda4-4baa-8b44-f570b50d1914', '4d5fb22b-33aa-4fae-935b-f8a9722c86f9', '960fb540-3cef-49e8-89b6-1bREWrole001');
INSERT INTO wf_rolematch_rlt(id, pageFieldId, pageId, roleId)
VALUES ('4aae638f-62cc-4b65-87f2-43d7dfc051d8', '6d3d39e0-58ac-43e6-a043-44f24c588156', 'b2df6754-4597-4d77-b6e4-dfbdb60e509f', '960fb540-3cef-49e8-89b6-1bREWrole001');
INSERT INTO wf_rolematch_rlt(id, pageFieldId, pageId, roleId)
VALUES ('4c5b7e11-e3f5-44cf-971f-c69eddf64ff2', 'dfdad7ae-fda4-4baa-8b44-f570b50d1914', 'e53a2e89-0528-4b88-aa59-46b642e0d429', '960fb540-3cef-49e8-89b6-1bREWrole001');
INSERT INTO wf_rolematch_rlt(id, pageFieldId, pageId, roleId)
VALUES ('4cfa048c-57d8-4df3-9b5d-654217b882a9', 'dfdad7ae-fda4-4baa-8b44-f570b50d1914', 'dcff4987-a135-40ca-a295-e6b03fb03125', '960fb540-3cef-49e8-89b6-1bREWrole001');
INSERT INTO wf_rolematch_rlt(id, pageFieldId, pageId, roleId)
VALUES ('5d7e0fe6-4310-4b39-9314-55dc266d2486', 'da8d25ee-1816-4b11-8393-b48de27b9695', '7bd1a891-b99c-4ceb-85f4-2c4785a04db3', '960fb540-3cef-49e8-89b6-1bawfrole001');
INSERT INTO wf_rolematch_rlt(id, pageFieldId, pageId, roleId)
VALUES ('608a91fe-8df4-487f-83cf-1cceea8cbf0c', 'dfdad7ae-fda4-4baa-8b44-f570b50d1914', 'e8218154-1b4d-43a8-870a-dda80489865e', '960fb540-3cef-49e8-89b6-1bREWrole002');
INSERT INTO wf_rolematch_rlt(id, pageFieldId, pageId, roleId)
VALUES ('68385467-4520-4c11-b2ad-3554173306a5', '7e1c2176-6f78-4e02-b1e6-7cbd8388401a', 'e1390fa8-f495-4357-a33b-f732a3f6c600', '960fb540-3cef-49e8-89b6-1bREWrole001');
INSERT INTO wf_rolematch_rlt(id, pageFieldId, pageId, roleId)
VALUES ('6970dfeb-16c2-4f58-9031-3859e48a0d53', 'd68012f7-66dd-4474-8c76-881fbed19eaf', 'e8218154-1b4d-43a8-870a-dda80489865e', '960fb540-3cef-49e8-89b6-1bREWrole001');
INSERT INTO wf_rolematch_rlt(id, pageFieldId, pageId, roleId)
VALUES ('9771ec14-9c6c-450f-800e-7e1083e8f9c1', 'a03b09de-1622-4b9b-8d45-a78a5145479b', '0c135f88-e526-4aaf-93df-1d749f2cc079', '960fb540-3cef-49e8-89b6-1bREWrole002');
INSERT INTO wf_rolematch_rlt(id, pageFieldId, pageId, roleId)
VALUES ('9b943926-2c0c-4c08-841e-507e642311be', 'da8d25ee-1816-4b11-8393-b48de27b9695', '465e5151-26b1-4068-9863-431ae87667c2', '960fb540-3cef-49e8-89b6-1bawfrole001');
INSERT INTO wf_rolematch_rlt(id, pageFieldId, pageId, roleId)
VALUES ('acf06fdd-4ac9-48a8-b9d7-8677fb5f87b2', 'a03b09de-1622-4b9b-8d45-a78a5145479b', 'e1390fa8-f495-4357-a33b-f732a3f6c600', '960fb540-3cef-49e8-89b6-1bREWrole002');
INSERT INTO wf_rolematch_rlt(id, pageFieldId, pageId, roleId)
VALUES ('d1ccfdb4-35c8-4178-8dc5-aed454c92aad', 'a03b09de-1622-4b9b-8d45-a78a5145479b', 'b2df6754-4597-4d77-b6e4-dfbdb60e509f', '960fb540-3cef-49e8-89b6-1bREWrole002');
INSERT INTO wf_rolematch_rlt(id, pageFieldId, pageId, roleId)
VALUES ('f5109e12-2da7-4217-a56a-074e9bc1d45c', '6d3d39e0-58ac-43e6-a043-44f24c588156', '0c135f88-e526-4aaf-93df-1d749f2cc079', '960fb540-3cef-49e8-89b6-1bREWrole001');

INSERT INTO wf_authorizationrole_rlt(id, transitionId, roleId, conditions, isValid)
VALUES ('0127794c-2e35-47b8-acc1-3b67e5b1b67b', '9D5D388B-70EA-4FCB-98BB-4A788BB21E27', '960fb540-3cef-49e8-89b6-1bREWrole001', NULL, 'Y');
INSERT INTO wf_authorizationrole_rlt(id, transitionId, roleId, conditions, isValid)
VALUES ('6561adf9-2f04-419d-a7f9-6765d9e2b013', 'a0048827-bdff-421f-aa44-971fd1a960cc', '960fb540-3cef-49e8-89b6-1bREWrole001', NULL, 'Y');
INSERT INTO wf_authorizationrole_rlt(id, transitionId, roleId, conditions, isValid)
VALUES ('67899f25-860f-4057-a987-b4b1a7384d02', '917FE5FE-E3D6-4C06-A9DC-576FBAC00C4A', '960fb540-3cef-49e8-89b6-1bREWrole001', NULL, 'Y');
INSERT INTO wf_authorizationrole_rlt(id, transitionId, roleId, conditions, isValid)
VALUES ('755ed634-7a88-46e9-8482-6cda4f48e78c', '466A1B9E-ABBD-43A4-B927-B2A4D3775151', '960fb540-3cef-49e8-89b6-1bREWrole001', NULL, 'Y');
INSERT INTO wf_authorizationrole_rlt(id, transitionId, roleId, conditions, isValid)
VALUES ('9e860b88-65df-485f-9e53-c1bb6b043aa0', 'A8F30E44-393A-44A6-ADBF-E67912533F48', '960fb540-3cef-49e8-89b6-1bREWrole001', NULL, 'Y');
INSERT INTO wf_authorizationrole_rlt(id, transitionId, roleId, conditions, isValid)
VALUES ('baf54f8b-3ee7-4609-b9f6-0a768d74b2ee', 'B210CC6A-07C9-41B7-9E01-E3CEC71DC638', '960fb540-3cef-49e8-89b6-1bREWrole001', NULL, 'Y');
INSERT INTO wf_authorizationrole_rlt(id, transitionId, roleId, conditions, isValid)
VALUES ('c42c4b81-0821-455a-8d6a-10ce9e7ed6a1', '6B7E6BA7-7572-4752-A83A-C5704554758B', '960fb540-3cef-49e8-89b6-1bREWrole001', NULL, 'Y');
INSERT INTO wf_authorizationrole_rlt(id, transitionId, roleId, conditions, isValid)
VALUES ('d411460f-4925-4b92-a1dd-f4741ac9d02f', 'E5A5EB37-8E6A-42DE-A793-96B1D1724CFF', '960fb540-3cef-49e8-89b6-1bREWrole001', NULL, 'Y');
INSERT INTO wf_authorizationrole_rlt(id, transitionId, roleId, conditions, isValid)
VALUES ('ebc783ce-56f0-4f67-927d-602b72799fb2', 'D76F8289-1278-434B-AD49-BE36B45857CB', '960fb540-3cef-49e8-89b6-1bREWrole001', NULL, 'Y');
INSERT INTO wf_authorizationrole_rlt(id, transitionId, roleId, conditions, isValid)
VALUES ('f88e5bc3-8bff-4a7d-8502-ad2224bbc5d1', 'D7F30FF3-4E94-44DF-9C6A-340EA9231328', '960fb540-3cef-49e8-89b6-1bREWrole001', NULL, 'Y');

INSERT INTO sys_page(id, name, objectType, pageType, parentId, workflowID, deriveWfType, deriveWfID, mapField, isStartPage, entityTypeID, extPageUrl, extPageCls, isSystem, remark, isValid, orderNum, creatorId, createdTime, modifyId, modifyTime)
VALUES ('07698511-fa9f-47e2-9f4c-kfRSKpage001', '系统视图', 'RSK', NULL, NULL, NULL, NULL, NULL, NULL, NULL, NULL, NULL, NULL, 'Y', NULL, 'Y', 1, NULL, NULL, NULL, NULL);
INSERT INTO sys_page(id, name, objectType, pageType, parentId, workflowID, deriveWfType, deriveWfID, mapField, isStartPage, entityTypeID, extPageUrl, extPageCls, isSystem, remark, isValid, orderNum, creatorId, createdTime, modifyId, modifyTime)
VALUES ('07698511-fa9f-47e2-9f4c-kfRSKpage002', '默认视图', 'RSK', 'LIST', '07698511-fa9f-47e2-9f4c-kfRSKpage001', NULL, NULL, NULL, NULL, NULL, NULL, NULL, NULL, 'Y', NULL, 'Y', 2, 'b8ab9427-627b-469f-bfd0-4b1buser0001', '2022-08-08', 'b8ab9427-627b-469f-bfd0-4b1buser0001', '2022-08-08');
INSERT INTO sys_page(id, name, objectType, pageType, parentId, workflowID, deriveWfType, deriveWfID, mapField, isStartPage, entityTypeID, extPageUrl, extPageCls, isSystem, remark, isValid, orderNum, creatorId, createdTime, modifyId, modifyTime)
VALUES ('07698511-fa9f-47e2-9f4c-kfRSKpage004', '导入导出视图', 'RSK', 'IMPEXPLIST', '', NULL, NULL, NULL, NULL, NULL, NULL, NULL, NULL, 'Y', NULL, 'Y', 5, NULL, NULL, NULL, NULL);
INSERT INTO sys_page(id, name, objectType, pageType, parentId, workflowID, deriveWfType, deriveWfID, mapField, isStartPage, entityTypeID, extPageUrl, extPageCls, isSystem, remark, isValid, orderNum, creatorId, createdTime, modifyId, modifyTime)
VALUES ('07698511-fa9f-47e2-9f4c-kfRSKpage005', '导入视图', 'RSK', 'IMPLIST', '07698511-fa9f-47e2-9f4c-kfRSKpage004', NULL, NULL, NULL, NULL, NULL, NULL, NULL, NULL, 'Y', NULL, 'Y', 6, 'b8ab9427-627b-469f-bfd0-4b1buser0001', '2022-08-08', 'b8ab9427-627b-469f-bfd0-4b1buser0001', '2022-08-08');
INSERT INTO sys_page(id, name, objectType, pageType, parentId, workflowID, deriveWfType, deriveWfID, mapField, isStartPage, entityTypeID, extPageUrl, extPageCls, isSystem, remark, isValid, orderNum, creatorId, createdTime, modifyId, modifyTime)
VALUES ('07698511-fa9f-47e2-9f4c-kfRSKpage006', '导出视图', 'RSK', 'EXPLIST', '07698511-fa9f-47e2-9f4c-kfRSKpage004', NULL, NULL, NULL, NULL, NULL, NULL, NULL, NULL, 'Y', NULL, 'Y', 7, 'b8ab9427-627b-469f-bfd0-4b1buser0001', '2022-08-08', 'b8ab9427-627b-469f-bfd0-4b1buser0001', '2022-08-08');
INSERT INTO sys_page(id, name, objectType, pageType, parentId, workflowID, deriveWfType, deriveWfID, mapField, isStartPage, entityTypeID, extPageUrl, extPageCls, isSystem, remark, isValid, orderNum, creatorId, createdTime, modifyId, modifyTime)
VALUES ('07698511-fa9f-47e2-9f4c-kfRSKpage003', '个人视图', 'RSK', 'CUSLIST', '', NULL, NULL, NULL, NULL, NULL, NULL, NULL, NULL, 'Y', NULL, 'Y', 8, NULL, NULL, NULL, NULL);

INSERT INTO wf_role(id, workflowType, name, val, orderNum, isSystem, isValid, creatorId, createdTime, modifyId, modifyTime)
VALUES ('960fb540-3cef-49e8-89b6-1bRSKrole001', 'RSK', '责任人', 'OR', 1, 'Y', 'Y', 'b8ab9427-627b-469f-bfd0-4b1buser0001', '2022-08-08', 'b8ab9427-627b-469f-bfd0-4b1buser0001', '2022-08-08');
INSERT INTO wf_role(id, workflowType, name, val, orderNum, isSystem, isValid, creatorId, createdTime, modifyId, modifyTime)
VALUES ('960fb540-3cef-49e8-89b6-1bRSKrole002', 'RSK', '参与人', 'AC', 2, 'Y', 'Y', 'b8ab9427-627b-469f-bfd0-4b1buser0001', '2022-08-08', 'b8ab9427-627b-469f-bfd0-4b1buser0001', '2022-08-08');
INSERT INTO wf_role(id, workflowType, name, val, orderNum, isSystem, isValid, creatorId, createdTime, modifyId, modifyTime)
VALUES ('960fb540-3cef-49e8-89b6-1bRSKrole003', 'RSK', '创建人', 'CR', 3, 'Y', 'Y', 'b8ab9427-627b-469f-bfd0-4b1buser0001', '2022-08-08', 'b8ab9427-627b-469f-bfd0-4b1buser0001', '2022-08-08');
INSERT INTO wf_role(id, workflowType, name, val, orderNum, isSystem, isValid, creatorId, createdTime, modifyId, modifyTime)
VALUES ('960fb540-3cef-49e8-89b6-1bRSKrole004', 'RSK', '读者', 'RR', 4, 'Y', 'Y', 'b8ab9427-627b-469f-bfd0-4b1buser0001', '2022-08-08', 'b8ab9427-627b-469f-bfd0-4b1buser0001', '2022-08-08');

INSERT INTO sys_pagelist_rlt(id, pageId, objectType, fieldView, filterCondition, isValid)
VALUES ('349f6c25-4260-4001-b43a-cf7d0e28e840', '07698511-fa9f-47e2-9f4c-kfRSKpage002', 'RSK', '{"pageSize":"20","orderBy":"","orderByType":"desc","query":"","view":[{"f":"id","a":"center","w":"60px","t":"ID","r":"","s":false,"h":false,"i":""},{"f":"name","a":"left","w":"300px","t":"TEXT","r":"true","s":"true","h":"true","i":"9dab3a1f-3309-4fd7-be6c-b90fb832d320"},{"f":"code","a":"left","w":"120px","t":"TEXT","r":false,"s":"true","h":"true","i":"b737e904-7697-4019-bd6c-0d8d76d2d4dc"},{"f":"projectId","a":"left","w":"120px","t":"PJT","r":false,"s":"true","h":"true","i":"40a9e371-c4d0-4552-bd8d-c167c266989a"},{"f":"ownerIds","a":"left","w":"120px","t":"USER","r":false,"s":"true","h":"true","i":"ownerIds"},{"f":"statusId","a":"left","w":"120px","t":"SELECT","r":false,"s":"true","h":"true","i":"2816fed6-96f1-4e99-8280-641da54c3bac"},{"f":"creatorId","a":"left","w":"120px","t":"USER","r":false,"s":"true","h":"true","i":"1b993270-9572-43ab-838b-21b02881f762"},{"f":"modifyTime","a":"left","w":"120px","t":"DATE","r":false,"s":"true","h":false,"i":"3a3e398b-7ca7-412a-b884-9aab90b6384c"}]}', '', 'Y');
INSERT INTO sys_pagelist_rlt(id, pageId, objectType, fieldView, filterCondition, isValid)
VALUES ('4346e471-8a64-42aa-b4f4-aa03248142c7', '07698511-fa9f-47e2-9f4c-kfRSKpage006', 'RSK', '{"pageSize":"20","orderBy":"","orderByType":"desc","query":"","view":[{"f":"id","a":"center","w":"60px","t":"ID","r":"","s":false,"h":false,"i":""},{"f":"name","a":"left","w":"300.0px","t":"TEXT","r":"true","s":false,"h":false,"i":"9dab3a1f-3309-4fd7-be6c-b90fb832d320"},{"f":"code","a":"left","w":"120.0px","t":"TEXT","r":false,"s":false,"h":false,"i":"b737e904-7697-4019-bd6c-0d8d76d2d4dc"},{"f":"projectId","a":"left","w":"120.0px","t":"PJT","r":false,"s":false,"h":false,"i":"40a9e371-c4d0-4552-bd8d-c167c266989a"},{"f":"ownerIds","a":"left","w":"120.0px","t":"USER","r":false,"s":false,"h":false,"i":"ownerIds"},{"f":"statusId","a":"left","w":"120.0px","t":"SELECT","r":false,"s":false,"h":false,"i":"2816fed6-96f1-4e99-8280-641da54c3bac"},{"f":"creatorId","a":"left","w":"120.0px","t":"USER","r":false,"s":false,"h":false,"i":"1b993270-9572-43ab-838b-21b02881f762"},{"f":"modifyTime","a":"left","w":"120.0px","t":"DATE","r":false,"s":false,"h":false,"i":"3a3e398b-7ca7-412a-b884-9aab90b6384c"}]}', '', 'Y');
INSERT INTO sys_pagelist_rlt(id, pageId, objectType, fieldView, filterCondition, isValid)
VALUES ('e0b1d9cf-1969-4c97-af2a-3df695998ef2', '07698511-fa9f-47e2-9f4c-kfRSKpage005', 'RSK', '{"pageSize":"20","orderBy":"","orderByType":"desc","query":"","view":[{"f":"id","a":"center","w":"60px","t":"ID","r":"","s":false,"h":false,"i":""},{"f":"name","a":"left","w":"300.0px","t":"TEXT","r":"true","s":false,"h":false,"i":"9dab3a1f-3309-4fd7-be6c-b90fb832d320"},{"f":"code","a":"left","w":"120.0px","t":"TEXT","r":false,"s":false,"h":false,"i":"b737e904-7697-4019-bd6c-0d8d76d2d4dc"},{"f":"projectId","a":"left","w":"120.0px","t":"PJT","r":false,"s":false,"h":false,"i":"40a9e371-c4d0-4552-bd8d-c167c266989a"},{"f":"ownerIds","a":"left","w":"120.0px","t":"USER","r":"true","s":false,"h":false,"i":"ownerIds"},{"f":"statusId","a":"left","w":"120.0px","t":"SELECT","r":"true","s":false,"h":false,"i":"2816fed6-96f1-4e99-8280-641da54c3bac"},{"f":"creatorId","a":"left","w":"120.0px","t":"USER","r":false,"s":false,"h":false,"i":"1b993270-9572-43ab-838b-21b02881f762"},{"f":"createdTime","a":"left","w":"120.0px","t":"DATE","r":false,"s":false,"h":false,"i":"d09ee728-4110-4a60-b84a-5098e965424b"}]}', '', 'Y');

INSERT INTO sys_field(id, colName, showName, objectType, dataType, htmlType, fieldType, displayWidth, remark, defaultValue, defaultRule, extendClass, layout, showMobile, isCommon, parentId, isValid, orderNum, creatorId, createdTime, modifyId, modifyTime, isDBField)
VALUES ('d98075f3-3837-498d-8343-e8ed8328cd57', 'productId', '归属产品', 'RSK', 'varchar', 'PRD', 'S', 120.0, '', NULL, '{"isRecorded":"Y","isRequired":"N"}', '', 'T', NULL, 'N', NULL, 'N', NULL, 'b8ab9427-627b-469f-bfd0-4b1buser0001', '2022-08-08', 'b8ab9427-627b-469f-bfd0-4b1buser0001', '2022-08-08', 'Y');
INSERT INTO sys_field(id, colName, showName, objectType, dataType, htmlType, fieldType, displayWidth, remark, defaultValue, defaultRule, extendClass, layout, showMobile, isCommon, parentId, isValid, orderNum, creatorId, createdTime, modifyId, modifyTime, isDBField)
VALUES ('9dab3a1f-3309-4fd7-be6c-b90fb832d320', 'name', '名称', 'RSK', 'varchar', 'TEXT', 'S', 300.0, '', '', '{"isRecorded":"Y","textLength":"128","isRequired":"Y"}', '', 'F', NULL, 'N', NULL, 'Y', 1, 'b8ab9427-627b-469f-bfd0-4b1buser0001', '2022-08-08', 'b8ab9427-627b-469f-bfd0-4b1buser0001', '2022-08-08', 'Y');
INSERT INTO sys_field(id, colName, showName, objectType, dataType, htmlType, fieldType, displayWidth, remark, defaultValue, defaultRule, extendClass, layout, showMobile, isCommon, parentId, isValid, orderNum, creatorId, createdTime, modifyId, modifyTime, isDBField)
VALUES ('b737e904-7697-4019-bd6c-0d8d76d2d4dc', 'code', '编号', 'RSK', 'varchar', 'TEXT', 'S', 120.0, '', '', '{"isRecorded":"Y","textLength":"128","isRequired":"N"}', '', 'T', NULL, 'N', NULL, 'Y', 5, 'b8ab9427-627b-469f-bfd0-4b1buser0001', '2022-08-08', 'b8ab9427-627b-469f-bfd0-4b1buser0001', '2022-08-08', 'Y');
INSERT INTO sys_field(id, colName, showName, objectType, dataType, htmlType, fieldType, displayWidth, remark, defaultValue, defaultRule, extendClass, layout, showMobile, isCommon, parentId, isValid, orderNum, creatorId, createdTime, modifyId, modifyTime, isDBField)
VALUES ('40a9e371-c4d0-4552-bd8d-c167c266989a', 'projectId', '归属项目', 'RSK', 'varchar', 'PJT', 'S', 120.0, '', NULL, '{"isRecorded":"Y","isRequired":"N"}', '', 'T', NULL, 'N', NULL, 'Y', 6, 'b8ab9427-627b-469f-bfd0-4b1buser0001', '2022-08-08', 'b8ab9427-627b-469f-bfd0-4b1buser0001', '2022-08-08', 'Y');
INSERT INTO sys_field(id, colName, showName, objectType, dataType, htmlType, fieldType, displayWidth, remark, defaultValue, defaultRule, extendClass, layout, showMobile, isCommon, parentId, isValid, orderNum, creatorId, createdTime, modifyId, modifyTime, isDBField)
VALUES ('6ba29481-9bd5-47cd-8776-6c14a924cfe3', 'departmentId', '归属部门', 'RSK', 'varchar', 'DEPT', 'S', 120.0, '', NULL, '{"isRecorded":"Y","deptDefaultRule":"N","isRequired":"N"}', '', 'T', NULL, 'N', NULL, 'Y', 8, 'b8ab9427-627b-469f-bfd0-4b1buser0001', '2022-08-08', 'b8ab9427-627b-469f-bfd0-4b1buser0001', '2022-08-08', 'Y');
INSERT INTO sys_field(id, colName, showName, objectType, dataType, htmlType, fieldType, displayWidth, remark, defaultValue, defaultRule, extendClass, layout, showMobile, isCommon, parentId, isValid, orderNum, creatorId, createdTime, modifyId, modifyTime, isDBField)
VALUES ('198811cd-8912-4e24-be4e-d255aa1909e7', 'typeId', '风险类别', 'RSK', 'varchar', 'SELECT', 'S', 120.0, '', '', '{"isSeached":"Y","selectSource":"f3ff8c47-3d8c-4115-981f-0f3d1acfdaf5","setCascade":"","isRecorded":"Y","isRequired":"N"}', '', 'T', NULL, 'N', NULL, 'Y', 10, 'b8ab9427-627b-469f-bfd0-4b1buser0001', '2022-08-08', 'b8ab9427-627b-469f-bfd0-4b1buser0001', '2022-08-08', 'Y');
INSERT INTO sys_field(id, colName, showName, objectType, dataType, htmlType, fieldType, displayWidth, remark, defaultValue, defaultRule, extendClass, layout, showMobile, isCommon, parentId, isValid, orderNum, creatorId, createdTime, modifyId, modifyTime, isDBField)
VALUES ('2e714a13-9b4c-42bf-b3a7-b3b1a250ff60', 'probabilityId', '发生概率', 'RSK', 'varchar', 'SELECT', 'S', 120.0, '', '', '{"isSeached":"Y","selectSource":"14828a6a-e860-4b75-82c9-8763c2d80dee","setCascade":"","isRecorded":"Y","isRequired":"N"}', '', 'T', NULL, 'N', NULL, 'Y', 12, 'b8ab9427-627b-469f-bfd0-4b1buser0001', '2022-08-08', 'b8ab9427-627b-469f-bfd0-4b1buser0001', '2022-08-08', 'Y');
INSERT INTO sys_field(id, colName, showName, objectType, dataType, htmlType, fieldType, displayWidth, remark, defaultValue, defaultRule, extendClass, layout, showMobile, isCommon, parentId, isValid, orderNum, creatorId, createdTime, modifyId, modifyTime, isDBField)
VALUES ('feecd2bd-c6fa-4407-8f28-a040cc50470f', 'effectId', '影响程度', 'RSK', 'varchar', 'SELECT', 'S', 120.0, '', '', '{"isSeached":"Y","selectSource":"adba19bc-a672-41a1-be7d-b99965fb7511","setCascade":"","isRecorded":"Y","isRequired":"N"}', '', 'T', NULL, 'N', NULL, 'Y', 14, 'b8ab9427-627b-469f-bfd0-4b1buser0001', '2022-08-08', 'b8ab9427-627b-469f-bfd0-4b1buser0001', '2022-08-08', 'Y');
INSERT INTO sys_field(id, colName, showName, objectType, dataType, htmlType, fieldType, displayWidth, remark, defaultValue, defaultRule, extendClass, layout, showMobile, isCommon, parentId, isValid, orderNum, creatorId, createdTime, modifyId, modifyTime, isDBField)
VALUES ('1300ff3b-3c2d-407c-a73c-c7d5be94037c', 'gradeId', '风险等级', 'RSK', 'varchar', 'SELECT', 'S', 120.0, '', '', '{"isSeached":"Y","selectSource":"34d685fe-24b5-4b74-8da3-0064159a84b9","setCascade":"","isRecorded":"Y","isRequired":"N"}', '', 'T', NULL, 'N', NULL, 'Y', 16, 'b8ab9427-627b-469f-bfd0-4b1buser0001', '2022-08-08', 'b8ab9427-627b-469f-bfd0-4b1buser0001', '2022-08-08', 'Y');
INSERT INTO sys_field(id, colName, showName, objectType, dataType, htmlType, fieldType, displayWidth, remark, defaultValue, defaultRule, extendClass, layout, showMobile, isCommon, parentId, isValid, orderNum, creatorId, createdTime, modifyId, modifyTime, isDBField)
VALUES ('6ab1be80-2a35-45d3-b6da-c9a453d0076c', 'isDemo', '典型风险', 'RSK', 'varchar', 'RADIO', 'S', 120.0, '', NULL, '{"isRecorded":"Y","isRequired":"N","radioSource":"30521f3a-4070-470a-a186-92c6fb84e577"}', '', 'T', NULL, 'N', NULL, 'Y', 18, 'b8ab9427-627b-469f-bfd0-4b1buser0001', '2022-08-08', 'b8ab9427-627b-469f-bfd0-4b1buser0001', '2022-08-08', 'Y');
INSERT INTO sys_field(id, colName, showName, objectType, dataType, htmlType, fieldType, displayWidth, remark, defaultValue, defaultRule, extendClass, layout, showMobile, isCommon, parentId, isValid, orderNum, creatorId, createdTime, modifyId, modifyTime, isDBField)
VALUES ('2816fed6-96f1-4e99-8280-641da54c3bac', 'statusId', '状态', 'RSK', 'varchar', 'SELECT', 'S', 120.0, '', '', '{"isSeached":"Y","selectSource":"","setCascade":"","isRecorded":"Y","isRequired":"N"}', '', 'T', NULL, 'N', NULL, 'Y', 20, 'b8ab9427-627b-469f-bfd0-4b1buser0001', '2022-08-08', 'b8ab9427-627b-469f-bfd0-4b1buser0001', '2022-08-08', 'Y');
INSERT INTO sys_field(id, colName, showName, objectType, dataType, htmlType, fieldType, displayWidth, remark, defaultValue, defaultRule, extendClass, layout, showMobile, isCommon, parentId, isValid, orderNum, creatorId, createdTime, modifyId, modifyTime, isDBField)
VALUES ('4e801cb4-c9f4-43c2-bada-8524b650385b', 'entityStatusId', '实体状态', 'RSK', 'varchar', 'SELECT', 'S', 120.0, '', '', '{"isSeached":"Y","selectSource":"80994c5c-3e97-400c-aba4-830c6534efdd","setCascade":"","isRecorded":"Y","isRequired":"N"}', '', 'T', NULL, 'N', NULL, 'Y', 22, 'b8ab9427-627b-469f-bfd0-4b1buser0001', '2022-08-08', 'b8ab9427-627b-469f-bfd0-4b1buser0001', '2022-08-08', 'Y');
INSERT INTO sys_field(id, colName, showName, objectType, dataType, htmlType, fieldType, displayWidth, remark, defaultValue, defaultRule, extendClass, layout, showMobile, isCommon, parentId, isValid, orderNum, creatorId, createdTime, modifyId, modifyTime, isDBField)
VALUES ('6c28100a-2f39-4961-b384-d5fc16592e86', 'remark', '描述', 'RSK', 'varchar', 'AREA', 'S', 120.0, '', '', '{"areaLength":"1024","areaIsLimit":"Y","areaRows":"8","isRecorded":"N","isRequired":"N"}', '', 'F', NULL, 'N', NULL, 'Y', 24, 'b8ab9427-627b-469f-bfd0-4b1buser0001', '2022-08-08', 'b8ab9427-627b-469f-bfd0-4b1buser0001', '2022-08-08', 'Y');
INSERT INTO sys_field(id, colName, showName, objectType, dataType, htmlType, fieldType, displayWidth, remark, defaultValue, defaultRule, extendClass, layout, showMobile, isCommon, parentId, isValid, orderNum, creatorId, createdTime, modifyId, modifyTime, isDBField)
VALUES ('43861f26-54d1-42f1-8dc6-0d2d7dbf1d02', 'auditorId', '审核人', 'RSK', 'varchar', 'USER', 'S', 120.0, '', NULL, '{"isRecorded":"Y","userIsMul":"","isRequired":"N","userDefaultRule":"N"}', '', 'T', NULL, 'N', NULL, 'Y', 25, 'b8ab9427-627b-469f-bfd0-4b1buser0001', '2022-08-08', 'b8ab9427-627b-469f-bfd0-4b1buser0001', '2022-08-08', 'Y');
INSERT INTO sys_field(id, colName, showName, objectType, dataType, htmlType, fieldType, displayWidth, remark, defaultValue, defaultRule, extendClass, layout, showMobile, isCommon, parentId, isValid, orderNum, creatorId, createdTime, modifyId, modifyTime, isDBField)
VALUES ('3223cc8f-bb52-4b8f-888b-d41af832d2ec', 'auditDate', '审核日期', 'RSK', 'datetime', 'DATE', 'S', 120.0, '', NULL, '{"isRecorded":"N","dateFormatRule":"YMD","dateDefaultRule":"CD","isRequired":"N"}', '', 'T', NULL, 'N', NULL, 'Y', 30, 'b8ab9427-627b-469f-bfd0-4b1buser0001', '2022-08-08', 'b8ab9427-627b-469f-bfd0-4b1buser0001', '2022-08-08', 'Y');
INSERT INTO sys_field(id, colName, showName, objectType, dataType, htmlType, fieldType, displayWidth, remark, defaultValue, defaultRule, extendClass, layout, showMobile, isCommon, parentId, isValid, orderNum, creatorId, createdTime, modifyId, modifyTime, isDBField)
VALUES ('a7f5ba9f-ad45-455b-b8ed-2eae32d85e7f', 'auditRemark', '审批意见', 'RSK', 'varchar', 'AREA', 'S', 120.0, '', '', '{"areaLength":"1024","areaIsLimit":"Y","areaRows":"8","isRecorded":"Y","isRequired":"N"}', '', 'F', NULL, 'N', NULL, 'Y', 32, 'b8ab9427-627b-469f-bfd0-4b1buser0001', '2022-08-08', 'b8ab9427-627b-469f-bfd0-4b1buser0001', '2022-08-08', 'Y');
INSERT INTO sys_field(id, colName, showName, objectType, dataType, htmlType, fieldType, displayWidth, remark, defaultValue, defaultRule, extendClass, layout, showMobile, isCommon, parentId, isValid, orderNum, creatorId, createdTime, modifyId, modifyTime, isDBField)
VALUES ('98e3f5fc-5bd3-4cc4-83b9-e7d2084e9668', 'presenterId', '提出人', 'RSK', 'varchar', 'USER', 'S', 120.0, '', NULL, '{"isRecorded":"N","userIsMul":"","isRequired":"N","userDefaultRule":"N"}', '', 'T', NULL, 'N', NULL, 'Y', 33, 'b8ab9427-627b-469f-bfd0-4b1buser0001', '2022-08-08', 'b8ab9427-627b-469f-bfd0-4b1buser0001', '2022-08-08', 'Y');
INSERT INTO sys_field(id, colName, showName, objectType, dataType, htmlType, fieldType, displayWidth, remark, defaultValue, defaultRule, extendClass, layout, showMobile, isCommon, parentId, isValid, orderNum, creatorId, createdTime, modifyId, modifyTime, isDBField)
VALUES ('9fdc7500-4153-4c2a-994e-e9271fab9da2', 'presentDate', '提出日期', 'RSK', 'datetime', 'DATE', 'S', 120.0, '', NULL, '{"isRecorded":"N","dateFormatRule":"YMD","dateDefaultRule":"N","isRequired":"N"}', '', 'T', NULL, 'N', NULL, 'Y', 34, 'b8ab9427-627b-469f-bfd0-4b1buser0001', '2022-08-08', 'b8ab9427-627b-469f-bfd0-4b1buser0001', '2022-08-08', 'Y');
INSERT INTO sys_field(id, colName, showName, objectType, dataType, htmlType, fieldType, displayWidth, remark, defaultValue, defaultRule, extendClass, layout, showMobile, isCommon, parentId, isValid, orderNum, creatorId, createdTime, modifyId, modifyTime, isDBField)
VALUES ('e2b67803-c1e0-49bb-8b75-49daf81115a6', 'hopeFinishDate', '期望解决日期', 'RSK', 'datetime', 'DATE', 'S', 120.0, '', NULL, '{"isRecorded":"N","dateFormatRule":"YMD","dateDefaultRule":"N","isRequired":"N"}', '', 'T', NULL, 'N', NULL, 'Y', 35, 'b8ab9427-627b-469f-bfd0-4b1buser0001', '2022-08-08', 'b8ab9427-627b-469f-bfd0-4b1buser0001', '2022-08-08', 'Y');
INSERT INTO sys_field(id, colName, showName, objectType, dataType, htmlType, fieldType, displayWidth, remark, defaultValue, defaultRule, extendClass, layout, showMobile, isCommon, parentId, isValid, orderNum, creatorId, createdTime, modifyId, modifyTime, isDBField)
VALUES ('5ab96103-6908-45f3-8b5f-71ae5c59aad3', 'planFinishDate', '计划解决日期', 'RSK', 'datetime', 'DATE', 'S', 120.0, '', NULL, '{"isRecorded":"N","dateFormatRule":"YMD","dateDefaultRule":"N","isRequired":"N"}', '', 'T', NULL, 'N', NULL, 'Y', 36, 'b8ab9427-627b-469f-bfd0-4b1buser0001', '2022-08-08', 'b8ab9427-627b-469f-bfd0-4b1buser0001', '2022-08-08', 'Y');
INSERT INTO sys_field(id, colName, showName, objectType, dataType, htmlType, fieldType, displayWidth, remark, defaultValue, defaultRule, extendClass, layout, showMobile, isCommon, parentId, isValid, orderNum, creatorId, createdTime, modifyId, modifyTime, isDBField)
VALUES ('2e33736a-4aa6-4b67-94b5-ada3664aafce', 'realFinishDate', '实际解决日期', 'RSK', 'datetime', 'DATE', 'S', 120.0, '', NULL, '{"isRecorded":"N","dateFormatRule":"YMD","dateDefaultRule":"N","isRequired":"N"}', '', 'T', NULL, 'N', NULL, 'Y', 37, 'b8ab9427-627b-469f-bfd0-4b1buser0001', '2022-08-08', 'b8ab9427-627b-469f-bfd0-4b1buser0001', '2022-08-08', 'Y');
INSERT INTO sys_field(id, colName, showName, objectType, dataType, htmlType, fieldType, displayWidth, remark, defaultValue, defaultRule, extendClass, layout, showMobile, isCommon, parentId, isValid, orderNum, creatorId, createdTime, modifyId, modifyTime, isDBField)
VALUES ('6eb569eb-ab97-4491-9156-dbf5da09cbd3', 'effectRemark', '影响描述', 'RSK', 'varchar', 'AREA', 'S', 120.0, '', '', '{"areaLength":"1024","areaIsLimit":"Y","areaRows":"8","isRecorded":"N","isRequired":"N"}', '', 'F', NULL, 'N', NULL, 'Y', 38, 'b8ab9427-627b-469f-bfd0-4b1buser0001', '2022-08-08', 'b8ab9427-627b-469f-bfd0-4b1buser0001', '2022-08-08', 'Y');
INSERT INTO sys_field(id, colName, showName, objectType, dataType, htmlType, fieldType, displayWidth, remark, defaultValue, defaultRule, extendClass, layout, showMobile, isCommon, parentId, isValid, orderNum, creatorId, createdTime, modifyId, modifyTime, isDBField)
VALUES ('c972ff58-4bf4-4ec7-8bcc-e595fb3414af', 'respondPlan', '应对计划', 'RSK', 'varchar', 'AREA', 'S', 120.0, '', '', '{"areaLength":"1024","areaIsLimit":"Y","areaRows":"8","isRecorded":"N","isRequired":"N"}', '', 'F', NULL, 'N', NULL, 'Y', 39, 'b8ab9427-627b-469f-bfd0-4b1buser0001', '2022-08-08', 'b8ab9427-627b-469f-bfd0-4b1buser0001', '2022-08-08', 'Y');
INSERT INTO sys_field(id, colName, showName, objectType, dataType, htmlType, fieldType, displayWidth, remark, defaultValue, defaultRule, extendClass, layout, showMobile, isCommon, parentId, isValid, orderNum, creatorId, createdTime, modifyId, modifyTime, isDBField)
VALUES ('e5cc7a35-1159-489c-862f-eec73abe3b23', 'riskAnalysis', '风险分析', 'RSK', 'varchar', 'AREA', 'S', 120.0, '', '', '{"areaLength":"1024","areaIsLimit":"Y","areaRows":"8","isRecorded":"N","isRequired":"N"}', '', 'F', NULL, 'N', NULL, 'Y', 40, 'b8ab9427-627b-469f-bfd0-4b1buser0001', '2022-08-08', 'b8ab9427-627b-469f-bfd0-4b1buser0001', '2022-08-08', 'Y');
INSERT INTO sys_field(id, colName, showName, objectType, dataType, htmlType, fieldType, displayWidth, remark, defaultValue, defaultRule, extendClass, layout, showMobile, isCommon, parentId, isValid, orderNum, creatorId, createdTime, modifyId, modifyTime, isDBField)
VALUES ('9b8e8a11-787a-407d-9044-11126de41626', 'acceptReason', '接受原因', 'RSK', 'varchar', 'AREA', 'S', 120.0, '', '', '{"areaLength":"1024","areaIsLimit":"Y","areaRows":"8","isRecorded":"N","isRequired":"N"}', '', 'F', NULL, 'N', NULL, 'Y', 41, 'b8ab9427-627b-469f-bfd0-4b1buser0001', '2022-08-08', 'b8ab9427-627b-469f-bfd0-4b1buser0001', '2022-08-08', 'Y');
INSERT INTO sys_field(id, colName, showName, objectType, dataType, htmlType, fieldType, displayWidth, remark, defaultValue, defaultRule, extendClass, layout, showMobile, isCommon, parentId, isValid, orderNum, creatorId, createdTime, modifyId, modifyTime, isDBField)
VALUES ('9aba6681-9690-4f83-8f68-e9aa755e5391', 'riskRemark', '风险备注', 'RSK', 'varchar', 'AREA', 'S', 120.0, '', '', '{"areaLength":"1024","areaIsLimit":"Y","areaRows":"8","isRecorded":"N","isRequired":"N"}', '', 'F', NULL, 'N', NULL, 'Y', 42, 'b8ab9427-627b-469f-bfd0-4b1buser0001', '2022-08-08', 'b8ab9427-627b-469f-bfd0-4b1buser0001', '2022-08-08', 'Y');
INSERT INTO sys_field(id, colName, showName, objectType, dataType, htmlType, fieldType, displayWidth, remark, defaultValue, defaultRule, extendClass, layout, showMobile, isCommon, parentId, isValid, orderNum, creatorId, createdTime, modifyId, modifyTime, isDBField)
VALUES ('2ac9e84b-948d-411d-ab30-536243639a14', 'trackRemark', '跟踪描述', 'RSK', 'varchar', 'AREA', 'S', 120.0, '', '', '{"areaLength":"1024","areaIsLimit":"Y","areaRows":"8","isRecorded":"Y","isRequired":"N"}', '', 'F', NULL, 'N', NULL, 'Y', 44, 'b8ab9427-627b-469f-bfd0-4b1buser0001', '2022-08-08', 'b8ab9427-627b-469f-bfd0-4b1buser0001', '2022-08-08', 'Y');
INSERT INTO sys_field(id, colName, showName, objectType, dataType, htmlType, fieldType, displayWidth, remark, defaultValue, defaultRule, extendClass, layout, showMobile, isCommon, parentId, isValid, orderNum, creatorId, createdTime, modifyId, modifyTime, isDBField)
VALUES ('d7fda513-ff4b-4fac-8df5-b5825b8d00be', 'ownerId', '责任人', 'RSK', 'varchar', 'USER', 'S', 120.0, '', NULL, '{"isRecorded":"N","userIsMul":"","isRequired":"N","userDefaultRule":"N"}', '', 'T', NULL, 'N', NULL, 'Y', 45, 'b8ab9427-627b-469f-bfd0-4b1buser0001', '2022-08-08', 'b8ab9427-627b-469f-bfd0-4b1buser0001', '2022-08-08', 'Y');
INSERT INTO sys_field(id, colName, showName, objectType, dataType, htmlType, fieldType, displayWidth, remark, defaultValue, defaultRule, extendClass, layout, showMobile, isCommon, parentId, isValid, orderNum, creatorId, createdTime, modifyId, modifyTime, isDBField)
VALUES ('4aeff5b9-907f-4556-9ce6-acb8a0641a2e', 'actorId', '参与人', 'RSK', 'varchar', 'USER', 'S', 120.0, '', NULL, '{"isRecorded":"N","userIsMul":"Y","isRequired":"N","userDefaultRule":"N"}', '', 'T', NULL, 'N', NULL, 'Y', 46, 'b8ab9427-627b-469f-bfd0-4b1buser0001', '2022-08-08', 'b8ab9427-627b-469f-bfd0-4b1buser0001', '2022-08-08', 'Y');
INSERT INTO sys_field(id, colName, showName, objectType, dataType, htmlType, fieldType, displayWidth, remark, defaultValue, defaultRule, extendClass, layout, showMobile, isCommon, parentId, isValid, orderNum, creatorId, createdTime, modifyId, modifyTime, isDBField)
VALUES ('c34d1749-d5e1-4926-b376-a6c0d0b6b330', 'signOpinionId', '会签意见', 'RSK', 'varchar', 'SELECT', 'S', 120.0, '', '', '{"isSeached":"Y","selectSource":"95fe7c80-a1d9-4652-8bc7-ac06ab1e5bbf","setCascade":"","isRecorded":"N","isRequired":"N"}', '', 'T', NULL, 'N', NULL, 'Y', 47, 'b8ab9427-627b-469f-bfd0-4b1buser0001', '2022-08-08', 'b8ab9427-627b-469f-bfd0-4b1buser0001', '2022-08-08', 'Y');
INSERT INTO sys_field(id, colName, showName, objectType, dataType, htmlType, fieldType, displayWidth, remark, defaultValue, defaultRule, extendClass, layout, showMobile, isCommon, parentId, isValid, orderNum, creatorId, createdTime, modifyId, modifyTime, isDBField)
VALUES ('d21788b4-8b74-4637-9694-870b9e92d463', 'signRemark', '会签描述', 'RSK', 'varchar', 'AREA', 'S', 120.0, '', '', '{"areaLength":"1024","areaIsLimit":"Y","areaRows":"8","isRecorded":"N","isRequired":"N"}', '', 'F', NULL, 'N', NULL, 'Y', 50, 'b8ab9427-627b-469f-bfd0-4b1buser0001', '2022-08-08', 'b8ab9427-627b-469f-bfd0-4b1buser0001', '2022-08-08', 'Y');
INSERT INTO sys_field(id, colName, showName, objectType, dataType, htmlType, fieldType, displayWidth, remark, defaultValue, defaultRule, extendClass, layout, showMobile, isCommon, parentId, isValid, orderNum, creatorId, createdTime, modifyId, modifyTime, isDBField)
VALUES ('f9912207-b826-48c3-b01f-6bc8b6045679', 'lampSign', '指示灯', 'RSK', 'float', 'NUMBER', 'S', 120.0, '', '', '{"numberFormat":"I","isRecorded":"N","isRequired":"N","redLight":"79","greenLight":"30"}', '', 'T', NULL, 'N', NULL, 'Y', 51, 'b8ab9427-627b-469f-bfd0-4b1buser0001', '2022-08-08', 'b8ab9427-627b-469f-bfd0-4b1buser0001', '2022-08-08', 'Y');
INSERT INTO sys_field(id, colName, showName, objectType, dataType, htmlType, fieldType, displayWidth, remark, defaultValue, defaultRule, extendClass, layout, showMobile, isCommon, parentId, isValid, orderNum, creatorId, createdTime, modifyId, modifyTime, isDBField)
VALUES ('d7f23b2b-6e41-4717-9fd1-513fce2bfd58', 'fileSign', '附件', 'RSK', 'varchar', 'SIGN', 'S', 120.0, '', NULL, '{"isRecorded":"N","isRequired":"N","signDefaultRule":"ZDY","isShowed":"N"}', 'com.dream.fileSign.FileSign', 'F', NULL, 'N', NULL, 'Y', 52, 'b8ab9427-627b-469f-bfd0-4b1buser0001', '2022-08-08', 'b8ab9427-627b-469f-bfd0-4b1buser0001', '2022-08-08', 'N');
INSERT INTO sys_field(id, colName, showName, objectType, dataType, htmlType, fieldType, displayWidth, remark, defaultValue, defaultRule, extendClass, layout, showMobile, isCommon, parentId, isValid, orderNum, creatorId, createdTime, modifyId, modifyTime, isDBField)
VALUES ('0c1e9350-cf7b-465c-a7a0-9519c0a65141', 'related', '关联', 'RSK', 'varchar', 'SIGN', 'S', 120.0, '', NULL, '{"isRecorded":"N","isRequired":"N","signDefaultRule":"ZDY","isShowed":"N"}', 'com.dream.relatedSign.RelatedSign', 'F', NULL, 'N', NULL, 'Y', 53, 'b8ab9427-627b-469f-bfd0-4b1buser0001', '2022-08-08', 'b8ab9427-627b-469f-bfd0-4b1buser0001', '2022-08-08', 'N');
INSERT INTO sys_field(id, colName, showName, objectType, dataType, htmlType, fieldType, displayWidth, remark, defaultValue, defaultRule, extendClass, layout, showMobile, isCommon, parentId, isValid, orderNum, creatorId, createdTime, modifyId, modifyTime, isDBField)
VALUES ('1b993270-9572-43ab-838b-21b02881f762', 'creatorId', '创建人', 'RSK', 'varchar', 'USER', 'S', 120.0, '', NULL, '{"isRecorded":"N","userIsMul":"","isRequired":"N","userDefaultRule":"N"}', '', 'T', NULL, 'N', NULL, 'Y', 54, 'b8ab9427-627b-469f-bfd0-4b1buser0001', '2022-08-08', 'b8ab9427-627b-469f-bfd0-4b1buser0001', '2022-08-08', 'Y');
INSERT INTO sys_field(id, colName, showName, objectType, dataType, htmlType, fieldType, displayWidth, remark, defaultValue, defaultRule, extendClass, layout, showMobile, isCommon, parentId, isValid, orderNum, creatorId, createdTime, modifyId, modifyTime, isDBField)
VALUES ('d09ee728-4110-4a60-b84a-5098e965424b', 'createdTime', '创建时间', 'RSK', 'datetime', 'DATE', 'S', 120.0, '', NULL, '{"isRecorded":"N","dateFormatRule":"YMDHm","dateDefaultRule":"N","isRequired":"N"}', '', 'T', NULL, 'N', NULL, 'Y', 55, 'b8ab9427-627b-469f-bfd0-4b1buser0001', '2022-08-08', 'b8ab9427-627b-469f-bfd0-4b1buser0001', '2022-08-08', 'Y');
INSERT INTO sys_field(id, colName, showName, objectType, dataType, htmlType, fieldType, displayWidth, remark, defaultValue, defaultRule, extendClass, layout, showMobile, isCommon, parentId, isValid, orderNum, creatorId, createdTime, modifyId, modifyTime, isDBField)
VALUES ('6e7c4c6a-754b-4e8e-9dd0-ce773730113c', 'modifyId', '更新人', 'RSK', 'varchar', 'USER', 'S', 120.0, '', NULL, '{"isRecorded":"N","userIsMul":"","isRequired":"N","userDefaultRule":"N"}', '', 'T', NULL, 'N', NULL, 'Y', 56, 'b8ab9427-627b-469f-bfd0-4b1buser0001', '2022-08-08', 'b8ab9427-627b-469f-bfd0-4b1buser0001', '2022-08-08', 'Y');
INSERT INTO sys_field(id, colName, showName, objectType, dataType, htmlType, fieldType, displayWidth, remark, defaultValue, defaultRule, extendClass, layout, showMobile, isCommon, parentId, isValid, orderNum, creatorId, createdTime, modifyId, modifyTime, isDBField)
VALUES ('3a3e398b-7ca7-412a-b884-9aab90b6384c', 'modifyTime', '最新更新时间', 'RSK', 'datetime', 'DATE', 'S', 120.0, '', NULL, '{"isRecorded":"N","dateFormatRule":"YMDHm","dateDefaultRule":"N","isRequired":"N"}', '', 'T', NULL, 'N', NULL, 'Y', 57, 'b8ab9427-627b-469f-bfd0-4b1buser0001', '2022-08-08', 'b8ab9427-627b-469f-bfd0-4b1buser0001', '2022-08-08', 'Y');

INSERT INTO sys_fieldnum(id, objectType, fieldId, orderNum)
VALUES ('96e3a8f2-8f75-4e78-aa4e-5072fb1e7a6d', 'RSK', '6ab1be80-2a35-45d3-b6da-c9a453d0076c', 1);
INSERT INTO sys_fieldnum(id, objectType, fieldId, orderNum)
VALUES ('f29652c2-47e8-4187-87be-3655c955d4ce', 'RSK', '9dab3a1f-3309-4fd7-be6c-b90fb832d320', 2);
INSERT INTO sys_fieldnum(id, objectType, fieldId, orderNum)
VALUES ('4a4df5f2-6c16-4aab-9ee6-cb4169814ba2', 'RSK', 'b737e904-7697-4019-bd6c-0d8d76d2d4dc', 6);
INSERT INTO sys_fieldnum(id, objectType, fieldId, orderNum)
VALUES ('591bb505-92c9-40a1-9295-e620ee553bf0', 'RSK', '40a9e371-c4d0-4552-bd8d-c167c266989a', 7);
INSERT INTO sys_fieldnum(id, objectType, fieldId, orderNum)
VALUES ('f14d5184-7a94-4a0c-a97c-989175987ca3', 'RSK', 'd98075f3-3837-498d-8343-e8ed8328cd57', 8);
INSERT INTO sys_fieldnum(id, objectType, fieldId, orderNum)
VALUES ('188c748b-f1c0-4247-a02d-9cace820fbad', 'RSK', '6ba29481-9bd5-47cd-8776-6c14a924cfe3', 9);
INSERT INTO sys_fieldnum(id, objectType, fieldId, orderNum)
VALUES ('d7322e7a-0a41-4cd6-8e08-8bada42cd60a', 'RSK', '198811cd-8912-4e24-be4e-d255aa1909e7', 11);
INSERT INTO sys_fieldnum(id, objectType, fieldId, orderNum)
VALUES ('82783bdd-0657-4595-a8a8-8244da1fe631', 'RSK', '2e714a13-9b4c-42bf-b3a7-b3b1a250ff60', 13);
INSERT INTO sys_fieldnum(id, objectType, fieldId, orderNum)
VALUES ('54acce8f-7ea6-48a5-b814-7de2d6e7d1df', 'RSK', 'feecd2bd-c6fa-4407-8f28-a040cc50470f', 15);
INSERT INTO sys_fieldnum(id, objectType, fieldId, orderNum)
VALUES ('d1ef6ac0-09ef-48a7-9fd0-f4f2974cc83b', 'RSK', '1300ff3b-3c2d-407c-a73c-c7d5be94037c', 17);
INSERT INTO sys_fieldnum(id, objectType, fieldId, orderNum)
VALUES ('544bdc2e-3080-4959-8f36-230affeff08c', 'RSK', '2816fed6-96f1-4e99-8280-641da54c3bac', 21);
INSERT INTO sys_fieldnum(id, objectType, fieldId, orderNum)
VALUES ('a77f05e3-2fbd-475b-a415-b62d16a2be54', 'RSK', '4e801cb4-c9f4-43c2-bada-8524b650385b', 23);
INSERT INTO sys_fieldnum(id, objectType, fieldId, orderNum)
VALUES ('6bc0e0d7-306d-4b85-a1fc-384ab131dbef', 'RSK', '6c28100a-2f39-4961-b384-d5fc16592e86', 25);
INSERT INTO sys_fieldnum(id, objectType, fieldId, orderNum)
VALUES ('2e7809b1-049e-4a8a-b1b6-09ebf853e644', 'RSK', '43861f26-54d1-42f1-8dc6-0d2d7dbf1d02', 26);
INSERT INTO sys_fieldnum(id, objectType, fieldId, orderNum)
VALUES ('f15310eb-ced1-4181-b952-5a93b07743ac', 'RSK', '3223cc8f-bb52-4b8f-888b-d41af832d2ec', 31);
INSERT INTO sys_fieldnum(id, objectType, fieldId, orderNum)
VALUES ('04989d74-8b31-4864-867a-b65525624c02', 'RSK', 'a7f5ba9f-ad45-455b-b8ed-2eae32d85e7f', 33);
INSERT INTO sys_fieldnum(id, objectType, fieldId, orderNum)
VALUES ('759ab89e-5984-42dd-a80f-2c3fb5c3b931', 'RSK', '98e3f5fc-5bd3-4cc4-83b9-e7d2084e9668', 34);
INSERT INTO sys_fieldnum(id, objectType, fieldId, orderNum)
VALUES ('a24e5258-662b-4467-89fd-1b67c907bbac', 'RSK', '9fdc7500-4153-4c2a-994e-e9271fab9da2', 35);
INSERT INTO sys_fieldnum(id, objectType, fieldId, orderNum)
VALUES ('7d6cf2d4-bbf5-495b-ac1c-24e41acdee13', 'RSK', 'e2b67803-c1e0-49bb-8b75-49daf81115a6', 36);
INSERT INTO sys_fieldnum(id, objectType, fieldId, orderNum)
VALUES ('562d9b08-91b1-4432-aca5-fd93e41300ba', 'RSK', '5ab96103-6908-45f3-8b5f-71ae5c59aad3', 37);
INSERT INTO sys_fieldnum(id, objectType, fieldId, orderNum)
VALUES ('fcdb2841-cb62-4005-b64b-e08fc7586539', 'RSK', '2e33736a-4aa6-4b67-94b5-ada3664aafce', 38);
INSERT INTO sys_fieldnum(id, objectType, fieldId, orderNum)
VALUES ('09f5dab2-cddd-4e35-a381-f6f1238eab69', 'RSK', '6eb569eb-ab97-4491-9156-dbf5da09cbd3', 39);
INSERT INTO sys_fieldnum(id, objectType, fieldId, orderNum)
VALUES ('ee67e1d2-add6-44f7-8c4d-264af7e978f3', 'RSK', 'c972ff58-4bf4-4ec7-8bcc-e595fb3414af', 40);
INSERT INTO sys_fieldnum(id, objectType, fieldId, orderNum)
VALUES ('4065ef75-ff22-4ff6-9641-208b4449dce3', 'RSK', 'e5cc7a35-1159-489c-862f-eec73abe3b23', 41);
INSERT INTO sys_fieldnum(id, objectType, fieldId, orderNum)
VALUES ('72a6451e-6a3f-4a11-bcd5-79582c1dca6b', 'RSK', '9b8e8a11-787a-407d-9044-11126de41626', 42);
INSERT INTO sys_fieldnum(id, objectType, fieldId, orderNum)
VALUES ('45fa57d5-17e0-4a22-9ed9-c93d4244a39a', 'RSK', '9aba6681-9690-4f83-8f68-e9aa755e5391', 43);
INSERT INTO sys_fieldnum(id, objectType, fieldId, orderNum)
VALUES ('a80427d1-1d8c-42f5-a3fb-c8fd69a70f67', 'RSK', '2ac9e84b-948d-411d-ab30-536243639a14', 45);
INSERT INTO sys_fieldnum(id, objectType, fieldId, orderNum)
VALUES ('52b98fc9-61e5-4f10-a7d1-be76e8f5e11c', 'RSK', 'd7fda513-ff4b-4fac-8df5-b5825b8d00be', 46);
INSERT INTO sys_fieldnum(id, objectType, fieldId, orderNum)
VALUES ('bbdd263d-27b4-48e6-961c-15bfdea36b79', 'RSK', '4aeff5b9-907f-4556-9ce6-acb8a0641a2e', 47);
INSERT INTO sys_fieldnum(id, objectType, fieldId, orderNum)
VALUES ('0c45ff45-a815-46c4-ba75-35c66e9a3df0', 'RSK', 'c34d1749-d5e1-4926-b376-a6c0d0b6b330', 48);
INSERT INTO sys_fieldnum(id, objectType, fieldId, orderNum)
VALUES ('3479a89f-c98a-46ee-bbaf-d10b7e38594d', 'RSK', 'd21788b4-8b74-4637-9694-870b9e92d463', 51);
INSERT INTO sys_fieldnum(id, objectType, fieldId, orderNum)
VALUES ('142b8126-6b60-4a5c-8c95-8ad4441d58e5', 'RSK', 'f9912207-b826-48c3-b01f-6bc8b6045679', 52);
INSERT INTO sys_fieldnum(id, objectType, fieldId, orderNum)
VALUES ('b3e7ff87-31fb-4642-a607-f2941dc20a41', 'RSK', 'd7f23b2b-6e41-4717-9fd1-513fce2bfd58', 53);
INSERT INTO sys_fieldnum(id, objectType, fieldId, orderNum)
VALUES ('0d8ef5ef-3000-4545-809c-356ef2b4fa70', 'RSK', '0c1e9350-cf7b-465c-a7a0-9519c0a65141', 54);
INSERT INTO sys_fieldnum(id, objectType, fieldId, orderNum)
VALUES ('f790ab76-ad90-4ed5-9679-8ddb76cfa7a9', 'RSK', '1b993270-9572-43ab-838b-21b02881f762', 55);
INSERT INTO sys_fieldnum(id, objectType, fieldId, orderNum)
VALUES ('40905602-ad51-45a6-ab85-11929ea7e12c', 'RSK', 'd09ee728-4110-4a60-b84a-5098e965424b', 56);
INSERT INTO sys_fieldnum(id, objectType, fieldId, orderNum)
VALUES ('58aaaddf-f064-4eaf-a0a3-8d52b55b65f7', 'RSK', '6e7c4c6a-754b-4e8e-9dd0-ce773730113c', 57);
INSERT INTO sys_fieldnum(id, objectType, fieldId, orderNum)
VALUES ('c588c0d1-3cd0-4bc2-8c68-1b82eb51a648', 'RSK', '3a3e398b-7ca7-412a-b884-9aab90b6384c', 58);

INSERT INTO sys_datasource(id, objectType, name, val, isSystem, remark, isValid, orderNum, creatorId, createdTime, modifyId, modifyTime, linkFieldId)
VALUES ('80994c5c-3e97-400c-aba4-830c6534efdd', 'RSK', '实体状态', NULL, 'Y', NULL, 'Y', 65, 'b8ab9427-627b-469f-bfd0-4b1buser0001', '2022-08-08', 'b8ab9427-627b-469f-bfd0-4b1buser0001', '2022-08-08', '4e801cb4-c9f4-43c2-bada-8524b650385b');
INSERT INTO sys_datasource(id, objectType, name, val, isSystem, remark, isValid, orderNum, creatorId, createdTime, modifyId, modifyTime, linkFieldId)
VALUES ('95fe7c80-a1d9-4652-8bc7-ac06ab1e5bbf', 'RSK', '会签意见', NULL, 'Y', NULL, 'Y', 66, 'b8ab9427-627b-469f-bfd0-4b1buser0001', '2022-08-08', 'b8ab9427-627b-469f-bfd0-4b1buser0001', '2022-08-08', 'c34d1749-d5e1-4926-b376-a6c0d0b6b330');
INSERT INTO sys_datasource(id, objectType, name, val, isSystem, remark, isValid, orderNum, creatorId, createdTime, modifyId, modifyTime, linkFieldId)
VALUES ('f3ff8c47-3d8c-4115-981f-0f3d1acfdaf5', 'RSK', '风险类别', NULL, 'Y', NULL, 'Y', 70, 'b8ab9427-627b-469f-bfd0-4b1buser0001', '2022-08-08', 'b8ab9427-627b-469f-bfd0-4b1buser0001', '2022-08-08', '198811cd-8912-4e24-be4e-d255aa1909e7');
INSERT INTO sys_datasource(id, objectType, name, val, isSystem, remark, isValid, orderNum, creatorId, createdTime, modifyId, modifyTime, linkFieldId)
VALUES ('14828a6a-e860-4b75-82c9-8763c2d80dee', 'RSK', '发生概率', NULL, 'Y', NULL, 'Y', 71, 'b8ab9427-627b-469f-bfd0-4b1buser0001', '2022-08-08', 'b8ab9427-627b-469f-bfd0-4b1buser0001', '2022-08-08', '2e714a13-9b4c-42bf-b3a7-b3b1a250ff60');
INSERT INTO sys_datasource(id, objectType, name, val, isSystem, remark, isValid, orderNum, creatorId, createdTime, modifyId, modifyTime, linkFieldId)
VALUES ('adba19bc-a672-41a1-be7d-b99965fb7511', 'RSK', '影响程度', NULL, 'Y', NULL, 'Y', 72, 'b8ab9427-627b-469f-bfd0-4b1buser0001', '2022-08-08', 'b8ab9427-627b-469f-bfd0-4b1buser0001', '2022-08-08', 'feecd2bd-c6fa-4407-8f28-a040cc50470f');
INSERT INTO sys_datasource(id, objectType, name, val, isSystem, remark, isValid, orderNum, creatorId, createdTime, modifyId, modifyTime, linkFieldId)
VALUES ('34d685fe-24b5-4b74-8da3-0064159a84b9', 'RSK', '风险等级', NULL, 'Y', NULL, 'Y', 73, 'b8ab9427-627b-469f-bfd0-4b1buser0001', '2022-08-08', 'b8ab9427-627b-469f-bfd0-4b1buser0001', '2022-08-08', '1300ff3b-3c2d-407c-a73c-c7d5be94037c');
INSERT INTO sys_datasource(id, objectType, name, val, isSystem, remark, isValid, orderNum, creatorId, createdTime, modifyId, modifyTime, linkFieldId)
VALUES ('30521f3a-4070-470a-a186-92c6fb84e577', 'RSK', '典型风险', NULL, 'Y', NULL, 'Y', 74, 'b8ab9427-627b-469f-bfd0-4b1buser0001', '2022-08-08', 'b8ab9427-627b-469f-bfd0-4b1buser0001', '2022-08-08', '6ab1be80-2a35-45d3-b6da-c9a453d0076c');

INSERT INTO sys_dataoption(id, objectType, name, dataBaseId, parentId, isSystem, remark, bgColor, fColor, isValid, orderNum, creatorId, createdTime, modifyId, modifyTime)
VALUES ('b43a1808-7610-4aeb-9605-29df21186ee6', 'RSK', '高', '14828a6a-e860-4b75-82c9-8763c2d80dee', '', 'Y', NULL, '', '', 'Y', 280, 'b8ab9427-627b-469f-bfd0-4b1buser0001', '2022-08-08', 'b8ab9427-627b-469f-bfd0-4b1buser0001', '2022-08-08');
INSERT INTO sys_dataoption(id, objectType, name, dataBaseId, parentId, isSystem, remark, bgColor, fColor, isValid, orderNum, creatorId, createdTime, modifyId, modifyTime)
VALUES ('8a37be50-b75b-4c68-bbfc-a4564bd31af0', 'RSK', '中', '14828a6a-e860-4b75-82c9-8763c2d80dee', '', 'Y', NULL, '', '', 'Y', 281, 'b8ab9427-627b-469f-bfd0-4b1buser0001', '2022-08-08', 'b8ab9427-627b-469f-bfd0-4b1buser0001', '2022-08-08');
INSERT INTO sys_dataoption(id, objectType, name, dataBaseId, parentId, isSystem, remark, bgColor, fColor, isValid, orderNum, creatorId, createdTime, modifyId, modifyTime)
VALUES ('836a960f-7ebc-4947-bf65-9509921601a0', 'RSK', '低', '14828a6a-e860-4b75-82c9-8763c2d80dee', '', 'Y', NULL, '', '', 'Y', 282, 'b8ab9427-627b-469f-bfd0-4b1buser0001', '2022-08-08', 'b8ab9427-627b-469f-bfd0-4b1buser0001', '2022-08-08');
INSERT INTO sys_dataoption(id, objectType, name, dataBaseId, parentId, isSystem, remark, bgColor, fColor, isValid, orderNum, creatorId, createdTime, modifyId, modifyTime)
VALUES ('84e85cf7-0b21-4fcf-84d0-866b5e95a2c5', 'RSK', '是', '30521f3a-4070-470a-a186-92c6fb84e577', '', 'Y', NULL, '', '', 'Y', 289, 'b8ab9427-627b-469f-bfd0-4b1buser0001', '2022-08-08', 'b8ab9427-627b-469f-bfd0-4b1buser0001', '2022-08-08');
INSERT INTO sys_dataoption(id, objectType, name, dataBaseId, parentId, isSystem, remark, bgColor, fColor, isValid, orderNum, creatorId, createdTime, modifyId, modifyTime)
VALUES ('54a72fb1-ba0a-483a-8567-65c30a9951bb', 'RSK', '否', '30521f3a-4070-470a-a186-92c6fb84e577', '', 'Y', NULL, '', '', 'Y', 290, 'b8ab9427-627b-469f-bfd0-4b1buser0001', '2022-08-08', 'b8ab9427-627b-469f-bfd0-4b1buser0001', '2022-08-08');
INSERT INTO sys_dataoption(id, objectType, name, dataBaseId, parentId, isSystem, remark, bgColor, fColor, isValid, orderNum, creatorId, createdTime, modifyId, modifyTime)
VALUES ('46110d96-726f-4748-970e-a010ab8c3979', 'RSK', '高', '34d685fe-24b5-4b74-8da3-0064159a84b9', '', 'Y', NULL, '', '', 'Y', 286, 'b8ab9427-627b-469f-bfd0-4b1buser0001', '2022-08-08', 'b8ab9427-627b-469f-bfd0-4b1buser0001', '2022-08-08');
INSERT INTO sys_dataoption(id, objectType, name, dataBaseId, parentId, isSystem, remark, bgColor, fColor, isValid, orderNum, creatorId, createdTime, modifyId, modifyTime)
VALUES ('cdfa7946-0d74-4b66-b0e2-df4582a0b48c', 'RSK', '中', '34d685fe-24b5-4b74-8da3-0064159a84b9', '', 'Y', NULL, '', '', 'Y', 287, 'b8ab9427-627b-469f-bfd0-4b1buser0001', '2022-08-08', 'b8ab9427-627b-469f-bfd0-4b1buser0001', '2022-08-08');
INSERT INTO sys_dataoption(id, objectType, name, dataBaseId, parentId, isSystem, remark, bgColor, fColor, isValid, orderNum, creatorId, createdTime, modifyId, modifyTime)
VALUES ('d6e537f4-8b4e-4b36-8863-1f12cb829da8', 'RSK', '低', '34d685fe-24b5-4b74-8da3-0064159a84b9', '', 'Y', NULL, '', '', 'Y', 288, 'b8ab9427-627b-469f-bfd0-4b1buser0001', '2022-08-08', 'b8ab9427-627b-469f-bfd0-4b1buser0001', '2022-08-08');
INSERT INTO sys_dataoption(id, objectType, name, dataBaseId, parentId, isSystem, remark, bgColor, fColor, isValid, orderNum, creatorId, createdTime, modifyId, modifyTime)
VALUES ('6270b792-2836-4c38-9556-e39016dedfd7', 'RSK', '开启', '80994c5c-3e97-400c-aba4-830c6534efdd', '', 'Y', NULL, '', '', 'Y', 239, 'b8ab9427-627b-469f-bfd0-4b1buser0001', '2022-08-08', 'b8ab9427-627b-469f-bfd0-4b1buser0001', '2022-08-08');
INSERT INTO sys_dataoption(id, objectType, name, dataBaseId, parentId, isSystem, remark, bgColor, fColor, isValid, orderNum, creatorId, createdTime, modifyId, modifyTime)
VALUES ('cf9a46c4-48f9-4745-ac40-ac88cd09a18d', 'RSK', '待审核', '80994c5c-3e97-400c-aba4-830c6534efdd', '', 'Y', NULL, '', '', 'Y', 240, 'b8ab9427-627b-469f-bfd0-4b1buser0001', '2022-08-08', 'b8ab9427-627b-469f-bfd0-4b1buser0001', '2022-08-08');
INSERT INTO sys_dataoption(id, objectType, name, dataBaseId, parentId, isSystem, remark, bgColor, fColor, isValid, orderNum, creatorId, createdTime, modifyId, modifyTime)
VALUES ('34e8a18f-e44e-4818-be6f-7d77fc84575a', 'RSK', '关闭', '80994c5c-3e97-400c-aba4-830c6534efdd', '', 'Y', NULL, '', '', 'Y', 241, 'b8ab9427-627b-469f-bfd0-4b1buser0001', '2022-08-08', 'b8ab9427-627b-469f-bfd0-4b1buser0001', '2022-08-08');
INSERT INTO sys_dataoption(id, objectType, name, dataBaseId, parentId, isSystem, remark, bgColor, fColor, isValid, orderNum, creatorId, createdTime, modifyId, modifyTime)
VALUES ('89de9770-91e9-467f-aabf-b2c3e57edd85', 'RSK', '暂停', '80994c5c-3e97-400c-aba4-830c6534efdd', '', 'Y', NULL, '', '', 'Y', 242, 'b8ab9427-627b-469f-bfd0-4b1buser0001', '2022-08-08', 'b8ab9427-627b-469f-bfd0-4b1buser0001', '2022-08-08');
INSERT INTO sys_dataoption(id, objectType, name, dataBaseId, parentId, isSystem, remark, bgColor, fColor, isValid, orderNum, creatorId, createdTime, modifyId, modifyTime)
VALUES ('95092259-0b07-4d67-a33f-4d2921ae613e', 'RSK', '同意', '95fe7c80-a1d9-4652-8bc7-ac06ab1e5bbf', '', 'Y', NULL, '', '', 'Y', 243, 'b8ab9427-627b-469f-bfd0-4b1buser0001', '2022-08-08', 'b8ab9427-627b-469f-bfd0-4b1buser0001', '2022-08-08');
INSERT INTO sys_dataoption(id, objectType, name, dataBaseId, parentId, isSystem, remark, bgColor, fColor, isValid, orderNum, creatorId, createdTime, modifyId, modifyTime)
VALUES ('07649a2e-d17b-48b2-9f1f-01c1b164e80e', 'RSK', '不同意', '95fe7c80-a1d9-4652-8bc7-ac06ab1e5bbf', '', 'Y', NULL, '', '', 'Y', 244, 'b8ab9427-627b-469f-bfd0-4b1buser0001', '2022-08-08', 'b8ab9427-627b-469f-bfd0-4b1buser0001', '2022-08-08');
INSERT INTO sys_dataoption(id, objectType, name, dataBaseId, parentId, isSystem, remark, bgColor, fColor, isValid, orderNum, creatorId, createdTime, modifyId, modifyTime)
VALUES ('964a4fad-2b3d-4aa6-847f-ca55b8e18312', 'RSK', '保留意见', '95fe7c80-a1d9-4652-8bc7-ac06ab1e5bbf', '', 'Y', NULL, '', '', 'Y', 245, 'b8ab9427-627b-469f-bfd0-4b1buser0001', '2022-08-08', 'b8ab9427-627b-469f-bfd0-4b1buser0001', '2022-08-08');
INSERT INTO sys_dataoption(id, objectType, name, dataBaseId, parentId, isSystem, remark, bgColor, fColor, isValid, orderNum, creatorId, createdTime, modifyId, modifyTime)
VALUES ('7ec360f9-c35d-4e0a-90f0-8e768ab6cebe', 'RSK', '高', 'adba19bc-a672-41a1-be7d-b99965fb7511', '', 'Y', NULL, '', '', 'Y', 283, 'b8ab9427-627b-469f-bfd0-4b1buser0001', '2022-08-08', 'b8ab9427-627b-469f-bfd0-4b1buser0001', '2022-08-08');
INSERT INTO sys_dataoption(id, objectType, name, dataBaseId, parentId, isSystem, remark, bgColor, fColor, isValid, orderNum, creatorId, createdTime, modifyId, modifyTime)
VALUES ('4c47e200-52dd-42cc-8e7d-0ec69479c9d2', 'RSK', '中', 'adba19bc-a672-41a1-be7d-b99965fb7511', '', 'Y', NULL, '', '', 'Y', 284, 'b8ab9427-627b-469f-bfd0-4b1buser0001', '2022-08-08', 'b8ab9427-627b-469f-bfd0-4b1buser0001', '2022-08-08');
INSERT INTO sys_dataoption(id, objectType, name, dataBaseId, parentId, isSystem, remark, bgColor, fColor, isValid, orderNum, creatorId, createdTime, modifyId, modifyTime)
VALUES ('a88dc5d1-7515-4128-a7d5-542e8362be6b', 'RSK', '低', 'adba19bc-a672-41a1-be7d-b99965fb7511', '', 'Y', NULL, '', '', 'Y', 285, 'b8ab9427-627b-469f-bfd0-4b1buser0001', '2022-08-08', 'b8ab9427-627b-469f-bfd0-4b1buser0001', '2022-08-08');
INSERT INTO sys_dataoption(id, objectType, name, dataBaseId, parentId, isSystem, remark, bgColor, fColor, isValid, orderNum, creatorId, createdTime, modifyId, modifyTime)
VALUES ('757c7417-ab8a-4415-802e-b631fe5e3823', 'RSK', '管理类', 'f3ff8c47-3d8c-4115-981f-0f3d1acfdaf5', '', 'Y', NULL, '', '', 'Y', 275, 'b8ab9427-627b-469f-bfd0-4b1buser0001', '2022-08-08', 'b8ab9427-627b-469f-bfd0-4b1buser0001', '2022-08-08');
INSERT INTO sys_dataoption(id, objectType, name, dataBaseId, parentId, isSystem, remark, bgColor, fColor, isValid, orderNum, creatorId, createdTime, modifyId, modifyTime)
VALUES ('08965908-b06d-43d5-9ca9-440847f46e67', 'RSK', '技术类', 'f3ff8c47-3d8c-4115-981f-0f3d1acfdaf5', '', 'Y', NULL, '', '', 'Y', 276, 'b8ab9427-627b-469f-bfd0-4b1buser0001', '2022-08-08', 'b8ab9427-627b-469f-bfd0-4b1buser0001', '2022-08-08');
INSERT INTO sys_dataoption(id, objectType, name, dataBaseId, parentId, isSystem, remark, bgColor, fColor, isValid, orderNum, creatorId, createdTime, modifyId, modifyTime)
VALUES ('eb9632ee-2d01-4f7a-9217-2fbaf687cf9b', 'RSK', '市场类', 'f3ff8c47-3d8c-4115-981f-0f3d1acfdaf5', '', 'Y', NULL, '', '', 'Y', 277, 'b8ab9427-627b-469f-bfd0-4b1buser0001', '2022-08-08', 'b8ab9427-627b-469f-bfd0-4b1buser0001', '2022-08-08');
INSERT INTO sys_dataoption(id, objectType, name, dataBaseId, parentId, isSystem, remark, bgColor, fColor, isValid, orderNum, creatorId, createdTime, modifyId, modifyTime)
VALUES ('3dd18b1f-0519-40a7-937d-367e25c74a74', 'RSK', '财务类', 'f3ff8c47-3d8c-4115-981f-0f3d1acfdaf5', '', 'Y', NULL, '', '', 'Y', 278, 'b8ab9427-627b-469f-bfd0-4b1buser0001', '2022-08-08', 'b8ab9427-627b-469f-bfd0-4b1buser0001', '2022-08-08');
INSERT INTO sys_dataoption(id, objectType, name, dataBaseId, parentId, isSystem, remark, bgColor, fColor, isValid, orderNum, creatorId, createdTime, modifyId, modifyTime)
VALUES ('8dfaa74e-b46d-42a8-ac3d-fc12d3782bb0', 'RSK', '其他', 'f3ff8c47-3d8c-4115-981f-0f3d1acfdaf5', '', 'Y', NULL, '', '', 'Y', 279, 'b8ab9427-627b-469f-bfd0-4b1buser0001', '2022-08-08', 'b8ab9427-627b-469f-bfd0-4b1buser0001', '2022-08-08');

INSERT INTO sys_reportchart(id, name, simpleName, status, isCandidate, objectType, chartType, dataFieldId, categoryFieldId, scope, remark, orderNum, isValid, creatorId, createdTime, modifyId, modifyTime, parentId, pjtStatus, isUsePjt, pjtOrderNum, height, width)
VALUES ('35321dec-d195-4b29-b867-e3ccc9674446', '风险', '风险', 'RN', 'Y', 'RSK', 'catalog', NULL, NULL, 'P', NULL, NULL, 'Y', 'b8ab9427-627b-469f-bfd0-4b1buser0001', '2022-08-08', 'b8ab9427-627b-469f-bfd0-4b1buser0001', '2022-08-08', NULL, 'RN', 'Y', 37, '1', '1');
INSERT INTO sys_reportchart(id, name, simpleName, status, isCandidate, objectType, chartType, dataFieldId, categoryFieldId, scope, remark, orderNum, isValid, creatorId, createdTime, modifyId, modifyTime, parentId, pjtStatus, isUsePjt, pjtOrderNum, height, width)
VALUES ('419acab3-f755-4e2f-80fc-908e93cf3267', '风险类别分布图', '风险类别分布', 'RN', 'Y', 'RSK', 'pie-basic', '198811cd-8912-4e24-be4e-d255aa1909e7', '', 'L,P,S', '', 1, 'Y', 'b8ab9427-627b-469f-bfd0-4b1buser0001', '2022-08-08', 'b8ab9427-627b-469f-bfd0-4b1buser0001', '2022-08-08', '35321dec-d195-4b29-b867-e3ccc9674446', 'RN', 'N', 2, '1', '1');
INSERT INTO sys_reportchart(id, name, simpleName, status, isCandidate, objectType, chartType, dataFieldId, categoryFieldId, scope, remark, orderNum, isValid, creatorId, createdTime, modifyId, modifyTime, parentId, pjtStatus, isUsePjt, pjtOrderNum, height, width)
VALUES ('9798bf30-c61a-406d-91d7-89b8070d9083', '风险等级分布图', '风险等级分布', 'RN', 'Y', 'RSK', 'pie-basic', '1300ff3b-3c2d-407c-a73c-c7d5be94037c', '', 'L,P,S', '', 2, 'Y', 'b8ab9427-627b-469f-bfd0-4b1buser0001', '2022-08-08', 'b8ab9427-627b-469f-bfd0-4b1buser0001', '2022-08-08', '35321dec-d195-4b29-b867-e3ccc9674446', 'RN', 'N', 2, '1', '1');
INSERT INTO sys_reportchart(id, name, simpleName, status, isCandidate, objectType, chartType, dataFieldId, categoryFieldId, scope, remark, orderNum, isValid, creatorId, createdTime, modifyId, modifyTime, parentId, pjtStatus, isUsePjt, pjtOrderNum, height, width)
VALUES ('f6f5de4f-3fca-40a2-9a12-8677b349177a', '风险类别-等级对比图', '风险类别-等级对比', 'RN', 'Y', 'RSK', 'hbar-stack', '198811cd-8912-4e24-be4e-d255aa1909e7', '1300ff3b-3c2d-407c-a73c-c7d5be94037c', 'L,P,S', '', 3, 'Y', 'b8ab9427-627b-469f-bfd0-4b1buser0001', '2022-08-08', 'b8ab9427-627b-469f-bfd0-4b1buser0001', '2022-08-08', '35321dec-d195-4b29-b867-e3ccc9674446', 'RN', 'N', 1, '1', '1');
INSERT INTO sys_reportchart(id, name, simpleName, status, isCandidate, objectType, chartType, dataFieldId, categoryFieldId, scope, remark, orderNum, isValid, creatorId, createdTime, modifyId, modifyTime, parentId, pjtStatus, isUsePjt, pjtOrderNum, height, width)
VALUES ('2a4bf226-4dfe-480f-9fa2-585be95b9418', '风险等级-状态对比图', '风险等级-状态对比', 'RN', 'Y', 'RSK', 'bar-stack', '1300ff3b-3c2d-407c-a73c-c7d5be94037c', '2816fed6-96f1-4e99-8280-641da54c3bac', 'L,P,S', '', 4, 'Y', 'b8ab9427-627b-469f-bfd0-4b1buser0001', '2022-08-08', 'b8ab9427-627b-469f-bfd0-4b1buser0001', '2022-08-08', '35321dec-d195-4b29-b867-e3ccc9674446', 'RN', 'N', 2, '1', '1');

INSERT INTO wf_instance(id, name, objectType, remark, modelId, status, orderNum, isSystem, isValid, isDefault, graphView, tranExeCls, creatorId, createdTime, modifyId, modifyTime, step, title, deploymentId, tempStatus)
VALUES ('ACT2e35c-18e1-479f-a8dd-e4f66939ead5', '风险管理模型_1.0', 'RSK', '', '43', 'IN', 3, 'Y', 'Y', 'Y', CONVERT(varbinary(max), '<svg xmlns="http://www.w3.org/2000/svg" xmlns:oryx="http://oryx-editor.org" id="sid-5F00A58B-6865-4CBE-944C-3F48E6D3BBEC" width="1057" height="349.5" xmlns:xlink="http://www.w3.org/1999/xlink" xmlns:svg="http://www.w3.org/2000/svg"><defs><marker id="sid-EA660244-580A-462C-A098-14B673CC8064start" refX="1" refY="5" markerUnits="userSpaceOnUse" markerWidth="17" markerHeight="11" orient="auto">	  		undefined			<path id="sid-EA660244-580A-462C-A098-14B673CC8064default" d="M 5 0 L 11 10" fill="white" stroke="#b7b5b5" stroke-width="1" display="none"/>	  	</marker><marker id="sid-EA660244-580A-462C-A098-14B673CC8064end" refX="9" refY="5" markerUnits="userSpaceOnUse" markerWidth="11" markerHeight="10" orient="auto">	  		<path id="sid-EA660244-580A-462C-A098-14B673CC8064arrowhead" d="M 0 1 L 10 5 L 1 9z" fill="#cfcccc" stroke="#cfcccc" stroke-linejoin="round" stroke-width="1"/>	  	</marker><marker id="sid-0E5540EA-3984-4873-A98E-B87D8E2DB342start" refX="1" refY="5" markerUnits="userSpaceOnUse" markerWidth="17" markerHeight="11" orient="auto">	  		undefined			<path id="sid-0E5540EA-3984-4873-A98E-B87D8E2DB342default" d="M 5 0 L 11 10" fill="white" stroke="#b7b5b5" stroke-width="1" display="none"/>	  	</marker><marker id="sid-0E5540EA-3984-4873-A98E-B87D8E2DB342end" refX="9" refY="5" markerUnits="userSpaceOnUse" markerWidth="11" markerHeight="10" orient="auto">	  		<path id="sid-0E5540EA-3984-4873-A98E-B87D8E2DB342arrowhead" d="M 0 1 L 10 5 L 1 9z" fill="#cfcccc" stroke="#cfcccc" stroke-linejoin="round" stroke-width="1"/>	  	</marker><marker id="sid-ECBBC2B9-BC15-4617-B44E-9E38BC3EE7D2start" refX="1" refY="5" markerUnits="userSpaceOnUse" markerWidth="17" markerHeight="11" orient="auto">	  		undefined			<path id="sid-ECBBC2B9-BC15-4617-B44E-9E38BC3EE7D2default" d="M 5 0 L 11 10" fill="white" stroke="#b7b5b5" stroke-width="1" display="none"/>	  	</marker><marker id="sid-ECBBC2B9-BC15-4617-B44E-9E38BC3EE7D2end" refX="9" refY="5" markerUnits="userSpaceOnUse" markerWidth="11" markerHeight="10" orient="auto">	  		<path id="sid-ECBBC2B9-BC15-4617-B44E-9E38BC3EE7D2arrowhead" d="M 0 1 L 10 5 L 1 9z" fill="#cfcccc" stroke="#cfcccc" stroke-linejoin="round" stroke-width="1"/>	  	</marker><marker id="sid-B0A843C4-C5E9-42E5-B363-3FF7145E9864start" refX="1" refY="5" markerUnits="userSpaceOnUse" markerWidth="17" markerHeight="11" orient="auto">	  		undefined			<path id="sid-B0A843C4-C5E9-42E5-B363-3FF7145E9864default" d="M 5 0 L 11 10" fill="white" stroke="#b7b5b5" stroke-width="1" display="none"/>	  	</marker><marker id="sid-B0A843C4-C5E9-42E5-B363-3FF7145E9864end" refX="9" refY="5" markerUnits="userSpaceOnUse" markerWidth="11" markerHeight="10" orient="auto">	  		<path id="sid-B0A843C4-C5E9-42E5-B363-3FF7145E9864arrowhead" d="M 0 1 L 10 5 L 1 9z" fill="#cfcccc" stroke="#cfcccc" stroke-linejoin="round" stroke-width="1"/>	  	</marker><marker id="sid-FB2F726B-0108-43E0-889D-EC171C4B552Bstart" refX="1" refY="5" markerUnits="userSpaceOnUse" markerWidth="17" markerHeight="11" orient="auto">	  		undefined			<path id="sid-FB2F726B-0108-43E0-889D-EC171C4B552Bdefault" d="M 5 0 L 11 10" fill="white" stroke="#b7b5b5" stroke-width="1" display="none"/>	  	</marker><marker id="sid-FB2F726B-0108-43E0-889D-EC171C4B552Bend" refX="9" refY="5" markerUnits="userSpaceOnUse" markerWidth="11" markerHeight="10" orient="auto">	  		<path id="sid-FB2F726B-0108-43E0-889D-EC171C4B552Barrowhead" d="M 0 1 L 10 5 L 1 9z" fill="#cfcccc" stroke="#cfcccc" stroke-linejoin="round" stroke-width="1"/>	  	</marker><marker id="sid-C39AFF27-69D4-4809-84E3-B6F8EF8462A9start" refX="1" refY="5" markerUnits="userSpaceOnUse" markerWidth="17" markerHeight="11" orient="auto">	  		undefined			<path id="sid-C39AFF27-69D4-4809-84E3-B6F8EF8462A9default" d="M 5 0 L 11 10" fill="white" stroke="#b7b5b5" stroke-width="1" display="none"/>	  	</marker><marker id="sid-C39AFF27-69D4-4809-84E3-B6F8EF8462A9end" refX="9" refY="5" markerUnits="userSpaceOnUse" markerWidth="11" markerHeight="10" orient="auto">	  		<path id="sid-C39AFF27-69D4-4809-84E3-B6F8EF8462A9arrowhead" d="M 0 1 L 10 5 L 1 9z" fill="#cfcccc" stroke="#cfcccc" stroke-linejoin="round" stroke-width="1"/>	  	</marker><marker id="sid-6F422A1B-70C4-4D27-9F6B-1B3E8BC99201start" refX="1" refY="5" markerUnits="userSpaceOnUse" markerWidth="17" markerHeight="11" orient="auto">	  		undefined			<path id="sid-6F422A1B-70C4-4D27-9F6B-1B3E8BC99201default" d="M 5 0 L 11 10" fill="white" stroke="#b7b5b5" stroke-width="1" display="none"/>	  	</marker><marker id="sid-6F422A1B-70C4-4D27-9F6B-1B3E8BC99201end" refX="9" refY="5" markerUnits="userSpaceOnUse" markerWidth="11" markerHeight="10" orient="auto">	  		<path id="sid-6F422A1B-70C4-4D27-9F6B-1B3E8BC99201arrowhead" d="M 0 1 L 10 5 L 1 9z" fill="#cfcccc" stroke="#cfcccc" stroke-linejoin="round" stroke-width="1"/>	  	</marker><marker id="sid-AF42AB90-976F-44F9-9526-F95B5C0E19BEstart" refX="1" refY="5" markerUnits="userSpaceOnUse" markerWidth="17" markerHeight="11" orient="auto">	  		undefined			<path id="sid-AF42AB90-976F-44F9-9526-F95B5C0E19BEdefault" d="M 5 0 L 11 10" fill="white" stroke="#b7b5b5" stroke-width="1" display="none"/>	  	</marker><marker id="sid-AF42AB90-976F-44F9-9526-F95B5C0E19BEend" refX="9" refY="5" markerUnits="userSpaceOnUse" markerWidth="11" markerHeight="10" orient="auto">	  		<path id="sid-AF42AB90-976F-44F9-9526-F95B5C0E19BEarrowhead" d="M 0 1 L 10 5 L 1 9z" fill="#cfcccc" stroke="#cfcccc" stroke-linejoin="round" stroke-width="1"/>	  	</marker><marker id="sid-9DD49A1B-EC0A-45F3-85A7-131B1432184Cstart" refX="1" refY="5" markerUnits="userSpaceOnUse" markerWidth="17" markerHeight="11" orient="auto">	  		undefined			<path id="sid-9DD49A1B-EC0A-45F3-85A7-131B1432184Cdefault" d="M 5 0 L 11 10" fill="white" stroke="#b7b5b5" stroke-width="1" display="none"/>	  	</marker><marker id="sid-9DD49A1B-EC0A-45F3-85A7-131B1432184Cend" refX="9" refY="5" markerUnits="userSpaceOnUse" markerWidth="11" markerHeight="10" orient="auto">	  		<path id="sid-9DD49A1B-EC0A-45F3-85A7-131B1432184Carrowhead" d="M 0 1 L 10 5 L 1 9z" fill="#cfcccc" stroke="#cfcccc" stroke-linejoin="round" stroke-width="1"/>	  	</marker><marker id="sid-0BA2C798-6EE2-4A07-95B1-2176CFC05F67start" refX="1" refY="5" markerUnits="userSpaceOnUse" markerWidth="17" markerHeight="11" orient="auto">	  		undefined			<path id="sid-0BA2C798-6EE2-4A07-95B1-2176CFC05F67default" d="M 5 0 L 11 10" fill="white" stroke="#b7b5b5" stroke-width="1" display="none"/>	  	</marker><marker id="sid-0BA2C798-6EE2-4A07-95B1-2176CFC05F67end" refX="9" refY="5" markerUnits="userSpaceOnUse" markerWidth="11" markerHeight="10" orient="auto">	  		<path id="sid-0BA2C798-6EE2-4A07-95B1-2176CFC05F67arrowhead" d="M 0 1 L 10 5 L 1 9z" fill="#cfcccc" stroke="#cfcccc" stroke-linejoin="round" stroke-width="1"/>	  	</marker></defs><svg id="underlay-container"/><g stroke="none" font-family="Verdana, sans-serif" font-size-adjust="none" font-style="normal" font-variant="normal" font-weight="normal" line-heigth="normal" font-size="12"><g class="stencils"><g class="me"/><g class="children"><g id="svg-sid-D2FF4C60-BC78-4146-9101-6AB95CEA9F79"><g class="stencils" transform="translate(189.5, 153)"><g class="me"><g pointer-events="fill" id="sid-E0D4FA00-6550-44E8-B869-379DDEE0A077" title="开始">    <circle id="sid-E0D4FA00-6550-44E8-B869-379DDEE0A077bg_frame" cx="16" cy="16" r="16" stroke="none" fill="url(#sid-E0D4FA00-6550-44E8-B869-379DDEE0A077image1)" stroke-width="0"/><defs id="sid-E0D4FA00-6550-44E8-B869-379DDEE0A077_sid-E0D4FA00-6550-44E8-B869-379DDEE0A077_5"><pattern width="32" height="32" patternUnits="userSpaceOnUse" y="0" x="0" id="sid-E0D4FA00-6550-44E8-B869-379DDEE0A077image1"><image href="editor-app/images/start.png" height="32" width="32" y="0" x="0" id="sid-E0D4FA00-6550-44E8-B869-379DDEE0A077_sid-E0D4FA00-6550-44E8-B869-379DDEE0A077_6"/></pattern></defs> 	<text font-size="11" id="sid-E0D4FA00-6550-44E8-B869-379DDEE0A077text_name" x="16" y="38" oryx:align="top center" stroke="#373e48" stroke-width="0pt" letter-spacing="-0.01px" transform="rotate(0 16 38)" oryx:fontSize="11" text-anchor="middle"><tspan dy="11" x="16" y="38">开始</tspan></text>  </g></g><g class="children" style="overflow:hidden"/><g class="edge"/></g><g class="controls"><g class="dockers"/><g class="magnets" transform="translate(189.5, 153)"><g pointer-events="all" display="none" transform="translate(8, 8)"><circle cx="8" cy="8" r="4" stroke="none" fill="red" fill-opacity="0.3"/></g></g></g></g><g id="svg-sid-8EA8B6A4-D871-4EBC-BC59-A6AD7614E640"><g class="stencils" transform="translate(341.5, 153)"><g class="me"><g pointer-events="fill" id="sid-86AE43D1-0747-4E0D-BD36-467CBC826145" title="步骤">    <circle id="sid-86AE43D1-0747-4E0D-BD36-467CBC826145bg_frame" cx="16" cy="16" r="16" stroke="none" fill="url(#sid-86AE43D1-0747-4E0D-BD36-467CBC826145image2)" stroke-width="0"/><defs id="sid-86AE43D1-0747-4E0D-BD36-467CBC826145_sid-86AE43D1-0747-4E0D-BD36-467CBC826145_5"><pattern width="32" height="32" patternUnits="userSpaceOnUse" y="0" x="0" id="sid-86AE43D1-0747-4E0D-BD36-467CBC826145image2"><image href="editor-app/images/status.png" height="32" width="32" y="0" x="0" id="sid-86AE43D1-0747-4E0D-BD36-467CBC826145_sid-86AE43D1-0747-4E0D-BD36-467CBC826145_6"/></pattern></defs>	<text font-size="11" id="sid-86AE43D1-0747-4E0D-BD36-467CBC826145text_name" x="16" y="38" oryx:align="top center" stroke="#373e48" stroke-width="0pt" letter-spacing="-0.01px" transform="rotate(0 16 38)" oryx:fontSize="11" text-anchor="middle"><tspan dy="11" x="16" y="38">风险识别</tspan></text>  </g></g><g class="children" style="overflow:hidden"/><g class="edge"/></g><g class="controls"><g class="dockers"/><g class="magnets" transform="translate(341.5, 153)"><g pointer-events="all" display="none" transform="translate(8, 8)"><circle cx="8" cy="8" r="4" stroke="none" fill="red" fill-opacity="0.3"/></g></g></g></g><g id="svg-sid-9B15BAD1-85E3-45AF-99B0-B45BF42B4A10"><g class="stencils" transform="translate(493.5, 153)"><g class="me"><g pointer-events="fill" id="sid-C96BB728-D884-494B-A20A-180FD3587856" title="步骤">    <circle id="sid-C96BB728-D884-494B-A20A-180FD3587856bg_frame" cx="16" cy="16" r="16" stroke="none" fill="url(#sid-C96BB728-D884-494B-A20A-180FD3587856image2)" stroke-width="0"/><defs id="sid-C96BB728-D884-494B-A20A-180FD3587856_sid-C96BB728-D884-494B-A20A-180FD3587856_5"><pattern width="32" height="32" patternUnits="userSpaceOnUse" y="0" x="0" id="sid-C96BB728-D884-494B-A20A-180FD3587856image2"><image href="editor-app/images/status.png" height="32" width="32" y="0" x="0" id="sid-C96BB728-D884-494B-A20A-180FD3587856_sid-C96BB728-D884-494B-A20A-180FD3587856_6"/></pattern></defs>	<text font-size="11" id="sid-C96BB728-D884-494B-A20A-180FD3587856text_name" x="16" y="38" oryx:align="top center" stroke="#373e48" stroke-width="0pt" letter-spacing="-0.01px" transform="rotate(0 16 38)" oryx:fontSize="11" text-anchor="middle"><tspan dy="11" x="16" y="38">风险应对</tspan></text>  </g></g><g class="children" style="overflow:hidden"/><g class="edge"/></g><g class="controls"><g class="dockers"/><g class="magnets" transform="translate(493.5, 153)"><g pointer-events="all" display="none" transform="translate(8, 8)"><circle cx="8" cy="8" r="4" stroke="none" fill="red" fill-opacity="0.3"/></g></g></g></g><g id="svg-sid-4E8D291A-4213-41CD-874B-13565B0D40BA"><g class="stencils" transform="translate(660, 153)"><g class="me"><g pointer-events="fill" id="sid-FF0CE775-A9C9-4EF8-925E-331A8FDB1659" title="步骤">    <circle id="sid-FF0CE775-A9C9-4EF8-925E-331A8FDB1659bg_frame" cx="16" cy="16" r="16" stroke="none" fill="url(#sid-FF0CE775-A9C9-4EF8-925E-331A8FDB1659image2)" stroke-width="0"/><defs id="sid-FF0CE775-A9C9-4EF8-925E-331A8FDB1659_sid-FF0CE775-A9C9-4EF8-925E-331A8FDB1659_5"><pattern width="32" height="32" patternUnits="userSpaceOnUse" y="0" x="0" id="sid-FF0CE775-A9C9-4EF8-925E-331A8FDB1659image2"><image href="editor-app/images/status.png" height="32" width="32" y="0" x="0" id="sid-FF0CE775-A9C9-4EF8-925E-331A8FDB1659_sid-FF0CE775-A9C9-4EF8-925E-331A8FDB1659_6"/></pattern></defs>	<text font-size="11" id="sid-FF0CE775-A9C9-4EF8-925E-331A8FDB1659text_name" x="16" y="38" oryx:align="top center" stroke="#373e48" stroke-width="0pt" letter-spacing="-0.01px" transform="rotate(0 16 38)" oryx:fontSize="11" text-anchor="middle"><tspan dy="11" x="16" y="38">风险监控</tspan></text>  </g></g><g class="children" style="overflow:hidden"/><g class="edge"/></g><g class="controls"><g class="dockers"/><g class="magnets" transform="translate(660, 153)"><g pointer-events="all" display="none" transform="translate(8, 8)"><circle cx="8" cy="8" r="4" stroke="none" fill="red" fill-opacity="0.3"/></g></g></g></g><g id="svg-sid-856807A3-E343-4ADD-B2CA-F1F307D03E57"><g class="stencils" transform="translate(975, 153)"><g class="me"><g pointer-events="fill" id="sid-6A23E6BE-299D-4AFE-AE6C-5032C422B0BD" title="结束">    <circle id="sid-6A23E6BE-299D-4AFE-AE6C-5032C422B0BDbg_frame" cx="16" cy="16" r="16" stroke="none" fill="url(#sid-6A23E6BE-299D-4AFE-AE6C-5032C422B0BDimage1)" stroke-width="0"/><defs id="sid-6A23E6BE-299D-4AFE-AE6C-5032C422B0BD_sid-6A23E6BE-299D-4AFE-AE6C-5032C422B0BD_5"><pattern width="32" height="32" patternUnits="userSpaceOnUse" y="0" x="0" id="sid-6A23E6BE-299D-4AFE-AE6C-5032C422B0BDimage1"><image href="editor-app/images/end.png" height="32" width="32" y="0" x="0" id="sid-6A23E6BE-299D-4AFE-AE6C-5032C422B0BD_sid-6A23E6BE-299D-4AFE-AE6C-5032C422B0BD_6"/></pattern></defs> 	<text font-size="11" id="sid-6A23E6BE-299D-4AFE-AE6C-5032C422B0BDtext_name" x="16" y="38" oryx:align="top center" stroke="#373e48" stroke-width="0pt" letter-spacing="-0.01px" transform="rotate(0 16 38)" oryx:fontSize="11" text-anchor="middle"><tspan dy="11" x="16" y="38">结束</tspan></text>  </g></g><g class="children" style="overflow:hidden"/><g class="edge"/></g><g class="controls"><g class="dockers"/><g class="magnets" transform="translate(975, 153)"><g pointer-events="all" display="none" transform="translate(8, 8)"><circle cx="8" cy="8" r="4" stroke="none" fill="red" fill-opacity="0.3"/></g></g></g></g><g id="svg-sid-CB8393EA-3669-47D2-AA47-0AA1139396A5"><g class="stencils" transform="translate(810, 153)"><g class="me"><g pointer-events="fill" id="sid-05D864F9-784B-4BAC-A756-B7A3891E68CA" title="步骤">    <circle id="sid-05D864F9-784B-4BAC-A756-B7A3891E68CAbg_frame" cx="16" cy="16" r="16" stroke="none" fill="url(#sid-05D864F9-784B-4BAC-A756-B7A3891E68CAimage2)" stroke-width="0"/><defs id="sid-05D864F9-784B-4BAC-A756-B7A3891E68CA_sid-05D864F9-784B-4BAC-A756-B7A3891E68CA_5"><pattern width="32" height="32" patternUnits="userSpaceOnUse" y="0" x="0" id="sid-05D864F9-784B-4BAC-A756-B7A3891E68CAimage2"><image href="editor-app/images/status.png" height="32" width="32" y="0" x="0" id="sid-05D864F9-784B-4BAC-A756-B7A3891E68CA_sid-05D864F9-784B-4BAC-A756-B7A3891E68CA_6"/></pattern></defs>	<text font-size="11" id="sid-05D864F9-784B-4BAC-A756-B7A3891E68CAtext_name" x="16" y="38" oryx:align="top center" stroke="#373e48" stroke-width="0pt" letter-spacing="-0.01px" transform="rotate(0 16 38)" oryx:fontSize="11" text-anchor="middle"><tspan dy="11" x="16" y="38">风险审核</tspan></text>  </g></g><g class="children" style="overflow:hidden"/><g class="edge"/></g><g class="controls"><g class="dockers"/><g class="magnets" transform="translate(810, 153)"><g pointer-events="all" display="none" transform="translate(8, 8)"><circle cx="8" cy="8" r="4" stroke="none" fill="red" fill-opacity="0.3"/></g></g></g></g><g id="svg-sid-6A260FBE-F84F-4056-BDDE-F838D49C2787"><g class="stencils" transform="translate(501.5, 283.5)"><g class="me"><g pointer-events="fill" id="sid-CCCB78C8-FC55-4BDA-A392-EF94D8595960" title="派生">    <circle id="sid-CCCB78C8-FC55-4BDA-A392-EF94D8595960bg_frame" cx="8" cy="8" r="8" stroke="none" fill="url(#sid-CCCB78C8-FC55-4BDA-A392-EF94D8595960image1)" stroke-width="0"/><defs id="sid-CCCB78C8-FC55-4BDA-A392-EF94D8595960_sid-CCCB78C8-FC55-4BDA-A392-EF94D8595960_5"><pattern width="16" height="16" patternUnits="userSpaceOnUse" y="0" x="0" id="sid-CCCB78C8-FC55-4BDA-A392-EF94D8595960image1"><image href="editor-app/images/derive.png" height="16" width="16" y="0" x="0" id="sid-CCCB78C8-FC55-4BDA-A392-EF94D8595960_sid-CCCB78C8-FC55-4BDA-A392-EF94D8595960_6"/></pattern></defs> 	<text font-size="11" id="sid-CCCB78C8-FC55-4BDA-A392-EF94D8595960text_name" x="7" y="23" oryx:align="top center" stroke="#373e48" class="samll-derive-text" stroke-width="0pt" letter-spacing="-0.01px" transform="rotate(0 7 23)" oryx:fontSize="11" text-anchor="middle" style="display: inline;"><tspan dy="11" x="7" y="23">任务</tspan></text>  </g></g><g class="children" style="overflow:hidden"/><g class="edge"/></g><g class="controls"><g class="dockers"/><g class="magnets" transform="translate(501.5, 283.5)"><g pointer-events="all" display="none" transform="translate(0, 0)"><circle cx="8" cy="8" r="4" stroke="none" fill="red" fill-opacity="0.3"/></g></g></g></g><g id="svg-sid-2611BD0F-A34E-46F7-8C0B-44333EEE6EC6"><g class="stencils" transform="translate(600, 283.5)"><g class="me"><g pointer-events="fill" id="sid-3DE05EF7-5CC6-498E-8A9C-234C11786A4D" title="会签">    <circle id="sid-3DE05EF7-5CC6-498E-8A9C-234C11786A4Dbg_frame" cx="8" cy="8" r="8" stroke="none" fill="url(#sid-3DE05EF7-5CC6-498E-8A9C-234C11786A4Dimage1)" stroke-width="0"/><defs id="sid-3DE05EF7-5CC6-498E-8A9C-234C11786A4D_sid-3DE05EF7-5CC6-498E-8A9C-234C11786A4D_5"><pattern width="16" height="16" patternUnits="userSpaceOnUse" y="0" x="0" id="sid-3DE05EF7-5CC6-498E-8A9C-234C11786A4Dimage1"><image href="editor-app/images/countSign.png" height="16" width="16" y="0" x="0" id="sid-3DE05EF7-5CC6-498E-8A9C-234C11786A4D_sid-3DE05EF7-5CC6-498E-8A9C-234C11786A4D_6"/></pattern></defs> 	<text font-size="11" id="sid-3DE05EF7-5CC6-498E-8A9C-234C11786A4Dtext_name" x="7" y="23" oryx:align="top center" stroke="#373e48" class="samll-text" stroke-width="0pt" letter-spacing="-0.01px" transform="rotate(0 7 23)" oryx:fontSize="11" text-anchor="middle"><tspan dy="11" x="7" y="23">步骤</tspan></text>  </g></g><g class="children" style="overflow:hidden"/><g class="edge"/></g><g class="controls"><g class="dockers"/><g class="magnets" transform="translate(600, 283.5)"><g pointer-events="all" display="none" transform="translate(0, 0)"><circle cx="8" cy="8" r="4" stroke="none" fill="red" fill-opacity="0.3"/></g></g></g></g><g id="svg-sid-6E4A8F6C-35E9-4E53-8BA6-2EDC9D1D5A57"><g class="stencils" transform="translate(735, 283.5)"><g class="me"><g pointer-events="fill" id="sid-D3414B1D-E7E1-4223-A37D-99F1D29CAB1F" title="会签">    <circle id="sid-D3414B1D-E7E1-4223-A37D-99F1D29CAB1Fbg_frame" cx="8" cy="8" r="8" stroke="none" fill="url(#sid-D3414B1D-E7E1-4223-A37D-99F1D29CAB1Fimage1)" stroke-width="0"/><defs id="sid-D3414B1D-E7E1-4223-A37D-99F1D29CAB1F_sid-D3414B1D-E7E1-4223-A37D-99F1D29CAB1F_5"><pattern width="16" height="16" patternUnits="userSpaceOnUse" y="0" x="0" id="sid-D3414B1D-E7E1-4223-A37D-99F1D29CAB1Fimage1"><image href="editor-app/images/countSign.png" height="16" width="16" y="0" x="0" id="sid-D3414B1D-E7E1-4223-A37D-99F1D29CAB1F_sid-D3414B1D-E7E1-4223-A37D-99F1D29CAB1F_6"/></pattern></defs> 	<text font-size="11" id="sid-D3414B1D-E7E1-4223-A37D-99F1D29CAB1Ftext_name" x="7" y="23" oryx:align="top center" stroke="#373e48" class="samll-text" stroke-width="0pt" letter-spacing="-0.01px" transform="rotate(0 7 23)" oryx:fontSize="11" text-anchor="middle"><tspan dy="11" x="7" y="23">步骤</tspan></text>  </g></g><g class="children" style="overflow:hidden"/><g class="edge"/></g><g class="controls"><g class="dockers"/><g class="magnets" transform="translate(735, 283.5)"><g pointer-events="all" display="none" transform="translate(0, 0)"><circle cx="8" cy="8" r="4" stroke="none" fill="red" fill-opacity="0.3"/></g></g></g></g><g id="svg-sid-B7DE9D1F-70F9-47A1-8B96-78100AE383D4"><g class="stencils" transform="translate(818, 283.5)"><g class="me"><g pointer-events="fill" id="sid-056C3608-2C3A-4ECF-8313-2A3E399BAC49" title="派生">    <circle id="sid-056C3608-2C3A-4ECF-8313-2A3E399BAC49bg_frame" cx="8" cy="8" r="8" stroke="none" fill="url(#sid-056C3608-2C3A-4ECF-8313-2A3E399BAC49image1)" stroke-width="0"/><defs id="sid-056C3608-2C3A-4ECF-8313-2A3E399BAC49_sid-056C3608-2C3A-4ECF-8313-2A3E399BAC49_5"><pattern width="16" height="16" patternUnits="userSpaceOnUse" y="0" x="0" id="sid-056C3608-2C3A-4ECF-8313-2A3E399BAC49image1"><image href="editor-app/images/derive.png" height="16" width="16" y="0" x="0" id="sid-056C3608-2C3A-4ECF-8313-2A3E399BAC49_sid-056C3608-2C3A-4ECF-8313-2A3E399BAC49_6"/></pattern></defs> 	<text font-size="11" id="sid-056C3608-2C3A-4ECF-8313-2A3E399BAC49text_name" x="7" y="23" oryx:align="top center" stroke="#373e48" class="samll-derive-text" stroke-width="0pt" letter-spacing="-0.01px" transform="rotate(0 7 23)" oryx:fontSize="11" text-anchor="middle" style="display: inline;"><tspan dy="11" x="7" y="23">问题</tspan></text>  </g></g><g class="children" style="overflow:hidden"/><g class="edge"/></g><g class="controls"><g class="dockers"/><g class="magnets" transform="translate(818, 283.5)"><g pointer-events="all" display="none" transform="translate(0, 0)"><circle cx="8" cy="8" r="4" stroke="none" fill="red" fill-opacity="0.3"/></g></g></g></g></g><g class="edge"><g id="svg-sid-B1CD1B9D-4F2C-4D45-8F11-DF2A55C6AF60"><g class="stencils"><g class="me"><g pointer-events="painted"><path id="sid-EA660244-580A-462C-A098-14B673CC8064_1" d="M221.9375 169L341.0625 169 " stroke="#b7b5b5" fill="none" stroke-width="1" stroke-linecap="round" stroke-linejoin="round" marker-start="url(#sid-EA660244-580A-462C-A098-14B673CC8064start)" marker-end="url(#sid-EA660244-580A-462C-A098-14B673CC8064end)"/></g><text id="sid-EA660244-580A-462C-A098-14B673CC8064text_name" x="281" y="172" oryx:edgePosition="midbottom" stroke-width="0pt" letter-spacing="-0.01px" transform="rotate(0 281 172)" oryx:fontSize="12" text-anchor="middle"><tspan dy="0" x="281" y="172">提交</tspan></text></g><g class="children" style="overflow:hidden"/><g class="edge"/></g><g class="controls"><g class="dockers"/><g class="magnets"/></g></g><g id="svg-sid-8B2F93EC-74E5-4BE4-9754-ACBFA6A3117D"><g class="stencils"><g class="me"><g pointer-events="painted"><path id="sid-0E5540EA-3984-4873-A98E-B87D8E2DB342_1" d="M373.9375 169L493.0625 169 " stroke="#b7b5b5" fill="none" stroke-width="1" stroke-linecap="round" stroke-linejoin="round" marker-start="url(#sid-0E5540EA-3984-4873-A98E-B87D8E2DB342start)" marker-end="url(#sid-0E5540EA-3984-4873-A98E-B87D8E2DB342end)"/></g><text id="sid-0E5540EA-3984-4873-A98E-B87D8E2DB342text_name" x="433" y="172" oryx:edgePosition="midbottom" stroke-width="0pt" letter-spacing="-0.01px" transform="rotate(0 433 172)" oryx:fontSize="12" text-anchor="middle"><tspan dy="0" x="433" y="172">识别风险</tspan></text></g><g class="children" style="overflow:hidden"/><g class="edge"/></g><g class="controls"><g class="dockers"/><g class="magnets"/></g></g><g id="svg-sid-50CCFD9E-62C2-4A2A-B273-BC8BC8BBC8F0"><g class="stencils"><g class="me"><g pointer-events="painted"><path id="sid-ECBBC2B9-BC15-4617-B44E-9E38BC3EE7D2_1" d="M842.46875 169L974.53125 169 " stroke="#b7b5b5" fill="none" stroke-width="1" stroke-linecap="round" stroke-linejoin="round" marker-start="url(#sid-ECBBC2B9-BC15-4617-B44E-9E38BC3EE7D2start)" marker-end="url(#sid-ECBBC2B9-BC15-4617-B44E-9E38BC3EE7D2end)"/></g><text id="sid-ECBBC2B9-BC15-4617-B44E-9E38BC3EE7D2text_name" x="908" y="172" oryx:edgePosition="midbottom" stroke-width="0pt" letter-spacing="-0.01px" transform="rotate(0 908 172)" oryx:fontSize="12" text-anchor="middle"><tspan dy="0" x="908" y="172">审核通过</tspan></text></g><g class="children" style="overflow:hidden"/><g class="edge"/></g><g class="controls"><g class="dockers"/><g class="magnets"/></g></g><g id="svg-sid-D49A5A22-9412-4DBB-9769-2850C539C011"><g class="stencils"><g class="me"><g pointer-events="painted"><path id="sid-B0A843C4-C5E9-42E5-B363-3FF7145E9864_1" d="M509.5 185.3125L509.5 282.84375 " stroke="#b7b5b5" fill="none" stroke-width="1" stroke-linecap="round" stroke-linejoin="round" marker-start="url(#sid-B0A843C4-C5E9-42E5-B363-3FF7145E9864start)" marker-end="url(#sid-B0A843C4-C5E9-42E5-B363-3FF7145E9864end)"/></g><text id="sid-B0A843C4-C5E9-42E5-B363-3FF7145E9864text_name" x="509" y="237" oryx:edgePosition="midbottom" stroke-width="0pt" letter-spacing="-0.01px" transform="rotate(0 509 237)" oryx:fontSize="12" text-anchor="middle"><tspan dy="0" x="509" y="237">派生任务</tspan></text></g><g class="children" style="overflow:hidden"/><g class="edge"/></g><g class="controls"><g class="dockers"/><g class="magnets"/></g></g><g id="svg-sid-8FA094BD-E66E-4A94-9FB9-9A7DF235B133"><g class="stencils"><g class="me"><g pointer-events="painted"><path id="sid-FB2F726B-0108-43E0-889D-EC171C4B552B_1" d="M667.0146600987661 185.18682555736993L612.7353399012339 282.96942444263004 " stroke="#b7b5b5" fill="none" stroke-width="1" stroke-linecap="round" stroke-linejoin="round" marker-start="url(#sid-FB2F726B-0108-43E0-889D-EC171C4B552Bstart)" marker-end="url(#sid-FB2F726B-0108-43E0-889D-EC171C4B552Bend)"/></g><text id="sid-FB2F726B-0108-43E0-889D-EC171C4B552Btext_name" x="639" y="237" oryx:edgePosition="midbottom" stroke-width="0pt" letter-spacing="-0.01px" transform="rotate(0 639 237)" oryx:fontSize="12" text-anchor="middle"><tspan dy="0" x="639" y="237">责任人跟踪</tspan></text></g><g class="children" style="overflow:hidden"/><g class="edge"/></g><g class="controls"><g class="dockers"/><g class="magnets"/></g></g><g id="svg-sid-7CE9D641-3597-4595-B3DD-111B037EA43C"><g class="stencils"><g class="me"><g pointer-events="painted"><path id="sid-C39AFF27-69D4-4809-84E3-B6F8EF8462A9_1" d="M684.8548554130945 185.18984758364286L738.3326445869055 282.96640241635714 " stroke="#b7b5b5" fill="none" stroke-width="1" stroke-linecap="round" stroke-linejoin="round" marker-start="url(#sid-C39AFF27-69D4-4809-84E3-B6F8EF8462A9start)" marker-end="url(#sid-C39AFF27-69D4-4809-84E3-B6F8EF8462A9end)"/></g><text id="sid-C39AFF27-69D4-4809-84E3-B6F8EF8462A9text_name" x="711" y="237" oryx:edgePosition="midbottom" stroke-width="0pt" letter-spacing="-0.01px" transform="rotate(0 711 237)" oryx:fontSize="12" text-anchor="middle"><tspan dy="0" x="711" y="237">参与人跟踪</tspan></text></g><g class="children" style="overflow:hidden"/><g class="edge"/></g><g class="controls"><g class="dockers"/><g class="magnets"/></g></g><g id="svg-sid-FF0E32C1-6525-4AC1-BF87-D901BC39F28C"><g class="stencils"><g class="me"><g pointer-events="painted"><path id="sid-6F422A1B-70C4-4D27-9F6B-1B3E8BC99201_1" d="M826 152.7109375L826 66 L509.5 66 L509.5 152.7109375 " stroke="#b7b5b5" fill="none" stroke-width="1" stroke-linecap="round" stroke-linejoin="round" marker-start="url(#sid-6F422A1B-70C4-4D27-9F6B-1B3E8BC99201start)" marker-end="url(#sid-6F422A1B-70C4-4D27-9F6B-1B3E8BC99201end)"/></g><text id="sid-6F422A1B-70C4-4D27-9F6B-1B3E8BC99201text_name" x="667" y="69" oryx:edgePosition="midbottom" stroke-width="0pt" letter-spacing="-0.01px" transform="rotate(0 667 69)" oryx:fontSize="12" text-anchor="middle"><tspan dy="0" x="667" y="69">审核不通过</tspan></text></g><g class="children" style="overflow:hidden"/><g class="edge"/></g><g class="controls"><g class="dockers"/><g class="magnets"/></g></g><g id="svg-sid-9BFDCD6D-EB9C-42D0-B3D1-32E6A9B1BFD3"><g class="stencils"><g class="me"><g pointer-events="painted"><path id="sid-AF42AB90-976F-44F9-9526-F95B5C0E19BE_1" d="M692.234375 169L809.765625 169 " stroke="#b7b5b5" fill="none" stroke-width="1" stroke-linecap="round" stroke-linejoin="round" marker-start="url(#sid-AF42AB90-976F-44F9-9526-F95B5C0E19BEstart)" marker-end="url(#sid-AF42AB90-976F-44F9-9526-F95B5C0E19BEend)"/></g><text id="sid-AF42AB90-976F-44F9-9526-F95B5C0E19BEtext_name" x="751" y="172" oryx:edgePosition="midbottom" stroke-width="0pt" letter-spacing="-0.01px" transform="rotate(0 751 172)" oryx:fontSize="12" text-anchor="middle"><tspan dy="0" x="751" y="172">提交审核</tspan></text></g><g class="children" style="overflow:hidden"/><g class="edge"/></g><g class="controls"><g class="dockers"/><g class="magnets"/></g></g><g id="svg-sid-E836BF0B-08D6-4F7D-8793-188D5D4B0E7C"><g class="stencils"><g class="me"><g pointer-events="painted"><path id="sid-9DD49A1B-EC0A-45F3-85A7-131B1432184C_1" d="M526.109375 169L659.390625 169 " stroke="#b7b5b5" fill="none" stroke-width="1" stroke-linecap="round" stroke-linejoin="round" marker-start="url(#sid-9DD49A1B-EC0A-45F3-85A7-131B1432184Cstart)" marker-end="url(#sid-9DD49A1B-EC0A-45F3-85A7-131B1432184Cend)"/></g><text id="sid-9DD49A1B-EC0A-45F3-85A7-131B1432184Ctext_name" x="592" y="172" oryx:edgePosition="midbottom" stroke-width="0pt" letter-spacing="-0.01px" transform="rotate(0 592 172)" oryx:fontSize="12" text-anchor="middle"><tspan dy="0" x="592" y="172">应对风险</tspan></text></g><g class="children" style="overflow:hidden"/><g class="edge"/></g><g class="controls"><g class="dockers"/><g class="magnets"/></g></g><g id="svg-sid-5C5FF71A-BB39-4422-9299-E22E46C24393"><g class="stencils"><g class="me"><g pointer-events="painted"><path id="sid-0BA2C798-6EE2-4A07-95B1-2176CFC05F67_1" d="M826 185.3125L826 282.84375 " stroke="#b7b5b5" fill="none" stroke-width="1" stroke-linecap="round" stroke-linejoin="round" marker-start="url(#sid-0BA2C798-6EE2-4A07-95B1-2176CFC05F67start)" marker-end="url(#sid-0BA2C798-6EE2-4A07-95B1-2176CFC05F67end)"/></g><text id="sid-0BA2C798-6EE2-4A07-95B1-2176CFC05F67text_name" x="826" y="237" oryx:edgePosition="midbottom" stroke-width="0pt" letter-spacing="-0.01px" transform="rotate(0 826 237)" oryx:fontSize="12" text-anchor="middle"><tspan dy="0" x="826" y="237">派生问题</tspan></text></g><g class="children" style="overflow:hidden"/><g class="edge"/></g><g class="controls"><g class="dockers"/><g class="magnets"/></g></g></g></g><g class="svgcontainer"><g display="none" transform="translate(814, 279.5)"><rect x="0" y="0" stroke-width="1" stroke="#777777" fill="none" stroke-dasharray="2,2" pointer-events="none" width="24" height="24"/></g><g display="none"><path stroke-width="1" stroke="silver" fill="none" stroke-dasharray="5,5" pointer-events="none" d="M826 0 L 826 789"/></g><g display="none"><path stroke-width="1" stroke="silver" fill="none" stroke-dasharray="5,5" pointer-events="none" d="M 0 291.5 L 1810 291.5"/></g><g><path stroke-width="2" fill="none" d="M-4 1 l0 -5 l5 0 M-4 788 l0 5 l5 0 M1814 788 l0 5 l-5 0 M1814 1 l0 -5 l-5 0 " stroke="#00FF00" stroke-opacity="1" display="none"/></g></g></g></svg>'), NULL, 'b8ab9427-627b-469f-bfd0-4b1buser0001', '2022-08-08', 'b8ab9427-627b-469f-bfd0-4b1buser0001', '2022-08-08', '4', '新建风险', NULL, NULL);

INSERT INTO wf_node(id, name, workflowId, type, property, linkedStatusId, workflowPageId, emailRole, notifyRole, isEmailFile, tranType, phaseRule, lagMode, autoToId, exeCls, entityOpRul, isSynEntity, canWrite, canUpdateFile, canUpdateRelate, rejectRole, remark, orderNum, isSystem, isValid, creatorId, createdTime, modifyId, modifyTime, canRollback)
VALUES ('D2FF4C60-BC78-4146-9101-6AB95CEA9F79', '开始', 'ACT2e35c-18e1-479f-a8dd-e4f66939ead5', 'start-state', NULL, NULL, 'b05fda4b-2a51-4d30-9d5f-303918aa7486', NULL, NULL, NULL, NULL, NULL, NULL, NULL, NULL, NULL, NULL, NULL, 'N', 'N', NULL, NULL, 1, 'Y', 'Y', 'b8ab9427-627b-469f-bfd0-4b1buser0001', '2022-08-08', 'b8ab9427-627b-469f-bfd0-4b1buser0001', '2022-08-08', 'Y');
INSERT INTO wf_node(id, name, workflowId, type, property, linkedStatusId, workflowPageId, emailRole, notifyRole, isEmailFile, tranType, phaseRule, lagMode, autoToId, exeCls, entityOpRul, isSynEntity, canWrite, canUpdateFile, canUpdateRelate, rejectRole, remark, orderNum, isSystem, isValid, creatorId, createdTime, modifyId, modifyTime, canRollback)
VALUES ('8EA8B6A4-D871-4EBC-BC59-A6AD7614E640', '风险识别', 'ACT2e35c-18e1-479f-a8dd-e4f66939ead5', 'state', NULL, '0b5d33a2-ab53-46bf-85e8-32a1aedd5522', 'db9587d0-8fd3-4562-b479-46d0c394edd0', '960fb540-3cef-49e8-89b6-1bRSKrole001,960fb540-3cef-49e8-89b6-1bRSKrole002', ',960fb540-3cef-49e8-89b6-1bRSKrole001', NULL, NULL, NULL, NULL, NULL, '', NULL, NULL, NULL, 'Y', 'Y', '', NULL, 2, 'Y', 'Y', 'b8ab9427-627b-469f-bfd0-4b1buser0001', '2022-08-08', 'b8ab9427-627b-469f-bfd0-4b1buser0001', '2022-08-08', 'Y');
INSERT INTO wf_node(id, name, workflowId, type, property, linkedStatusId, workflowPageId, emailRole, notifyRole, isEmailFile, tranType, phaseRule, lagMode, autoToId, exeCls, entityOpRul, isSynEntity, canWrite, canUpdateFile, canUpdateRelate, rejectRole, remark, orderNum, isSystem, isValid, creatorId, createdTime, modifyId, modifyTime, canRollback)
VALUES ('9B15BAD1-85E3-45AF-99B0-B45BF42B4A10', '风险应对', 'ACT2e35c-18e1-479f-a8dd-e4f66939ead5', 'state', NULL, '5df64b9b-b1ee-4b8a-9c82-d8cd3f2bf1d4', '9cb48cb4-305a-4402-b655-6490eeeb1db3', '960fb540-3cef-49e8-89b6-1bRSKrole001,960fb540-3cef-49e8-89b6-1bRSKrole002', ',960fb540-3cef-49e8-89b6-1bRSKrole001', NULL, NULL, NULL, NULL, NULL, '', NULL, NULL, NULL, 'Y', 'Y', '', NULL, 3, 'Y', 'Y', 'b8ab9427-627b-469f-bfd0-4b1buser0001', '2022-08-08', 'b8ab9427-627b-469f-bfd0-4b1buser0001', '2022-08-08', 'Y');
INSERT INTO wf_node(id, name, workflowId, type, property, linkedStatusId, workflowPageId, emailRole, notifyRole, isEmailFile, tranType, phaseRule, lagMode, autoToId, exeCls, entityOpRul, isSynEntity, canWrite, canUpdateFile, canUpdateRelate, rejectRole, remark, orderNum, isSystem, isValid, creatorId, createdTime, modifyId, modifyTime, canRollback)
VALUES ('4E8D291A-4213-41CD-874B-13565B0D40BA', '风险监控', 'ACT2e35c-18e1-479f-a8dd-e4f66939ead5', 'state', NULL, 'f1e91fc8-d5f6-4456-b136-77f9d9fad33f', 'e0840a35-11c8-474d-ab76-514022fb7f3d', '960fb540-3cef-49e8-89b6-1bRSKrole001,960fb540-3cef-49e8-89b6-1bRSKrole002', ',960fb540-3cef-49e8-89b6-1bRSKrole001', NULL, NULL, NULL, NULL, NULL, '', NULL, NULL, NULL, 'Y', 'Y', '', NULL, 4, 'Y', 'Y', 'b8ab9427-627b-469f-bfd0-4b1buser0001', '2022-08-08', 'b8ab9427-627b-469f-bfd0-4b1buser0001', '2022-08-08', 'Y');
INSERT INTO wf_node(id, name, workflowId, type, property, linkedStatusId, workflowPageId, emailRole, notifyRole, isEmailFile, tranType, phaseRule, lagMode, autoToId, exeCls, entityOpRul, isSynEntity, canWrite, canUpdateFile, canUpdateRelate, rejectRole, remark, orderNum, isSystem, isValid, creatorId, createdTime, modifyId, modifyTime, canRollback)
VALUES ('CB8393EA-3669-47D2-AA47-0AA1139396A5', '风险审核', 'ACT2e35c-18e1-479f-a8dd-e4f66939ead5', 'state', NULL, '307ba9cf-8440-4c1e-89ac-e3c3f23d7334', '7d3a8498-5699-4012-a7a0-7b5a58120daa', '960fb540-3cef-49e8-89b6-1bRSKrole001,960fb540-3cef-49e8-89b6-1bRSKrole002', '960fb540-3cef-49e8-89b6-1bRSKrole001', NULL, NULL, NULL, NULL, NULL, '', NULL, NULL, NULL, 'N', 'N', '', NULL, 5, 'Y', 'Y', 'b8ab9427-627b-469f-bfd0-4b1buser0001', '2022-08-08', 'b8ab9427-627b-469f-bfd0-4b1buser0001', '2022-08-08', 'Y');
INSERT INTO wf_node(id, name, workflowId, type, property, linkedStatusId, workflowPageId, emailRole, notifyRole, isEmailFile, tranType, phaseRule, lagMode, autoToId, exeCls, entityOpRul, isSynEntity, canWrite, canUpdateFile, canUpdateRelate, rejectRole, remark, orderNum, isSystem, isValid, creatorId, createdTime, modifyId, modifyTime, canRollback)
VALUES ('856807A3-E343-4ADD-B2CA-F1F307D03E57', '结束', 'ACT2e35c-18e1-479f-a8dd-e4f66939ead5', 'end-state', NULL, 'aa284045-9695-42e6-bf98-d677d6912d0a', 'bf02aa0d-2569-43b4-aca9-6c90b91e1d1a', '960fb540-3cef-49e8-89b6-1bRSKrole001,960fb540-3cef-49e8-89b6-1bRSKrole002', '', NULL, NULL, NULL, NULL, NULL, '', NULL, NULL, NULL, 'N', 'N', '', NULL, 6, 'Y', 'Y', 'b8ab9427-627b-469f-bfd0-4b1buser0001', '2022-08-08', 'b8ab9427-627b-469f-bfd0-4b1buser0001', '2022-08-08', 'Y');

INSERT INTO wf_transition(id, name, nodeId, toNodeId, workflowPageId, deriveWorkflowType, toDeriveNodeId, conditions, type, isOnlyOnce, isSaveNodeUser, SynCondition, exeCls, workflowId, deriveWorkflowId, isDelPageUser, hasSave, pageTo, isMulTask, functionRight, mapField, deriveMode, emailRemindAgain, remark, orderNum, isSystem, isValid, creatorId, createdTime, modifyId, modifyTime, isForking, isDefaultForking)
VALUES ('B1CD1B9D-4F2C-4D45-8F11-DF2A55C6AF60', '提交', 'D2FF4C60-BC78-4146-9101-6AB95CEA9F79', '8EA8B6A4-D871-4EBC-BC59-A6AD7614E640', NULL, NULL, NULL, NULL, 'COMMON', 'N', 'N', '1', NULL, 'ACT2e35c-18e1-479f-a8dd-e4f66939ead5', NULL, NULL, 'N', '1', NULL, NULL, NULL, NULL, NULL, NULL, 1, 'Y', 'Y', 'b8ab9427-627b-469f-bfd0-4b1buser0001', '2022-08-08', 'b8ab9427-627b-469f-bfd0-4b1buser0001', '2022-08-08', 'N', 'N');
INSERT INTO wf_transition(id, name, nodeId, toNodeId, workflowPageId, deriveWorkflowType, toDeriveNodeId, conditions, type, isOnlyOnce, isSaveNodeUser, SynCondition, exeCls, workflowId, deriveWorkflowId, isDelPageUser, hasSave, pageTo, isMulTask, functionRight, mapField, deriveMode, emailRemindAgain, remark, orderNum, isSystem, isValid, creatorId, createdTime, modifyId, modifyTime, isForking, isDefaultForking)
VALUES ('8B2F93EC-74E5-4BE4-9754-ACBFA6A3117D', '识别风险', '8EA8B6A4-D871-4EBC-BC59-A6AD7614E640', '9B15BAD1-85E3-45AF-99B0-B45BF42B4A10', '249068bb-ecde-4fab-aa7b-224f2272d00a', NULL, NULL, NULL, 'COMMON', 'N', 'Y', '2', '', 'ACT2e35c-18e1-479f-a8dd-e4f66939ead5', NULL, NULL, 'Y', '1', NULL, NULL, NULL, NULL, NULL, NULL, 2, 'Y', 'Y', 'b8ab9427-627b-469f-bfd0-4b1buser0001', '2022-08-08', 'b8ab9427-627b-469f-bfd0-4b1buser0001', '2022-08-08', 'N', 'N');
INSERT INTO wf_transition(id, name, nodeId, toNodeId, workflowPageId, deriveWorkflowType, toDeriveNodeId, conditions, type, isOnlyOnce, isSaveNodeUser, SynCondition, exeCls, workflowId, deriveWorkflowId, isDelPageUser, hasSave, pageTo, isMulTask, functionRight, mapField, deriveMode, emailRemindAgain, remark, orderNum, isSystem, isValid, creatorId, createdTime, modifyId, modifyTime, isForking, isDefaultForking)
VALUES ('50CCFD9E-62C2-4A2A-B273-BC8BC8BBC8F0', '审核通过', 'CB8393EA-3669-47D2-AA47-0AA1139396A5', '856807A3-E343-4ADD-B2CA-F1F307D03E57', '2a37f3f2-613f-429f-86c4-8f7d4fa63fd9', NULL, NULL, NULL, 'COMMON', 'N', 'N', '1', '', 'ACT2e35c-18e1-479f-a8dd-e4f66939ead5', NULL, NULL, 'N', '1', NULL, NULL, NULL, NULL, NULL, NULL, 3, 'Y', 'Y', 'b8ab9427-627b-469f-bfd0-4b1buser0001', '2022-08-08', 'b8ab9427-627b-469f-bfd0-4b1buser0001', '2022-08-08', 'N', 'N');
INSERT INTO wf_transition(id, name, nodeId, toNodeId, workflowPageId, deriveWorkflowType, toDeriveNodeId, conditions, type, isOnlyOnce, isSaveNodeUser, SynCondition, exeCls, workflowId, deriveWorkflowId, isDelPageUser, hasSave, pageTo, isMulTask, functionRight, mapField, deriveMode, emailRemindAgain, remark, orderNum, isSystem, isValid, creatorId, createdTime, modifyId, modifyTime, isForking, isDefaultForking)
VALUES ('D49A5A22-9412-4DBB-9769-2850C539C011', '派生任务', '9B15BAD1-85E3-45AF-99B0-B45BF42B4A10', '6A260FBE-F84F-4056-BDDE-F838D49C2787', 'bb587d04-5ff5-449a-8f3a-4c200163644b', 'TSK', '07698511-fa9f-47e2-9f4c-5fbstatus002', NULL, 'DERIVE', 'N', 'N', '1', '', 'ACT2e35c-18e1-479f-a8dd-e4f66939ead5', '', NULL, 'N', '1', NULL, NULL, NULL, NULL, NULL, NULL, 4, 'Y', 'Y', 'b8ab9427-627b-469f-bfd0-4b1buser0001', '2022-08-08', 'b8ab9427-627b-469f-bfd0-4b1buser0001', '2022-08-08', 'N', 'N');
INSERT INTO wf_transition(id, name, nodeId, toNodeId, workflowPageId, deriveWorkflowType, toDeriveNodeId, conditions, type, isOnlyOnce, isSaveNodeUser, SynCondition, exeCls, workflowId, deriveWorkflowId, isDelPageUser, hasSave, pageTo, isMulTask, functionRight, mapField, deriveMode, emailRemindAgain, remark, orderNum, isSystem, isValid, creatorId, createdTime, modifyId, modifyTime, isForking, isDefaultForking)
VALUES ('8FA094BD-E66E-4A94-9FB9-9A7DF235B133', '责任人跟踪', '4E8D291A-4213-41CD-874B-13565B0D40BA', '2611BD0F-A34E-46F7-8C0B-44333EEE6EC6', 'fbc24b16-c525-4ae4-98fc-96ada8d5cedf', NULL, NULL, NULL, 'COUNTSIGN', 'N', 'N', '1', NULL, 'ACT2e35c-18e1-479f-a8dd-e4f66939ead5', NULL, NULL, 'N', '1', NULL, NULL, NULL, NULL, NULL, NULL, 5, 'Y', 'Y', 'b8ab9427-627b-469f-bfd0-4b1buser0001', '2022-08-08', 'b8ab9427-627b-469f-bfd0-4b1buser0001', '2022-08-08', 'N', 'N');
INSERT INTO wf_transition(id, name, nodeId, toNodeId, workflowPageId, deriveWorkflowType, toDeriveNodeId, conditions, type, isOnlyOnce, isSaveNodeUser, SynCondition, exeCls, workflowId, deriveWorkflowId, isDelPageUser, hasSave, pageTo, isMulTask, functionRight, mapField, deriveMode, emailRemindAgain, remark, orderNum, isSystem, isValid, creatorId, createdTime, modifyId, modifyTime, isForking, isDefaultForking)
VALUES ('7CE9D641-3597-4595-B3DD-111B037EA43C', '参与人跟踪', '4E8D291A-4213-41CD-874B-13565B0D40BA', '6E4A8F6C-35E9-4E53-8BA6-2EDC9D1D5A57', '88db8af4-1774-4090-94a2-343002355017', NULL, NULL, NULL, 'COUNTSIGN', 'N', 'N', '1', '', 'ACT2e35c-18e1-479f-a8dd-e4f66939ead5', NULL, NULL, 'N', '1', NULL, NULL, NULL, NULL, NULL, NULL, 6, 'Y', 'Y', 'b8ab9427-627b-469f-bfd0-4b1buser0001', '2022-08-08', 'b8ab9427-627b-469f-bfd0-4b1buser0001', '2022-08-08', 'N', 'N');
INSERT INTO wf_transition(id, name, nodeId, toNodeId, workflowPageId, deriveWorkflowType, toDeriveNodeId, conditions, type, isOnlyOnce, isSaveNodeUser, SynCondition, exeCls, workflowId, deriveWorkflowId, isDelPageUser, hasSave, pageTo, isMulTask, functionRight, mapField, deriveMode, emailRemindAgain, remark, orderNum, isSystem, isValid, creatorId, createdTime, modifyId, modifyTime, isForking, isDefaultForking)
VALUES ('5C5FF71A-BB39-4422-9299-E22E46C24393', '派生问题', 'CB8393EA-3669-47D2-AA47-0AA1139396A5', 'B7DE9D1F-70F9-47A1-8B96-78100AE383D4', 'e46eaa90-96e9-4d61-9f14-bd3fb8edc58b', 'ISU', '3F9AF262-541D-45AF-80E3-4DBB598CF5FC', NULL, 'DERIVE', 'N', 'N', '1', '', 'ACT2e35c-18e1-479f-a8dd-e4f66939ead5', 'ACTb3e7e-7612-4c4b-96b4-b805fc25b59f', NULL, 'N', '1', NULL, NULL, '{"deriveType":"ISU","mappingField":"name:name,code;projectId:projectId"}', NULL, NULL, NULL, 7, 'Y', 'Y', 'b8ab9427-627b-469f-bfd0-4b1buser0001', '2022-08-08', 'b8ab9427-627b-469f-bfd0-4b1buser0001', '2022-08-08', 'N', 'N');
INSERT INTO wf_transition(id, name, nodeId, toNodeId, workflowPageId, deriveWorkflowType, toDeriveNodeId, conditions, type, isOnlyOnce, isSaveNodeUser, SynCondition, exeCls, workflowId, deriveWorkflowId, isDelPageUser, hasSave, pageTo, isMulTask, functionRight, mapField, deriveMode, emailRemindAgain, remark, orderNum, isSystem, isValid, creatorId, createdTime, modifyId, modifyTime, isForking, isDefaultForking)
VALUES ('FF0E32C1-6525-4AC1-BF87-D901BC39F28C', '审核不通过', 'CB8393EA-3669-47D2-AA47-0AA1139396A5', '9B15BAD1-85E3-45AF-99B0-B45BF42B4A10', '4dd99b9b-21f2-4dcc-95c7-a807c0edea03', NULL, NULL, NULL, 'COMMON', 'N', 'N', '1', '', 'ACT2e35c-18e1-479f-a8dd-e4f66939ead5', NULL, NULL, 'N', '1', NULL, NULL, NULL, NULL, NULL, NULL, 8, 'Y', 'Y', 'b8ab9427-627b-469f-bfd0-4b1buser0001', '2022-08-08', 'b8ab9427-627b-469f-bfd0-4b1buser0001', '2022-08-08', 'N', 'N');
INSERT INTO wf_transition(id, name, nodeId, toNodeId, workflowPageId, deriveWorkflowType, toDeriveNodeId, conditions, type, isOnlyOnce, isSaveNodeUser, SynCondition, exeCls, workflowId, deriveWorkflowId, isDelPageUser, hasSave, pageTo, isMulTask, functionRight, mapField, deriveMode, emailRemindAgain, remark, orderNum, isSystem, isValid, creatorId, createdTime, modifyId, modifyTime, isForking, isDefaultForking)
VALUES ('9BFDCD6D-EB9C-42D0-B3D1-32E6A9B1BFD3', '提交审核', '4E8D291A-4213-41CD-874B-13565B0D40BA', 'CB8393EA-3669-47D2-AA47-0AA1139396A5', '0ebd0626-7672-46d8-85e4-d3b7492daf5a', NULL, NULL, NULL, 'COMMON', 'N', 'N', '1', '', 'ACT2e35c-18e1-479f-a8dd-e4f66939ead5', NULL, NULL, 'N', '1', NULL, NULL, NULL, NULL, NULL, NULL, 9, 'Y', 'Y', 'b8ab9427-627b-469f-bfd0-4b1buser0001', '2022-08-08', 'b8ab9427-627b-469f-bfd0-4b1buser0001', '2022-08-08', 'N', 'N');
INSERT INTO wf_transition(id, name, nodeId, toNodeId, workflowPageId, deriveWorkflowType, toDeriveNodeId, conditions, type, isOnlyOnce, isSaveNodeUser, SynCondition, exeCls, workflowId, deriveWorkflowId, isDelPageUser, hasSave, pageTo, isMulTask, functionRight, mapField, deriveMode, emailRemindAgain, remark, orderNum, isSystem, isValid, creatorId, createdTime, modifyId, modifyTime, isForking, isDefaultForking)
VALUES ('E836BF0B-08D6-4F7D-8793-188D5D4B0E7C', '应对风险', '9B15BAD1-85E3-45AF-99B0-B45BF42B4A10', '4E8D291A-4213-41CD-874B-13565B0D40BA', '798da145-375c-4cd1-aec1-2a65ac361356', NULL, NULL, NULL, 'COMMON', 'N', 'Y', '1', '', 'ACT2e35c-18e1-479f-a8dd-e4f66939ead5', NULL, NULL, 'Y', '1', NULL, NULL, NULL, NULL, NULL, NULL, 10, 'Y', 'Y', 'b8ab9427-627b-469f-bfd0-4b1buser0001', '2022-08-08', 'b8ab9427-627b-469f-bfd0-4b1buser0001', '2022-08-08', 'N', 'N');

INSERT INTO sys_status(id, objectType, Name, Remark, bgColor, fColor, isCalcLag, isEnd, isValid, orderNum, creatorId, createdTime, modifyId, modifyTime, workflowId)
VALUES ('0b5d33a2-ab53-46bf-85e8-32a1aedd5522', 'RSK', '风险识别', NULL, NULL, NULL, 'Y', 'N', 'Y', 2, 'b8ab9427-627b-469f-bfd0-4b1buser0001', '2022-08-08', 'b8ab9427-627b-469f-bfd0-4b1buser0001', '2022-08-08', 'ACT2e35c-18e1-479f-a8dd-e4f66939ead5');
INSERT INTO sys_status(id, objectType, Name, Remark, bgColor, fColor, isCalcLag, isEnd, isValid, orderNum, creatorId, createdTime, modifyId, modifyTime, workflowId)
VALUES ('5df64b9b-b1ee-4b8a-9c82-d8cd3f2bf1d4', 'RSK', '风险应对', NULL, NULL, NULL, 'Y', 'N', 'Y', 3, 'b8ab9427-627b-469f-bfd0-4b1buser0001', '2022-08-08', 'b8ab9427-627b-469f-bfd0-4b1buser0001', '2022-08-08', 'ACT2e35c-18e1-479f-a8dd-e4f66939ead5');
INSERT INTO sys_status(id, objectType, Name, Remark, bgColor, fColor, isCalcLag, isEnd, isValid, orderNum, creatorId, createdTime, modifyId, modifyTime, workflowId)
VALUES ('f1e91fc8-d5f6-4456-b136-77f9d9fad33f', 'RSK', '风险监控', NULL, NULL, NULL, 'Y', 'N', 'Y', 4, 'b8ab9427-627b-469f-bfd0-4b1buser0001', '2022-08-08', 'b8ab9427-627b-469f-bfd0-4b1buser0001', '2022-08-08', 'ACT2e35c-18e1-479f-a8dd-e4f66939ead5');
INSERT INTO sys_status(id, objectType, Name, Remark, bgColor, fColor, isCalcLag, isEnd, isValid, orderNum, creatorId, createdTime, modifyId, modifyTime, workflowId)
VALUES ('307ba9cf-8440-4c1e-89ac-e3c3f23d7334', 'RSK', '风险审核', NULL, NULL, NULL, 'Y', 'N', 'Y', 5, 'b8ab9427-627b-469f-bfd0-4b1buser0001', '2022-08-08', 'b8ab9427-627b-469f-bfd0-4b1buser0001', '2022-08-08', 'ACT2e35c-18e1-479f-a8dd-e4f66939ead5');
INSERT INTO sys_status(id, objectType, Name, Remark, bgColor, fColor, isCalcLag, isEnd, isValid, orderNum, creatorId, createdTime, modifyId, modifyTime, workflowId)
VALUES ('aa284045-9695-42e6-bf98-d677d6912d0a', 'RSK', '结束', '', '', '', 'Y', 'Y', 'Y', 6, 'b8ab9427-627b-469f-bfd0-4b1buser0001', '2022-08-08', 'b8ab9427-627b-469f-bfd0-4b1buser0001', '2022-08-08', 'ACT2e35c-18e1-479f-a8dd-e4f66939ead5');

INSERT INTO sys_page(id, name, objectType, pageType, parentId, workflowID, deriveWfType, deriveWfID, mapField, isStartPage, entityTypeID, extPageUrl, extPageCls, isSystem, remark, isValid, orderNum, creatorId, createdTime, modifyId, modifyTime, subType)
VALUES ('b05fda4b-2a51-4d30-9d5f-303918aa7486', '开始', 'RSK', 'FORM', NULL, 'ACT2e35c-18e1-479f-a8dd-e4f66939ead5', NULL, NULL, '', NULL, '', NULL, NULL, 'N', NULL, 'Y', 1, 'b8ab9427-627b-469f-bfd0-4b1buser0001', '2022-08-08', 'b8ab9427-627b-469f-bfd0-4b1buser0001', '2022-08-08', 'ADD');
INSERT INTO sys_page(id, name, objectType, pageType, parentId, workflowID, deriveWfType, deriveWfID, mapField, isStartPage, entityTypeID, extPageUrl, extPageCls, isSystem, remark, isValid, orderNum, creatorId, createdTime, modifyId, modifyTime, subType)
VALUES ('249068bb-ecde-4fab-aa7b-224f2272d00a', '识别风险', 'RSK', 'FORM', NULL, 'ACT2e35c-18e1-479f-a8dd-e4f66939ead5', NULL, NULL, 'tab_Y_detail,tab_Y_workflowChart,tab_Y_workflowProcess,tab_Y_relate,tab_Y_file', NULL, '', NULL, NULL, 'N', NULL, 'Y', 3, 'b8ab9427-627b-469f-bfd0-4b1buser0001', '2022-08-08', 'b8ab9427-627b-469f-bfd0-4b1buser0001', '2022-08-08', 'EDIT');
INSERT INTO sys_page(id, name, objectType, pageType, parentId, workflowID, deriveWfType, deriveWfID, mapField, isStartPage, entityTypeID, extPageUrl, extPageCls, isSystem, remark, isValid, orderNum, creatorId, createdTime, modifyId, modifyTime, subType)
VALUES ('db9587d0-8fd3-4562-b479-46d0c394edd0', '风险识别', 'RSK', 'FORM', NULL, 'ACT2e35c-18e1-479f-a8dd-e4f66939ead5', NULL, NULL, 'tab_Y_detail,tab_Y_workflowChart,tab_Y_workflowProcess,tab_Y_relate,tab_Y_file', NULL, '', NULL, NULL, 'N', NULL, 'Y', 3, 'b8ab9427-627b-469f-bfd0-4b1buser0001', '2022-08-08', 'b8ab9427-627b-469f-bfd0-4b1buser0001', '2022-08-08', 'VIEW');
INSERT INTO sys_page(id, name, objectType, pageType, parentId, workflowID, deriveWfType, deriveWfID, mapField, isStartPage, entityTypeID, extPageUrl, extPageCls, isSystem, remark, isValid, orderNum, creatorId, createdTime, modifyId, modifyTime, subType)
VALUES ('2a37f3f2-613f-429f-86c4-8f7d4fa63fd9', '审核通过', 'RSK', 'FORM', NULL, 'ACT2e35c-18e1-479f-a8dd-e4f66939ead5', NULL, NULL, 'tab_Y_detail,tab_Y_workflowChart,tab_Y_workflowProcess,tab_Y_relate,tab_Y_file', NULL, '', NULL, NULL, 'N', NULL, 'Y', 4, 'b8ab9427-627b-469f-bfd0-4b1buser0001', '2022-08-08', 'b8ab9427-627b-469f-bfd0-4b1buser0001', '2022-08-08', 'EDIT');
INSERT INTO sys_page(id, name, objectType, pageType, parentId, workflowID, deriveWfType, deriveWfID, mapField, isStartPage, entityTypeID, extPageUrl, extPageCls, isSystem, remark, isValid, orderNum, creatorId, createdTime, modifyId, modifyTime, subType)
VALUES ('798da145-375c-4cd1-aec1-2a65ac361356', '应对风险', 'RSK', 'FORM', NULL, 'ACT2e35c-18e1-479f-a8dd-e4f66939ead5', NULL, NULL, 'tab_Y_detail,tab_Y_workflowChart,tab_Y_workflowProcess,tab_Y_relate,tab_Y_file', NULL, '', NULL, NULL, 'N', NULL, 'Y', 4, 'b8ab9427-627b-469f-bfd0-4b1buser0001', '2022-08-08', 'b8ab9427-627b-469f-bfd0-4b1buser0001', '2022-08-08', 'EDIT');
INSERT INTO sys_page(id, name, objectType, pageType, parentId, workflowID, deriveWfType, deriveWfID, mapField, isStartPage, entityTypeID, extPageUrl, extPageCls, isSystem, remark, isValid, orderNum, creatorId, createdTime, modifyId, modifyTime, subType)
VALUES ('9cb48cb4-305a-4402-b655-6490eeeb1db3', '风险应对', 'RSK', 'FORM', NULL, 'ACT2e35c-18e1-479f-a8dd-e4f66939ead5', NULL, NULL, 'tab_Y_detail,tab_Y_workflowChart,tab_Y_workflowProcess,tab_Y_relate,tab_Y_file', NULL, '', NULL, NULL, 'N', NULL, 'Y', 4, 'b8ab9427-627b-469f-bfd0-4b1buser0001', '2022-08-08', 'b8ab9427-627b-469f-bfd0-4b1buser0001', '2022-08-08', 'VIEW');
INSERT INTO sys_page(id, name, objectType, pageType, parentId, workflowID, deriveWfType, deriveWfID, mapField, isStartPage, entityTypeID, extPageUrl, extPageCls, isSystem, remark, isValid, orderNum, creatorId, createdTime, modifyId, modifyTime, subType)
VALUES ('0ebd0626-7672-46d8-85e4-d3b7492daf5a', '提交审核', 'RSK', 'FORM', NULL, 'ACT2e35c-18e1-479f-a8dd-e4f66939ead5', NULL, NULL, 'tab_Y_detail,tab_Y_workflowChart,tab_Y_workflowProcess,tab_Y_relate,tab_Y_file', NULL, '', NULL, NULL, 'N', NULL, 'Y', 5, 'b8ab9427-627b-469f-bfd0-4b1buser0001', '2022-08-08', 'b8ab9427-627b-469f-bfd0-4b1buser0001', '2022-08-08', 'EDIT');
INSERT INTO sys_page(id, name, objectType, pageType, parentId, workflowID, deriveWfType, deriveWfID, mapField, isStartPage, entityTypeID, extPageUrl, extPageCls, isSystem, remark, isValid, orderNum, creatorId, createdTime, modifyId, modifyTime, subType)
VALUES ('e0840a35-11c8-474d-ab76-514022fb7f3d', '风险监控', 'RSK', 'FORM', NULL, 'ACT2e35c-18e1-479f-a8dd-e4f66939ead5', NULL, NULL, 'tab_Y_detail,tab_Y_workflowChart,tab_Y_workflowProcess,tab_Y_relate,tab_Y_file', NULL, '', NULL, NULL, 'N', NULL, 'Y', 5, 'b8ab9427-627b-469f-bfd0-4b1buser0001', '2022-08-08', 'b8ab9427-627b-469f-bfd0-4b1buser0001', '2022-08-08', 'VIEW');
INSERT INTO sys_page(id, name, objectType, pageType, parentId, workflowID, deriveWfType, deriveWfID, mapField, isStartPage, entityTypeID, extPageUrl, extPageCls, isSystem, remark, isValid, orderNum, creatorId, createdTime, modifyId, modifyTime, subType)
VALUES ('7d3a8498-5699-4012-a7a0-7b5a58120daa', '风险审核', 'RSK', 'FORM', NULL, 'ACT2e35c-18e1-479f-a8dd-e4f66939ead5', NULL, NULL, 'tab_Y_detail,tab_Y_workflowChart,tab_Y_workflowProcess,tab_Y_relate,tab_Y_file', NULL, '', NULL, NULL, 'N', NULL, 'Y', 6, 'b8ab9427-627b-469f-bfd0-4b1buser0001', '2022-08-08', 'b8ab9427-627b-469f-bfd0-4b1buser0001', '2022-08-08', 'VIEW');
INSERT INTO sys_page(id, name, objectType, pageType, parentId, workflowID, deriveWfType, deriveWfID, mapField, isStartPage, entityTypeID, extPageUrl, extPageCls, isSystem, remark, isValid, orderNum, creatorId, createdTime, modifyId, modifyTime, subType)
VALUES ('bb587d04-5ff5-449a-8f3a-4c200163644b', '派生任务', 'TSK', 'FORM', NULL, 'ACT2e35c-18e1-479f-a8dd-e4f66939ead5', NULL, NULL, '', NULL, '', NULL, NULL, 'N', NULL, 'N', 6, 'b8ab9427-627b-469f-bfd0-4b1buser0001', '2022-08-08', 'b8ab9427-627b-469f-bfd0-4b1buser0001', '2022-08-08', 'ADD');
INSERT INTO sys_page(id, name, objectType, pageType, parentId, workflowID, deriveWfType, deriveWfID, mapField, isStartPage, entityTypeID, extPageUrl, extPageCls, isSystem, remark, isValid, orderNum, creatorId, createdTime, modifyId, modifyTime, subType)
VALUES ('bf02aa0d-2569-43b4-aca9-6c90b91e1d1a', '结束', 'RSK', 'FORM', NULL, 'ACT2e35c-18e1-479f-a8dd-e4f66939ead5', NULL, NULL, 'tab_Y_detail,tab_Y_workflowChart,tab_Y_workflowProcess,tab_Y_relate,tab_Y_file', NULL, '', NULL, NULL, 'N', NULL, 'Y', 7, 'b8ab9427-627b-469f-bfd0-4b1buser0001', '2022-08-08', 'b8ab9427-627b-469f-bfd0-4b1buser0001', '2022-08-08', 'VIEW');
INSERT INTO sys_page(id, name, objectType, pageType, parentId, workflowID, deriveWfType, deriveWfID, mapField, isStartPage, entityTypeID, extPageUrl, extPageCls, isSystem, remark, isValid, orderNum, creatorId, createdTime, modifyId, modifyTime, subType)
VALUES ('fbc24b16-c525-4ae4-98fc-96ada8d5cedf', '责任人跟踪', 'RSK', 'FORM', NULL, 'ACT2e35c-18e1-479f-a8dd-e4f66939ead5', NULL, NULL, 'tab_Y_detail,tab_Y_workflowChart,tab_Y_workflowProcess,tab_Y_relate,tab_Y_file', NULL, '', NULL, NULL, 'N', NULL, 'Y', 8, 'b8ab9427-627b-469f-bfd0-4b1buser0001', '2022-08-08', 'b8ab9427-627b-469f-bfd0-4b1buser0001', '2022-08-08', 'EDIT');
INSERT INTO sys_page(id, name, objectType, pageType, parentId, workflowID, deriveWfType, deriveWfID, mapField, isStartPage, entityTypeID, extPageUrl, extPageCls, isSystem, remark, isValid, orderNum, creatorId, createdTime, modifyId, modifyTime, subType)
VALUES ('4dd99b9b-21f2-4dcc-95c7-a807c0edea03', '审核不通过', 'RSK', 'FORM', NULL, 'ACT2e35c-18e1-479f-a8dd-e4f66939ead5', NULL, NULL, 'tab_Y_detail,tab_Y_workflowChart,tab_Y_workflowProcess,tab_Y_relate,tab_Y_file', NULL, '', NULL, NULL, 'N', NULL, 'Y', 9, 'b8ab9427-627b-469f-bfd0-4b1buser0001', '2022-08-08', 'b8ab9427-627b-469f-bfd0-4b1buser0001', '2022-08-08', 'EDIT');
INSERT INTO sys_page(id, name, objectType, pageType, parentId, workflowID, deriveWfType, deriveWfID, mapField, isStartPage, entityTypeID, extPageUrl, extPageCls, isSystem, remark, isValid, orderNum, creatorId, createdTime, modifyId, modifyTime, subType)
VALUES ('88db8af4-1774-4090-94a2-343002355017', '参与人跟踪', 'RSK', 'FORM', NULL, 'ACT2e35c-18e1-479f-a8dd-e4f66939ead5', NULL, NULL, 'tab_Y_detail,tab_Y_workflowChart,tab_Y_workflowProcess,tab_Y_relate,tab_Y_file', NULL, '', NULL, NULL, 'N', NULL, 'Y', 9, 'b8ab9427-627b-469f-bfd0-4b1buser0001', '2022-08-08', 'b8ab9427-627b-469f-bfd0-4b1buser0001', '2022-08-08', 'EDIT');
INSERT INTO sys_page(id, name, objectType, pageType, parentId, workflowID, deriveWfType, deriveWfID, mapField, isStartPage, entityTypeID, extPageUrl, extPageCls, isSystem, remark, isValid, orderNum, creatorId, createdTime, modifyId, modifyTime, subType)
VALUES ('e46eaa90-96e9-4d61-9f14-bd3fb8edc58b', '派生问题', 'ISU', 'FORM', NULL, 'ACT2e35c-18e1-479f-a8dd-e4f66939ead5', NULL, NULL, '', NULL, '', NULL, NULL, 'N', NULL, 'Y', 9, 'b8ab9427-627b-469f-bfd0-4b1buser0001', '2022-08-08', 'b8ab9427-627b-469f-bfd0-4b1buser0001', '2022-08-08', 'ADD');

INSERT INTO sys_pagefield_rlt(id, pageId, fieldId, orderNum, isRequired, isReaded, isReseted, isRecorded, isShowed, layout, isValid, module)
VALUES ('5a6fa8ee-7806-4aba-abbb-75e014440983', '0ebd0626-7672-46d8-85e4-d3b7492daf5a', '9dab3a1f-3309-4fd7-be6c-b90fb832d320', 1, 'N', 'Y', NULL, NULL, 'Y', 'F', 'Y', NULL);
INSERT INTO sys_pagefield_rlt(id, pageId, fieldId, orderNum, isRequired, isReaded, isReseted, isRecorded, isShowed, layout, isValid, module)
VALUES ('5e943cf4-c383-4d45-a21c-24922702b106', '0ebd0626-7672-46d8-85e4-d3b7492daf5a', '40a9e371-c4d0-4552-bd8d-c167c266989a', 2, 'N', 'Y', NULL, NULL, 'Y', 'T', 'Y', NULL);
INSERT INTO sys_pagefield_rlt(id, pageId, fieldId, orderNum, isRequired, isReaded, isReseted, isRecorded, isShowed, layout, isValid, module)
VALUES ('bb76133e-d74f-4355-99b3-eca60bf67d07', '0ebd0626-7672-46d8-85e4-d3b7492daf5a', '198811cd-8912-4e24-be4e-d255aa1909e7', 3, 'N', 'Y', NULL, NULL, 'Y', 'T', 'Y', NULL);
INSERT INTO sys_pagefield_rlt(id, pageId, fieldId, orderNum, isRequired, isReaded, isReseted, isRecorded, isShowed, layout, isValid, module)
VALUES ('8875ac14-c95c-4b7e-9a48-4e344ab353db', '0ebd0626-7672-46d8-85e4-d3b7492daf5a', '2e714a13-9b4c-42bf-b3a7-b3b1a250ff60', 4, 'N', 'Y', NULL, NULL, 'Y', 'T', 'Y', NULL);
INSERT INTO sys_pagefield_rlt(id, pageId, fieldId, orderNum, isRequired, isReaded, isReseted, isRecorded, isShowed, layout, isValid, module)
VALUES ('4e3bf548-5bae-4637-a8a9-05106df75d36', '0ebd0626-7672-46d8-85e4-d3b7492daf5a', '1300ff3b-3c2d-407c-a73c-c7d5be94037c', 5, 'N', 'Y', NULL, NULL, 'Y', 'T', 'Y', NULL);
INSERT INTO sys_pagefield_rlt(id, pageId, fieldId, orderNum, isRequired, isReaded, isReseted, isRecorded, isShowed, layout, isValid, module)
VALUES ('b346adef-b902-4e14-8e6b-7b9f40c0479b', '0ebd0626-7672-46d8-85e4-d3b7492daf5a', 'feecd2bd-c6fa-4407-8f28-a040cc50470f', 6, 'N', 'Y', NULL, NULL, 'Y', 'T', 'Y', NULL);
INSERT INTO sys_pagefield_rlt(id, pageId, fieldId, orderNum, isRequired, isReaded, isReseted, isRecorded, isShowed, layout, isValid, module)
VALUES ('996eb011-c4da-4cd7-9c46-d4a421d8ad7c', '0ebd0626-7672-46d8-85e4-d3b7492daf5a', '6ab1be80-2a35-45d3-b6da-c9a453d0076c', 7, 'N', 'Y', NULL, NULL, 'Y', 'T', 'Y', NULL);
INSERT INTO sys_pagefield_rlt(id, pageId, fieldId, orderNum, isRequired, isReaded, isReseted, isRecorded, isShowed, layout, isValid, module)
VALUES ('d1f0f7f8-4dff-4eb1-bb31-c465b9775532', '0ebd0626-7672-46d8-85e4-d3b7492daf5a', '98e3f5fc-5bd3-4cc4-83b9-e7d2084e9668', 8, 'N', 'Y', NULL, NULL, 'Y', 'T', 'Y', NULL);
INSERT INTO sys_pagefield_rlt(id, pageId, fieldId, orderNum, isRequired, isReaded, isReseted, isRecorded, isShowed, layout, isValid, module)
VALUES ('914097bd-a157-45b9-9bd5-5e8260c84e57', '0ebd0626-7672-46d8-85e4-d3b7492daf5a', '9fdc7500-4153-4c2a-994e-e9271fab9da2', 9, 'N', 'Y', NULL, NULL, 'Y', 'T', 'Y', NULL);
INSERT INTO sys_pagefield_rlt(id, pageId, fieldId, orderNum, isRequired, isReaded, isReseted, isRecorded, isShowed, layout, isValid, module)
VALUES ('3bcbf8ec-488f-4dbd-b25b-6e87e4eb6eaa', '0ebd0626-7672-46d8-85e4-d3b7492daf5a', '6eb569eb-ab97-4491-9156-dbf5da09cbd3', 10, 'N', 'Y', NULL, NULL, 'Y', 'F', 'Y', NULL);
INSERT INTO sys_pagefield_rlt(id, pageId, fieldId, orderNum, isRequired, isReaded, isReseted, isRecorded, isShowed, layout, isValid, module)
VALUES ('98d57376-1d56-4f38-9770-cd5e55268fef', '0ebd0626-7672-46d8-85e4-d3b7492daf5a', 'e5cc7a35-1159-489c-862f-eec73abe3b23', 11, 'N', 'Y', NULL, NULL, 'Y', 'F', 'Y', NULL);
INSERT INTO sys_pagefield_rlt(id, pageId, fieldId, orderNum, isRequired, isReaded, isReseted, isRecorded, isShowed, layout, isValid, module)
VALUES ('4bfc412c-bc06-4242-9f08-d5de8d68f6af', '0ebd0626-7672-46d8-85e4-d3b7492daf5a', '9aba6681-9690-4f83-8f68-e9aa755e5391', 12, 'N', 'Y', NULL, NULL, 'Y', 'F', 'Y', NULL);
INSERT INTO sys_pagefield_rlt(id, pageId, fieldId, orderNum, isRequired, isReaded, isReseted, isRecorded, isShowed, layout, isValid, module)
VALUES ('144b8fe8-42fb-4808-8333-a24d9583c365', '0ebd0626-7672-46d8-85e4-d3b7492daf5a', 'c972ff58-4bf4-4ec7-8bcc-e595fb3414af', 13, 'N', 'Y', NULL, NULL, 'Y', 'F', 'Y', NULL);
INSERT INTO sys_pagefield_rlt(id, pageId, fieldId, orderNum, isRequired, isReaded, isReseted, isRecorded, isShowed, layout, isValid, module)
VALUES ('999dfc24-0351-4ee8-9b6f-6b4a6e664763', '0ebd0626-7672-46d8-85e4-d3b7492daf5a', '1b993270-9572-43ab-838b-21b02881f762', 14, 'N', 'Y', NULL, NULL, 'Y', 'T', 'Y', NULL);
INSERT INTO sys_pagefield_rlt(id, pageId, fieldId, orderNum, isRequired, isReaded, isReseted, isRecorded, isShowed, layout, isValid, module)
VALUES ('06a6cb05-64ae-4861-a1e6-5636fae42402', '0ebd0626-7672-46d8-85e4-d3b7492daf5a', 'd09ee728-4110-4a60-b84a-5098e965424b', 15, 'N', 'Y', NULL, NULL, 'Y', 'T', 'Y', NULL);
INSERT INTO sys_pagefield_rlt(id, pageId, fieldId, orderNum, isRequired, isReaded, isReseted, isRecorded, isShowed, layout, isValid, module)
VALUES ('64999fe7-1ed7-4feb-8211-8343f2788e89', '0ebd0626-7672-46d8-85e4-d3b7492daf5a', 'd7fda513-ff4b-4fac-8df5-b5825b8d00be', 16, 'Y', 'N', NULL, NULL, 'Y', 'T', 'Y', NULL);
INSERT INTO sys_pagefield_rlt(id, pageId, fieldId, orderNum, isRequired, isReaded, isReseted, isRecorded, isShowed, layout, isValid, module)
VALUES ('d429123e-ba6c-4048-8ed9-2135d9db6755', '0ebd0626-7672-46d8-85e4-d3b7492daf5a', '4aeff5b9-907f-4556-9ce6-acb8a0641a2e', 17, 'N', 'N', NULL, NULL, 'Y', 'T', 'Y', NULL);
INSERT INTO sys_pagefield_rlt(id, pageId, fieldId, orderNum, isRequired, isReaded, isReseted, isRecorded, isShowed, layout, isValid, module)
VALUES ('a3898f91-8ea5-4bcb-9e47-50a2d94e2f70', '0ebd0626-7672-46d8-85e4-d3b7492daf5a', '6c28100a-2f39-4961-b384-d5fc16592e86', 18, 'N', 'N', NULL, NULL, 'Y', 'F', 'Y', NULL);
INSERT INTO sys_pagefield_rlt(id, pageId, fieldId, orderNum, isRequired, isReaded, isReseted, isRecorded, isShowed, layout, isValid, module)
VALUES ('3702b235-4932-48b3-b22c-23285b7a5584', '249068bb-ecde-4fab-aa7b-224f2272d00a', '9dab3a1f-3309-4fd7-be6c-b90fb832d320', 1, 'N', 'Y', NULL, NULL, 'Y', 'F', 'Y', NULL);
INSERT INTO sys_pagefield_rlt(id, pageId, fieldId, orderNum, isRequired, isReaded, isReseted, isRecorded, isShowed, layout, isValid, module)
VALUES ('43f2c2cf-77aa-46e0-829b-6bc4cc15ad12', '249068bb-ecde-4fab-aa7b-224f2272d00a', '40a9e371-c4d0-4552-bd8d-c167c266989a', 2, 'N', 'Y', NULL, NULL, 'Y', 'T', 'Y', NULL);
INSERT INTO sys_pagefield_rlt(id, pageId, fieldId, orderNum, isRequired, isReaded, isReseted, isRecorded, isShowed, layout, isValid, module)
VALUES ('506c0783-6289-4533-9d57-12a84792ebda', '249068bb-ecde-4fab-aa7b-224f2272d00a', '198811cd-8912-4e24-be4e-d255aa1909e7', 3, 'Y', 'N', NULL, NULL, 'Y', 'T', 'Y', NULL);
INSERT INTO sys_pagefield_rlt(id, pageId, fieldId, orderNum, isRequired, isReaded, isReseted, isRecorded, isShowed, layout, isValid, module)
VALUES ('a8a712ce-42ca-4b2a-be0b-fcb3446ae020', '249068bb-ecde-4fab-aa7b-224f2272d00a', '2e714a13-9b4c-42bf-b3a7-b3b1a250ff60', 4, 'Y', 'N', NULL, NULL, 'Y', 'T', 'Y', NULL);
INSERT INTO sys_pagefield_rlt(id, pageId, fieldId, orderNum, isRequired, isReaded, isReseted, isRecorded, isShowed, layout, isValid, module)
VALUES ('84b91e73-8b2b-4582-8e03-1bb3738d822f', '249068bb-ecde-4fab-aa7b-224f2272d00a', '1300ff3b-3c2d-407c-a73c-c7d5be94037c', 5, 'Y', 'N', NULL, NULL, 'Y', 'T', 'Y', NULL);
INSERT INTO sys_pagefield_rlt(id, pageId, fieldId, orderNum, isRequired, isReaded, isReseted, isRecorded, isShowed, layout, isValid, module)
VALUES ('220c89e8-146c-41ee-8f04-3509815aa999', '249068bb-ecde-4fab-aa7b-224f2272d00a', 'feecd2bd-c6fa-4407-8f28-a040cc50470f', 6, 'N', 'N', NULL, NULL, 'Y', 'T', 'Y', NULL);
INSERT INTO sys_pagefield_rlt(id, pageId, fieldId, orderNum, isRequired, isReaded, isReseted, isRecorded, isShowed, layout, isValid, module)
VALUES ('f7b1cf9d-7482-4e13-b216-571800c53b3a', '249068bb-ecde-4fab-aa7b-224f2272d00a', '6ab1be80-2a35-45d3-b6da-c9a453d0076c', 7, 'N', 'N', NULL, NULL, 'Y', 'T', 'Y', NULL);
INSERT INTO sys_pagefield_rlt(id, pageId, fieldId, orderNum, isRequired, isReaded, isReseted, isRecorded, isShowed, layout, isValid, module)
VALUES ('d7e2af53-b329-4af4-91c0-cbd35bc47f1d', '249068bb-ecde-4fab-aa7b-224f2272d00a', 'd7fda513-ff4b-4fac-8df5-b5825b8d00be', 8, 'Y', 'N', NULL, NULL, 'Y', 'T', 'Y', NULL);
INSERT INTO sys_pagefield_rlt(id, pageId, fieldId, orderNum, isRequired, isReaded, isReseted, isRecorded, isShowed, layout, isValid, module)
VALUES ('426f2d6d-4a5f-4ea1-9d7e-bd6b72900c07', '249068bb-ecde-4fab-aa7b-224f2272d00a', '4aeff5b9-907f-4556-9ce6-acb8a0641a2e', 9, 'N', 'N', NULL, NULL, 'Y', 'T', 'Y', NULL);
INSERT INTO sys_pagefield_rlt(id, pageId, fieldId, orderNum, isRequired, isReaded, isReseted, isRecorded, isShowed, layout, isValid, module)
VALUES ('468b963a-30c1-4156-856c-d83eee40e942', '249068bb-ecde-4fab-aa7b-224f2272d00a', '98e3f5fc-5bd3-4cc4-83b9-e7d2084e9668', 10, 'N', 'Y', NULL, NULL, 'Y', 'T', 'Y', NULL);
INSERT INTO sys_pagefield_rlt(id, pageId, fieldId, orderNum, isRequired, isReaded, isReseted, isRecorded, isShowed, layout, isValid, module)
VALUES ('65d0a60f-c97f-4315-8a6a-dfdf0a70ceef', '249068bb-ecde-4fab-aa7b-224f2272d00a', '9fdc7500-4153-4c2a-994e-e9271fab9da2', 11, 'N', 'Y', NULL, NULL, 'Y', 'T', 'Y', NULL);
INSERT INTO sys_pagefield_rlt(id, pageId, fieldId, orderNum, isRequired, isReaded, isReseted, isRecorded, isShowed, layout, isValid, module)
VALUES ('b5e5cd24-6cf1-4d76-b80e-ffb8ab78ac26', '249068bb-ecde-4fab-aa7b-224f2272d00a', '6eb569eb-ab97-4491-9156-dbf5da09cbd3', 12, 'N', 'N', NULL, NULL, 'Y', 'F', 'Y', NULL);
INSERT INTO sys_pagefield_rlt(id, pageId, fieldId, orderNum, isRequired, isReaded, isReseted, isRecorded, isShowed, layout, isValid, module)
VALUES ('3de4c3b3-1902-4a3f-a5c2-6227212b3910', '249068bb-ecde-4fab-aa7b-224f2272d00a', '9aba6681-9690-4f83-8f68-e9aa755e5391', 13, 'N', 'N', NULL, NULL, 'Y', 'F', 'Y', NULL);
INSERT INTO sys_pagefield_rlt(id, pageId, fieldId, orderNum, isRequired, isReaded, isReseted, isRecorded, isShowed, layout, isValid, module)
VALUES ('e79dff5e-ec85-4be7-9a9e-0925a0f45c1f', '249068bb-ecde-4fab-aa7b-224f2272d00a', 'e5cc7a35-1159-489c-862f-eec73abe3b23', 14, 'N', 'N', NULL, NULL, 'Y', 'F', 'Y', NULL);
INSERT INTO sys_pagefield_rlt(id, pageId, fieldId, orderNum, isRequired, isReaded, isReseted, isRecorded, isShowed, layout, isValid, module)
VALUES ('f4e818c6-cf99-4715-858a-d0508832cce6', '249068bb-ecde-4fab-aa7b-224f2272d00a', '1b993270-9572-43ab-838b-21b02881f762', 15, 'N', 'Y', NULL, NULL, 'Y', 'T', 'Y', NULL);
INSERT INTO sys_pagefield_rlt(id, pageId, fieldId, orderNum, isRequired, isReaded, isReseted, isRecorded, isShowed, layout, isValid, module)
VALUES ('5fa8159d-b177-4a6c-813e-82366cf86c04', '249068bb-ecde-4fab-aa7b-224f2272d00a', 'd09ee728-4110-4a60-b84a-5098e965424b', 16, 'N', 'Y', NULL, NULL, 'Y', 'T', 'Y', NULL);
INSERT INTO sys_pagefield_rlt(id, pageId, fieldId, orderNum, isRequired, isReaded, isReseted, isRecorded, isShowed, layout, isValid, module)
VALUES ('aa312337-6586-44b8-bca1-af6710fc3508', '2a37f3f2-613f-429f-86c4-8f7d4fa63fd9', '9dab3a1f-3309-4fd7-be6c-b90fb832d320', 1, 'N', 'Y', NULL, NULL, 'Y', 'F', 'Y', NULL);
INSERT INTO sys_pagefield_rlt(id, pageId, fieldId, orderNum, isRequired, isReaded, isReseted, isRecorded, isShowed, layout, isValid, module)
VALUES ('6becc328-59b1-45fc-8300-7d9cecf7e3ba', '2a37f3f2-613f-429f-86c4-8f7d4fa63fd9', '40a9e371-c4d0-4552-bd8d-c167c266989a', 2, 'N', 'Y', NULL, NULL, 'Y', 'T', 'Y', NULL);
INSERT INTO sys_pagefield_rlt(id, pageId, fieldId, orderNum, isRequired, isReaded, isReseted, isRecorded, isShowed, layout, isValid, module)
VALUES ('67bc0653-6fcc-48eb-9ebe-52725ee3facb', '2a37f3f2-613f-429f-86c4-8f7d4fa63fd9', '198811cd-8912-4e24-be4e-d255aa1909e7', 3, 'N', 'Y', NULL, NULL, 'Y', 'T', 'Y', NULL);
INSERT INTO sys_pagefield_rlt(id, pageId, fieldId, orderNum, isRequired, isReaded, isReseted, isRecorded, isShowed, layout, isValid, module)
VALUES ('24a847bb-a253-46fe-aeff-9acaca044145', '2a37f3f2-613f-429f-86c4-8f7d4fa63fd9', '2e714a13-9b4c-42bf-b3a7-b3b1a250ff60', 4, 'N', 'Y', NULL, NULL, 'Y', 'T', 'Y', NULL);
INSERT INTO sys_pagefield_rlt(id, pageId, fieldId, orderNum, isRequired, isReaded, isReseted, isRecorded, isShowed, layout, isValid, module)
VALUES ('2c3544e9-b5dc-42d8-9cea-6b0dca968618', '2a37f3f2-613f-429f-86c4-8f7d4fa63fd9', '1300ff3b-3c2d-407c-a73c-c7d5be94037c', 5, 'N', 'Y', NULL, NULL, 'Y', 'T', 'Y', NULL);
INSERT INTO sys_pagefield_rlt(id, pageId, fieldId, orderNum, isRequired, isReaded, isReseted, isRecorded, isShowed, layout, isValid, module)
VALUES ('2d56518a-13e2-4df4-983c-24cb288c3a38', '2a37f3f2-613f-429f-86c4-8f7d4fa63fd9', 'feecd2bd-c6fa-4407-8f28-a040cc50470f', 6, 'N', 'Y', NULL, NULL, 'Y', 'T', 'Y', NULL);
INSERT INTO sys_pagefield_rlt(id, pageId, fieldId, orderNum, isRequired, isReaded, isReseted, isRecorded, isShowed, layout, isValid, module)
VALUES ('d73d3f57-0afe-4829-a8ce-99ea31eb1de1', '2a37f3f2-613f-429f-86c4-8f7d4fa63fd9', '6ab1be80-2a35-45d3-b6da-c9a453d0076c', 7, 'N', 'Y', NULL, NULL, 'Y', 'T', 'Y', NULL);
INSERT INTO sys_pagefield_rlt(id, pageId, fieldId, orderNum, isRequired, isReaded, isReseted, isRecorded, isShowed, layout, isValid, module)
VALUES ('acdae0c4-1fff-4732-9a91-51ea8a8fd845', '2a37f3f2-613f-429f-86c4-8f7d4fa63fd9', '98e3f5fc-5bd3-4cc4-83b9-e7d2084e9668', 8, 'N', 'Y', NULL, NULL, 'Y', 'T', 'Y', NULL);
INSERT INTO sys_pagefield_rlt(id, pageId, fieldId, orderNum, isRequired, isReaded, isReseted, isRecorded, isShowed, layout, isValid, module)
VALUES ('943ea8c6-0eb4-4040-991e-1deed1a128c7', '2a37f3f2-613f-429f-86c4-8f7d4fa63fd9', '9fdc7500-4153-4c2a-994e-e9271fab9da2', 9, 'N', 'Y', NULL, NULL, 'Y', 'T', 'Y', NULL);
INSERT INTO sys_pagefield_rlt(id, pageId, fieldId, orderNum, isRequired, isReaded, isReseted, isRecorded, isShowed, layout, isValid, module)
VALUES ('c9a74073-6d14-4f74-af64-20be03ceb875', '2a37f3f2-613f-429f-86c4-8f7d4fa63fd9', '6eb569eb-ab97-4491-9156-dbf5da09cbd3', 10, 'N', 'Y', NULL, NULL, 'Y', 'F', 'Y', NULL);
INSERT INTO sys_pagefield_rlt(id, pageId, fieldId, orderNum, isRequired, isReaded, isReseted, isRecorded, isShowed, layout, isValid, module)
VALUES ('dbacd22d-ac04-4b09-bac1-9b88cf84b4cd', '2a37f3f2-613f-429f-86c4-8f7d4fa63fd9', 'e5cc7a35-1159-489c-862f-eec73abe3b23', 11, 'N', 'Y', NULL, NULL, 'Y', 'F', 'Y', NULL);
INSERT INTO sys_pagefield_rlt(id, pageId, fieldId, orderNum, isRequired, isReaded, isReseted, isRecorded, isShowed, layout, isValid, module)
VALUES ('7c2cbd9a-f18c-4fea-91b7-ba86b4b27161', '2a37f3f2-613f-429f-86c4-8f7d4fa63fd9', '9aba6681-9690-4f83-8f68-e9aa755e5391', 12, 'N', 'Y', NULL, NULL, 'Y', 'F', 'Y', NULL);
INSERT INTO sys_pagefield_rlt(id, pageId, fieldId, orderNum, isRequired, isReaded, isReseted, isRecorded, isShowed, layout, isValid, module)
VALUES ('6a791fc3-dadf-4d92-ac14-4b6aaa36fcac', '2a37f3f2-613f-429f-86c4-8f7d4fa63fd9', 'c972ff58-4bf4-4ec7-8bcc-e595fb3414af', 13, 'N', 'Y', NULL, NULL, 'Y', 'F', 'Y', NULL);
INSERT INTO sys_pagefield_rlt(id, pageId, fieldId, orderNum, isRequired, isReaded, isReseted, isRecorded, isShowed, layout, isValid, module)
VALUES ('64e8a7af-6c73-4727-8cc4-565a55187b61', '2a37f3f2-613f-429f-86c4-8f7d4fa63fd9', '1b993270-9572-43ab-838b-21b02881f762', 14, 'N', 'Y', NULL, NULL, 'Y', 'T', 'Y', NULL);
INSERT INTO sys_pagefield_rlt(id, pageId, fieldId, orderNum, isRequired, isReaded, isReseted, isRecorded, isShowed, layout, isValid, module)
VALUES ('64ada742-17bd-4670-b03d-56fe508d5699', '2a37f3f2-613f-429f-86c4-8f7d4fa63fd9', 'd09ee728-4110-4a60-b84a-5098e965424b', 15, 'N', 'Y', NULL, NULL, 'Y', 'T', 'Y', NULL);
INSERT INTO sys_pagefield_rlt(id, pageId, fieldId, orderNum, isRequired, isReaded, isReseted, isRecorded, isShowed, layout, isValid, module)
VALUES ('f1206644-568c-48e8-bdda-d996ce38a2e6', '2a37f3f2-613f-429f-86c4-8f7d4fa63fd9', 'd7fda513-ff4b-4fac-8df5-b5825b8d00be', 16, 'Y', 'N', NULL, NULL, 'Y', 'T', 'Y', NULL);
INSERT INTO sys_pagefield_rlt(id, pageId, fieldId, orderNum, isRequired, isReaded, isReseted, isRecorded, isShowed, layout, isValid, module)
VALUES ('d212f296-0bc8-403f-a532-26799afe2740', '2a37f3f2-613f-429f-86c4-8f7d4fa63fd9', '4aeff5b9-907f-4556-9ce6-acb8a0641a2e', 17, 'N', 'Y', NULL, NULL, 'Y', 'T', 'Y', NULL);
INSERT INTO sys_pagefield_rlt(id, pageId, fieldId, orderNum, isRequired, isReaded, isReseted, isRecorded, isShowed, layout, isValid, module)
VALUES ('37cddb4e-8479-446b-8909-8d2388d0a4af', '2a37f3f2-613f-429f-86c4-8f7d4fa63fd9', '6c28100a-2f39-4961-b384-d5fc16592e86', 18, 'N', 'Y', NULL, NULL, 'Y', 'F', 'Y', NULL);
INSERT INTO sys_pagefield_rlt(id, pageId, fieldId, orderNum, isRequired, isReaded, isReseted, isRecorded, isShowed, layout, isValid, module)
VALUES ('aae7c1e8-4685-479d-9cb4-5f9d98e98936', '2a37f3f2-613f-429f-86c4-8f7d4fa63fd9', 'a7f5ba9f-ad45-455b-b8ed-2eae32d85e7f', 19, 'N', 'N', NULL, NULL, 'Y', 'F', 'Y', NULL);
INSERT INTO sys_pagefield_rlt(id, pageId, fieldId, orderNum, isRequired, isReaded, isReseted, isRecorded, isShowed, layout, isValid, module)
VALUES ('50ef4b41-05c8-401f-bd26-cea588ea8021', '4dd99b9b-21f2-4dcc-95c7-a807c0edea03', '9dab3a1f-3309-4fd7-be6c-b90fb832d320', 1, 'N', 'Y', NULL, NULL, 'Y', 'F', 'Y', NULL);
INSERT INTO sys_pagefield_rlt(id, pageId, fieldId, orderNum, isRequired, isReaded, isReseted, isRecorded, isShowed, layout, isValid, module)
VALUES ('12d7306a-e228-4939-8731-29303fe2b88c', '4dd99b9b-21f2-4dcc-95c7-a807c0edea03', '40a9e371-c4d0-4552-bd8d-c167c266989a', 2, 'N', 'Y', NULL, NULL, 'Y', 'T', 'Y', NULL);
INSERT INTO sys_pagefield_rlt(id, pageId, fieldId, orderNum, isRequired, isReaded, isReseted, isRecorded, isShowed, layout, isValid, module)
VALUES ('9a751c2e-6637-4a19-a112-567b1cf485cf', '4dd99b9b-21f2-4dcc-95c7-a807c0edea03', '198811cd-8912-4e24-be4e-d255aa1909e7', 3, 'N', 'Y', NULL, NULL, 'Y', 'T', 'Y', NULL);
INSERT INTO sys_pagefield_rlt(id, pageId, fieldId, orderNum, isRequired, isReaded, isReseted, isRecorded, isShowed, layout, isValid, module)
VALUES ('6163bb5a-18a0-423a-a144-1bcb1e6780a8', '4dd99b9b-21f2-4dcc-95c7-a807c0edea03', '2e714a13-9b4c-42bf-b3a7-b3b1a250ff60', 4, 'N', 'Y', NULL, NULL, 'Y', 'T', 'Y', NULL);
INSERT INTO sys_pagefield_rlt(id, pageId, fieldId, orderNum, isRequired, isReaded, isReseted, isRecorded, isShowed, layout, isValid, module)
VALUES ('f564fa23-e34e-4fc9-ad88-b8ecedbd2406', '4dd99b9b-21f2-4dcc-95c7-a807c0edea03', '1300ff3b-3c2d-407c-a73c-c7d5be94037c', 5, 'N', 'Y', NULL, NULL, 'Y', 'T', 'Y', NULL);
INSERT INTO sys_pagefield_rlt(id, pageId, fieldId, orderNum, isRequired, isReaded, isReseted, isRecorded, isShowed, layout, isValid, module)
VALUES ('25616de9-ce29-4f91-ac23-64b165d00651', '4dd99b9b-21f2-4dcc-95c7-a807c0edea03', 'feecd2bd-c6fa-4407-8f28-a040cc50470f', 6, 'N', 'Y', NULL, NULL, 'Y', 'T', 'Y', NULL);
INSERT INTO sys_pagefield_rlt(id, pageId, fieldId, orderNum, isRequired, isReaded, isReseted, isRecorded, isShowed, layout, isValid, module)
VALUES ('1e993755-ef53-4c41-a8d9-124400c9322d', '4dd99b9b-21f2-4dcc-95c7-a807c0edea03', '6ab1be80-2a35-45d3-b6da-c9a453d0076c', 7, 'N', 'Y', NULL, NULL, 'Y', 'T', 'Y', NULL);
INSERT INTO sys_pagefield_rlt(id, pageId, fieldId, orderNum, isRequired, isReaded, isReseted, isRecorded, isShowed, layout, isValid, module)
VALUES ('eff12171-9350-4445-b721-e67bfab0c8e3', '4dd99b9b-21f2-4dcc-95c7-a807c0edea03', '98e3f5fc-5bd3-4cc4-83b9-e7d2084e9668', 8, 'N', 'Y', NULL, NULL, 'Y', 'T', 'Y', NULL);
INSERT INTO sys_pagefield_rlt(id, pageId, fieldId, orderNum, isRequired, isReaded, isReseted, isRecorded, isShowed, layout, isValid, module)
VALUES ('f9edee14-5458-4bc8-be62-b74f1ffa8f30', '4dd99b9b-21f2-4dcc-95c7-a807c0edea03', '9fdc7500-4153-4c2a-994e-e9271fab9da2', 9, 'N', 'Y', NULL, NULL, 'Y', 'T', 'Y', NULL);
INSERT INTO sys_pagefield_rlt(id, pageId, fieldId, orderNum, isRequired, isReaded, isReseted, isRecorded, isShowed, layout, isValid, module)
VALUES ('af8eac71-f5db-4681-95d1-c4bc80d088cb', '4dd99b9b-21f2-4dcc-95c7-a807c0edea03', '6eb569eb-ab97-4491-9156-dbf5da09cbd3', 10, 'N', 'Y', NULL, NULL, 'Y', 'F', 'Y', NULL);
INSERT INTO sys_pagefield_rlt(id, pageId, fieldId, orderNum, isRequired, isReaded, isReseted, isRecorded, isShowed, layout, isValid, module)
VALUES ('9c7d537a-e4db-4fef-ab88-75ff30a79917', '4dd99b9b-21f2-4dcc-95c7-a807c0edea03', 'e5cc7a35-1159-489c-862f-eec73abe3b23', 11, 'N', 'Y', NULL, NULL, 'Y', 'F', 'Y', NULL);
INSERT INTO sys_pagefield_rlt(id, pageId, fieldId, orderNum, isRequired, isReaded, isReseted, isRecorded, isShowed, layout, isValid, module)
VALUES ('7e4a9815-4953-4b33-9d19-8584f72c9c32', '4dd99b9b-21f2-4dcc-95c7-a807c0edea03', '9aba6681-9690-4f83-8f68-e9aa755e5391', 12, 'N', 'Y', NULL, NULL, 'Y', 'F', 'Y', NULL);
INSERT INTO sys_pagefield_rlt(id, pageId, fieldId, orderNum, isRequired, isReaded, isReseted, isRecorded, isShowed, layout, isValid, module)
VALUES ('7dee8b96-1cea-4174-8d3b-669db8f99dbf', '4dd99b9b-21f2-4dcc-95c7-a807c0edea03', 'c972ff58-4bf4-4ec7-8bcc-e595fb3414af', 13, 'N', 'Y', NULL, NULL, 'Y', 'F', 'Y', NULL);
INSERT INTO sys_pagefield_rlt(id, pageId, fieldId, orderNum, isRequired, isReaded, isReseted, isRecorded, isShowed, layout, isValid, module)
VALUES ('29fa0380-5811-4341-b917-fa19e5e19b15', '4dd99b9b-21f2-4dcc-95c7-a807c0edea03', '1b993270-9572-43ab-838b-21b02881f762', 14, 'N', 'Y', NULL, NULL, 'Y', 'T', 'Y', NULL);
INSERT INTO sys_pagefield_rlt(id, pageId, fieldId, orderNum, isRequired, isReaded, isReseted, isRecorded, isShowed, layout, isValid, module)
VALUES ('5ea71f7e-741e-4da7-b068-e62864136062', '4dd99b9b-21f2-4dcc-95c7-a807c0edea03', 'd09ee728-4110-4a60-b84a-5098e965424b', 15, 'N', 'Y', NULL, NULL, 'Y', 'T', 'Y', NULL);
INSERT INTO sys_pagefield_rlt(id, pageId, fieldId, orderNum, isRequired, isReaded, isReseted, isRecorded, isShowed, layout, isValid, module)
VALUES ('9e0a3e76-dc74-4fc4-8bfd-44b3b0c34a3f', '4dd99b9b-21f2-4dcc-95c7-a807c0edea03', 'd7fda513-ff4b-4fac-8df5-b5825b8d00be', 16, 'Y', 'N', NULL, NULL, 'Y', 'T', 'Y', NULL);
INSERT INTO sys_pagefield_rlt(id, pageId, fieldId, orderNum, isRequired, isReaded, isReseted, isRecorded, isShowed, layout, isValid, module)
VALUES ('6ea802d4-1bfd-4742-9cda-4d5d8e1350f3', '4dd99b9b-21f2-4dcc-95c7-a807c0edea03', '4aeff5b9-907f-4556-9ce6-acb8a0641a2e', 17, 'N', 'Y', NULL, NULL, 'Y', 'T', 'Y', NULL);
INSERT INTO sys_pagefield_rlt(id, pageId, fieldId, orderNum, isRequired, isReaded, isReseted, isRecorded, isShowed, layout, isValid, module)
VALUES ('717cd2eb-424e-457e-8679-3a3ff69afcfe', '4dd99b9b-21f2-4dcc-95c7-a807c0edea03', '6c28100a-2f39-4961-b384-d5fc16592e86', 18, 'N', 'Y', NULL, NULL, 'Y', 'F', 'Y', NULL);
INSERT INTO sys_pagefield_rlt(id, pageId, fieldId, orderNum, isRequired, isReaded, isReseted, isRecorded, isShowed, layout, isValid, module)
VALUES ('b5338b2e-8025-4170-89d6-6660bb99c591', '4dd99b9b-21f2-4dcc-95c7-a807c0edea03', 'a7f5ba9f-ad45-455b-b8ed-2eae32d85e7f', 19, 'N', 'N', NULL, NULL, 'Y', 'F', 'Y', NULL);
INSERT INTO sys_pagefield_rlt(id, pageId, fieldId, orderNum, isRequired, isReaded, isReseted, isRecorded, isShowed, layout, isValid, module)
VALUES ('9d7493e8-4a63-411a-ae9c-85e2f0d49620', '798da145-375c-4cd1-aec1-2a65ac361356', '9dab3a1f-3309-4fd7-be6c-b90fb832d320', 1, 'N', 'Y', NULL, NULL, 'Y', 'F', 'Y', NULL);
INSERT INTO sys_pagefield_rlt(id, pageId, fieldId, orderNum, isRequired, isReaded, isReseted, isRecorded, isShowed, layout, isValid, module)
VALUES ('855f0511-f7a8-4beb-80c2-170c2b5d43fb', '798da145-375c-4cd1-aec1-2a65ac361356', '40a9e371-c4d0-4552-bd8d-c167c266989a', 2, 'N', 'Y', NULL, NULL, 'Y', 'T', 'Y', NULL);
INSERT INTO sys_pagefield_rlt(id, pageId, fieldId, orderNum, isRequired, isReaded, isReseted, isRecorded, isShowed, layout, isValid, module)
VALUES ('49dc762b-cb5c-40a3-b8db-d614ad8b8aef', '798da145-375c-4cd1-aec1-2a65ac361356', '198811cd-8912-4e24-be4e-d255aa1909e7', 3, 'N', 'Y', NULL, NULL, 'Y', 'T', 'Y', NULL);
INSERT INTO sys_pagefield_rlt(id, pageId, fieldId, orderNum, isRequired, isReaded, isReseted, isRecorded, isShowed, layout, isValid, module)
VALUES ('566c5258-1184-4b5e-82bd-9ca13b8ec257', '798da145-375c-4cd1-aec1-2a65ac361356', '2e714a13-9b4c-42bf-b3a7-b3b1a250ff60', 4, 'N', 'Y', NULL, NULL, 'Y', 'T', 'Y', NULL);
INSERT INTO sys_pagefield_rlt(id, pageId, fieldId, orderNum, isRequired, isReaded, isReseted, isRecorded, isShowed, layout, isValid, module)
VALUES ('449903ce-cf0c-4fb2-a77e-d3a88d7fcdd9', '798da145-375c-4cd1-aec1-2a65ac361356', '1300ff3b-3c2d-407c-a73c-c7d5be94037c', 5, 'N', 'Y', NULL, NULL, 'Y', 'T', 'Y', NULL);
INSERT INTO sys_pagefield_rlt(id, pageId, fieldId, orderNum, isRequired, isReaded, isReseted, isRecorded, isShowed, layout, isValid, module)
VALUES ('e18ec609-67bc-4f40-aac0-a33b8bfddabf', '798da145-375c-4cd1-aec1-2a65ac361356', 'feecd2bd-c6fa-4407-8f28-a040cc50470f', 6, 'N', 'Y', NULL, NULL, 'Y', 'T', 'Y', NULL);
INSERT INTO sys_pagefield_rlt(id, pageId, fieldId, orderNum, isRequired, isReaded, isReseted, isRecorded, isShowed, layout, isValid, module)
VALUES ('f551c43b-76da-49eb-a8d3-28e115acd3e9', '798da145-375c-4cd1-aec1-2a65ac361356', '6ab1be80-2a35-45d3-b6da-c9a453d0076c', 7, 'N', 'Y', NULL, NULL, 'Y', 'T', 'Y', NULL);
INSERT INTO sys_pagefield_rlt(id, pageId, fieldId, orderNum, isRequired, isReaded, isReseted, isRecorded, isShowed, layout, isValid, module)
VALUES ('6d80d370-385b-40cc-b8ec-70f1202c877d', '798da145-375c-4cd1-aec1-2a65ac361356', 'd7fda513-ff4b-4fac-8df5-b5825b8d00be', 8, 'Y', 'N', NULL, NULL, 'Y', 'T', 'Y', NULL);
INSERT INTO sys_pagefield_rlt(id, pageId, fieldId, orderNum, isRequired, isReaded, isReseted, isRecorded, isShowed, layout, isValid, module)
VALUES ('bd7c4c07-42cd-4172-8a22-d11cf8cae1f2', '798da145-375c-4cd1-aec1-2a65ac361356', '4aeff5b9-907f-4556-9ce6-acb8a0641a2e', 9, 'N', 'N', NULL, NULL, 'Y', 'T', 'Y', NULL);
INSERT INTO sys_pagefield_rlt(id, pageId, fieldId, orderNum, isRequired, isReaded, isReseted, isRecorded, isShowed, layout, isValid, module)
VALUES ('2b710d43-7727-4ac5-b220-0f2a8218a5b4', '798da145-375c-4cd1-aec1-2a65ac361356', '98e3f5fc-5bd3-4cc4-83b9-e7d2084e9668', 10, 'N', 'Y', NULL, NULL, 'Y', 'T', 'Y', NULL);
INSERT INTO sys_pagefield_rlt(id, pageId, fieldId, orderNum, isRequired, isReaded, isReseted, isRecorded, isShowed, layout, isValid, module)
VALUES ('0d27e272-a5ad-4ff3-acbd-01efe68ece9d', '798da145-375c-4cd1-aec1-2a65ac361356', '9fdc7500-4153-4c2a-994e-e9271fab9da2', 11, 'N', 'Y', NULL, NULL, 'Y', 'T', 'Y', NULL);
INSERT INTO sys_pagefield_rlt(id, pageId, fieldId, orderNum, isRequired, isReaded, isReseted, isRecorded, isShowed, layout, isValid, module)
VALUES ('9eb5aa0a-e367-42a6-b8bf-ebd467834911', '798da145-375c-4cd1-aec1-2a65ac361356', '6eb569eb-ab97-4491-9156-dbf5da09cbd3', 12, 'N', 'Y', NULL, NULL, 'Y', 'F', 'Y', NULL);
INSERT INTO sys_pagefield_rlt(id, pageId, fieldId, orderNum, isRequired, isReaded, isReseted, isRecorded, isShowed, layout, isValid, module)
VALUES ('dcbbd007-7152-4457-a3e8-caed9ff23552', '798da145-375c-4cd1-aec1-2a65ac361356', 'e5cc7a35-1159-489c-862f-eec73abe3b23', 13, 'N', 'Y', NULL, NULL, 'Y', 'F', 'Y', NULL);
INSERT INTO sys_pagefield_rlt(id, pageId, fieldId, orderNum, isRequired, isReaded, isReseted, isRecorded, isShowed, layout, isValid, module)
VALUES ('5cc4d9d3-c0e1-41ae-8c55-a385753527f6', '798da145-375c-4cd1-aec1-2a65ac361356', '9aba6681-9690-4f83-8f68-e9aa755e5391', 14, 'N', 'Y', NULL, NULL, 'Y', 'F', 'Y', NULL);
INSERT INTO sys_pagefield_rlt(id, pageId, fieldId, orderNum, isRequired, isReaded, isReseted, isRecorded, isShowed, layout, isValid, module)
VALUES ('b51adfad-2b00-4005-97fe-fd06e58ab24b', '798da145-375c-4cd1-aec1-2a65ac361356', 'c972ff58-4bf4-4ec7-8bcc-e595fb3414af', 15, 'Y', 'N', NULL, NULL, 'Y', 'F', 'Y', NULL);
INSERT INTO sys_pagefield_rlt(id, pageId, fieldId, orderNum, isRequired, isReaded, isReseted, isRecorded, isShowed, layout, isValid, module)
VALUES ('e7c66a07-1f0f-4760-a6f9-1bc1dd91908b', '798da145-375c-4cd1-aec1-2a65ac361356', '1b993270-9572-43ab-838b-21b02881f762', 16, 'N', 'Y', NULL, NULL, 'Y', 'T', 'Y', NULL);
INSERT INTO sys_pagefield_rlt(id, pageId, fieldId, orderNum, isRequired, isReaded, isReseted, isRecorded, isShowed, layout, isValid, module)
VALUES ('92bce973-8777-41f3-bc78-c99b91463aed', '798da145-375c-4cd1-aec1-2a65ac361356', 'd09ee728-4110-4a60-b84a-5098e965424b', 17, 'N', 'Y', NULL, NULL, 'Y', 'T', 'Y', NULL);
INSERT INTO sys_pagefield_rlt(id, pageId, fieldId, orderNum, isRequired, isReaded, isReseted, isRecorded, isShowed, layout, isValid, module)
VALUES ('f7215e67-02b1-4c03-b246-4c8fbf4aef6a', '7d3a8498-5699-4012-a7a0-7b5a58120daa', '9dab3a1f-3309-4fd7-be6c-b90fb832d320', 1, 'N', 'Y', NULL, NULL, 'Y', 'F', 'Y', NULL);
INSERT INTO sys_pagefield_rlt(id, pageId, fieldId, orderNum, isRequired, isReaded, isReseted, isRecorded, isShowed, layout, isValid, module)
VALUES ('1805be85-6350-4aa2-99c5-c3a7c166b8cf', '7d3a8498-5699-4012-a7a0-7b5a58120daa', '40a9e371-c4d0-4552-bd8d-c167c266989a', 2, 'N', 'Y', NULL, NULL, 'Y', 'T', 'Y', NULL);
INSERT INTO sys_pagefield_rlt(id, pageId, fieldId, orderNum, isRequired, isReaded, isReseted, isRecorded, isShowed, layout, isValid, module)
VALUES ('74500c2c-b723-4e5b-a1bb-75314ca730cb', '7d3a8498-5699-4012-a7a0-7b5a58120daa', '198811cd-8912-4e24-be4e-d255aa1909e7', 3, 'N', 'Y', NULL, NULL, 'Y', 'T', 'Y', NULL);
INSERT INTO sys_pagefield_rlt(id, pageId, fieldId, orderNum, isRequired, isReaded, isReseted, isRecorded, isShowed, layout, isValid, module)
VALUES ('eafe2190-79a0-4027-b9f3-1854d0e663a2', '7d3a8498-5699-4012-a7a0-7b5a58120daa', '2e714a13-9b4c-42bf-b3a7-b3b1a250ff60', 4, 'N', 'Y', NULL, NULL, 'Y', 'T', 'Y', NULL);
INSERT INTO sys_pagefield_rlt(id, pageId, fieldId, orderNum, isRequired, isReaded, isReseted, isRecorded, isShowed, layout, isValid, module)
VALUES ('1e0d7200-e645-44e7-b0f3-d293bd35ade5', '7d3a8498-5699-4012-a7a0-7b5a58120daa', '1300ff3b-3c2d-407c-a73c-c7d5be94037c', 5, 'N', 'Y', NULL, NULL, 'Y', 'T', 'Y', NULL);
INSERT INTO sys_pagefield_rlt(id, pageId, fieldId, orderNum, isRequired, isReaded, isReseted, isRecorded, isShowed, layout, isValid, module)
VALUES ('5da42919-c65d-48ab-93fb-ac245dc86861', '7d3a8498-5699-4012-a7a0-7b5a58120daa', 'feecd2bd-c6fa-4407-8f28-a040cc50470f', 6, 'N', 'Y', NULL, NULL, 'Y', 'T', 'Y', NULL);
INSERT INTO sys_pagefield_rlt(id, pageId, fieldId, orderNum, isRequired, isReaded, isReseted, isRecorded, isShowed, layout, isValid, module)
VALUES ('2bcdbd64-3e47-4f4b-8ce8-8787660ec332', '7d3a8498-5699-4012-a7a0-7b5a58120daa', '6ab1be80-2a35-45d3-b6da-c9a453d0076c', 7, 'N', 'Y', NULL, NULL, 'Y', 'T', 'Y', NULL);
INSERT INTO sys_pagefield_rlt(id, pageId, fieldId, orderNum, isRequired, isReaded, isReseted, isRecorded, isShowed, layout, isValid, module)
VALUES ('00d8b0d0-a550-4860-ab32-c1359d38f2b0', '7d3a8498-5699-4012-a7a0-7b5a58120daa', '98e3f5fc-5bd3-4cc4-83b9-e7d2084e9668', 8, 'N', 'Y', NULL, NULL, 'Y', 'T', 'Y', NULL);
INSERT INTO sys_pagefield_rlt(id, pageId, fieldId, orderNum, isRequired, isReaded, isReseted, isRecorded, isShowed, layout, isValid, module)
VALUES ('48bddf75-5b27-44e8-9de2-bf490dbcbec3', '7d3a8498-5699-4012-a7a0-7b5a58120daa', '9fdc7500-4153-4c2a-994e-e9271fab9da2', 9, 'N', 'Y', NULL, NULL, 'Y', 'T', 'Y', NULL);
INSERT INTO sys_pagefield_rlt(id, pageId, fieldId, orderNum, isRequired, isReaded, isReseted, isRecorded, isShowed, layout, isValid, module)
VALUES ('61a3d129-f0d0-434b-8ca7-cfb648a3c3e0', '7d3a8498-5699-4012-a7a0-7b5a58120daa', '6eb569eb-ab97-4491-9156-dbf5da09cbd3', 10, 'N', 'Y', NULL, NULL, 'Y', 'F', 'Y', NULL);
INSERT INTO sys_pagefield_rlt(id, pageId, fieldId, orderNum, isRequired, isReaded, isReseted, isRecorded, isShowed, layout, isValid, module)
VALUES ('188bd89a-7546-496e-873a-6639d9eeb80a', '7d3a8498-5699-4012-a7a0-7b5a58120daa', 'e5cc7a35-1159-489c-862f-eec73abe3b23', 11, 'N', 'Y', NULL, NULL, 'Y', 'F', 'Y', NULL);
INSERT INTO sys_pagefield_rlt(id, pageId, fieldId, orderNum, isRequired, isReaded, isReseted, isRecorded, isShowed, layout, isValid, module)
VALUES ('d67797a0-3557-4df7-976e-2048ee9ce885', '7d3a8498-5699-4012-a7a0-7b5a58120daa', '9aba6681-9690-4f83-8f68-e9aa755e5391', 12, 'N', 'Y', NULL, NULL, 'Y', 'F', 'Y', NULL);
INSERT INTO sys_pagefield_rlt(id, pageId, fieldId, orderNum, isRequired, isReaded, isReseted, isRecorded, isShowed, layout, isValid, module)
VALUES ('5ddfcf20-1e5a-4bc4-98ff-7f5cf357b6ee', '7d3a8498-5699-4012-a7a0-7b5a58120daa', 'c972ff58-4bf4-4ec7-8bcc-e595fb3414af', 13, 'N', 'Y', NULL, NULL, 'Y', 'F', 'Y', NULL);
INSERT INTO sys_pagefield_rlt(id, pageId, fieldId, orderNum, isRequired, isReaded, isReseted, isRecorded, isShowed, layout, isValid, module)
VALUES ('1d03efba-736d-434c-9a2f-5b2936517d05', '7d3a8498-5699-4012-a7a0-7b5a58120daa', '1b993270-9572-43ab-838b-21b02881f762', 14, 'N', 'Y', NULL, NULL, 'Y', 'T', 'Y', NULL);
INSERT INTO sys_pagefield_rlt(id, pageId, fieldId, orderNum, isRequired, isReaded, isReseted, isRecorded, isShowed, layout, isValid, module)
VALUES ('5729a688-291e-42ea-ae9d-ae8c0d5f2919', '7d3a8498-5699-4012-a7a0-7b5a58120daa', 'd09ee728-4110-4a60-b84a-5098e965424b', 15, 'N', 'Y', NULL, NULL, 'Y', 'T', 'Y', NULL);
INSERT INTO sys_pagefield_rlt(id, pageId, fieldId, orderNum, isRequired, isReaded, isReseted, isRecorded, isShowed, layout, isValid, module)
VALUES ('d593cbee-49df-4b9e-94cf-a713eb09ebdf', '7d3a8498-5699-4012-a7a0-7b5a58120daa', 'd7fda513-ff4b-4fac-8df5-b5825b8d00be', 16, 'N', 'Y', NULL, NULL, 'Y', 'T', 'Y', NULL);
INSERT INTO sys_pagefield_rlt(id, pageId, fieldId, orderNum, isRequired, isReaded, isReseted, isRecorded, isShowed, layout, isValid, module)
VALUES ('02dac949-882a-4091-b036-625e613de7af', '7d3a8498-5699-4012-a7a0-7b5a58120daa', '4aeff5b9-907f-4556-9ce6-acb8a0641a2e', 17, 'N', 'Y', NULL, NULL, 'Y', 'T', 'Y', NULL);
INSERT INTO sys_pagefield_rlt(id, pageId, fieldId, orderNum, isRequired, isReaded, isReseted, isRecorded, isShowed, layout, isValid, module)
VALUES ('3aab9627-9613-452e-9592-9d46506e1b84', '7d3a8498-5699-4012-a7a0-7b5a58120daa', '6c28100a-2f39-4961-b384-d5fc16592e86', 18, 'N', 'Y', NULL, NULL, 'Y', 'F', 'Y', NULL);
INSERT INTO sys_pagefield_rlt(id, pageId, fieldId, orderNum, isRequired, isReaded, isReseted, isRecorded, isShowed, layout, isValid, module)
VALUES ('91608a52-0e36-446f-b02f-41b6330014a0', '88db8af4-1774-4090-94a2-343002355017', '9dab3a1f-3309-4fd7-be6c-b90fb832d320', 1, 'N', 'Y', NULL, NULL, 'Y', 'F', 'Y', NULL);
INSERT INTO sys_pagefield_rlt(id, pageId, fieldId, orderNum, isRequired, isReaded, isReseted, isRecorded, isShowed, layout, isValid, module)
VALUES ('edaa3a8b-64b5-4037-a084-48227be04a74', '88db8af4-1774-4090-94a2-343002355017', '40a9e371-c4d0-4552-bd8d-c167c266989a', 2, 'N', 'Y', NULL, NULL, 'Y', 'T', 'Y', NULL);
INSERT INTO sys_pagefield_rlt(id, pageId, fieldId, orderNum, isRequired, isReaded, isReseted, isRecorded, isShowed, layout, isValid, module)
VALUES ('4cc8534a-b244-49be-82af-83d85c4a0862', '88db8af4-1774-4090-94a2-343002355017', '198811cd-8912-4e24-be4e-d255aa1909e7', 3, 'N', 'Y', NULL, NULL, 'Y', 'T', 'Y', NULL);
INSERT INTO sys_pagefield_rlt(id, pageId, fieldId, orderNum, isRequired, isReaded, isReseted, isRecorded, isShowed, layout, isValid, module)
VALUES ('74b1454b-be01-48eb-a323-8288d3921978', '88db8af4-1774-4090-94a2-343002355017', '2e714a13-9b4c-42bf-b3a7-b3b1a250ff60', 4, 'N', 'Y', NULL, NULL, 'Y', 'T', 'Y', NULL);
INSERT INTO sys_pagefield_rlt(id, pageId, fieldId, orderNum, isRequired, isReaded, isReseted, isRecorded, isShowed, layout, isValid, module)
VALUES ('bbecb761-500e-4f1a-b45a-e7684e37780b', '88db8af4-1774-4090-94a2-343002355017', '1300ff3b-3c2d-407c-a73c-c7d5be94037c', 5, 'N', 'Y', NULL, NULL, 'Y', 'T', 'Y', NULL);
INSERT INTO sys_pagefield_rlt(id, pageId, fieldId, orderNum, isRequired, isReaded, isReseted, isRecorded, isShowed, layout, isValid, module)
VALUES ('44da3c3d-e1f5-457c-830f-2d698f9c7c32', '88db8af4-1774-4090-94a2-343002355017', 'feecd2bd-c6fa-4407-8f28-a040cc50470f', 6, 'N', 'Y', NULL, NULL, 'Y', 'T', 'Y', NULL);
INSERT INTO sys_pagefield_rlt(id, pageId, fieldId, orderNum, isRequired, isReaded, isReseted, isRecorded, isShowed, layout, isValid, module)
VALUES ('f1d6ad22-9df3-473c-a7f1-033b41bceeaf', '88db8af4-1774-4090-94a2-343002355017', '6ab1be80-2a35-45d3-b6da-c9a453d0076c', 7, 'N', 'Y', NULL, NULL, 'Y', 'T', 'Y', NULL);
INSERT INTO sys_pagefield_rlt(id, pageId, fieldId, orderNum, isRequired, isReaded, isReseted, isRecorded, isShowed, layout, isValid, module)
VALUES ('33318709-6441-4140-a33c-b028efb84164', '88db8af4-1774-4090-94a2-343002355017', 'd7fda513-ff4b-4fac-8df5-b5825b8d00be', 8, 'Y', 'N', NULL, NULL, 'Y', 'T', 'Y', NULL);
INSERT INTO sys_pagefield_rlt(id, pageId, fieldId, orderNum, isRequired, isReaded, isReseted, isRecorded, isShowed, layout, isValid, module)
VALUES ('d41a8055-a352-4288-a1dc-33c52dabbf81', '88db8af4-1774-4090-94a2-343002355017', '4aeff5b9-907f-4556-9ce6-acb8a0641a2e', 9, 'N', 'N', NULL, NULL, 'Y', 'T', 'Y', NULL);
INSERT INTO sys_pagefield_rlt(id, pageId, fieldId, orderNum, isRequired, isReaded, isReseted, isRecorded, isShowed, layout, isValid, module)
VALUES ('8c1059df-16eb-4abc-8daa-3f00a4794ccd', '88db8af4-1774-4090-94a2-343002355017', '98e3f5fc-5bd3-4cc4-83b9-e7d2084e9668', 10, 'N', 'Y', NULL, NULL, 'Y', 'T', 'Y', NULL);
INSERT INTO sys_pagefield_rlt(id, pageId, fieldId, orderNum, isRequired, isReaded, isReseted, isRecorded, isShowed, layout, isValid, module)
VALUES ('7a5e4a4e-6e70-4c3f-b94e-740a621e2f82', '88db8af4-1774-4090-94a2-343002355017', '9fdc7500-4153-4c2a-994e-e9271fab9da2', 11, 'N', 'Y', NULL, NULL, 'Y', 'T', 'Y', NULL);
INSERT INTO sys_pagefield_rlt(id, pageId, fieldId, orderNum, isRequired, isReaded, isReseted, isRecorded, isShowed, layout, isValid, module)
VALUES ('c047df4c-fc42-4be1-8308-614f25da595a', '88db8af4-1774-4090-94a2-343002355017', '6eb569eb-ab97-4491-9156-dbf5da09cbd3', 12, 'N', 'Y', NULL, NULL, 'Y', 'F', 'Y', NULL);
INSERT INTO sys_pagefield_rlt(id, pageId, fieldId, orderNum, isRequired, isReaded, isReseted, isRecorded, isShowed, layout, isValid, module)
VALUES ('16bf542d-cdd5-41c5-b2f6-aa10bc8035ec', '88db8af4-1774-4090-94a2-343002355017', 'e5cc7a35-1159-489c-862f-eec73abe3b23', 13, 'N', 'Y', NULL, NULL, 'Y', 'F', 'Y', NULL);
INSERT INTO sys_pagefield_rlt(id, pageId, fieldId, orderNum, isRequired, isReaded, isReseted, isRecorded, isShowed, layout, isValid, module)
VALUES ('156e88db-57f1-490b-9e0a-ed28c96a433e', '88db8af4-1774-4090-94a2-343002355017', '9aba6681-9690-4f83-8f68-e9aa755e5391', 14, 'N', 'Y', NULL, NULL, 'Y', 'F', 'Y', NULL);
INSERT INTO sys_pagefield_rlt(id, pageId, fieldId, orderNum, isRequired, isReaded, isReseted, isRecorded, isShowed, layout, isValid, module)
VALUES ('7b3d413b-6989-4b49-b874-3851c9a6bb3f', '88db8af4-1774-4090-94a2-343002355017', 'c972ff58-4bf4-4ec7-8bcc-e595fb3414af', 15, 'N', 'N', NULL, NULL, 'Y', 'F', 'Y', NULL);
INSERT INTO sys_pagefield_rlt(id, pageId, fieldId, orderNum, isRequired, isReaded, isReseted, isRecorded, isShowed, layout, isValid, module)
VALUES ('e773a57b-f68c-4766-9571-f1231360ed6e', '88db8af4-1774-4090-94a2-343002355017', '2ac9e84b-948d-411d-ab30-536243639a14', 16, 'Y', 'N', NULL, NULL, 'Y', 'F', 'Y', NULL);
INSERT INTO sys_pagefield_rlt(id, pageId, fieldId, orderNum, isRequired, isReaded, isReseted, isRecorded, isShowed, layout, isValid, module)
VALUES ('b789e248-5a97-4956-98ca-7115c2d3fa2a', '88db8af4-1774-4090-94a2-343002355017', '1b993270-9572-43ab-838b-21b02881f762', 17, 'N', 'Y', NULL, NULL, 'Y', 'T', 'Y', NULL);
INSERT INTO sys_pagefield_rlt(id, pageId, fieldId, orderNum, isRequired, isReaded, isReseted, isRecorded, isShowed, layout, isValid, module)
VALUES ('313ff353-786f-4084-8a0f-49504a28cbdf', '88db8af4-1774-4090-94a2-343002355017', 'd09ee728-4110-4a60-b84a-5098e965424b', 18, 'N', 'Y', NULL, NULL, 'Y', 'T', 'Y', NULL);
INSERT INTO sys_pagefield_rlt(id, pageId, fieldId, orderNum, isRequired, isReaded, isReseted, isRecorded, isShowed, layout, isValid, module)
VALUES ('fa74648c-37d7-4797-8207-33ad7bff2e37', '9cb48cb4-305a-4402-b655-6490eeeb1db3', '9dab3a1f-3309-4fd7-be6c-b90fb832d320', 1, 'N', 'Y', NULL, NULL, 'Y', 'F', 'Y', NULL);
INSERT INTO sys_pagefield_rlt(id, pageId, fieldId, orderNum, isRequired, isReaded, isReseted, isRecorded, isShowed, layout, isValid, module)
VALUES ('251c48ad-56cf-45b1-9939-d2275e96d4a3', '9cb48cb4-305a-4402-b655-6490eeeb1db3', '40a9e371-c4d0-4552-bd8d-c167c266989a', 2, 'N', 'Y', NULL, NULL, 'Y', 'T', 'Y', NULL);
INSERT INTO sys_pagefield_rlt(id, pageId, fieldId, orderNum, isRequired, isReaded, isReseted, isRecorded, isShowed, layout, isValid, module)
VALUES ('817ce771-774f-45b4-9074-62f4c86f9283', '9cb48cb4-305a-4402-b655-6490eeeb1db3', '198811cd-8912-4e24-be4e-d255aa1909e7', 3, 'Y', 'Y', NULL, NULL, 'Y', 'T', 'Y', NULL);
INSERT INTO sys_pagefield_rlt(id, pageId, fieldId, orderNum, isRequired, isReaded, isReseted, isRecorded, isShowed, layout, isValid, module)
VALUES ('ef076123-6b77-4fdf-906f-9b0f7c1f6bdf', '9cb48cb4-305a-4402-b655-6490eeeb1db3', '2e714a13-9b4c-42bf-b3a7-b3b1a250ff60', 4, 'Y', 'Y', NULL, NULL, 'Y', 'T', 'Y', NULL);
INSERT INTO sys_pagefield_rlt(id, pageId, fieldId, orderNum, isRequired, isReaded, isReseted, isRecorded, isShowed, layout, isValid, module)
VALUES ('4eeaf00a-88cd-4203-8f9d-66dca15b2f5d', '9cb48cb4-305a-4402-b655-6490eeeb1db3', '1300ff3b-3c2d-407c-a73c-c7d5be94037c', 5, 'Y', 'Y', NULL, NULL, 'Y', 'T', 'Y', NULL);
INSERT INTO sys_pagefield_rlt(id, pageId, fieldId, orderNum, isRequired, isReaded, isReseted, isRecorded, isShowed, layout, isValid, module)
VALUES ('28510a4d-2c62-4205-a098-c4c0d007386f', '9cb48cb4-305a-4402-b655-6490eeeb1db3', 'feecd2bd-c6fa-4407-8f28-a040cc50470f', 6, 'N', 'Y', NULL, NULL, 'Y', 'T', 'Y', NULL);
INSERT INTO sys_pagefield_rlt(id, pageId, fieldId, orderNum, isRequired, isReaded, isReseted, isRecorded, isShowed, layout, isValid, module)
VALUES ('9c67faea-f554-43d2-9079-0741bf6e1b04', '9cb48cb4-305a-4402-b655-6490eeeb1db3', '6ab1be80-2a35-45d3-b6da-c9a453d0076c', 7, 'N', 'Y', NULL, NULL, 'Y', 'T', 'Y', NULL);
INSERT INTO sys_pagefield_rlt(id, pageId, fieldId, orderNum, isRequired, isReaded, isReseted, isRecorded, isShowed, layout, isValid, module)
VALUES ('3cd57166-77f7-43c5-bb4f-bb09e0ea40a5', '9cb48cb4-305a-4402-b655-6490eeeb1db3', 'd7fda513-ff4b-4fac-8df5-b5825b8d00be', 8, 'Y', 'Y', NULL, NULL, 'Y', 'T', 'Y', NULL);
INSERT INTO sys_pagefield_rlt(id, pageId, fieldId, orderNum, isRequired, isReaded, isReseted, isRecorded, isShowed, layout, isValid, module)
VALUES ('5ec8820e-5e4b-4e03-9570-60acb226b28a', '9cb48cb4-305a-4402-b655-6490eeeb1db3', '4aeff5b9-907f-4556-9ce6-acb8a0641a2e', 9, 'N', 'Y', NULL, NULL, 'Y', 'T', 'Y', NULL);
INSERT INTO sys_pagefield_rlt(id, pageId, fieldId, orderNum, isRequired, isReaded, isReseted, isRecorded, isShowed, layout, isValid, module)
VALUES ('ed5a07b4-f545-439e-803e-1e0ea7ccaf7f', '9cb48cb4-305a-4402-b655-6490eeeb1db3', '98e3f5fc-5bd3-4cc4-83b9-e7d2084e9668', 10, 'N', 'Y', NULL, NULL, 'Y', 'T', 'Y', NULL);
INSERT INTO sys_pagefield_rlt(id, pageId, fieldId, orderNum, isRequired, isReaded, isReseted, isRecorded, isShowed, layout, isValid, module)
VALUES ('48765def-343d-4fe5-8eec-8e87b0a8de5e', '9cb48cb4-305a-4402-b655-6490eeeb1db3', '9fdc7500-4153-4c2a-994e-e9271fab9da2', 11, 'N', 'Y', NULL, NULL, 'Y', 'T', 'Y', NULL);
INSERT INTO sys_pagefield_rlt(id, pageId, fieldId, orderNum, isRequired, isReaded, isReseted, isRecorded, isShowed, layout, isValid, module)
VALUES ('b92e58a9-1b45-4aec-a02d-a6ff4cfb0171', '9cb48cb4-305a-4402-b655-6490eeeb1db3', '6eb569eb-ab97-4491-9156-dbf5da09cbd3', 12, 'N', 'Y', NULL, NULL, 'Y', 'F', 'Y', NULL);
INSERT INTO sys_pagefield_rlt(id, pageId, fieldId, orderNum, isRequired, isReaded, isReseted, isRecorded, isShowed, layout, isValid, module)
VALUES ('ddccaf8b-a9fe-45ae-8e63-1d8d61a61bc5', '9cb48cb4-305a-4402-b655-6490eeeb1db3', '9aba6681-9690-4f83-8f68-e9aa755e5391', 13, 'N', 'Y', NULL, NULL, 'Y', 'F', 'Y', NULL);
INSERT INTO sys_pagefield_rlt(id, pageId, fieldId, orderNum, isRequired, isReaded, isReseted, isRecorded, isShowed, layout, isValid, module)
VALUES ('64d8a9fa-17ca-4a12-9cef-2368acd3772b', '9cb48cb4-305a-4402-b655-6490eeeb1db3', 'e5cc7a35-1159-489c-862f-eec73abe3b23', 14, 'N', 'Y', NULL, NULL, 'Y', 'F', 'Y', NULL);
INSERT INTO sys_pagefield_rlt(id, pageId, fieldId, orderNum, isRequired, isReaded, isReseted, isRecorded, isShowed, layout, isValid, module)
VALUES ('25bb9f1f-a2a4-4170-b7d9-68351f0ddb73', '9cb48cb4-305a-4402-b655-6490eeeb1db3', '1b993270-9572-43ab-838b-21b02881f762', 15, 'N', 'Y', NULL, NULL, 'Y', 'T', 'Y', NULL);
INSERT INTO sys_pagefield_rlt(id, pageId, fieldId, orderNum, isRequired, isReaded, isReseted, isRecorded, isShowed, layout, isValid, module)
VALUES ('2cb86373-31fb-4d09-92bd-7ea9e325ec4e', '9cb48cb4-305a-4402-b655-6490eeeb1db3', 'd09ee728-4110-4a60-b84a-5098e965424b', 16, 'N', 'Y', NULL, NULL, 'Y', 'T', 'Y', NULL);
INSERT INTO sys_pagefield_rlt(id, pageId, fieldId, orderNum, isRequired, isReaded, isReseted, isRecorded, isShowed, layout, isValid, module)
VALUES ('05b80113-3ce8-4a05-be46-d76c9069c913', 'b05fda4b-2a51-4d30-9d5f-303918aa7486', '9dab3a1f-3309-4fd7-be6c-b90fb832d320', 1, 'Y', 'N', NULL, NULL, 'Y', 'F', 'Y', NULL);
INSERT INTO sys_pagefield_rlt(id, pageId, fieldId, orderNum, isRequired, isReaded, isReseted, isRecorded, isShowed, layout, isValid, module)
VALUES ('590c290d-0696-4b4c-bc4d-c3ec4efc1ebd', 'b05fda4b-2a51-4d30-9d5f-303918aa7486', '40a9e371-c4d0-4552-bd8d-c167c266989a', 2, 'Y', 'N', NULL, NULL, 'Y', 'T', 'Y', NULL);
INSERT INTO sys_pagefield_rlt(id, pageId, fieldId, orderNum, isRequired, isReaded, isReseted, isRecorded, isShowed, layout, isValid, module)
VALUES ('2c12fe69-a12f-4de5-91ec-547199d9e759', 'b05fda4b-2a51-4d30-9d5f-303918aa7486', '198811cd-8912-4e24-be4e-d255aa1909e7', 3, 'Y', 'N', NULL, NULL, 'Y', 'T', 'Y', NULL);
INSERT INTO sys_pagefield_rlt(id, pageId, fieldId, orderNum, isRequired, isReaded, isReseted, isRecorded, isShowed, layout, isValid, module)
VALUES ('5bc09bf7-2756-41e2-80a7-0d2186d20d9e', 'b05fda4b-2a51-4d30-9d5f-303918aa7486', '2e714a13-9b4c-42bf-b3a7-b3b1a250ff60', 4, 'Y', 'N', NULL, NULL, 'Y', 'T', 'Y', NULL);
INSERT INTO sys_pagefield_rlt(id, pageId, fieldId, orderNum, isRequired, isReaded, isReseted, isRecorded, isShowed, layout, isValid, module)
VALUES ('524c459d-5185-42e8-b27a-c4d4d0461d07', 'b05fda4b-2a51-4d30-9d5f-303918aa7486', '1300ff3b-3c2d-407c-a73c-c7d5be94037c', 5, 'Y', 'N', NULL, NULL, 'Y', 'T', 'Y', NULL);
INSERT INTO sys_pagefield_rlt(id, pageId, fieldId, orderNum, isRequired, isReaded, isReseted, isRecorded, isShowed, layout, isValid, module)
VALUES ('e37531f0-bc77-42a9-a99c-762fe9100bdf', 'b05fda4b-2a51-4d30-9d5f-303918aa7486', 'feecd2bd-c6fa-4407-8f28-a040cc50470f', 6, 'N', 'N', NULL, NULL, 'Y', 'T', 'Y', NULL);
INSERT INTO sys_pagefield_rlt(id, pageId, fieldId, orderNum, isRequired, isReaded, isReseted, isRecorded, isShowed, layout, isValid, module)
VALUES ('8f0b4e44-7020-4e52-bdfc-29b8f9b2fb98', 'b05fda4b-2a51-4d30-9d5f-303918aa7486', '6ab1be80-2a35-45d3-b6da-c9a453d0076c', 7, 'N', 'N', NULL, NULL, 'Y', 'T', 'Y', NULL);
INSERT INTO sys_pagefield_rlt(id, pageId, fieldId, orderNum, isRequired, isReaded, isReseted, isRecorded, isShowed, layout, isValid, module)
VALUES ('d3f9e3dc-d0b1-43cc-9086-910897227d20', 'b05fda4b-2a51-4d30-9d5f-303918aa7486', 'd7fda513-ff4b-4fac-8df5-b5825b8d00be', 8, 'Y', 'N', NULL, NULL, 'Y', 'T', 'Y', NULL);
INSERT INTO sys_pagefield_rlt(id, pageId, fieldId, orderNum, isRequired, isReaded, isReseted, isRecorded, isShowed, layout, isValid, module)
VALUES ('e31b115c-ff82-4efe-8a71-d5332e2aff5d', 'b05fda4b-2a51-4d30-9d5f-303918aa7486', '98e3f5fc-5bd3-4cc4-83b9-e7d2084e9668', 9, 'N', 'N', NULL, NULL, 'Y', 'T', 'Y', NULL);
INSERT INTO sys_pagefield_rlt(id, pageId, fieldId, orderNum, isRequired, isReaded, isReseted, isRecorded, isShowed, layout, isValid, module)
VALUES ('5f4db5d1-32b8-4f1c-98bf-b2c185231c3a', 'b05fda4b-2a51-4d30-9d5f-303918aa7486', '9fdc7500-4153-4c2a-994e-e9271fab9da2', 10, 'N', 'N', NULL, NULL, 'Y', 'T', 'Y', NULL);
INSERT INTO sys_pagefield_rlt(id, pageId, fieldId, orderNum, isRequired, isReaded, isReseted, isRecorded, isShowed, layout, isValid, module)
VALUES ('810f0f26-4ab1-4a82-a458-85a10c8cf6f0', 'b05fda4b-2a51-4d30-9d5f-303918aa7486', 'e2b67803-c1e0-49bb-8b75-49daf81115a6', 11, 'N', 'N', NULL, NULL, 'Y', 'T', 'Y', NULL);
INSERT INTO sys_pagefield_rlt(id, pageId, fieldId, orderNum, isRequired, isReaded, isReseted, isRecorded, isShowed, layout, isValid, module)
VALUES ('3bf3deb8-713d-40ab-bc51-82253e572bac', 'b05fda4b-2a51-4d30-9d5f-303918aa7486', '6eb569eb-ab97-4491-9156-dbf5da09cbd3', 12, 'N', 'N', NULL, NULL, 'Y', 'F', 'Y', NULL);
INSERT INTO sys_pagefield_rlt(id, pageId, fieldId, orderNum, isRequired, isReaded, isReseted, isRecorded, isShowed, layout, isValid, module)
VALUES ('33506eeb-d6da-4820-8a89-146c95dd469c', 'b05fda4b-2a51-4d30-9d5f-303918aa7486', '9aba6681-9690-4f83-8f68-e9aa755e5391', 13, 'N', 'N', NULL, NULL, 'Y', 'F', 'Y', NULL);
INSERT INTO sys_pagefield_rlt(id, pageId, fieldId, orderNum, isRequired, isReaded, isReseted, isRecorded, isShowed, layout, isValid, module)
VALUES ('41b30cb4-d196-4815-8273-46a3ac0f58d9', 'b05fda4b-2a51-4d30-9d5f-303918aa7486', '776ef4ff-7c42-4b37-99db-950031113f9b', 14, 'N', 'N', NULL, NULL, 'Y', 'T', 'Y', NULL);
INSERT INTO sys_pagefield_rlt(id, pageId, fieldId, orderNum, isRequired, isReaded, isReseted, isRecorded, isShowed, layout, isValid, module)
VALUES ('862586df-b22e-402b-89c2-72e453ba9562', 'bb587d04-5ff5-449a-8f3a-4c200163644b', '4080a3a0-17f9-449d-aa76-452d8f191db3', 1, 'Y', 'N', NULL, NULL, 'Y', 'F', 'Y', NULL);
INSERT INTO sys_pagefield_rlt(id, pageId, fieldId, orderNum, isRequired, isReaded, isReseted, isRecorded, isShowed, layout, isValid, module)
VALUES ('43a083b1-6cbd-4ce1-8fac-c8e23153b469', 'bb587d04-5ff5-449a-8f3a-4c200163644b', 'd27f8c44-0591-4545-9096-4e4af032fa81', 2, 'Y', 'N', NULL, NULL, 'Y', 'T', 'Y', NULL);
INSERT INTO sys_pagefield_rlt(id, pageId, fieldId, orderNum, isRequired, isReaded, isReseted, isRecorded, isShowed, layout, isValid, module)
VALUES ('c5c6eab2-e2a8-4c22-b241-5be2b948a2ff', 'bb587d04-5ff5-449a-8f3a-4c200163644b', '07698511-fa9f-47e2-9f4c-5fbb1da72c44', 3, 'Y', 'N', NULL, NULL, 'Y', 'T', 'Y', NULL);
INSERT INTO sys_pagefield_rlt(id, pageId, fieldId, orderNum, isRequired, isReaded, isReseted, isRecorded, isShowed, layout, isValid, module)
VALUES ('6a8bbeaa-9edd-4e72-8484-0dd949d6cf89', 'bb587d04-5ff5-449a-8f3a-4c200163644b', '0f8e981e-b38f-4efb-b444-08f9598f4024', 4, 'Y', 'N', NULL, NULL, 'Y', 'T', 'Y', NULL);
INSERT INTO sys_pagefield_rlt(id, pageId, fieldId, orderNum, isRequired, isReaded, isReseted, isRecorded, isShowed, layout, isValid, module)
VALUES ('53ace55c-0f96-4599-a2be-998d45d6230e', 'bb587d04-5ff5-449a-8f3a-4c200163644b', '8b57e2a0-174d-40ef-b343-2c95abaac0ac', 5, 'Y', 'N', NULL, NULL, 'Y', 'T', 'Y', NULL);
INSERT INTO sys_pagefield_rlt(id, pageId, fieldId, orderNum, isRequired, isReaded, isReseted, isRecorded, isShowed, layout, isValid, module)
VALUES ('c2d6983c-b29d-4087-941c-2831667058ad', 'bb587d04-5ff5-449a-8f3a-4c200163644b', '59a09742-5375-4018-afff-37997f88356a', 6, 'Y', 'N', NULL, NULL, 'Y', 'T', 'Y', NULL);
INSERT INTO sys_pagefield_rlt(id, pageId, fieldId, orderNum, isRequired, isReaded, isReseted, isRecorded, isShowed, layout, isValid, module)
VALUES ('7101a03d-0d8d-4124-88b8-795b6b2c211c', 'bb587d04-5ff5-449a-8f3a-4c200163644b', '2773722d-448d-44a2-8349-a98de665bcf6', 7, 'N', 'Y', NULL, NULL, 'Y', 'T', 'Y', NULL);
INSERT INTO sys_pagefield_rlt(id, pageId, fieldId, orderNum, isRequired, isReaded, isReseted, isRecorded, isShowed, layout, isValid, module)
VALUES ('07712871-601e-448f-a316-b48297322116', 'bb587d04-5ff5-449a-8f3a-4c200163644b', '150c2aab-bc33-487c-9076-2bb7f0ea33dd', 8, 'Y', 'N', NULL, NULL, 'Y', 'T', 'Y', NULL);
INSERT INTO sys_pagefield_rlt(id, pageId, fieldId, orderNum, isRequired, isReaded, isReseted, isRecorded, isShowed, layout, isValid, module)
VALUES ('7222f726-43a1-4e75-8da7-232d8d457f60', 'bb587d04-5ff5-449a-8f3a-4c200163644b', '68c201f5-4807-4e86-bbd1-3474721a9baf', 9, 'N', 'N', NULL, NULL, 'Y', 'T', 'Y', NULL);
INSERT INTO sys_pagefield_rlt(id, pageId, fieldId, orderNum, isRequired, isReaded, isReseted, isRecorded, isShowed, layout, isValid, module)
VALUES ('847f66ae-ce4f-4543-93f7-adfc7c940762', 'bb587d04-5ff5-449a-8f3a-4c200163644b', '998a50d1-14c5-4c63-bf76-bfb474b032e0', 10, 'N', 'N', NULL, NULL, 'Y', 'T', 'Y', NULL);
INSERT INTO sys_pagefield_rlt(id, pageId, fieldId, orderNum, isRequired, isReaded, isReseted, isRecorded, isShowed, layout, isValid, module)
VALUES ('e135988b-755f-4997-9970-95c97547e82e', 'bb587d04-5ff5-449a-8f3a-4c200163644b', 'e0d9ba43-a7cc-4c95-b19d-0f99c67e2e98', 11, 'N', 'N', NULL, NULL, 'Y', 'F', 'Y', NULL);
INSERT INTO sys_pagefield_rlt(id, pageId, fieldId, orderNum, isRequired, isReaded, isReseted, isRecorded, isShowed, layout, isValid, module)
VALUES ('694d80af-843e-4866-8f55-223dbfb70195', 'bb587d04-5ff5-449a-8f3a-4c200163644b', '25e70d10-e1d6-452b-817b-2f6a9bbeef6e', 12, 'N', 'N', NULL, NULL, 'Y', 'F', 'Y', NULL);
INSERT INTO sys_pagefield_rlt(id, pageId, fieldId, orderNum, isRequired, isReaded, isReseted, isRecorded, isShowed, layout, isValid, module)
VALUES ('d08c30db-b27b-45a0-9712-966b0aa5330e', 'bf02aa0d-2569-43b4-aca9-6c90b91e1d1a', '9dab3a1f-3309-4fd7-be6c-b90fb832d320', 1, 'N', 'Y', NULL, NULL, 'Y', 'F', 'Y', NULL);
INSERT INTO sys_pagefield_rlt(id, pageId, fieldId, orderNum, isRequired, isReaded, isReseted, isRecorded, isShowed, layout, isValid, module)
VALUES ('341d538d-6af3-4752-8ac6-c65032d401b5', 'bf02aa0d-2569-43b4-aca9-6c90b91e1d1a', '40a9e371-c4d0-4552-bd8d-c167c266989a', 2, 'N', 'Y', NULL, NULL, 'Y', 'T', 'Y', NULL);
INSERT INTO sys_pagefield_rlt(id, pageId, fieldId, orderNum, isRequired, isReaded, isReseted, isRecorded, isShowed, layout, isValid, module)
VALUES ('7c4f5948-1740-4227-a489-1e55dd2b0de5', 'bf02aa0d-2569-43b4-aca9-6c90b91e1d1a', '198811cd-8912-4e24-be4e-d255aa1909e7', 3, 'N', 'Y', NULL, NULL, 'Y', 'T', 'Y', NULL);
INSERT INTO sys_pagefield_rlt(id, pageId, fieldId, orderNum, isRequired, isReaded, isReseted, isRecorded, isShowed, layout, isValid, module)
VALUES ('713f28ac-3bc3-45f6-adc9-2dbdcf975174', 'bf02aa0d-2569-43b4-aca9-6c90b91e1d1a', '2e714a13-9b4c-42bf-b3a7-b3b1a250ff60', 4, 'N', 'Y', NULL, NULL, 'Y', 'T', 'Y', NULL);
INSERT INTO sys_pagefield_rlt(id, pageId, fieldId, orderNum, isRequired, isReaded, isReseted, isRecorded, isShowed, layout, isValid, module)
VALUES ('de01b3e5-1636-4fbe-84f8-51be1ba20e09', 'bf02aa0d-2569-43b4-aca9-6c90b91e1d1a', '1300ff3b-3c2d-407c-a73c-c7d5be94037c', 5, 'N', 'Y', NULL, NULL, 'Y', 'T', 'Y', NULL);
INSERT INTO sys_pagefield_rlt(id, pageId, fieldId, orderNum, isRequired, isReaded, isReseted, isRecorded, isShowed, layout, isValid, module)
VALUES ('915ed857-8faa-4b49-81c6-a3289bafdf8b', 'bf02aa0d-2569-43b4-aca9-6c90b91e1d1a', 'feecd2bd-c6fa-4407-8f28-a040cc50470f', 6, 'N', 'Y', NULL, NULL, 'Y', 'T', 'Y', NULL);
INSERT INTO sys_pagefield_rlt(id, pageId, fieldId, orderNum, isRequired, isReaded, isReseted, isRecorded, isShowed, layout, isValid, module)
VALUES ('c6f4f01f-67cd-43b3-914e-13c5931289a5', 'bf02aa0d-2569-43b4-aca9-6c90b91e1d1a', '6ab1be80-2a35-45d3-b6da-c9a453d0076c', 7, 'N', 'Y', NULL, NULL, 'Y', 'T', 'Y', NULL);
INSERT INTO sys_pagefield_rlt(id, pageId, fieldId, orderNum, isRequired, isReaded, isReseted, isRecorded, isShowed, layout, isValid, module)
VALUES ('2b5ae0d9-955b-42be-9e77-49455c681924', 'bf02aa0d-2569-43b4-aca9-6c90b91e1d1a', '98e3f5fc-5bd3-4cc4-83b9-e7d2084e9668', 8, 'N', 'Y', NULL, NULL, 'Y', 'T', 'Y', NULL);
INSERT INTO sys_pagefield_rlt(id, pageId, fieldId, orderNum, isRequired, isReaded, isReseted, isRecorded, isShowed, layout, isValid, module)
VALUES ('eb483728-da56-4a57-8233-0e6863fe1c5d', 'bf02aa0d-2569-43b4-aca9-6c90b91e1d1a', '9fdc7500-4153-4c2a-994e-e9271fab9da2', 9, 'N', 'Y', NULL, NULL, 'Y', 'T', 'Y', NULL);
INSERT INTO sys_pagefield_rlt(id, pageId, fieldId, orderNum, isRequired, isReaded, isReseted, isRecorded, isShowed, layout, isValid, module)
VALUES ('db702fdb-98f0-455f-8c69-c8c169346c17', 'bf02aa0d-2569-43b4-aca9-6c90b91e1d1a', '6eb569eb-ab97-4491-9156-dbf5da09cbd3', 10, 'N', 'Y', NULL, NULL, 'Y', 'F', 'Y', NULL);
INSERT INTO sys_pagefield_rlt(id, pageId, fieldId, orderNum, isRequired, isReaded, isReseted, isRecorded, isShowed, layout, isValid, module)
VALUES ('e7cc7022-93f8-4148-918a-e8db814945c1', 'bf02aa0d-2569-43b4-aca9-6c90b91e1d1a', 'e5cc7a35-1159-489c-862f-eec73abe3b23', 11, 'N', 'Y', NULL, NULL, 'Y', 'F', 'Y', NULL);
INSERT INTO sys_pagefield_rlt(id, pageId, fieldId, orderNum, isRequired, isReaded, isReseted, isRecorded, isShowed, layout, isValid, module)
VALUES ('dea34533-ff93-4e3f-9fd6-7a82c6187fbe', 'bf02aa0d-2569-43b4-aca9-6c90b91e1d1a', '9aba6681-9690-4f83-8f68-e9aa755e5391', 12, 'N', 'Y', NULL, NULL, 'Y', 'F', 'Y', NULL);
INSERT INTO sys_pagefield_rlt(id, pageId, fieldId, orderNum, isRequired, isReaded, isReseted, isRecorded, isShowed, layout, isValid, module)
VALUES ('61fe4d91-d15c-437b-994d-8512691b5434', 'bf02aa0d-2569-43b4-aca9-6c90b91e1d1a', 'c972ff58-4bf4-4ec7-8bcc-e595fb3414af', 13, 'N', 'Y', NULL, NULL, 'Y', 'F', 'Y', NULL);
INSERT INTO sys_pagefield_rlt(id, pageId, fieldId, orderNum, isRequired, isReaded, isReseted, isRecorded, isShowed, layout, isValid, module)
VALUES ('dc0ce228-d9d1-4ff6-9a89-3a85e391dcdd', 'bf02aa0d-2569-43b4-aca9-6c90b91e1d1a', '1b993270-9572-43ab-838b-21b02881f762', 14, 'N', 'Y', NULL, NULL, 'Y', 'T', 'Y', NULL);
INSERT INTO sys_pagefield_rlt(id, pageId, fieldId, orderNum, isRequired, isReaded, isReseted, isRecorded, isShowed, layout, isValid, module)
VALUES ('7c01649f-eb33-4cb5-801d-de08df2a9af6', 'bf02aa0d-2569-43b4-aca9-6c90b91e1d1a', 'd09ee728-4110-4a60-b84a-5098e965424b', 15, 'N', 'Y', NULL, NULL, 'Y', 'T', 'Y', NULL);
INSERT INTO sys_pagefield_rlt(id, pageId, fieldId, orderNum, isRequired, isReaded, isReseted, isRecorded, isShowed, layout, isValid, module)
VALUES ('240a43fe-f153-47ac-bc35-1b88d4543acd', 'bf02aa0d-2569-43b4-aca9-6c90b91e1d1a', 'd7fda513-ff4b-4fac-8df5-b5825b8d00be', 16, 'N', 'Y', NULL, NULL, 'Y', 'T', 'Y', NULL);
INSERT INTO sys_pagefield_rlt(id, pageId, fieldId, orderNum, isRequired, isReaded, isReseted, isRecorded, isShowed, layout, isValid, module)
VALUES ('46ef3934-96eb-41fc-8d34-029159d28f9c', 'bf02aa0d-2569-43b4-aca9-6c90b91e1d1a', '4aeff5b9-907f-4556-9ce6-acb8a0641a2e', 17, 'N', 'Y', NULL, NULL, 'Y', 'T', 'Y', NULL);
INSERT INTO sys_pagefield_rlt(id, pageId, fieldId, orderNum, isRequired, isReaded, isReseted, isRecorded, isShowed, layout, isValid, module)
VALUES ('0eb79dba-c17c-4e29-8b0c-2a08848604c8', 'bf02aa0d-2569-43b4-aca9-6c90b91e1d1a', '6c28100a-2f39-4961-b384-d5fc16592e86', 18, 'N', 'Y', NULL, NULL, 'Y', 'F', 'Y', NULL);
INSERT INTO sys_pagefield_rlt(id, pageId, fieldId, orderNum, isRequired, isReaded, isReseted, isRecorded, isShowed, layout, isValid, module)
VALUES ('cad86e18-97bb-436c-b76d-1e18c7e0e20e', 'bf02aa0d-2569-43b4-aca9-6c90b91e1d1a', '43861f26-54d1-42f1-8dc6-0d2d7dbf1d02', 19, 'Y', 'Y', NULL, NULL, 'Y', 'T', 'Y', NULL);
INSERT INTO sys_pagefield_rlt(id, pageId, fieldId, orderNum, isRequired, isReaded, isReseted, isRecorded, isShowed, layout, isValid, module)
VALUES ('b2b37d43-e1b9-4aab-a8be-df52c6e8de62', 'bf02aa0d-2569-43b4-aca9-6c90b91e1d1a', 'a7f5ba9f-ad45-455b-b8ed-2eae32d85e7f', 20, 'N', 'Y', NULL, NULL, 'Y', 'F', 'Y', NULL);
INSERT INTO sys_pagefield_rlt(id, pageId, fieldId, orderNum, isRequired, isReaded, isReseted, isRecorded, isShowed, layout, isValid, module)
VALUES ('8e84298e-287d-414b-9bd1-8b1b04e37e2d', 'db9587d0-8fd3-4562-b479-46d0c394edd0', '9dab3a1f-3309-4fd7-be6c-b90fb832d320', 1, 'Y', 'Y', NULL, NULL, 'Y', 'F', 'Y', NULL);
INSERT INTO sys_pagefield_rlt(id, pageId, fieldId, orderNum, isRequired, isReaded, isReseted, isRecorded, isShowed, layout, isValid, module)
VALUES ('f6b20323-5ac8-43ce-84a7-5e1f858bf723', 'db9587d0-8fd3-4562-b479-46d0c394edd0', '40a9e371-c4d0-4552-bd8d-c167c266989a', 2, 'Y', 'Y', NULL, NULL, 'Y', 'T', 'Y', NULL);
INSERT INTO sys_pagefield_rlt(id, pageId, fieldId, orderNum, isRequired, isReaded, isReseted, isRecorded, isShowed, layout, isValid, module)
VALUES ('35830869-9ce2-4366-8b59-bc4415237bb1', 'db9587d0-8fd3-4562-b479-46d0c394edd0', '198811cd-8912-4e24-be4e-d255aa1909e7', 3, 'Y', 'Y', NULL, NULL, 'Y', 'T', 'Y', NULL);
INSERT INTO sys_pagefield_rlt(id, pageId, fieldId, orderNum, isRequired, isReaded, isReseted, isRecorded, isShowed, layout, isValid, module)
VALUES ('55576c65-0ed5-49d2-9fbd-8b2dcba2515c', 'db9587d0-8fd3-4562-b479-46d0c394edd0', '2e714a13-9b4c-42bf-b3a7-b3b1a250ff60', 4, 'Y', 'Y', NULL, NULL, 'Y', 'T', 'Y', NULL);
INSERT INTO sys_pagefield_rlt(id, pageId, fieldId, orderNum, isRequired, isReaded, isReseted, isRecorded, isShowed, layout, isValid, module)
VALUES ('3f431585-1bbc-4e2f-85e3-dfe4f45449ac', 'db9587d0-8fd3-4562-b479-46d0c394edd0', '1300ff3b-3c2d-407c-a73c-c7d5be94037c', 5, 'Y', 'Y', NULL, NULL, 'Y', 'T', 'Y', NULL);
INSERT INTO sys_pagefield_rlt(id, pageId, fieldId, orderNum, isRequired, isReaded, isReseted, isRecorded, isShowed, layout, isValid, module)
VALUES ('45554770-5759-4935-83e7-6e64598fc789', 'db9587d0-8fd3-4562-b479-46d0c394edd0', 'feecd2bd-c6fa-4407-8f28-a040cc50470f', 6, 'N', 'Y', NULL, NULL, 'Y', 'T', 'Y', NULL);
INSERT INTO sys_pagefield_rlt(id, pageId, fieldId, orderNum, isRequired, isReaded, isReseted, isRecorded, isShowed, layout, isValid, module)
VALUES ('5ca980b4-f3fb-4a65-b5da-70f0ca8ec8c4', 'db9587d0-8fd3-4562-b479-46d0c394edd0', '6ab1be80-2a35-45d3-b6da-c9a453d0076c', 7, 'N', 'Y', NULL, NULL, 'Y', 'T', 'Y', NULL);
INSERT INTO sys_pagefield_rlt(id, pageId, fieldId, orderNum, isRequired, isReaded, isReseted, isRecorded, isShowed, layout, isValid, module)
VALUES ('7225bfce-b4bc-493c-b1af-d54bd157da0d', 'db9587d0-8fd3-4562-b479-46d0c394edd0', 'd7fda513-ff4b-4fac-8df5-b5825b8d00be', 8, 'Y', 'Y', NULL, NULL, 'Y', 'T', 'Y', NULL);
INSERT INTO sys_pagefield_rlt(id, pageId, fieldId, orderNum, isRequired, isReaded, isReseted, isRecorded, isShowed, layout, isValid, module)
VALUES ('e863af2f-a121-40da-8b2e-1c12ea355e64', 'db9587d0-8fd3-4562-b479-46d0c394edd0', '98e3f5fc-5bd3-4cc4-83b9-e7d2084e9668', 9, 'N', 'Y', NULL, NULL, 'Y', 'T', 'Y', NULL);
INSERT INTO sys_pagefield_rlt(id, pageId, fieldId, orderNum, isRequired, isReaded, isReseted, isRecorded, isShowed, layout, isValid, module)
VALUES ('839274e7-5883-4009-ba2e-1179642fe730', 'db9587d0-8fd3-4562-b479-46d0c394edd0', '9fdc7500-4153-4c2a-994e-e9271fab9da2', 10, 'N', 'Y', NULL, NULL, 'Y', 'T', 'Y', NULL);
INSERT INTO sys_pagefield_rlt(id, pageId, fieldId, orderNum, isRequired, isReaded, isReseted, isRecorded, isShowed, layout, isValid, module)
VALUES ('493553b1-4f16-479b-a8cd-da6233604290', 'db9587d0-8fd3-4562-b479-46d0c394edd0', 'e2b67803-c1e0-49bb-8b75-49daf81115a6', 11, 'N', 'Y', NULL, NULL, 'Y', 'T', 'Y', NULL);
INSERT INTO sys_pagefield_rlt(id, pageId, fieldId, orderNum, isRequired, isReaded, isReseted, isRecorded, isShowed, layout, isValid, module)
VALUES ('a4e723ea-b0ff-4ea3-9adb-9094cb062692', 'db9587d0-8fd3-4562-b479-46d0c394edd0', '6eb569eb-ab97-4491-9156-dbf5da09cbd3', 12, 'N', 'Y', NULL, NULL, 'Y', 'F', 'Y', NULL);
INSERT INTO sys_pagefield_rlt(id, pageId, fieldId, orderNum, isRequired, isReaded, isReseted, isRecorded, isShowed, layout, isValid, module)
VALUES ('e408e298-0127-41e2-bc01-5cd75d15952d', 'db9587d0-8fd3-4562-b479-46d0c394edd0', '9aba6681-9690-4f83-8f68-e9aa755e5391', 13, 'N', 'Y', NULL, NULL, 'Y', 'F', 'Y', NULL);
INSERT INTO sys_pagefield_rlt(id, pageId, fieldId, orderNum, isRequired, isReaded, isReseted, isRecorded, isShowed, layout, isValid, module)
VALUES ('0e25aac6-1902-4ebd-a7c6-b634572fdcd1', 'e0840a35-11c8-474d-ab76-514022fb7f3d', '9dab3a1f-3309-4fd7-be6c-b90fb832d320', 1, 'N', 'Y', NULL, NULL, 'Y', 'F', 'Y', NULL);
INSERT INTO sys_pagefield_rlt(id, pageId, fieldId, orderNum, isRequired, isReaded, isReseted, isRecorded, isShowed, layout, isValid, module)
VALUES ('284a0378-c315-4e2d-b8a9-5937e9adb951', 'e0840a35-11c8-474d-ab76-514022fb7f3d', '40a9e371-c4d0-4552-bd8d-c167c266989a', 2, 'N', 'Y', NULL, NULL, 'Y', 'T', 'Y', NULL);
INSERT INTO sys_pagefield_rlt(id, pageId, fieldId, orderNum, isRequired, isReaded, isReseted, isRecorded, isShowed, layout, isValid, module)
VALUES ('2d8eb458-d6d0-48a3-9819-c72d12642af4', 'e0840a35-11c8-474d-ab76-514022fb7f3d', '198811cd-8912-4e24-be4e-d255aa1909e7', 3, 'N', 'Y', NULL, NULL, 'Y', 'T', 'Y', NULL);
INSERT INTO sys_pagefield_rlt(id, pageId, fieldId, orderNum, isRequired, isReaded, isReseted, isRecorded, isShowed, layout, isValid, module)
VALUES ('972e7a92-20ed-431f-98da-7ece4286a6a9', 'e0840a35-11c8-474d-ab76-514022fb7f3d', '2e714a13-9b4c-42bf-b3a7-b3b1a250ff60', 4, 'N', 'Y', NULL, NULL, 'Y', 'T', 'Y', NULL);
INSERT INTO sys_pagefield_rlt(id, pageId, fieldId, orderNum, isRequired, isReaded, isReseted, isRecorded, isShowed, layout, isValid, module)
VALUES ('664325c6-5bac-4a57-a669-2aa3ae211139', 'e0840a35-11c8-474d-ab76-514022fb7f3d', '1300ff3b-3c2d-407c-a73c-c7d5be94037c', 5, 'N', 'Y', NULL, NULL, 'Y', 'T', 'Y', NULL);
INSERT INTO sys_pagefield_rlt(id, pageId, fieldId, orderNum, isRequired, isReaded, isReseted, isRecorded, isShowed, layout, isValid, module)
VALUES ('914f12d4-f8b8-4f57-8ba1-b58b1f07c339', 'e0840a35-11c8-474d-ab76-514022fb7f3d', 'feecd2bd-c6fa-4407-8f28-a040cc50470f', 6, 'N', 'Y', NULL, NULL, 'Y', 'T', 'Y', NULL);
INSERT INTO sys_pagefield_rlt(id, pageId, fieldId, orderNum, isRequired, isReaded, isReseted, isRecorded, isShowed, layout, isValid, module)
VALUES ('864b6372-137d-4a5b-b695-cef14e5127aa', 'e0840a35-11c8-474d-ab76-514022fb7f3d', '6ab1be80-2a35-45d3-b6da-c9a453d0076c', 7, 'N', 'Y', NULL, NULL, 'Y', 'T', 'Y', NULL);
INSERT INTO sys_pagefield_rlt(id, pageId, fieldId, orderNum, isRequired, isReaded, isReseted, isRecorded, isShowed, layout, isValid, module)
VALUES ('57f3060d-0afc-4ce4-9139-644ae9925943', 'e0840a35-11c8-474d-ab76-514022fb7f3d', 'd7fda513-ff4b-4fac-8df5-b5825b8d00be', 8, 'Y', 'Y', NULL, NULL, 'Y', 'T', 'Y', NULL);
INSERT INTO sys_pagefield_rlt(id, pageId, fieldId, orderNum, isRequired, isReaded, isReseted, isRecorded, isShowed, layout, isValid, module)
VALUES ('d7bfcd5a-8603-4974-b15f-8218e71ec690', 'e0840a35-11c8-474d-ab76-514022fb7f3d', '4aeff5b9-907f-4556-9ce6-acb8a0641a2e', 9, 'N', 'Y', NULL, NULL, 'Y', 'T', 'Y', NULL);
INSERT INTO sys_pagefield_rlt(id, pageId, fieldId, orderNum, isRequired, isReaded, isReseted, isRecorded, isShowed, layout, isValid, module)
VALUES ('4c20678d-ddbf-4363-83cc-71d5080f5f2a', 'e0840a35-11c8-474d-ab76-514022fb7f3d', '98e3f5fc-5bd3-4cc4-83b9-e7d2084e9668', 10, 'N', 'Y', NULL, NULL, 'Y', 'T', 'Y', NULL);
INSERT INTO sys_pagefield_rlt(id, pageId, fieldId, orderNum, isRequired, isReaded, isReseted, isRecorded, isShowed, layout, isValid, module)
VALUES ('5bfc4454-ed02-42c2-a402-b20bcca32f36', 'e0840a35-11c8-474d-ab76-514022fb7f3d', '9fdc7500-4153-4c2a-994e-e9271fab9da2', 11, 'N', 'Y', NULL, NULL, 'Y', 'T', 'Y', NULL);
INSERT INTO sys_pagefield_rlt(id, pageId, fieldId, orderNum, isRequired, isReaded, isReseted, isRecorded, isShowed, layout, isValid, module)
VALUES ('6be10a8c-9a9c-43e2-9826-d2a96ca3a410', 'e0840a35-11c8-474d-ab76-514022fb7f3d', '6eb569eb-ab97-4491-9156-dbf5da09cbd3', 12, 'N', 'Y', NULL, NULL, 'Y', 'F', 'Y', NULL);
INSERT INTO sys_pagefield_rlt(id, pageId, fieldId, orderNum, isRequired, isReaded, isReseted, isRecorded, isShowed, layout, isValid, module)
VALUES ('0f774d75-08fb-45db-9da6-4570420a6aa2', 'e0840a35-11c8-474d-ab76-514022fb7f3d', 'e5cc7a35-1159-489c-862f-eec73abe3b23', 13, 'N', 'Y', NULL, NULL, 'Y', 'F', 'Y', NULL);
INSERT INTO sys_pagefield_rlt(id, pageId, fieldId, orderNum, isRequired, isReaded, isReseted, isRecorded, isShowed, layout, isValid, module)
VALUES ('2f9702b3-c15e-414c-9ad5-0c266693d7f3', 'e0840a35-11c8-474d-ab76-514022fb7f3d', '9aba6681-9690-4f83-8f68-e9aa755e5391', 14, 'N', 'Y', NULL, NULL, 'Y', 'F', 'Y', NULL);
INSERT INTO sys_pagefield_rlt(id, pageId, fieldId, orderNum, isRequired, isReaded, isReseted, isRecorded, isShowed, layout, isValid, module)
VALUES ('f53675ea-17dc-45cc-978e-f6beabef3e8d', 'e0840a35-11c8-474d-ab76-514022fb7f3d', 'c972ff58-4bf4-4ec7-8bcc-e595fb3414af', 15, 'Y', 'Y', NULL, NULL, 'Y', 'F', 'Y', NULL);
INSERT INTO sys_pagefield_rlt(id, pageId, fieldId, orderNum, isRequired, isReaded, isReseted, isRecorded, isShowed, layout, isValid, module)
VALUES ('7d79ed3e-7b9f-41a8-b1b0-23732f02fde1', 'e0840a35-11c8-474d-ab76-514022fb7f3d', '1b993270-9572-43ab-838b-21b02881f762', 16, 'N', 'Y', NULL, NULL, 'Y', 'T', 'Y', NULL);
INSERT INTO sys_pagefield_rlt(id, pageId, fieldId, orderNum, isRequired, isReaded, isReseted, isRecorded, isShowed, layout, isValid, module)
VALUES ('ca56a864-020e-45b8-9c6f-405067160286', 'e0840a35-11c8-474d-ab76-514022fb7f3d', 'd09ee728-4110-4a60-b84a-5098e965424b', 17, 'N', 'Y', NULL, NULL, 'Y', 'T', 'Y', NULL);
INSERT INTO sys_pagefield_rlt(id, pageId, fieldId, orderNum, isRequired, isReaded, isReseted, isRecorded, isShowed, layout, isValid, module)
VALUES ('5d4a0d0e-42b8-4227-b90c-c6e67620179e', 'e46eaa90-96e9-4d61-9f14-bd3fb8edc58b', 'a3905fd6-957c-4ccf-822f-a86bd6d5c537', 1, 'Y', 'N', NULL, NULL, 'Y', 'F', 'Y', NULL);
INSERT INTO sys_pagefield_rlt(id, pageId, fieldId, orderNum, isRequired, isReaded, isReseted, isRecorded, isShowed, layout, isValid, module)
VALUES ('df38cb29-7f7d-4d7d-ab5e-4ca29fbb2b2d', 'e46eaa90-96e9-4d61-9f14-bd3fb8edc58b', '503cbdd8-c06d-4cef-bf35-74e4bc5f73fc', 2, 'N', 'N', NULL, NULL, 'Y', 'T', 'Y', NULL);
INSERT INTO sys_pagefield_rlt(id, pageId, fieldId, orderNum, isRequired, isReaded, isReseted, isRecorded, isShowed, layout, isValid, module)
VALUES ('644108c4-2c37-474f-88ca-9fc3fddabbf0', 'e46eaa90-96e9-4d61-9f14-bd3fb8edc58b', '8a45f4fb-9cfc-43b4-a90d-cbb9a4501a1d', 3, 'Y', 'N', NULL, NULL, 'Y', 'T', 'Y', NULL);
INSERT INTO sys_pagefield_rlt(id, pageId, fieldId, orderNum, isRequired, isReaded, isReseted, isRecorded, isShowed, layout, isValid, module)
VALUES ('088c3b70-9c5f-4e1a-82d4-369d02e8c837', 'e46eaa90-96e9-4d61-9f14-bd3fb8edc58b', '7daadc92-78ae-4995-8cd1-211cac156908', 4, 'Y', 'N', NULL, NULL, 'Y', 'T', 'Y', NULL);
INSERT INTO sys_pagefield_rlt(id, pageId, fieldId, orderNum, isRequired, isReaded, isReseted, isRecorded, isShowed, layout, isValid, module)
VALUES ('511650d5-764e-4cbf-96f0-7402d56eba05', 'e46eaa90-96e9-4d61-9f14-bd3fb8edc58b', 'fba70aec-d593-48d9-a1c0-a0217ff15abb', 5, 'Y', 'N', NULL, NULL, 'Y', 'T', 'Y', NULL);
INSERT INTO sys_pagefield_rlt(id, pageId, fieldId, orderNum, isRequired, isReaded, isReseted, isRecorded, isShowed, layout, isValid, module)
VALUES ('d2e27e25-d165-4ae2-bc2a-6390febc79f3', 'e46eaa90-96e9-4d61-9f14-bd3fb8edc58b', 'f390ae86-493d-4da6-bff6-a73b3582de68', 6, 'N', 'N', NULL, NULL, 'Y', 'T', 'Y', NULL);
INSERT INTO sys_pagefield_rlt(id, pageId, fieldId, orderNum, isRequired, isReaded, isReseted, isRecorded, isShowed, layout, isValid, module)
VALUES ('f2e57fbf-fe52-4b36-b23a-b49176408e6f', 'e46eaa90-96e9-4d61-9f14-bd3fb8edc58b', 'c3981eca-dea3-4b64-a8ff-b3e54d5ef075', 7, 'Y', 'N', NULL, NULL, 'Y', 'T', 'Y', NULL);
INSERT INTO sys_pagefield_rlt(id, pageId, fieldId, orderNum, isRequired, isReaded, isReseted, isRecorded, isShowed, layout, isValid, module)
VALUES ('2296d30f-cd21-4d88-962f-e47b6495756b', 'e46eaa90-96e9-4d61-9f14-bd3fb8edc58b', 'ef322de9-8be2-488e-ade4-c276f2245bb8', 8, 'N', 'N', NULL, NULL, 'Y', 'T', 'Y', NULL);
INSERT INTO sys_pagefield_rlt(id, pageId, fieldId, orderNum, isRequired, isReaded, isReseted, isRecorded, isShowed, layout, isValid, module)
VALUES ('3c8dc120-aa88-4da6-862a-9a3b4821d2fb', 'e46eaa90-96e9-4d61-9f14-bd3fb8edc58b', '998f8a42-5c2e-4218-b007-dd043a5b27fa', 9, 'N', 'N', NULL, NULL, 'Y', 'T', 'Y', NULL);
INSERT INTO sys_pagefield_rlt(id, pageId, fieldId, orderNum, isRequired, isReaded, isReseted, isRecorded, isShowed, layout, isValid, module)
VALUES ('cde22a1d-16ee-41b1-9383-f0231a7d0d77', 'e46eaa90-96e9-4d61-9f14-bd3fb8edc58b', 'dc196100-6a74-4a40-8e5d-963bdb7b2a75', 10, 'N', 'N', NULL, NULL, 'Y', 'F', 'Y', NULL);
INSERT INTO sys_pagefield_rlt(id, pageId, fieldId, orderNum, isRequired, isReaded, isReseted, isRecorded, isShowed, layout, isValid, module)
VALUES ('efd2b48d-6c5b-48da-82bd-08657d3b9d0d', 'fbc24b16-c525-4ae4-98fc-96ada8d5cedf', '9dab3a1f-3309-4fd7-be6c-b90fb832d320', 1, 'N', 'Y', NULL, NULL, 'Y', 'F', 'Y', NULL);
INSERT INTO sys_pagefield_rlt(id, pageId, fieldId, orderNum, isRequired, isReaded, isReseted, isRecorded, isShowed, layout, isValid, module)
VALUES ('9e7ed79a-82c4-4572-9616-241a58e50092', 'fbc24b16-c525-4ae4-98fc-96ada8d5cedf', '40a9e371-c4d0-4552-bd8d-c167c266989a', 2, 'N', 'Y', NULL, NULL, 'Y', 'T', 'Y', NULL);
INSERT INTO sys_pagefield_rlt(id, pageId, fieldId, orderNum, isRequired, isReaded, isReseted, isRecorded, isShowed, layout, isValid, module)
VALUES ('b13e5d46-a1b5-4881-a49a-eaeb3455ad85', 'fbc24b16-c525-4ae4-98fc-96ada8d5cedf', '198811cd-8912-4e24-be4e-d255aa1909e7', 3, 'N', 'Y', NULL, NULL, 'Y', 'T', 'Y', NULL);
INSERT INTO sys_pagefield_rlt(id, pageId, fieldId, orderNum, isRequired, isReaded, isReseted, isRecorded, isShowed, layout, isValid, module)
VALUES ('093e9e61-7092-415d-8307-943c2a3aa6aa', 'fbc24b16-c525-4ae4-98fc-96ada8d5cedf', '2e714a13-9b4c-42bf-b3a7-b3b1a250ff60', 4, 'N', 'Y', NULL, NULL, 'Y', 'T', 'Y', NULL);
INSERT INTO sys_pagefield_rlt(id, pageId, fieldId, orderNum, isRequired, isReaded, isReseted, isRecorded, isShowed, layout, isValid, module)
VALUES ('5ae6fbe2-16b3-4d08-9415-32bbfc5a2e3f', 'fbc24b16-c525-4ae4-98fc-96ada8d5cedf', '1300ff3b-3c2d-407c-a73c-c7d5be94037c', 5, 'N', 'Y', NULL, NULL, 'Y', 'T', 'Y', NULL);
INSERT INTO sys_pagefield_rlt(id, pageId, fieldId, orderNum, isRequired, isReaded, isReseted, isRecorded, isShowed, layout, isValid, module)
VALUES ('5f1378ff-ce09-4af3-a19f-2d66186d1e34', 'fbc24b16-c525-4ae4-98fc-96ada8d5cedf', 'feecd2bd-c6fa-4407-8f28-a040cc50470f', 6, 'N', 'Y', NULL, NULL, 'Y', 'T', 'Y', NULL);
INSERT INTO sys_pagefield_rlt(id, pageId, fieldId, orderNum, isRequired, isReaded, isReseted, isRecorded, isShowed, layout, isValid, module)
VALUES ('f147c70c-1fa0-4c93-9aa9-faed8679b1de', 'fbc24b16-c525-4ae4-98fc-96ada8d5cedf', '6ab1be80-2a35-45d3-b6da-c9a453d0076c', 7, 'N', 'Y', NULL, NULL, 'Y', 'T', 'Y', NULL);
INSERT INTO sys_pagefield_rlt(id, pageId, fieldId, orderNum, isRequired, isReaded, isReseted, isRecorded, isShowed, layout, isValid, module)
VALUES ('4ebe8853-3434-4cf2-a5c1-c0c3840bf27f', 'fbc24b16-c525-4ae4-98fc-96ada8d5cedf', 'd7fda513-ff4b-4fac-8df5-b5825b8d00be', 8, 'Y', 'N', NULL, NULL, 'Y', 'T', 'Y', NULL);
INSERT INTO sys_pagefield_rlt(id, pageId, fieldId, orderNum, isRequired, isReaded, isReseted, isRecorded, isShowed, layout, isValid, module)
VALUES ('6cce02c0-6055-4af6-b667-d75294a29010', 'fbc24b16-c525-4ae4-98fc-96ada8d5cedf', '4aeff5b9-907f-4556-9ce6-acb8a0641a2e', 9, 'N', 'N', NULL, NULL, 'Y', 'T', 'Y', NULL);
INSERT INTO sys_pagefield_rlt(id, pageId, fieldId, orderNum, isRequired, isReaded, isReseted, isRecorded, isShowed, layout, isValid, module)
VALUES ('dcad3425-85be-494b-ae50-bc69d1f2bd37', 'fbc24b16-c525-4ae4-98fc-96ada8d5cedf', '98e3f5fc-5bd3-4cc4-83b9-e7d2084e9668', 10, 'N', 'Y', NULL, NULL, 'Y', 'T', 'Y', NULL);
INSERT INTO sys_pagefield_rlt(id, pageId, fieldId, orderNum, isRequired, isReaded, isReseted, isRecorded, isShowed, layout, isValid, module)
VALUES ('34287960-f553-4ec2-a920-6b028ef52b75', 'fbc24b16-c525-4ae4-98fc-96ada8d5cedf', '9fdc7500-4153-4c2a-994e-e9271fab9da2', 11, 'N', 'Y', NULL, NULL, 'Y', 'T', 'Y', NULL);
INSERT INTO sys_pagefield_rlt(id, pageId, fieldId, orderNum, isRequired, isReaded, isReseted, isRecorded, isShowed, layout, isValid, module)
VALUES ('84b88dc6-cfb4-4b61-a4f9-0e52a71e6c78', 'fbc24b16-c525-4ae4-98fc-96ada8d5cedf', '6eb569eb-ab97-4491-9156-dbf5da09cbd3', 12, 'N', 'Y', NULL, NULL, 'Y', 'F', 'Y', NULL);
INSERT INTO sys_pagefield_rlt(id, pageId, fieldId, orderNum, isRequired, isReaded, isReseted, isRecorded, isShowed, layout, isValid, module)
VALUES ('2336c79a-f59c-475e-8021-bfe1c07bb4f8', 'fbc24b16-c525-4ae4-98fc-96ada8d5cedf', 'e5cc7a35-1159-489c-862f-eec73abe3b23', 13, 'N', 'Y', NULL, NULL, 'Y', 'F', 'Y', NULL);
INSERT INTO sys_pagefield_rlt(id, pageId, fieldId, orderNum, isRequired, isReaded, isReseted, isRecorded, isShowed, layout, isValid, module)
VALUES ('444c1b07-4224-4312-9059-4425e8525ecf', 'fbc24b16-c525-4ae4-98fc-96ada8d5cedf', '9aba6681-9690-4f83-8f68-e9aa755e5391', 14, 'N', 'Y', NULL, NULL, 'Y', 'F', 'Y', NULL);
INSERT INTO sys_pagefield_rlt(id, pageId, fieldId, orderNum, isRequired, isReaded, isReseted, isRecorded, isShowed, layout, isValid, module)
VALUES ('76f33134-f90b-4e25-bfa4-84f5e845c8de', 'fbc24b16-c525-4ae4-98fc-96ada8d5cedf', 'c972ff58-4bf4-4ec7-8bcc-e595fb3414af', 15, 'N', 'N', NULL, NULL, 'Y', 'F', 'Y', NULL);
INSERT INTO sys_pagefield_rlt(id, pageId, fieldId, orderNum, isRequired, isReaded, isReseted, isRecorded, isShowed, layout, isValid, module)
VALUES ('34be08a9-5d7f-4012-8444-0c08103ec8ef', 'fbc24b16-c525-4ae4-98fc-96ada8d5cedf', '2ac9e84b-948d-411d-ab30-536243639a14', 16, 'Y', 'N', NULL, NULL, 'Y', 'F', 'Y', NULL);
INSERT INTO sys_pagefield_rlt(id, pageId, fieldId, orderNum, isRequired, isReaded, isReseted, isRecorded, isShowed, layout, isValid, module)
VALUES ('8a43d52f-db35-4e2b-80bd-20a4014261e2', 'fbc24b16-c525-4ae4-98fc-96ada8d5cedf', '1b993270-9572-43ab-838b-21b02881f762', 17, 'N', 'Y', NULL, NULL, 'Y', 'T', 'Y', NULL);
INSERT INTO sys_pagefield_rlt(id, pageId, fieldId, orderNum, isRequired, isReaded, isReseted, isRecorded, isShowed, layout, isValid, module)
VALUES ('1960d944-1eed-4443-9775-32381b5a095e', 'fbc24b16-c525-4ae4-98fc-96ada8d5cedf', 'd09ee728-4110-4a60-b84a-5098e965424b', 18, 'N', 'Y', NULL, NULL, 'Y', 'T', 'Y', NULL);

INSERT INTO wf_rolematch_rlt(id, pageFieldId, pageId, roleId)
VALUES ('0d2771d7-701b-4fd9-8f3c-78d892801016', '4aeff5b9-907f-4556-9ce6-acb8a0641a2e', '0ebd0626-7672-46d8-85e4-d3b7492daf5a', '960fb540-3cef-49e8-89b6-1bRSKrole002');
INSERT INTO wf_rolematch_rlt(id, pageFieldId, pageId, roleId)
VALUES ('11bffa3a-1ba2-432f-9e22-b631d8ab09ee', '4aeff5b9-907f-4556-9ce6-acb8a0641a2e', '2a37f3f2-613f-429f-86c4-8f7d4fa63fd9', '960fb540-3cef-49e8-89b6-1bRSKrole002');
INSERT INTO wf_rolematch_rlt(id, pageFieldId, pageId, roleId)
VALUES ('195cbb8c-324d-4ecc-8513-b3dea686dc04', '98e3f5fc-5bd3-4cc4-83b9-e7d2084e9668', 'b05fda4b-2a51-4d30-9d5f-303918aa7486', '960fb540-3cef-49e8-89b6-1bRSKrole002');
INSERT INTO wf_rolematch_rlt(id, pageFieldId, pageId, roleId)
VALUES ('59b2126b-531e-4ae1-b59d-7f323506db3d', '4aeff5b9-907f-4556-9ce6-acb8a0641a2e', '4dd99b9b-21f2-4dcc-95c7-a807c0edea03', '960fb540-3cef-49e8-89b6-1bRSKrole002');
INSERT INTO wf_rolematch_rlt(id, pageFieldId, pageId, roleId)
VALUES ('77b4396b-e368-444c-b93d-ef1239ea7ce5', 'd7fda513-ff4b-4fac-8df5-b5825b8d00be', '2a37f3f2-613f-429f-86c4-8f7d4fa63fd9', '960fb540-3cef-49e8-89b6-1bRSKrole001');
INSERT INTO wf_rolematch_rlt(id, pageFieldId, pageId, roleId)
VALUES ('87e7d8d3-b659-4a99-af72-f25a3d6dfcc3', 'd7fda513-ff4b-4fac-8df5-b5825b8d00be', '0ebd0626-7672-46d8-85e4-d3b7492daf5a', '960fb540-3cef-49e8-89b6-1bRSKrole001');
INSERT INTO wf_rolematch_rlt(id, pageFieldId, pageId, roleId)
VALUES ('d2a0ffb7-6f2d-461e-a099-0d7a669be1f5', 'd7fda513-ff4b-4fac-8df5-b5825b8d00be', '4dd99b9b-21f2-4dcc-95c7-a807c0edea03', '960fb540-3cef-49e8-89b6-1bRSKrole001');
INSERT INTO wf_rolematch_rlt(id, pageFieldId, pageId, roleId)
VALUES ('daf22780-a33c-4d72-830f-cd06df839cdb', 'c3981eca-dea3-4b64-a8ff-b3e54d5ef075', 'e46eaa90-96e9-4d61-9f14-bd3fb8edc58b', '960fb540-3cef-49e8-89b6-1bisurole001');
INSERT INTO wf_rolematch_rlt(id, pageFieldId, pageId, roleId)
VALUES ('e83c2660-263c-42a9-83dc-f18dfb927022', 'd7fda513-ff4b-4fac-8df5-b5825b8d00be', 'b05fda4b-2a51-4d30-9d5f-303918aa7486', '960fb540-3cef-49e8-89b6-1bRSKrole001');
INSERT INTO wf_rolematch_rlt(id, pageFieldId, pageId, roleId)
VALUES ('f274541f-4688-4aea-9e73-19ca2faafef1', 'f390ae86-493d-4da6-bff6-a73b3582de68', 'e46eaa90-96e9-4d61-9f14-bd3fb8edc58b', '960fb540-3cef-49e8-89b6-1bisurole002');

INSERT INTO wf_authorizationrole_rlt(id, transitionId, roleId, conditions, isValid)
VALUES ('16add081-8b51-48ce-93f1-7332f7ef81a6', '50CCFD9E-62C2-4A2A-B273-BC8BC8BBC8F0', '960fb540-3cef-49e8-89b6-1bRSKrole001', NULL, 'Y');
INSERT INTO wf_authorizationrole_rlt(id, transitionId, roleId, conditions, isValid)
VALUES ('1abc8c32-d585-441f-ae60-e4c1cea93875', '7CE9D641-3597-4595-B3DD-111B037EA43C', '960fb540-3cef-49e8-89b6-1bRSKrole002', NULL, 'Y');
INSERT INTO wf_authorizationrole_rlt(id, transitionId, roleId, conditions, isValid)
VALUES ('2eb8fced-fd49-4bf4-bb09-c2d606dc521a', 'E836BF0B-08D6-4F7D-8793-188D5D4B0E7C', '960fb540-3cef-49e8-89b6-1bRSKrole001', NULL, 'Y');
INSERT INTO wf_authorizationrole_rlt(id, transitionId, roleId, conditions, isValid)
VALUES ('765b7de6-105d-4776-88ca-49557c26295f', 'D49A5A22-9412-4DBB-9769-2850C539C011', '960fb540-3cef-49e8-89b6-1bRSKrole001', NULL, 'Y');
INSERT INTO wf_authorizationrole_rlt(id, transitionId, roleId, conditions, isValid)
VALUES ('9349c5e4-671b-4f69-bc05-9bbc4eb0b915', '8FA094BD-E66E-4A94-9FB9-9A7DF235B133', '960fb540-3cef-49e8-89b6-1bRSKrole001', NULL, 'Y');
INSERT INTO wf_authorizationrole_rlt(id, transitionId, roleId, conditions, isValid)
VALUES ('b218eb1a-baf6-485a-a817-7b1c212ad01f', 'D49A5A22-9412-4DBB-9769-2850C539C011', '960fb540-3cef-49e8-89b6-1bRSKrole002', NULL, 'Y');
INSERT INTO wf_authorizationrole_rlt(id, transitionId, roleId, conditions, isValid)
VALUES ('b37d1a19-57fa-4cc7-ba8c-03569e21a51a', '8B2F93EC-74E5-4BE4-9754-ACBFA6A3117D', '960fb540-3cef-49e8-89b6-1bRSKrole001', NULL, 'Y');
INSERT INTO wf_authorizationrole_rlt(id, transitionId, roleId, conditions, isValid)
VALUES ('d0f15b54-4a02-401f-a6fb-25b67aeb3a46', '9BFDCD6D-EB9C-42D0-B3D1-32E6A9B1BFD3', '960fb540-3cef-49e8-89b6-1bRSKrole001', NULL, 'Y');
INSERT INTO wf_authorizationrole_rlt(id, transitionId, roleId, conditions, isValid)
VALUES ('d766b8de-c3e4-4187-a116-8e2d32b2187c', 'FF0E32C1-6525-4AC1-BF87-D901BC39F28C', '960fb540-3cef-49e8-89b6-1bRSKrole001', NULL, 'Y');
INSERT INTO wf_authorizationrole_rlt(id, transitionId, roleId, conditions, isValid)
VALUES ('ee906c29-4a91-405f-8c8e-c220686644d4', '5C5FF71A-BB39-4422-9299-E22E46C24393', '960fb540-3cef-49e8-89b6-1bRSKrole001', NULL, 'Y');
INSERT INTO wf_authorizationrole_rlt(id, transitionId, roleId, conditions, isValid)
VALUES ('f15b14c6-7737-45a5-ae8e-89255966c8a2', 'E836BF0B-08D6-4F7D-8793-188D5D4B0E7C', '960fb540-3cef-49e8-89b6-1bRSKrole002', NULL, 'Y');

INSERT INTO act_ge_bytearray(ID_, REV_, NAME_, DEPLOYMENT_ID_, BYTES_, GENERATED_)
VALUES ('2534', 2, 'source', NULL, CONVERT(varbinary(max), '{"stencilset":{"url":"stencilsets/bpmn2.0/bpmn2.0.json","namespace":"http://b3mn.org/stencilset/bpmn2.0#"},"childShapes":[{"dockers":[],"childShapes":[],"outgoing":[{"resourceId":"sid-BAD6E97C-A764-4CE3-BD66-2C30F4B397F9"}],"properties":{"formkeydefinition":"","documentation":"","name":"开始","executionlisteners":"","formproperties":"","initiator":"","overrideid":""},"bounds":{"upperLeft":{"x":108.5,"y":138},"lowerRight":{"x":140.5,"y":170}},"stencil":{"id":"StartNoneEvent"},"resourceId":"sid-C90D0B7D-27CE-429E-8A0F-9DAB22C611F8"},{"dockers":[],"childShapes":[],"outgoing":[{"resourceId":"sid-CFF235C4-643B-48D4-864E-F945F761EFA2"}],"properties":{"formproperties":"","multiinstance_variable":"","prioritydefinition":"","executionlisteners":"","isforcompensation":"false","duedatedefinition":"","multiinstance_collection":"","formkeydefinition":"","multiinstance_type":"None","asynchronousdefinition":"false","multiinstance_condition":"","usertaskassignment":"","multiinstance_cardinality":"","tasklisteners":"","overrideid":"","documentation":"","exclusivedefinition":"false","name":"步骤"},"bounds":{"upperLeft":{"x":260.5,"y":138},"lowerRight":{"x":292.5,"y":170}},"stencil":{"id":"UserTask"},"resourceId":"sid-63E2F1C1-C45E-4FDA-BCC7-2B0105C41655"},{"dockers":[{"x":16,"y":16},{"x":16,"y":16}],"childShapes":[],"outgoing":[{"resourceId":"sid-63E2F1C1-C45E-4FDA-BCC7-2B0105C41655"}],"properties":{"documentation":"","name":"操作","executionlisteners":"","conditionsequenceflow":"${outcome==\"BAD6E97C-A764-4CE3-BD66-2C30F4B397F9\"}","overrideid":"","defaultflow":"false"},"bounds":{"upperLeft":{"x":140.9375,"y":154},"lowerRight":{"x":260.0625,"y":154}},"stencil":{"id":"SequenceFlow"},"target":{"resourceId":"sid-63E2F1C1-C45E-4FDA-BCC7-2B0105C41655"},"resourceId":"sid-BAD6E97C-A764-4CE3-BD66-2C30F4B397F9"},{"dockers":[],"childShapes":[],"outgoing":[{"resourceId":"sid-4AA24F66-F9FF-40F0-8DEA-2173F3CD227B"}],"properties":{"formproperties":"","multiinstance_variable":"","prioritydefinition":"","executionlisteners":"","isforcompensation":"false","duedatedefinition":"","multiinstance_collection":"","formkeydefinition":"","multiinstance_type":"None","asynchronousdefinition":"false","multiinstance_condition":"","usertaskassignment":"","multiinstance_cardinality":"","tasklisteners":"","overrideid":"","documentation":"","exclusivedefinition":"false","name":"步骤"},"bounds":{"upperLeft":{"x":412.5,"y":138},"lowerRight":{"x":444.5,"y":170}},"stencil":{"id":"UserTask"},"resourceId":"sid-BE3090DF-2A84-49FB-8D17-E35007B66D0E"},{"dockers":[{"x":16,"y":16},{"x":16,"y":16}],"childShapes":[],"outgoing":[{"resourceId":"sid-BE3090DF-2A84-49FB-8D17-E35007B66D0E"}],"properties":{"documentation":"","name":"操作","executionlisteners":"","conditionsequenceflow":"${outcome==\"CFF235C4-643B-48D4-864E-F945F761EFA2\"}","overrideid":"","defaultflow":"false"},"bounds":{"upperLeft":{"x":292.9375,"y":154},"lowerRight":{"x":412.0625,"y":154}},"stencil":{"id":"SequenceFlow"},"target":{"resourceId":"sid-BE3090DF-2A84-49FB-8D17-E35007B66D0E"},"resourceId":"sid-CFF235C4-643B-48D4-864E-F945F761EFA2"},{"dockers":[],"childShapes":[],"outgoing":[],"properties":{"formproperties":"","multiinstance_variable":"","prioritydefinition":"","executionlisteners":"","isforcompensation":"false","duedatedefinition":"","multiinstance_collection":"","formkeydefinition":"","multiinstance_type":"None","asynchronousdefinition":"false","multiinstance_condition":"","usertaskassignment":"","multiinstance_cardinality":"","tasklisteners":"","overrideid":"","documentation":"","exclusivedefinition":"false","name":"步骤"},"bounds":{"upperLeft":{"x":564.5,"y":138},"lowerRight":{"x":596.5,"y":170}},"stencil":{"id":"UserTask"},"resourceId":"sid-C643F087-9B1F-4C76-9DA2-6135AD157448"},{"dockers":[{"x":16,"y":16},{"x":16,"y":16}],"childShapes":[],"outgoing":[{"resourceId":"sid-C643F087-9B1F-4C76-9DA2-6135AD157448"}],"properties":{"documentation":"","name":"操作","executionlisteners":"","conditionsequenceflow":"${outcome==\"4AA24F66-F9FF-40F0-8DEA-2173F3CD227B\"}","overrideid":"","defaultflow":"false"},"bounds":{"upperLeft":{"x":444.9375,"y":154},"lowerRight":{"x":564.0625,"y":154}},"stencil":{"id":"SequenceFlow"},"target":{"resourceId":"sid-C643F087-9B1F-4C76-9DA2-6135AD157448"},"resourceId":"sid-4AA24F66-F9FF-40F0-8DEA-2173F3CD227B"}],"ssextensions":[],"properties":{"process_namespace":"http://www.activiti.org/processdef","name":"会议管理模型_1.0","process_version":"","messagedefinitions":"","signaldefinitions":"","documentation":"","executionlisteners":"","eventlisteners":"","process_id":"ACT1dcff-eabe-4e77-97e5-0a10fa34bf8e","process_author":""},"bounds":{"upperLeft":{"x":0,"y":0},"lowerRight":{"x":1810,"y":768}},"stencil":{"id":"BPMNDiagram"},"resourceId":"2533"}'), NULL);
INSERT INTO act_re_model(ID_, REV_, NAME_, KEY_, CATEGORY_, CREATE_TIME_, LAST_UPDATE_TIME_, VERSION_, META_INFO_, DEPLOYMENT_ID_, EDITOR_SOURCE_VALUE_ID_, EDITOR_SOURCE_EXTRA_VALUE_ID_, TENANT_ID_)
VALUES ('2533', 4, '会议管理模型_1.0', 'ACT1dcff-eabe-4e77-97e5-0a10fa34bf8e', NULL, '2022-08-08', '2022-08-08', 1, '{"name":"会议管理模型_1.0","description":"","revision":1,"signKey":"ACT1dcff-eabe-4e77-97e5-0a10fa34bf8e"}', NULL, '2534', NULL, '');

INSERT INTO act_ge_bytearray(ID_, REV_, NAME_, DEPLOYMENT_ID_, BYTES_, GENERATED_)
VALUES ('2540', 2, 'source', NULL, CONVERT(varbinary(max), '{"stencilset":{"url":"stencilsets/bpmn2.0/bpmn2.0.json","namespace":"http://b3mn.org/stencilset/bpmn2.0#"},"childShapes":[{"dockers":[],"childShapes":[],"outgoing":[{"resourceId":"sid-BBA18A29-364E-4F77-9DDF-CCA4E95E4C98"}],"properties":{"formkeydefinition":"","documentation":"","name":"开始","executionlisteners":"","formproperties":"","initiator":"","overrideid":""},"bounds":{"upperLeft":{"x":223.5,"y":141},"lowerRight":{"x":255.5,"y":173}},"stencil":{"id":"StartNoneEvent"},"resourceId":"sid-E36C7B57-2219-44C5-8427-1A19641BD451"},{"dockers":[],"childShapes":[],"outgoing":[{"resourceId":"sid-4B76F1A5-3E3B-4227-9224-D60974EF429A"}],"properties":{"formproperties":"","multiinstance_variable":"","prioritydefinition":"","executionlisteners":"","isforcompensation":"false","duedatedefinition":"","multiinstance_collection":"","formkeydefinition":"","multiinstance_type":"None","asynchronousdefinition":"false","multiinstance_condition":"","usertaskassignment":"","multiinstance_cardinality":"","tasklisteners":"","overrideid":"","documentation":"","exclusivedefinition":"false","name":"步骤"},"bounds":{"upperLeft":{"x":375.5,"y":141},"lowerRight":{"x":407.5,"y":173}},"stencil":{"id":"UserTask"},"resourceId":"sid-E912BECA-100C-4E64-801F-E95CF2B94850"},{"dockers":[{"x":16,"y":16},{"x":16,"y":16}],"childShapes":[],"outgoing":[{"resourceId":"sid-E912BECA-100C-4E64-801F-E95CF2B94850"}],"properties":{"documentation":"","name":"操作","executionlisteners":"","conditionsequenceflow":"${outcome==\"BBA18A29-364E-4F77-9DDF-CCA4E95E4C98\"}","overrideid":"","defaultflow":"false"},"bounds":{"upperLeft":{"x":255.9375,"y":157},"lowerRight":{"x":375.0625,"y":157}},"stencil":{"id":"SequenceFlow"},"target":{"resourceId":"sid-E912BECA-100C-4E64-801F-E95CF2B94850"},"resourceId":"sid-BBA18A29-364E-4F77-9DDF-CCA4E95E4C98"},{"dockers":[],"childShapes":[],"outgoing":[],"properties":{"formproperties":"","multiinstance_variable":"","prioritydefinition":"","executionlisteners":"","isforcompensation":"false","duedatedefinition":"","multiinstance_collection":"","formkeydefinition":"","multiinstance_type":"None","asynchronousdefinition":"false","multiinstance_condition":"","usertaskassignment":"","multiinstance_cardinality":"","tasklisteners":"","overrideid":"","documentation":"","exclusivedefinition":"false","name":"步骤"},"bounds":{"upperLeft":{"x":527.5,"y":141},"lowerRight":{"x":559.5,"y":173}},"stencil":{"id":"UserTask"},"resourceId":"sid-84182CBB-789C-4004-BEFA-044AED8040F1"},{"dockers":[{"x":16,"y":16},{"x":16,"y":16}],"childShapes":[],"outgoing":[{"resourceId":"sid-84182CBB-789C-4004-BEFA-044AED8040F1"}],"properties":{"documentation":"","name":"操作","executionlisteners":"","conditionsequenceflow":"${outcome==\"4B76F1A5-3E3B-4227-9224-D60974EF429A\"}","overrideid":"","defaultflow":"false"},"bounds":{"upperLeft":{"x":407.9375,"y":157},"lowerRight":{"x":527.0625,"y":157}},"stencil":{"id":"SequenceFlow"},"target":{"resourceId":"sid-84182CBB-789C-4004-BEFA-044AED8040F1"},"resourceId":"sid-4B76F1A5-3E3B-4227-9224-D60974EF429A"}],"ssextensions":[],"properties":{"process_namespace":"http://www.activiti.org/processdef","name":"设备使用管理模型","process_version":"","messagedefinitions":"","signaldefinitions":"","documentation":"","executionlisteners":"","eventlisteners":"","process_id":"ACTfda54-e6c9-462d-85ad-12e33d11f9e7","process_author":""},"bounds":{"upperLeft":{"x":0,"y":0},"lowerRight":{"x":1810,"y":480}},"stencil":{"id":"BPMNDiagram"},"resourceId":"2539"}'), NULL);
INSERT INTO act_re_model(ID_, REV_, NAME_, KEY_, CATEGORY_, CREATE_TIME_, LAST_UPDATE_TIME_, VERSION_, META_INFO_, DEPLOYMENT_ID_, EDITOR_SOURCE_VALUE_ID_, EDITOR_SOURCE_EXTRA_VALUE_ID_, TENANT_ID_)
VALUES ('2539', 4, '设备使用管理模型', 'ACTfda54-e6c9-462d-85ad-12e33d11f9e7', NULL, '2022-08-08', '2022-08-08', 1, '{"name":"设备使用管理模型","description":"","revision":1,"signKey":"ACTfda54-e6c9-462d-85ad-12e33d11f9e7"}', NULL, '2540', NULL, '');

INSERT INTO act_ge_bytearray(ID_, REV_, NAME_, DEPLOYMENT_ID_, BYTES_, GENERATED_)
VALUES ('2546', 2, 'source', NULL, CONVERT(varbinary(max), '{"stencilset":{"url":"stencilsets/bpmn2.0/bpmn2.0.json","namespace":"http://b3mn.org/stencilset/bpmn2.0#"},"childShapes":[{"dockers":[],"childShapes":[],"outgoing":[{"resourceId":"sid-F6B10B18-00E6-42DB-A1E1-8E0E0BE0B3AF"}],"properties":{"formkeydefinition":"","documentation":"","name":"开始","executionlisteners":"","formproperties":"","initiator":"","overrideid":""},"bounds":{"upperLeft":{"x":235.5,"y":162},"lowerRight":{"x":267.5,"y":194}},"stencil":{"id":"StartNoneEvent"},"resourceId":"sid-76CCAF3B-1C62-4E82-B60B-BB91CE2C2198"},{"dockers":[],"childShapes":[],"outgoing":[],"properties":{"formproperties":"","multiinstance_variable":"","prioritydefinition":"","executionlisteners":"","isforcompensation":"false","duedatedefinition":"","multiinstance_collection":"","formkeydefinition":"","multiinstance_type":"None","asynchronousdefinition":"false","multiinstance_condition":"","usertaskassignment":"","multiinstance_cardinality":"","tasklisteners":"","overrideid":"","documentation":"","exclusivedefinition":"false","name":"步骤"},"bounds":{"upperLeft":{"x":387.5,"y":162},"lowerRight":{"x":419.5,"y":194}},"stencil":{"id":"UserTask"},"resourceId":"sid-022983C2-9CED-4BF7-9BD6-4FF626D39C3F"},{"dockers":[{"x":16,"y":16},{"x":16,"y":16}],"childShapes":[],"outgoing":[{"resourceId":"sid-022983C2-9CED-4BF7-9BD6-4FF626D39C3F"}],"properties":{"documentation":"","name":"操作","executionlisteners":"","conditionsequenceflow":"${outcome==\"F6B10B18-00E6-42DB-A1E1-8E0E0BE0B3AF\"}","overrideid":"","defaultflow":"false"},"bounds":{"upperLeft":{"x":267.9375,"y":178},"lowerRight":{"x":387.0625,"y":178}},"stencil":{"id":"SequenceFlow"},"target":{"resourceId":"sid-022983C2-9CED-4BF7-9BD6-4FF626D39C3F"},"resourceId":"sid-F6B10B18-00E6-42DB-A1E1-8E0E0BE0B3AF"}],"ssextensions":[],"properties":{"process_namespace":"http://www.activiti.org/processdef","name":"设备维护管理模型_1.0","process_version":"","messagedefinitions":"","signaldefinitions":"","documentation":"","executionlisteners":"","eventlisteners":"","process_id":"ACT4721f-aef7-4a0b-8d67-72d43abed08a","process_author":""},"bounds":{"upperLeft":{"x":0,"y":0},"lowerRight":{"x":1810,"y":480}},"stencil":{"id":"BPMNDiagram"},"resourceId":"2545"}'), NULL);
INSERT INTO act_re_model(ID_, REV_, NAME_, KEY_, CATEGORY_, CREATE_TIME_, LAST_UPDATE_TIME_, VERSION_, META_INFO_, DEPLOYMENT_ID_, EDITOR_SOURCE_VALUE_ID_, EDITOR_SOURCE_EXTRA_VALUE_ID_, TENANT_ID_)
VALUES ('2545', 4, '设备维护管理模型_1.0', 'ACT4721f-aef7-4a0b-8d67-72d43abed08a', NULL, '2022-08-08', '2022-08-08', 1, '{"name":"设备维护管理模型_1.0","description":"","revision":1,"signKey":"ACT4721f-aef7-4a0b-8d67-72d43abed08a"}', NULL, '2546', NULL, '');

INSERT INTO act_ge_bytearray(ID_, REV_, NAME_, DEPLOYMENT_ID_, BYTES_, GENERATED_)
VALUES ('2552', 2, 'source', NULL, CONVERT(varbinary(max), '{"stencilset":{"url":"stencilsets/bpmn2.0/bpmn2.0.json","namespace":"http://b3mn.org/stencilset/bpmn2.0#"},"childShapes":[{"dockers":[],"childShapes":[],"outgoing":[{"resourceId":"sid-4C83B294-5EA9-4ACC-9D11-1AE79E0D6D11"}],"properties":{"formkeydefinition":"","documentation":"","name":"开始","executionlisteners":"","formproperties":"","initiator":"","overrideid":""},"bounds":{"upperLeft":{"x":196.5,"y":153},"lowerRight":{"x":228.5,"y":185}},"stencil":{"id":"StartNoneEvent"},"resourceId":"sid-9012F9F6-B733-4A82-8033-7015125C50A9"},{"dockers":[],"childShapes":[],"outgoing":[],"properties":{"formproperties":"","multiinstance_variable":"","prioritydefinition":"","executionlisteners":"","isforcompensation":"false","duedatedefinition":"","multiinstance_collection":"","formkeydefinition":"","multiinstance_type":"None","asynchronousdefinition":"false","multiinstance_condition":"","usertaskassignment":"","multiinstance_cardinality":"","tasklisteners":"","overrideid":"","documentation":"","exclusivedefinition":"false","name":"步骤"},"bounds":{"upperLeft":{"x":348.5,"y":153},"lowerRight":{"x":380.5,"y":185}},"stencil":{"id":"UserTask"},"resourceId":"sid-9E4FE4DF-0CA9-41B5-9525-F10AF8D1B9C1"},{"dockers":[{"x":16,"y":16},{"x":16,"y":16}],"childShapes":[],"outgoing":[{"resourceId":"sid-9E4FE4DF-0CA9-41B5-9525-F10AF8D1B9C1"}],"properties":{"documentation":"","name":"操作","executionlisteners":"","conditionsequenceflow":"${outcome==\"4C83B294-5EA9-4ACC-9D11-1AE79E0D6D11\"}","overrideid":"","defaultflow":"false"},"bounds":{"upperLeft":{"x":228.9375,"y":169},"lowerRight":{"x":348.0625,"y":169}},"stencil":{"id":"SequenceFlow"},"target":{"resourceId":"sid-9E4FE4DF-0CA9-41B5-9525-F10AF8D1B9C1"},"resourceId":"sid-4C83B294-5EA9-4ACC-9D11-1AE79E0D6D11"}],"ssextensions":[],"properties":{"process_namespace":"http://www.activiti.org/processdef","name":"合同审核管理模型_1.0","process_version":"","messagedefinitions":"","signaldefinitions":"","documentation":"","executionlisteners":"","eventlisteners":"","process_id":"ACT7d0a2-3900-4d72-84c5-7fa4d1f3b32f","process_author":""},"bounds":{"upperLeft":{"x":0,"y":0},"lowerRight":{"x":1810,"y":480}},"stencil":{"id":"BPMNDiagram"},"resourceId":"2551"}'), NULL);
INSERT INTO act_re_model(ID_, REV_, NAME_, KEY_, CATEGORY_, CREATE_TIME_, LAST_UPDATE_TIME_, VERSION_, META_INFO_, DEPLOYMENT_ID_, EDITOR_SOURCE_VALUE_ID_, EDITOR_SOURCE_EXTRA_VALUE_ID_, TENANT_ID_)
VALUES ('2551', 4, '合同审核管理模型_1.0', 'ACT7d0a2-3900-4d72-84c5-7fa4d1f3b32f', NULL, '2022-08-08', '2022-08-08', 1, '{"name":"合同审核管理模型_1.0","description":"","revision":1,"signKey":"ACT7d0a2-3900-4d72-84c5-7fa4d1f3b32f"}', NULL, '2552', NULL, '');

INSERT INTO act_ge_bytearray(ID_, REV_, NAME_, DEPLOYMENT_ID_, BYTES_, GENERATED_)
VALUES ('2558', 2, 'source', NULL, CONVERT(varbinary(max), '{"stencilset":{"url":"stencilsets/bpmn2.0/bpmn2.0.json","namespace":"http://b3mn.org/stencilset/bpmn2.0#"},"childShapes":[{"dockers":[],"childShapes":[],"outgoing":[{"resourceId":"sid-A4DC2BA1-C5FD-4E09-91ED-60F8BAA106D2"}],"properties":{"formkeydefinition":"","documentation":"","name":"开始","executionlisteners":"","formproperties":"","initiator":"","overrideid":""},"bounds":{"upperLeft":{"x":316.5,"y":159},"lowerRight":{"x":348.5,"y":191}},"stencil":{"id":"StartNoneEvent"},"resourceId":"sid-F8031860-1FCB-4BDB-9D69-2148BA28B816"},{"dockers":[],"childShapes":[],"outgoing":[],"properties":{"formproperties":"","multiinstance_variable":"","prioritydefinition":"","executionlisteners":"","isforcompensation":"false","duedatedefinition":"","multiinstance_collection":"","formkeydefinition":"","multiinstance_type":"None","asynchronousdefinition":"false","multiinstance_condition":"","usertaskassignment":"","multiinstance_cardinality":"","tasklisteners":"","overrideid":"","documentation":"","exclusivedefinition":"false","name":"步骤"},"bounds":{"upperLeft":{"x":468.5,"y":159},"lowerRight":{"x":500.5,"y":191}},"stencil":{"id":"UserTask"},"resourceId":"sid-DBC0900D-6AA3-43D7-BC68-0571EBCC9401"},{"dockers":[{"x":16,"y":16},{"x":16,"y":16}],"childShapes":[],"outgoing":[{"resourceId":"sid-DBC0900D-6AA3-43D7-BC68-0571EBCC9401"}],"properties":{"documentation":"","name":"操作","executionlisteners":"","conditionsequenceflow":"${outcome==\"A4DC2BA1-C5FD-4E09-91ED-60F8BAA106D2\"}","overrideid":"","defaultflow":"false"},"bounds":{"upperLeft":{"x":348.9375,"y":175},"lowerRight":{"x":468.0625,"y":175}},"stencil":{"id":"SequenceFlow"},"target":{"resourceId":"sid-DBC0900D-6AA3-43D7-BC68-0571EBCC9401"},"resourceId":"sid-A4DC2BA1-C5FD-4E09-91ED-60F8BAA106D2"}],"ssextensions":[],"properties":{"process_namespace":"http://www.activiti.org/processdef","name":"预算管理模型_1.0","process_version":"","messagedefinitions":"","signaldefinitions":"","documentation":"","executionlisteners":"","eventlisteners":"","process_id":"ACTa5811-2e9d-42bf-bb37-aa00bb40ac90","process_author":""},"bounds":{"upperLeft":{"x":0,"y":0},"lowerRight":{"x":1810,"y":480}},"stencil":{"id":"BPMNDiagram"},"resourceId":"2557"}'), NULL);
INSERT INTO act_re_model(ID_, REV_, NAME_, KEY_, CATEGORY_, CREATE_TIME_, LAST_UPDATE_TIME_, VERSION_, META_INFO_, DEPLOYMENT_ID_, EDITOR_SOURCE_VALUE_ID_, EDITOR_SOURCE_EXTRA_VALUE_ID_, TENANT_ID_)
VALUES ('2557', 4, '预算管理模型_1.0', 'ACTa5811-2e9d-42bf-bb37-aa00bb40ac90', NULL, '2022-08-08', '2022-08-08', 1, '{"name":"预算管理模型_1.0","description":"","revision":1,"signKey":"ACTa5811-2e9d-42bf-bb37-aa00bb40ac90"}', NULL, '2558', NULL, '');

INSERT INTO act_ge_bytearray(ID_, REV_, NAME_, DEPLOYMENT_ID_, BYTES_, GENERATED_)
VALUES ('2564', 2, 'source', NULL, CONVERT(varbinary(max), '{"stencilset":{"url":"stencilsets/bpmn2.0/bpmn2.0.json","namespace":"http://b3mn.org/stencilset/bpmn2.0#"},"childShapes":[{"dockers":[],"childShapes":[],"outgoing":[{"resourceId":"sid-77AB0DE3-81C6-4C3D-8FE1-FC44BCFADF8F"}],"properties":{"formkeydefinition":"","documentation":"","name":"开始","executionlisteners":"","formproperties":"","initiator":"","overrideid":""},"bounds":{"upperLeft":{"x":274.5,"y":149},"lowerRight":{"x":306.5,"y":181}},"stencil":{"id":"StartNoneEvent"},"resourceId":"sid-C4E4C6E1-FE3B-41F5-B715-181D314ADF59"},{"dockers":[],"childShapes":[],"outgoing":[],"properties":{"formproperties":"","multiinstance_variable":"","prioritydefinition":"","executionlisteners":"","isforcompensation":"false","duedatedefinition":"","multiinstance_collection":"","formkeydefinition":"","multiinstance_type":"None","asynchronousdefinition":"false","multiinstance_condition":"","usertaskassignment":"","multiinstance_cardinality":"","tasklisteners":"","overrideid":"","documentation":"","exclusivedefinition":"false","name":"步骤"},"bounds":{"upperLeft":{"x":426.5,"y":149},"lowerRight":{"x":458.5,"y":181}},"stencil":{"id":"UserTask"},"resourceId":"sid-9CD528C8-AE4D-4B8F-806F-304ADAEE7F10"},{"dockers":[{"x":16,"y":16},{"x":16,"y":16}],"childShapes":[],"outgoing":[{"resourceId":"sid-9CD528C8-AE4D-4B8F-806F-304ADAEE7F10"}],"properties":{"documentation":"","name":"操作","executionlisteners":"","conditionsequenceflow":"${outcome==\"77AB0DE3-81C6-4C3D-8FE1-FC44BCFADF8F\"}","overrideid":"","defaultflow":"false"},"bounds":{"upperLeft":{"x":306.9375,"y":165},"lowerRight":{"x":426.0625,"y":165}},"stencil":{"id":"SequenceFlow"},"target":{"resourceId":"sid-9CD528C8-AE4D-4B8F-806F-304ADAEE7F10"},"resourceId":"sid-77AB0DE3-81C6-4C3D-8FE1-FC44BCFADF8F"}],"ssextensions":[],"properties":{"process_namespace":"http://www.activiti.org/processdef","name":"收入管理模型_1.0","process_version":"","messagedefinitions":"","signaldefinitions":"","documentation":"","executionlisteners":"","eventlisteners":"","process_id":"ACTf7c13-19d5-4a61-81f5-21b5a0d8bf00","process_author":""},"bounds":{"upperLeft":{"x":0,"y":0},"lowerRight":{"x":1810,"y":480}},"stencil":{"id":"BPMNDiagram"},"resourceId":"2563"}'), NULL);
INSERT INTO act_re_model(ID_, REV_, NAME_, KEY_, CATEGORY_, CREATE_TIME_, LAST_UPDATE_TIME_, VERSION_, META_INFO_, DEPLOYMENT_ID_, EDITOR_SOURCE_VALUE_ID_, EDITOR_SOURCE_EXTRA_VALUE_ID_, TENANT_ID_)
VALUES ('2563', 4, '收入管理模型_1.0', 'ACTf7c13-19d5-4a61-81f5-21b5a0d8bf00', NULL, '2022-08-08', '2022-08-08', 1, '{"name":"收入管理模型_1.0","description":"","revision":1,"signKey":"ACTf7c13-19d5-4a61-81f5-21b5a0d8bf00"}', NULL, '2564', NULL, '');

INSERT INTO act_ge_bytearray(ID_, REV_, NAME_, DEPLOYMENT_ID_, BYTES_, GENERATED_)
VALUES ('2576', 2, 'source', NULL, CONVERT(varbinary(max), '{"stencilset":{"url":"stencilsets/bpmn2.0/bpmn2.0.json","namespace":"http://b3mn.org/stencilset/bpmn2.0#"},"childShapes":[{"dockers":[],"childShapes":[],"outgoing":[{"resourceId":"sid-1FAC81C5-D5AD-4D90-9D4E-2B72FC0AEB62"}],"properties":{"formkeydefinition":"","documentation":"","name":"开始","executionlisteners":"","formproperties":"","initiator":"","overrideid":""},"bounds":{"upperLeft":{"x":222.5,"y":130},"lowerRight":{"x":254.5,"y":162}},"stencil":{"id":"StartNoneEvent"},"resourceId":"sid-C7E0164D-A834-446B-A46A-ECF3ECB45F8E"},{"dockers":[],"childShapes":[],"outgoing":[{"resourceId":"sid-27941E14-2A07-48DA-95D3-F595E4F7154E"}],"properties":{"formproperties":"","multiinstance_variable":"","prioritydefinition":"","executionlisteners":"","isforcompensation":"false","duedatedefinition":"","multiinstance_collection":"","formkeydefinition":"","multiinstance_type":"None","asynchronousdefinition":"false","multiinstance_condition":"","usertaskassignment":"","multiinstance_cardinality":"","tasklisteners":"","overrideid":"","documentation":"","exclusivedefinition":"false","name":"步骤"},"bounds":{"upperLeft":{"x":374.5,"y":130},"lowerRight":{"x":406.5,"y":162}},"stencil":{"id":"UserTask"},"resourceId":"sid-4F0442CC-2B68-4C8B-B911-99FBCB367BBE"},{"dockers":[{"x":16,"y":16},{"x":16,"y":16}],"childShapes":[],"outgoing":[{"resourceId":"sid-4F0442CC-2B68-4C8B-B911-99FBCB367BBE"}],"properties":{"documentation":"","name":"操作","executionlisteners":"","conditionsequenceflow":"${outcome==\"1FAC81C5-D5AD-4D90-9D4E-2B72FC0AEB62\"}","overrideid":"","defaultflow":"false"},"bounds":{"upperLeft":{"x":254.9375,"y":146},"lowerRight":{"x":374.0625,"y":146}},"stencil":{"id":"SequenceFlow"},"target":{"resourceId":"sid-4F0442CC-2B68-4C8B-B911-99FBCB367BBE"},"resourceId":"sid-1FAC81C5-D5AD-4D90-9D4E-2B72FC0AEB62"},{"dockers":[],"childShapes":[],"outgoing":[],"properties":{"formproperties":"","multiinstance_variable":"","prioritydefinition":"","executionlisteners":"","isforcompensation":"false","duedatedefinition":"","multiinstance_collection":"","formkeydefinition":"","multiinstance_type":"None","asynchronousdefinition":"false","multiinstance_condition":"","usertaskassignment":"","multiinstance_cardinality":"","tasklisteners":"","overrideid":"","documentation":"","exclusivedefinition":"false","name":"步骤"},"bounds":{"upperLeft":{"x":526.5,"y":130},"lowerRight":{"x":558.5,"y":162}},"stencil":{"id":"UserTask"},"resourceId":"sid-0B3A2856-DA01-4CA6-9DBD-BA884319313B"},{"dockers":[{"x":16,"y":16},{"x":16,"y":16}],"childShapes":[],"outgoing":[{"resourceId":"sid-0B3A2856-DA01-4CA6-9DBD-BA884319313B"}],"properties":{"documentation":"","name":"操作","executionlisteners":"","conditionsequenceflow":"${outcome==\"27941E14-2A07-48DA-95D3-F595E4F7154E\"}","overrideid":"","defaultflow":"false"},"bounds":{"upperLeft":{"x":406.9375,"y":146},"lowerRight":{"x":526.0625,"y":146}},"stencil":{"id":"SequenceFlow"},"target":{"resourceId":"sid-0B3A2856-DA01-4CA6-9DBD-BA884319313B"},"resourceId":"sid-27941E14-2A07-48DA-95D3-F595E4F7154E"}],"ssextensions":[],"properties":{"process_namespace":"http://www.activiti.org/processdef","name":"绩效管理模型_1.0","process_version":"","messagedefinitions":"","signaldefinitions":"","documentation":"","executionlisteners":"","eventlisteners":"","process_id":"ACT2e4d8-e140-46da-8751-5d7fa292def6","process_author":""},"bounds":{"upperLeft":{"x":0,"y":0},"lowerRight":{"x":1810,"y":480}},"stencil":{"id":"BPMNDiagram"},"resourceId":"2575"}'), NULL);
INSERT INTO act_re_model(ID_, REV_, NAME_, KEY_, CATEGORY_, CREATE_TIME_, LAST_UPDATE_TIME_, VERSION_, META_INFO_, DEPLOYMENT_ID_, EDITOR_SOURCE_VALUE_ID_, EDITOR_SOURCE_EXTRA_VALUE_ID_, TENANT_ID_)
VALUES ('2575', 4, '绩效管理模型_1.0', 'ACT2e4d8-e140-46da-8751-5d7fa292def6', NULL, '2022-08-08', '2022-08-08', 1, '{"name":"绩效管理模型_1.0","description":"","revision":1,"signKey":"ACT2e4d8-e140-46da-8751-5d7fa292def6"}', NULL, '2576', NULL, '');

INSERT INTO act_ge_bytearray(ID_, REV_, NAME_, DEPLOYMENT_ID_, BYTES_, GENERATED_)
VALUES ('2570', 2, 'source', NULL, CONVERT(varbinary(max), '{"stencilset":{"url":"stencilsets/bpmn2.0/bpmn2.0.json","namespace":"http://b3mn.org/stencilset/bpmn2.0#"},"childShapes":[{"dockers":[],"childShapes":[],"outgoing":[{"resourceId":"sid-510920B6-C5A0-4119-92EC-A364D1EB5824"}],"properties":{"formkeydefinition":"","documentation":"","name":"开始","executionlisteners":"","formproperties":"","initiator":"","overrideid":""},"bounds":{"upperLeft":{"x":206.5,"y":120},"lowerRight":{"x":238.5,"y":152}},"stencil":{"id":"StartNoneEvent"},"resourceId":"sid-366F4334-64AA-4A76-8FF8-532AED1F7E6C"},{"dockers":[],"childShapes":[],"outgoing":[],"properties":{"formproperties":"","multiinstance_variable":"","prioritydefinition":"","executionlisteners":"","isforcompensation":"false","duedatedefinition":"","multiinstance_collection":"","formkeydefinition":"","multiinstance_type":"None","asynchronousdefinition":"false","multiinstance_condition":"","usertaskassignment":"","multiinstance_cardinality":"","tasklisteners":"","overrideid":"","documentation":"","exclusivedefinition":"false","name":"步骤"},"bounds":{"upperLeft":{"x":358.5,"y":120},"lowerRight":{"x":390.5,"y":152}},"stencil":{"id":"UserTask"},"resourceId":"sid-0E49C848-6E95-49C0-87C6-D702EBD9FE9E"},{"dockers":[{"x":16,"y":16},{"x":16,"y":16}],"childShapes":[],"outgoing":[{"resourceId":"sid-0E49C848-6E95-49C0-87C6-D702EBD9FE9E"}],"properties":{"documentation":"","name":"操作","executionlisteners":"","conditionsequenceflow":"${outcome==\"510920B6-C5A0-4119-92EC-A364D1EB5824\"}","overrideid":"","defaultflow":"false"},"bounds":{"upperLeft":{"x":238.9375,"y":136},"lowerRight":{"x":358.0625,"y":136}},"stencil":{"id":"SequenceFlow"},"target":{"resourceId":"sid-0E49C848-6E95-49C0-87C6-D702EBD9FE9E"},"resourceId":"sid-510920B6-C5A0-4119-92EC-A364D1EB5824"}],"ssextensions":[],"properties":{"process_namespace":"http://www.activiti.org/processdef","name":"支出管理模型_1.0","process_version":"","messagedefinitions":"","signaldefinitions":"","documentation":"","executionlisteners":"","eventlisteners":"","process_id":"ACTfdd16-f7a2-485d-ad24-7eb6ec1a619d","process_author":""},"bounds":{"upperLeft":{"x":0,"y":0},"lowerRight":{"x":1810,"y":480}},"stencil":{"id":"BPMNDiagram"},"resourceId":"2569"}'), NULL);
INSERT INTO act_re_model(ID_, REV_, NAME_, KEY_, CATEGORY_, CREATE_TIME_, LAST_UPDATE_TIME_, VERSION_, META_INFO_, DEPLOYMENT_ID_, EDITOR_SOURCE_VALUE_ID_, EDITOR_SOURCE_EXTRA_VALUE_ID_, TENANT_ID_)
VALUES ('2569', 4, '支出管理模型_1.0', 'ACTfdd16-f7a2-485d-ad24-7eb6ec1a619d', NULL, '2022-08-08', '2022-08-08', 1, '{"name":"支出管理模型_1.0","description":"","revision":1,"signKey":"ACTfdd16-f7a2-485d-ad24-7eb6ec1a619d"}', NULL, '2570', NULL, '');

INSERT INTO act_ge_bytearray(ID_, REV_, NAME_, DEPLOYMENT_ID_, BYTES_, GENERATED_) 
VALUES ('2', '2', 'source', NULL, CONVERT(varbinary(max), '{"stencilset":{"url":"stencilsets/bpmn2.0/bpmn2.0.json","namespace":"http://b3mn.org/stencilset/bpmn2.0#"},"childShapes":[{"dockers":[],"childShapes":[],"outgoing":[{"resourceId":"sid-F5F96AAD-15EF-4FD6-A1C1-F5FC3171313E"}],"properties":{"formkeydefinition":"","documentation":"","name":"开始","executionlisteners":"","formproperties":"","initiator":"","overrideid":""},"bounds":{"upperLeft":{"x":239.5,"y":306},"lowerRight":{"x":271.5,"y":338}},"stencil":{"id":"StartNoneEvent"},"resourceId":"sid-23F94851-76F5-4539-B0AE-2B5D4FB97DAB"},{"dockers":[],"childShapes":[],"outgoing":[{"resourceId":"sid-25F372B2-3F01-4883-9262-56FD2CEF767E"},{"resourceId":"sid-935E0EAE-739C-451D-BD46-F2823D19CA6D"},{"resourceId":"sid-C04CD52A-F949-41BA-8CAF-89AB03432D44"}],"properties":{"formproperties":"","multiinstance_variable":"","prioritydefinition":"","executionlisteners":"","isforcompensation":"false","duedatedefinition":"","multiinstance_collection":"","formkeydefinition":"","multiinstance_type":"None","asynchronousdefinition":"false","multiinstance_condition":"","usertaskassignment":"","multiinstance_cardinality":"","tasklisteners":"","overrideid":"","documentation":"","exclusivedefinition":"false","name":"审核确认"},"bounds":{"upperLeft":{"x":391.5,"y":306},"lowerRight":{"x":423.5,"y":338}},"stencil":{"id":"UserTask"},"resourceId":"sid-AF6F4C88-5796-4AA2-A0BC-0B10EEF4E646"},{"dockers":[],"childShapes":[],"outgoing":[{"resourceId":"sid-B066AF08-24DC-45DE-8B6F-4D7D0784B681"}],"properties":{"formproperties":"","multiinstance_variable":"","prioritydefinition":"","executionlisteners":"","isforcompensation":"false","duedatedefinition":"","multiinstance_collection":"","formkeydefinition":"","multiinstance_type":"None","asynchronousdefinition":"false","multiinstance_condition":"","usertaskassignment":"","multiinstance_cardinality":"","tasklisteners":"","overrideid":"","documentation":"","exclusivedefinition":"false","name":"修复中"},"bounds":{"upperLeft":{"x":543.5,"y":306},"lowerRight":{"x":575.5,"y":338}},"stencil":{"id":"UserTask"},"resourceId":"sid-6EE040E5-0EE9-4A9F-8194-EB20D9953C18"},{"dockers":[],"childShapes":[],"outgoing":[{"resourceId":"sid-F1AE932E-1CD5-4867-ACA5-4312DDA1AA96"},{"resourceId":"sid-268E4422-80D5-41E0-9EA1-264923E3FB89"}],"properties":{"formproperties":"","multiinstance_variable":"","prioritydefinition":"","executionlisteners":"","isforcompensation":"false","duedatedefinition":"","multiinstance_collection":"","formkeydefinition":"","multiinstance_type":"None","asynchronousdefinition":"false","multiinstance_condition":"","usertaskassignment":"","multiinstance_cardinality":"","tasklisteners":"","overrideid":"","documentation":"","exclusivedefinition":"false","name":"回归测试"},"bounds":{"upperLeft":{"x":695.5,"y":306},"lowerRight":{"x":727.5,"y":338}},"stencil":{"id":"UserTask"},"resourceId":"sid-FF69B27E-6CF6-444A-927D-A3B135E44823"},{"dockers":[],"childShapes":[],"outgoing":[],"properties":{"documentation":"","name":"结束","executionlisteners":"","overrideid":""},"bounds":{"upperLeft":{"x":855,"y":306},"lowerRight":{"x":887,"y":338}},"stencil":{"id":"EndNoneEvent"},"resourceId":"sid-5B922FBF-8C10-43E8-BA36-30CAD8E55BD2"},{"dockers":[],"childShapes":[],"outgoing":[{"resourceId":"sid-753B0C11-FBED-4C6E-8E82-E372D2A589E9"},{"resourceId":"sid-3554CB20-2848-4539-8E64-96FB799FF0A5"}],"properties":{"formproperties":"","multiinstance_variable":"","prioritydefinition":"","executionlisteners":"","isforcompensation":"false","duedatedefinition":"","multiinstance_collection":"","formkeydefinition":"","multiinstance_type":"None","asynchronousdefinition":"false","multiinstance_condition":"","usertaskassignment":"","multiinstance_cardinality":"","tasklisteners":"","overrideid":"","documentation":"","exclusivedefinition":"false","name":"评审确认"},"bounds":{"upperLeft":{"x":543.5,"y":165},"lowerRight":{"x":575.5,"y":197}},"stencil":{"id":"UserTask"},"resourceId":"sid-5ABF7183-067C-4864-8749-A5B3B7D47A59"},{"dockers":[{"x":16,"y":16},{"x":16,"y":16}],"childShapes":[],"outgoing":[{"resourceId":"sid-AF6F4C88-5796-4AA2-A0BC-0B10EEF4E646"}],"properties":{"documentation":"","name":"提交","executionlisteners":"","conditionsequenceflow":"${outcome==\"F5F96AAD-15EF-4FD6-A1C1-F5FC3171313E\"}","overrideid":"","defaultflow":"false"},"bounds":{"upperLeft":{"x":271.9375,"y":322},"lowerRight":{"x":391.0625,"y":322}},"stencil":{"id":"SequenceFlow"},"target":{"resourceId":"sid-AF6F4C88-5796-4AA2-A0BC-0B10EEF4E646"},"resourceId":"sid-F5F96AAD-15EF-4FD6-A1C1-F5FC3171313E"},{"dockers":[{"x":16,"y":16},{"x":407.5,"y":181},{"x":16,"y":16}],"childShapes":[],"outgoing":[{"resourceId":"sid-5ABF7183-067C-4864-8749-A5B3B7D47A59"}],"properties":{"documentation":"","name":"提交评审","executionlisteners":"","conditionsequenceflow":"${outcome==\"935E0EAE-739C-451D-BD46-F2823D19CA6D\"}","overrideid":"","defaultflow":"false"},"bounds":{"upperLeft":{"x":407.5,"y":181},"lowerRight":{"x":543.0625,"y":305.578125}},"stencil":{"id":"SequenceFlow"},"target":{"resourceId":"sid-5ABF7183-067C-4864-8749-A5B3B7D47A59"},"resourceId":"sid-935E0EAE-739C-451D-BD46-F2823D19CA6D"},{"dockers":[{"x":16,"y":16},{"x":16,"y":16}],"childShapes":[],"outgoing":[{"resourceId":"sid-5B922FBF-8C10-43E8-BA36-30CAD8E55BD2"}],"properties":{"documentation":"","name":"关闭","executionlisteners":"","conditionsequenceflow":"${outcome==\"3554CB20-2848-4539-8E64-96FB799FF0A5\"}","overrideid":"","defaultflow":"false"},"bounds":{"upperLeft":{"x":576.2293757522503,"y":188.57252642397205},"lowerRight":{"x":854.2706242477497,"y":314.427473576028}},"stencil":{"id":"SequenceFlow"},"target":{"resourceId":"sid-5B922FBF-8C10-43E8-BA36-30CAD8E55BD2"},"resourceId":"sid-3554CB20-2848-4539-8E64-96FB799FF0A5"},{"dockers":[{"x":16,"y":16},{"x":16,"y":16}],"childShapes":[],"outgoing":[{"resourceId":"sid-6EE040E5-0EE9-4A9F-8194-EB20D9953C18"}],"properties":{"documentation":"","name":"指定修复","executionlisteners":"","conditionsequenceflow":"${outcome==\"25F372B2-3F01-4883-9262-56FD2CEF767E\"}","overrideid":"","defaultflow":"false"},"bounds":{"upperLeft":{"x":423.9375,"y":322},"lowerRight":{"x":543.0625,"y":322}},"stencil":{"id":"SequenceFlow"},"target":{"resourceId":"sid-6EE040E5-0EE9-4A9F-8194-EB20D9953C18"},"resourceId":"sid-25F372B2-3F01-4883-9262-56FD2CEF767E"},{"dockers":[{"x":16,"y":16},{"x":16,"y":16}],"childShapes":[],"outgoing":[{"resourceId":"sid-FF69B27E-6CF6-444A-927D-A3B135E44823"}],"properties":{"documentation":"","name":"提交回归测试","executionlisteners":"","conditionsequenceflow":"${outcome==\"B066AF08-24DC-45DE-8B6F-4D7D0784B681\"}","overrideid":"","defaultflow":"false"},"bounds":{"upperLeft":{"x":575.9375,"y":322},"lowerRight":{"x":695.0625,"y":322}},"stencil":{"id":"SequenceFlow"},"target":{"resourceId":"sid-FF69B27E-6CF6-444A-927D-A3B135E44823"},"resourceId":"sid-B066AF08-24DC-45DE-8B6F-4D7D0784B681"},{"dockers":[{"x":16,"y":16},{"x":407.5,"y":456},{"x":871,"y":456},{"x":16,"y":16}],"childShapes":[],"outgoing":[{"resourceId":"sid-5B922FBF-8C10-43E8-BA36-30CAD8E55BD2"}],"properties":{"documentation":"","name":"直接关闭","executionlisteners":"","conditionsequenceflow":"${outcome==\"C04CD52A-F949-41BA-8CAF-89AB03432D44\"}","overrideid":"","defaultflow":"false"},"bounds":{"upperLeft":{"x":407.5,"y":338.703125},"lowerRight":{"x":871,"y":456}},"stencil":{"id":"SequenceFlow"},"target":{"resourceId":"sid-5B922FBF-8C10-43E8-BA36-30CAD8E55BD2"},"resourceId":"sid-C04CD52A-F949-41BA-8CAF-89AB03432D44"},{"dockers":[{"x":16,"y":16},{"x":16,"y":16}],"childShapes":[],"outgoing":[{"resourceId":"sid-6EE040E5-0EE9-4A9F-8194-EB20D9953C18"}],"properties":{"documentation":"","name":"确认缺陷","executionlisteners":"","conditionsequenceflow":"${outcome==\"753B0C11-FBED-4C6E-8E82-E372D2A589E9\"}","overrideid":"","defaultflow":"false"},"bounds":{"upperLeft":{"x":559.5,"y":197.421875},"lowerRight":{"x":559.5,"y":305.578125}},"stencil":{"id":"SequenceFlow"},"target":{"resourceId":"sid-6EE040E5-0EE9-4A9F-8194-EB20D9953C18"},"resourceId":"sid-753B0C11-FBED-4C6E-8E82-E372D2A589E9"},{"dockers":[{"x":16,"y":16},{"x":16,"y":16}],"childShapes":[],"outgoing":[{"resourceId":"sid-5B922FBF-8C10-43E8-BA36-30CAD8E55BD2"}],"properties":{"documentation":"","name":"测试通过","executionlisteners":"","conditionsequenceflow":"${outcome==\"F1AE932E-1CD5-4867-ACA5-4312DDA1AA96\"}","overrideid":"","defaultflow":"false"},"bounds":{"upperLeft":{"x":728.076171875,"y":322},"lowerRight":{"x":854.423828125,"y":322}},"stencil":{"id":"SequenceFlow"},"target":{"resourceId":"sid-5B922FBF-8C10-43E8-BA36-30CAD8E55BD2"},"resourceId":"sid-F1AE932E-1CD5-4867-ACA5-4312DDA1AA96"},{"dockers":[{"x":16,"y":16},{"x":638.5,"y":398},{"x":16,"y":16}],"childShapes":[],"outgoing":[{"resourceId":"sid-6EE040E5-0EE9-4A9F-8194-EB20D9953C18"}],"properties":{"documentation":"","name":"测试不通过","executionlisteners":"","conditionsequenceflow":"${outcome==\"268E4422-80D5-41E0-9EA1-264923E3FB89\"}","overrideid":"","defaultflow":"false"},"bounds":{"upperLeft":{"x":575.6503452488051,"y":337.5370409988505},"lowerRight":{"x":695.9791456656551,"y":398}},"stencil":{"id":"SequenceFlow"},"target":{"resourceId":"sid-6EE040E5-0EE9-4A9F-8194-EB20D9953C18"},"resourceId":"sid-268E4422-80D5-41E0-9EA1-264923E3FB89"}],"ssextensions":[],"properties":{"process_namespace":"http://www.activiti.org/processdef","name":"缺陷流程模型_1.0","process_version":"","messagedefinitions":"","signaldefinitions":"","documentation":"","executionlisteners":"","eventlisteners":"","process_id":"ACT041b9-0c1e-47de-88d3-bb195e084561","process_author":""},"bounds":{"upperLeft":{"x":0,"y":0},"lowerRight":{"x":1810,"y":806}},"stencil":{"id":"BPMNDiagram"},"resourceId":"1"}'), NULL);
INSERT INTO act_re_model(ID_, REV_, NAME_, KEY_, CATEGORY_, CREATE_TIME_, LAST_UPDATE_TIME_, VERSION_, META_INFO_, DEPLOYMENT_ID_, EDITOR_SOURCE_VALUE_ID_, EDITOR_SOURCE_EXTRA_VALUE_ID_, TENANT_ID_) 
VALUES ('1', '4', '缺陷流程模型_1.0', 'ACT041b9-0c1e-47de-88d3-bb195e084561', NULL, '2022-08-08', '2022-08-08', '1', '{"name":"缺陷流程模型_1.0","description":"","revision":1,"signKey":"ACT041b9-0c1e-47de-88d3-bb195e084561"}', NULL, '2', NULL, '');

INSERT INTO act_ge_bytearray(ID_, REV_, NAME_, DEPLOYMENT_ID_, BYTES_, GENERATED_)
VALUES ('8', 2, 'source', NULL, CONVERT(varbinary(max), '{"stencilset":{"url":"stencilsets/bpmn2.0/bpmn2.0.json","namespace":"http://b3mn.org/stencilset/bpmn2.0#"},"childShapes":[{"dockers":[],"childShapes":[],"outgoing":[{"resourceId":"sid-CA6EC7D0-FF45-4F2D-9D6E-696115B55A85"}],"properties":{"formkeydefinition":"","documentation":"","name":"开始","executionlisteners":"","formproperties":"","initiator":"","overrideid":""},"bounds":{"upperLeft":{"x":220.5,"y":155},"lowerRight":{"x":252.5,"y":187}},"stencil":{"id":"StartNoneEvent"},"resourceId":"sid-C5234DDC-121A-4D07-8335-754FBA8641B5"},{"dockers":[],"childShapes":[],"outgoing":[{"resourceId":"sid-73DA6710-8601-4DAF-9E10-3B607EBE276C"}],"properties":{"formproperties":"","multiinstance_variable":"","prioritydefinition":"","executionlisteners":"","isforcompensation":"false","duedatedefinition":"","multiinstance_collection":"","formkeydefinition":"","multiinstance_type":"None","asynchronousdefinition":"false","multiinstance_condition":"","usertaskassignment":"","multiinstance_cardinality":"","tasklisteners":"","overrideid":"","documentation":"","exclusivedefinition":"false","name":"影响分析"},"bounds":{"upperLeft":{"x":375,"y":155},"lowerRight":{"x":407,"y":187}},"stencil":{"id":"UserTask"},"resourceId":"sid-D06BB6C3-B63A-452D-ACAD-686958978B06"},{"dockers":[{"x":16,"y":16},{"x":16,"y":16}],"childShapes":[],"outgoing":[{"resourceId":"sid-D06BB6C3-B63A-452D-ACAD-686958978B06"}],"properties":{"documentation":"","name":"提交","executionlisteners":"","conditionsequenceflow":"${outcome==\"CA6EC7D0-FF45-4F2D-9D6E-696115B55A85\"}","overrideid":"","defaultflow":"false"},"bounds":{"upperLeft":{"x":253.19140625,"y":171},"lowerRight":{"x":374.30859375,"y":171}},"stencil":{"id":"SequenceFlow"},"target":{"resourceId":"sid-D06BB6C3-B63A-452D-ACAD-686958978B06"},"resourceId":"sid-CA6EC7D0-FF45-4F2D-9D6E-696115B55A85"},{"dockers":[],"childShapes":[],"outgoing":[{"resourceId":"sid-BAAB0864-473C-4762-AA2E-B41B645D2F56"},{"resourceId":"sid-FC417187-A491-4F46-8D4B-9F625C27D50A"},{"resourceId":"sid-54133EEF-371B-4D86-9CE4-86E12ABC5E4B"}],"properties":{"documentation":"","asynchronousdefinition":"false","name":"决策","sequencefloworder":"","exclusivedefinition":"false","overrideid":""},"bounds":{"upperLeft":{"x":525,"y":155},"lowerRight":{"x":557,"y":187}},"stencil":{"id":"ExclusiveGateway"},"resourceId":"sid-7FDB72F8-BC31-4331-9455-2B9F340A2159"},{"dockers":[],"childShapes":[],"outgoing":[{"resourceId":"sid-6D749C10-7BDC-4918-B17E-68B05A1D2A64"},{"resourceId":"sid-827E4A3A-7A36-4EA7-9FAA-D829AA4115A8"},{"resourceId":"sid-B3D03F2A-F02C-437B-9D7E-1B5264ED4BB5"}],"properties":{"formproperties":"","multiinstance_variable":"","prioritydefinition":"","executionlisteners":"","isforcompensation":"false","duedatedefinition":"","multiinstance_collection":"","formkeydefinition":"","multiinstance_type":"None","asynchronousdefinition":"false","multiinstance_condition":"","usertaskassignment":"","multiinstance_cardinality":"","tasklisteners":"","overrideid":"","documentation":"","exclusivedefinition":"false","name":"项目经理审批"},"bounds":{"upperLeft":{"x":677,"y":155},"lowerRight":{"x":709,"y":187}},"stencil":{"id":"UserTask"},"resourceId":"sid-4CC6DFF6-C362-41E3-B11B-51E80731EB97"},{"dockers":[],"childShapes":[],"outgoing":[{"resourceId":"sid-2E035E2F-284E-48E3-8CF2-43212409FCB8"},{"resourceId":"sid-E7E29A2A-80C5-4A6E-99A7-BA54310F52A9"}],"properties":{"formproperties":"","multiinstance_variable":"","prioritydefinition":"","executionlisteners":"","isforcompensation":"false","duedatedefinition":"","multiinstance_collection":"","formkeydefinition":"","multiinstance_type":"None","asynchronousdefinition":"false","multiinstance_condition":"","usertaskassignment":"","multiinstance_cardinality":"","tasklisteners":"","overrideid":"","documentation":"","exclusivedefinition":"false","name":"CBB审批"},"bounds":{"upperLeft":{"x":525,"y":287},"lowerRight":{"x":557,"y":319}},"stencil":{"id":"UserTask"},"resourceId":"sid-78AC2357-DFE5-4FB9-9A25-B6D195FC996C"},{"dockers":[{"x":16,"y":16},{"x":16,"y":16}],"childShapes":[],"outgoing":[{"resourceId":"sid-78AC2357-DFE5-4FB9-9A25-B6D195FC996C"}],"properties":{"documentation":"","name":"影响基准","executionlisteners":"","conditionsequenceflow":"${forkingOutcome==\"FC417187-A491-4F46-8D4B-9F625C27D50A\"}","overrideid":"","defaultflow":"false"},"bounds":{"upperLeft":{"x":541,"y":187.46875},"lowerRight":{"x":541,"y":286.53125}},"stencil":{"id":"SequenceFlow"},"target":{"resourceId":"sid-78AC2357-DFE5-4FB9-9A25-B6D195FC996C"},"resourceId":"sid-FC417187-A491-4F46-8D4B-9F625C27D50A"},{"dockers":[],"childShapes":[],"outgoing":[{"resourceId":"sid-E10B5047-2733-48FC-88ED-37474A504C27"}],"properties":{"formproperties":"","multiinstance_variable":"","prioritydefinition":"","executionlisteners":"","isforcompensation":"false","duedatedefinition":"","multiinstance_collection":"","formkeydefinition":"","multiinstance_type":"None","asynchronousdefinition":"false","multiinstance_condition":"","usertaskassignment":"","multiinstance_cardinality":"","tasklisteners":"","overrideid":"","documentation":"","exclusivedefinition":"false","name":"变更中"},"bounds":{"upperLeft":{"x":677,"y":287},"lowerRight":{"x":709,"y":319}},"stencil":{"id":"UserTask"},"resourceId":"sid-41DFF54C-DEC1-4153-BA24-2DE01DE02855"},{"dockers":[{"x":16,"y":16},{"x":16,"y":16}],"childShapes":[],"outgoing":[{"resourceId":"sid-41DFF54C-DEC1-4153-BA24-2DE01DE02855"}],"properties":{"documentation":"","name":"审批通过","executionlisteners":"","conditionsequenceflow":"${outcome==\"6D749C10-7BDC-4918-B17E-68B05A1D2A64\"}","overrideid":"","defaultflow":"false"},"bounds":{"upperLeft":{"x":693,"y":187.46875},"lowerRight":{"x":693,"y":286.53125}},"stencil":{"id":"SequenceFlow"},"target":{"resourceId":"sid-41DFF54C-DEC1-4153-BA24-2DE01DE02855"},"resourceId":"sid-6D749C10-7BDC-4918-B17E-68B05A1D2A64"},{"dockers":[{"x":16,"y":16},{"x":16,"y":16}],"childShapes":[],"outgoing":[{"resourceId":"sid-41DFF54C-DEC1-4153-BA24-2DE01DE02855"}],"properties":{"documentation":"","name":"审批通过","executionlisteners":"","conditionsequenceflow":"${outcome==\"2E035E2F-284E-48E3-8CF2-43212409FCB8\"}","overrideid":"","defaultflow":"false"},"bounds":{"upperLeft":{"x":557.4375,"y":303},"lowerRight":{"x":676.5625,"y":303}},"stencil":{"id":"SequenceFlow"},"target":{"resourceId":"sid-41DFF54C-DEC1-4153-BA24-2DE01DE02855"},"resourceId":"sid-2E035E2F-284E-48E3-8CF2-43212409FCB8"},{"dockers":[],"childShapes":[],"outgoing":[],"properties":{"documentation":"","name":"结束","executionlisteners":"","overrideid":""},"bounds":{"upperLeft":{"x":840,"y":287},"lowerRight":{"x":872,"y":319}},"stencil":{"id":"EndNoneEvent"},"resourceId":"sid-7FD830B1-2559-4829-B8AF-69FA9A15B135"},{"dockers":[{"x":16,"y":16},{"x":16,"y":16}],"childShapes":[],"outgoing":[{"resourceId":"sid-7FD830B1-2559-4829-B8AF-69FA9A15B135"}],"properties":{"documentation":"","name":"执行变更","executionlisteners":"","conditionsequenceflow":"${outcome==\"E10B5047-2733-48FC-88ED-37474A504C27\"}","overrideid":"","defaultflow":"false"},"bounds":{"upperLeft":{"x":709.28125,"y":303},"lowerRight":{"x":839.71875,"y":303}},"stencil":{"id":"SequenceFlow"},"target":{"resourceId":"sid-7FD830B1-2559-4829-B8AF-69FA9A15B135"},"resourceId":"sid-E10B5047-2733-48FC-88ED-37474A504C27"},{"dockers":[{"x":16,"y":16},{"x":16,"y":16}],"childShapes":[],"outgoing":[{"resourceId":"sid-D06BB6C3-B63A-452D-ACAD-686958978B06"}],"properties":{"documentation":"","name":"审批不通过","executionlisteners":"","conditionsequenceflow":"${outcome==\"E7E29A2A-80C5-4A6E-99A7-BA54310F52A9\"}","overrideid":"","defaultflow":"false"},"bounds":{"upperLeft":{"x":407.57102601692276,"y":185.58250289489203},"lowerRight":{"x":524.4289739830773,"y":288.417497105108}},"stencil":{"id":"SequenceFlow"},"target":{"resourceId":"sid-D06BB6C3-B63A-452D-ACAD-686958978B06"},"resourceId":"sid-E7E29A2A-80C5-4A6E-99A7-BA54310F52A9"},{"dockers":[{"x":16,"y":16},{"x":693,"y":74},{"x":391,"y":74},{"x":16,"y":16}],"childShapes":[],"outgoing":[{"resourceId":"sid-D06BB6C3-B63A-452D-ACAD-686958978B06"}],"properties":{"documentation":"","name":"审批不通过","executionlisteners":"","conditionsequenceflow":"${outcome==\"827E4A3A-7A36-4EA7-9FAA-D829AA4115A8\"}","overrideid":"","defaultflow":"false"},"bounds":{"upperLeft":{"x":391,"y":74},"lowerRight":{"x":693,"y":154.84375}},"stencil":{"id":"SequenceFlow"},"target":{"resourceId":"sid-D06BB6C3-B63A-452D-ACAD-686958978B06"},"resourceId":"sid-827E4A3A-7A36-4EA7-9FAA-D829AA4115A8"},{"dockers":[{"x":16,"y":16},{"x":16,"y":16}],"childShapes":[],"outgoing":[{"resourceId":"sid-4CC6DFF6-C362-41E3-B11B-51E80731EB97"}],"properties":{"documentation":"","name":"不影响基准","executionlisteners":"","conditionsequenceflow":"${forkingOutcome==\"BAAB0864-473C-4762-AA2E-B41B645D2F56\"}","overrideid":"","defaultflow":"false"},"bounds":{"upperLeft":{"x":557.4375,"y":171},"lowerRight":{"x":676.5625,"y":171}},"stencil":{"id":"SequenceFlow"},"target":{"resourceId":"sid-4CC6DFF6-C362-41E3-B11B-51E80731EB97"},"resourceId":"sid-BAAB0864-473C-4762-AA2E-B41B645D2F56"},{"dockers":[{"x":16,"y":16},{"x":16,"y":16}],"childShapes":[],"outgoing":[{"resourceId":"sid-7FDB72F8-BC31-4331-9455-2B9F340A2159"}],"properties":{"documentation":"","name":"分析影响","executionlisteners":"","conditionsequenceflow":"${outcome==\"73DA6710-8601-4DAF-9E10-3B607EBE276C\"}","overrideid":"","defaultflow":"false"},"bounds":{"upperLeft":{"x":407.234375,"y":171},"lowerRight":{"x":524.765625,"y":171}},"stencil":{"id":"SequenceFlow"},"target":{"resourceId":"sid-7FDB72F8-BC31-4331-9455-2B9F340A2159"},"resourceId":"sid-73DA6710-8601-4DAF-9E10-3B607EBE276C"}],"ssextensions":[],"properties":{"process_namespace":"http://www.activiti.org/processdef","name":"变更管理模型_1.0","process_version":"","messagedefinitions":"","signaldefinitions":"","documentation":"","executionlisteners":"","eventlisteners":"","process_id":"ACTb9b8e-e80e-4b41-afdb-8e353d9fac26","process_author":""},"bounds":{"upperLeft":{"x":0,"y":0},"lowerRight":{"x":1810,"y":789}},"stencil":{"id":"BPMNDiagram"},"resourceId":"7"}'), NULL);
INSERT INTO act_re_model(ID_, REV_, NAME_, KEY_, CATEGORY_, CREATE_TIME_, LAST_UPDATE_TIME_, VERSION_, META_INFO_, DEPLOYMENT_ID_, EDITOR_SOURCE_VALUE_ID_, EDITOR_SOURCE_EXTRA_VALUE_ID_, TENANT_ID_)
VALUES ('7', 4, '变更管理模型_1.0', 'ACTb9b8e-e80e-4b41-afdb-8e353d9fac26', NULL, '2022-08-08', '2022-08-08', 1, '{"name":"变更管理模型_1.0","description":"","revision":1,"signKey":"ACTb9b8e-e80e-4b41-afdb-8e353d9fac26"}', NULL, '8', NULL, '');

INSERT INTO act_ge_bytearray(ID_, REV_, NAME_, DEPLOYMENT_ID_, BYTES_, GENERATED_)
VALUES ('14', 2, 'source', NULL, CONVERT(varbinary(max), '{"stencilset":{"url":"stencilsets/bpmn2.0/bpmn2.0.json","namespace":"http://b3mn.org/stencilset/bpmn2.0#"},"childShapes":[{"dockers":[],"childShapes":[],"outgoing":[{"resourceId":"sid-0A769F48-AA99-4351-94B2-E91300085F18"}],"properties":{"formkeydefinition":"","documentation":"","name":"开始","executionlisteners":"","formproperties":"","initiator":"","overrideid":""},"bounds":{"upperLeft":{"x":255,"y":225},"lowerRight":{"x":287,"y":257}},"stencil":{"id":"StartNoneEvent"},"resourceId":"sid-18E4E413-EC76-4647-A7B4-D0A135DBB9FB"},{"dockers":[],"childShapes":[],"outgoing":[{"resourceId":"sid-79C7BE65-E817-4377-B43D-9B28406D8CEC"},{"resourceId":"sid-EAF924AF-C4E5-43E0-8702-493AF1722B9B"}],"properties":{"formproperties":"","multiinstance_variable":"","prioritydefinition":"","executionlisteners":"","isforcompensation":"false","duedatedefinition":"","multiinstance_collection":"","formkeydefinition":"","multiinstance_type":"None","asynchronousdefinition":"false","multiinstance_condition":"","usertaskassignment":"","multiinstance_cardinality":"","tasklisteners":"","overrideid":"","documentation":"","exclusivedefinition":"false","name":"问题审核"},"bounds":{"upperLeft":{"x":407,"y":225},"lowerRight":{"x":439,"y":257}},"stencil":{"id":"UserTask"},"resourceId":"sid-3F9AF262-541D-45AF-80E3-4DBB598CF5FC"},{"dockers":[{"x":16,"y":16},{"x":16,"y":16}],"childShapes":[],"outgoing":[{"resourceId":"sid-3F9AF262-541D-45AF-80E3-4DBB598CF5FC"}],"properties":{"documentation":"","name":"提交","executionlisteners":"","conditionsequenceflow":"${outcome==\"0A769F48-AA99-4351-94B2-E91300085F18\"}","overrideid":"","defaultflow":"false"},"bounds":{"upperLeft":{"x":287.4375,"y":241},"lowerRight":{"x":406.5625,"y":241}},"stencil":{"id":"SequenceFlow"},"target":{"resourceId":"sid-3F9AF262-541D-45AF-80E3-4DBB598CF5FC"},"resourceId":"sid-0A769F48-AA99-4351-94B2-E91300085F18"},{"dockers":[],"childShapes":[],"outgoing":[{"resourceId":"sid-A210A23A-7695-466A-A78A-46BDD415DD7D"},{"resourceId":"sid-F1A73C8B-2D41-4F7D-802C-A295089EF5A8"},{"resourceId":"sid-BEB6FE52-F0F0-45A2-8CDA-DEED778420D6"}],"properties":{"formproperties":"","multiinstance_variable":"","prioritydefinition":"","executionlisteners":"","isforcompensation":"false","duedatedefinition":"","multiinstance_collection":"","formkeydefinition":"","multiinstance_type":"None","asynchronousdefinition":"false","multiinstance_condition":"","usertaskassignment":"","multiinstance_cardinality":"","tasklisteners":"","overrideid":"","documentation":"","exclusivedefinition":"false","name":"方案审核"},"bounds":{"upperLeft":{"x":885,"y":225},"lowerRight":{"x":917,"y":257}},"stencil":{"id":"UserTask"},"resourceId":"sid-F9A92EA1-F218-403D-8E3A-DAC1898F78DC"},{"dockers":[],"childShapes":[],"outgoing":[],"properties":{"documentation":"","name":"结束","executionlisteners":"","overrideid":""},"bounds":{"upperLeft":{"x":1050,"y":225},"lowerRight":{"x":1082,"y":257}},"stencil":{"id":"EndNoneEvent"},"resourceId":"sid-43646FE7-2DDD-4F41-9635-2DEC6485F55D"},{"dockers":[],"childShapes":[],"outgoing":[],"properties":{"documentation":"","name":"步骤","executionlisteners":"","overrideid":""},"bounds":{"upperLeft":{"x":893,"y":120},"lowerRight":{"x":909,"y":136}},"stencil":{"id":"CountSignEvent"},"resourceId":"sid-7B78C698-7DA2-4A00-9A18-900ABD29B64B"},{"dockers":[],"childShapes":[],"outgoing":[{"resourceId":"sid-A3F39F0D-7C02-4154-B271-C076A9334E9F"},{"resourceId":"sid-6B857733-3640-4BF9-AEA1-751D661DE27E"}],"properties":{"formproperties":"","multiinstance_variable":"","prioritydefinition":"","executionlisteners":"","isforcompensation":"false","duedatedefinition":"","multiinstance_collection":"","formkeydefinition":"","multiinstance_type":"None","asynchronousdefinition":"false","multiinstance_condition":"","usertaskassignment":"","multiinstance_cardinality":"","tasklisteners":"","overrideid":"","documentation":"","exclusivedefinition":"false","name":"解决中"},"bounds":{"upperLeft":{"x":720,"y":225},"lowerRight":{"x":752,"y":257}},"stencil":{"id":"UserTask"},"resourceId":"sid-10D26126-25D9-4889-8EA3-463FCB1DA949"},{"dockers":[],"childShapes":[],"outgoing":[{"resourceId":"sid-0EAAB862-27DF-4585-A98A-8EDB080CD3F8"}],"properties":{"formproperties":"","multiinstance_variable":"","prioritydefinition":"","executionlisteners":"","isforcompensation":"false","duedatedefinition":"","multiinstance_collection":"","formkeydefinition":"","multiinstance_type":"None","asynchronousdefinition":"false","multiinstance_condition":"","usertaskassignment":"","multiinstance_cardinality":"","tasklisteners":"","overrideid":"","documentation":"","exclusivedefinition":"false","name":"待解决"},"bounds":{"upperLeft":{"x":555,"y":225},"lowerRight":{"x":587,"y":257}},"stencil":{"id":"UserTask"},"resourceId":"sid-CC3E8C68-29E5-41CC-B1A9-7819CAEAAEDD"},{"dockers":[],"childShapes":[],"outgoing":[],"properties":{"documentation":"","name":"步骤","executionlisteners":"","overrideid":""},"bounds":{"upperLeft":{"x":728,"y":120},"lowerRight":{"x":744,"y":136}},"stencil":{"id":"CountSignEvent"},"resourceId":"sid-92E96FF2-C1E3-42B9-A82F-DD810B09F03E"},{"dockers":[{"x":16,"y":16},{"x":16,"y":16}],"childShapes":[],"outgoing":[{"resourceId":"sid-CC3E8C68-29E5-41CC-B1A9-7819CAEAAEDD"}],"properties":{"documentation":"","name":"确认问题","executionlisteners":"","conditionsequenceflow":"${outcome==\"EAF924AF-C4E5-43E0-8702-493AF1722B9B\"}","overrideid":"","defaultflow":"false"},"bounds":{"upperLeft":{"x":439.03125,"y":241},"lowerRight":{"x":554.96875,"y":241}},"stencil":{"id":"SequenceFlow"},"target":{"resourceId":"sid-CC3E8C68-29E5-41CC-B1A9-7819CAEAAEDD"},"resourceId":"sid-EAF924AF-C4E5-43E0-8702-493AF1722B9B"},{"dockers":[{"x":16,"y":16},{"x":16,"y":16}],"childShapes":[],"outgoing":[{"resourceId":"sid-10D26126-25D9-4889-8EA3-463FCB1DA949"}],"properties":{"documentation":"","name":"提交解决方案","executionlisteners":"","conditionsequenceflow":"${outcome==\"0EAAB862-27DF-4585-A98A-8EDB080CD3F8\"}","overrideid":"","defaultflow":"false"},"bounds":{"upperLeft":{"x":587.46875,"y":241},"lowerRight":{"x":719.53125,"y":241}},"stencil":{"id":"SequenceFlow"},"target":{"resourceId":"sid-10D26126-25D9-4889-8EA3-463FCB1DA949"},"resourceId":"sid-0EAAB862-27DF-4585-A98A-8EDB080CD3F8"},{"dockers":[{"x":16,"y":16},{"x":16,"y":16}],"childShapes":[],"outgoing":[{"resourceId":"sid-F9A92EA1-F218-403D-8E3A-DAC1898F78DC"}],"properties":{"documentation":"","name":"提交审核","executionlisteners":"","conditionsequenceflow":"${outcome==\"A3F39F0D-7C02-4154-B271-C076A9334E9F\"}","overrideid":"","defaultflow":"false"},"bounds":{"upperLeft":{"x":752.46875,"y":241},"lowerRight":{"x":884.53125,"y":241}},"stencil":{"id":"SequenceFlow"},"target":{"resourceId":"sid-F9A92EA1-F218-403D-8E3A-DAC1898F78DC"},"resourceId":"sid-A3F39F0D-7C02-4154-B271-C076A9334E9F"},{"dockers":[{"x":16,"y":16},{"x":16,"y":16}],"childShapes":[],"outgoing":[{"resourceId":"sid-43646FE7-2DDD-4F41-9635-2DEC6485F55D"}],"properties":{"documentation":"","name":"审核通过","executionlisteners":"","conditionsequenceflow":"${outcome==\"A210A23A-7695-466A-A78A-46BDD415DD7D\"}","overrideid":"","defaultflow":"false"},"bounds":{"upperLeft":{"x":917.46875,"y":241},"lowerRight":{"x":1049.53125,"y":241}},"stencil":{"id":"SequenceFlow"},"target":{"resourceId":"sid-43646FE7-2DDD-4F41-9635-2DEC6485F55D"},"resourceId":"sid-A210A23A-7695-466A-A78A-46BDD415DD7D"},{"dockers":[{"x":16,"y":16},{"x":841.5,"y":273},{"x":16,"y":16}],"childShapes":[],"outgoing":[{"resourceId":"sid-10D26126-25D9-4889-8EA3-463FCB1DA949"}],"properties":{"documentation":"","name":"审核不通过","executionlisteners":"","showdiamondmarker":false,"conditionsequenceflow":"${outcome==\"BEB6FE52-F0F0-45A2-8CDA-DEED778420D6\"}","overrideid":"","defaultflow":"false"},"bounds":{"upperLeft":{"x":752.6171043337023,"y":246.0402591343931},"lowerRight":{"x":884.3146038666973,"y":273}},"stencil":{"id":"SequenceFlow"},"target":{"resourceId":"sid-10D26126-25D9-4889-8EA3-463FCB1DA949"},"resourceId":"sid-BEB6FE52-F0F0-45A2-8CDA-DEED778420D6"},{"dockers":[{"x":16,"y":16},{"x":8,"y":8}],"childShapes":[],"outgoing":[{"resourceId":"sid-7B78C698-7DA2-4A00-9A18-900ABD29B64B"}],"properties":{"documentation":"","name":"问题跟踪","executionlisteners":"","conditionsequenceflow":"${outcome==\"F1A73C8B-2D41-4F7D-802C-A295089EF5A8\"}","overrideid":"","defaultflow":"false"},"bounds":{"upperLeft":{"x":901,"y":136.0625},"lowerRight":{"x":901,"y":224.109375}},"stencil":{"id":"SequenceFlow"},"target":{"resourceId":"sid-7B78C698-7DA2-4A00-9A18-900ABD29B64B"},"resourceId":"sid-F1A73C8B-2D41-4F7D-802C-A295089EF5A8"},{"dockers":[{"x":16,"y":16},{"x":423,"y":341},{"x":1066,"y":341},{"x":16,"y":16}],"childShapes":[],"outgoing":[{"resourceId":"sid-43646FE7-2DDD-4F41-9635-2DEC6485F55D"}],"properties":{"documentation":"","name":"关闭问题","executionlisteners":"","conditionsequenceflow":"${outcome==\"79C7BE65-E817-4377-B43D-9B28406D8CEC\"}","overrideid":"","defaultflow":"false"},"bounds":{"upperLeft":{"x":423,"y":257.625},"lowerRight":{"x":1066,"y":341}},"stencil":{"id":"SequenceFlow"},"target":{"resourceId":"sid-43646FE7-2DDD-4F41-9635-2DEC6485F55D"},"resourceId":"sid-79C7BE65-E817-4377-B43D-9B28406D8CEC"},{"dockers":[{"x":16,"y":16},{"x":8,"y":8}],"childShapes":[],"outgoing":[{"resourceId":"sid-92E96FF2-C1E3-42B9-A82F-DD810B09F03E"}],"properties":{"documentation":"","name":"问题跟踪","executionlisteners":"","conditionsequenceflow":"${outcome==\"6B857733-3640-4BF9-AEA1-751D661DE27E\"}","overrideid":"","defaultflow":"false"},"bounds":{"upperLeft":{"x":736,"y":136.0625},"lowerRight":{"x":736,"y":224.109375}},"stencil":{"id":"SequenceFlow"},"target":{"resourceId":"sid-92E96FF2-C1E3-42B9-A82F-DD810B09F03E"},"resourceId":"sid-6B857733-3640-4BF9-AEA1-751D661DE27E"},{"dockers":[],"childShapes":[],"outgoing":[{"resourceId":"sid-5C5FF71A-BB39-4422-9299-E22E46C24393"}],"properties":{"documentation":"","name":"风险 [风险管理模型_1.0]","executionlisteners":"","overrideid":""},"bounds":{"upperLeft":{"x":415,"y":120},"lowerRight":{"x":431,"y":136}},"stencil":{"id":"DeriveEvent"},"resourceId":"sid-B7DE9D1F-70F9-47A1-8B96-78100AE383D4"},{"dockers":[{"x":8,"y":8},{"x":16,"y":16}],"childShapes":[],"outgoing":[{"resourceId":"sid-3F9AF262-541D-45AF-80E3-4DBB598CF5FC"}],"properties":{"documentation":"","name":"派生问题","executionlisteners":"","conditionsequenceflow":"${outcome==\"5C5FF71A-BB39-4422-9299-E22E46C24393\"}","overrideid":"","defaultflow":"false"},"bounds":{"upperLeft":{"x":423,"y":136.0625},"lowerRight":{"x":423,"y":224.109375}},"stencil":{"id":"SequenceFlow"},"target":{"resourceId":"sid-3F9AF262-541D-45AF-80E3-4DBB598CF5FC"},"resourceId":"sid-5C5FF71A-BB39-4422-9299-E22E46C24393"}],"ssextensions":[],"properties":{"process_namespace":"http://www.activiti.org/processdef","name":"问题流程模型_1.0","process_version":"","messagedefinitions":"","signaldefinitions":"","documentation":"","executionlisteners":"","eventlisteners":"","process_id":"ACTb3e7e-7612-4c4b-96b4-b805fc25b59f","process_author":""},"bounds":{"upperLeft":{"x":0,"y":0},"lowerRight":{"x":1810,"y":789}},"stencil":{"id":"BPMNDiagram"},"resourceId":"13"}'), NULL);
INSERT INTO act_re_model(ID_, REV_, NAME_, KEY_, CATEGORY_, CREATE_TIME_, LAST_UPDATE_TIME_, VERSION_, META_INFO_, DEPLOYMENT_ID_, EDITOR_SOURCE_VALUE_ID_, EDITOR_SOURCE_EXTRA_VALUE_ID_, TENANT_ID_)
VALUES ('13', 4, '问题流程模型_1.0', 'ACTb3e7e-7612-4c4b-96b4-b805fc25b59f', NULL, '2022-08-08', '2022-08-08', 1, '{"name":"问题流程模型_1.0","description":"","revision":1,"signKey":"ACTb3e7e-7612-4c4b-96b4-b805fc25b59f"}', NULL, '14', NULL, '');

INSERT INTO act_ge_bytearray(ID_, REV_, NAME_, DEPLOYMENT_ID_, BYTES_, GENERATED_)
VALUES ('20', 2, 'source', NULL, CONVERT(varbinary(max), '{"stencilset":{"url":"stencilsets/bpmn2.0/bpmn2.0.json","namespace":"http://b3mn.org/stencilset/bpmn2.0#"},"childShapes":[{"dockers":[],"childShapes":[],"outgoing":[{"resourceId":"sid-5CA07267-FE98-4E1A-82BC-D7CF2D2A10E9"}],"properties":{"documentation":"","formkeydefinition":"","name":"开始","executionlisteners":"","initiator":"","formproperties":"","overrideid":""},"stencil":{"id":"StartNoneEvent"},"bounds":{"upperLeft":{"x":207.5,"y":179},"lowerRight":{"x":239.5,"y":211}},"resourceId":"sid-A0689C4B-DDE6-4111-ABD7-750C3ECA9262"},{"dockers":[],"childShapes":[],"outgoing":[{"resourceId":"sid-4EBC1E68-E2D6-4FE0-85B3-0120677860EA"}],"properties":{"formproperties":"","multiinstance_variable":"","prioritydefinition":"","executionlisteners":"","isforcompensation":"false","duedatedefinition":"","multiinstance_collection":"","formkeydefinition":"","multiinstance_type":"None","asynchronousdefinition":"false","multiinstance_condition":"","usertaskassignment":"","multiinstance_cardinality":"","tasklisteners":"","overrideid":"","documentation":"","exclusivedefinition":"false","name":"需求识别"},"stencil":{"id":"UserTask"},"bounds":{"upperLeft":{"x":359.5,"y":179},"lowerRight":{"x":391.5,"y":211}},"resourceId":"sid-90AD9D5B-587F-4E38-8820-A5BC2FC76242"},{"dockers":[],"childShapes":[],"outgoing":[{"resourceId":"sid-08CEF66D-383A-4DD6-9052-83AFE8250D60"},{"resourceId":"sid-3BB84B19-3BD4-4217-93C3-ABB7447AF448"}],"properties":{"formproperties":"","multiinstance_variable":"","prioritydefinition":"","executionlisteners":"","isforcompensation":"false","duedatedefinition":"","multiinstance_collection":"","formkeydefinition":"","multiinstance_type":"None","asynchronousdefinition":"false","multiinstance_condition":"","usertaskassignment":"","multiinstance_cardinality":"","tasklisteners":"","overrideid":"","documentation":"","exclusivedefinition":"false","name":"需求分析"},"stencil":{"id":"UserTask"},"bounds":{"upperLeft":{"x":511.5,"y":179},"lowerRight":{"x":543.5,"y":211}},"resourceId":"sid-808F3897-FB49-4537-91F0-6D3BB5F1DAE6"},{"dockers":[],"childShapes":[],"outgoing":[{"resourceId":"sid-C3FFEAA3-ADBF-4313-B9D3-A91355E0DD2C"},{"resourceId":"sid-669D78BF-64FB-4A5B-9D2F-F0C6310676CA"}],"properties":{"formproperties":"","multiinstance_variable":"","prioritydefinition":"","executionlisteners":"","isforcompensation":"false","duedatedefinition":"","multiinstance_collection":"","formkeydefinition":"","multiinstance_type":"None","asynchronousdefinition":"false","multiinstance_condition":"","usertaskassignment":"","multiinstance_cardinality":"","tasklisteners":"","overrideid":"","documentation":"","exclusivedefinition":"false","name":"需求文档化"},"stencil":{"id":"UserTask"},"bounds":{"upperLeft":{"x":663.5,"y":179},"lowerRight":{"x":695.5,"y":211}},"resourceId":"sid-AC19B946-A24A-4977-B58F-F13D8E3220DC"},{"dockers":[],"childShapes":[],"outgoing":[{"resourceId":"sid-CF223DB9-47D4-4CD0-A10A-D121BCEEC7BE"}],"properties":{"formproperties":"","multiinstance_variable":"","prioritydefinition":"","executionlisteners":"","isforcompensation":"false","duedatedefinition":"","multiinstance_collection":"","formkeydefinition":"","multiinstance_type":"None","asynchronousdefinition":"false","multiinstance_condition":"","usertaskassignment":"","multiinstance_cardinality":"","tasklisteners":"","overrideid":"","documentation":"","exclusivedefinition":"false","name":"需求确认"},"stencil":{"id":"UserTask"},"bounds":{"upperLeft":{"x":815.5,"y":179},"lowerRight":{"x":847.5,"y":211}},"resourceId":"sid-0BF25603-DD29-4951-8D63-BCAC28E5F05B"},{"dockers":[],"childShapes":[],"outgoing":[{"resourceId":"sid-7D834E5D-F163-4F54-B780-530CC96B4BA0"},{"resourceId":"sid-CB5D015E-D604-4A35-890D-19ACEC4F72F5"}],"properties":{"formproperties":"","multiinstance_variable":"","prioritydefinition":"","executionlisteners":"","isforcompensation":"false","duedatedefinition":"","multiinstance_collection":"","formkeydefinition":"","multiinstance_type":"None","asynchronousdefinition":"false","multiinstance_condition":"","usertaskassignment":"","multiinstance_cardinality":"","tasklisteners":"","overrideid":"","documentation":"","exclusivedefinition":"false","name":"需求跟踪"},"stencil":{"id":"UserTask"},"bounds":{"upperLeft":{"x":967.5,"y":179},"lowerRight":{"x":999.5,"y":211}},"resourceId":"sid-ACEE593E-D8BC-4057-856F-C3FE95DD0998"},{"dockers":[],"childShapes":[],"outgoing":[{"resourceId":"sid-11ADDA75-6143-4A8E-B852-1424B057B02D"},{"resourceId":"sid-48CB871E-D9D4-413E-B59E-1C42B22AC8B8"}],"properties":{"formproperties":"","multiinstance_variable":"","prioritydefinition":"","executionlisteners":"","isforcompensation":"false","duedatedefinition":"","multiinstance_collection":"","formkeydefinition":"","multiinstance_type":"None","asynchronousdefinition":"false","multiinstance_condition":"","usertaskassignment":"","multiinstance_cardinality":"","tasklisteners":"","overrideid":"","documentation":"","exclusivedefinition":"false","name":"需求审核"},"stencil":{"id":"UserTask"},"bounds":{"upperLeft":{"x":1119.5,"y":179},"lowerRight":{"x":1151.5,"y":211}},"resourceId":"sid-0A993E05-20EB-4EF8-AB11-1470D75AD1C2"},{"dockers":[],"childShapes":[],"outgoing":[],"properties":{"documentation":"","name":"结束","executionlisteners":"","overrideid":""},"stencil":{"id":"EndNoneEvent"},"bounds":{"upperLeft":{"x":1275,"y":179},"lowerRight":{"x":1307,"y":211}},"resourceId":"sid-9C7A087D-BD85-44A9-A2AE-432DD371779E"},{"dockers":[{"x":16,"y":16},{"x":16,"y":16}],"childShapes":[],"outgoing":[{"resourceId":"sid-90AD9D5B-587F-4E38-8820-A5BC2FC76242"}],"properties":{"documentation":"","name":"提交","executionlisteners":"","conditionsequenceflow":"${outcome==\"5CA07267-FE98-4E1A-82BC-D7CF2D2A10E9\"}","overrideid":"","defaultflow":"false"},"stencil":{"id":"SequenceFlow"},"bounds":{"upperLeft":{"x":239.9375,"y":195},"lowerRight":{"x":359.0625,"y":195}},"target":{"resourceId":"sid-90AD9D5B-587F-4E38-8820-A5BC2FC76242"},"resourceId":"sid-5CA07267-FE98-4E1A-82BC-D7CF2D2A10E9"},{"dockers":[{"x":16,"y":16},{"x":16,"y":16}],"childShapes":[],"outgoing":[{"resourceId":"sid-808F3897-FB49-4537-91F0-6D3BB5F1DAE6"}],"properties":{"documentation":"","name":"识别需求","executionlisteners":"","conditionsequenceflow":"${outcome==\"4EBC1E68-E2D6-4FE0-85B3-0120677860EA\"}","overrideid":"","defaultflow":"false"},"stencil":{"id":"SequenceFlow"},"bounds":{"upperLeft":{"x":391.9375,"y":195},"lowerRight":{"x":511.0625,"y":195}},"target":{"resourceId":"sid-808F3897-FB49-4537-91F0-6D3BB5F1DAE6"},"resourceId":"sid-4EBC1E68-E2D6-4FE0-85B3-0120677860EA"},{"dockers":[{"x":16,"y":16},{"x":16,"y":16}],"childShapes":[],"outgoing":[{"resourceId":"sid-AC19B946-A24A-4977-B58F-F13D8E3220DC"}],"properties":{"documentation":"","name":"分析需求","executionlisteners":"","conditionsequenceflow":"${outcome==\"08CEF66D-383A-4DD6-9052-83AFE8250D60\"}","overrideid":"","defaultflow":"false"},"stencil":{"id":"SequenceFlow"},"bounds":{"upperLeft":{"x":543.9375,"y":195},"lowerRight":{"x":663.0625,"y":195}},"target":{"resourceId":"sid-AC19B946-A24A-4977-B58F-F13D8E3220DC"},"resourceId":"sid-08CEF66D-383A-4DD6-9052-83AFE8250D60"},{"dockers":[{"x":16,"y":16},{"x":16,"y":16}],"childShapes":[],"outgoing":[{"resourceId":"sid-0BF25603-DD29-4951-8D63-BCAC28E5F05B"}],"properties":{"documentation":"","name":"文档化需求","executionlisteners":"","conditionsequenceflow":"${outcome==\"C3FFEAA3-ADBF-4313-B9D3-A91355E0DD2C\"}","overrideid":"","defaultflow":"false"},"stencil":{"id":"SequenceFlow"},"bounds":{"upperLeft":{"x":695.9375,"y":195},"lowerRight":{"x":815.0625,"y":195}},"target":{"resourceId":"sid-0BF25603-DD29-4951-8D63-BCAC28E5F05B"},"resourceId":"sid-C3FFEAA3-ADBF-4313-B9D3-A91355E0DD2C"},{"dockers":[{"x":16,"y":16},{"x":16,"y":16}],"childShapes":[],"outgoing":[{"resourceId":"sid-ACEE593E-D8BC-4057-856F-C3FE95DD0998"}],"properties":{"documentation":"","name":"确认需求","executionlisteners":"","conditionsequenceflow":"${outcome==\"CF223DB9-47D4-4CD0-A10A-D121BCEEC7BE\"}","overrideid":"","defaultflow":"false"},"stencil":{"id":"SequenceFlow"},"bounds":{"upperLeft":{"x":847.9375,"y":195},"lowerRight":{"x":967.0625,"y":195}},"target":{"resourceId":"sid-ACEE593E-D8BC-4057-856F-C3FE95DD0998"},"resourceId":"sid-CF223DB9-47D4-4CD0-A10A-D121BCEEC7BE"},{"dockers":[{"x":16,"y":16},{"x":16,"y":16}],"childShapes":[],"outgoing":[{"resourceId":"sid-0A993E05-20EB-4EF8-AB11-1470D75AD1C2"}],"properties":{"documentation":"","name":"提交审核","executionlisteners":"","conditionsequenceflow":"${outcome==\"7D834E5D-F163-4F54-B780-530CC96B4BA0\"}","overrideid":"","defaultflow":"false"},"stencil":{"id":"SequenceFlow"},"bounds":{"upperLeft":{"x":999.9375,"y":195},"lowerRight":{"x":1119.0625,"y":195}},"target":{"resourceId":"sid-0A993E05-20EB-4EF8-AB11-1470D75AD1C2"},"resourceId":"sid-7D834E5D-F163-4F54-B780-530CC96B4BA0"},{"dockers":[{"x":16,"y":16},{"x":16,"y":16}],"childShapes":[],"outgoing":[{"resourceId":"sid-9C7A087D-BD85-44A9-A2AE-432DD371779E"}],"properties":{"documentation":"","name":"审核通过","executionlisteners":"","conditionsequenceflow":"${outcome==\"11ADDA75-6143-4A8E-B852-1424B057B02D\"}","overrideid":"","defaultflow":"false"},"stencil":{"id":"SequenceFlow"},"bounds":{"upperLeft":{"x":1152.29296875,"y":195},"lowerRight":{"x":1274.20703125,"y":195}},"target":{"resourceId":"sid-9C7A087D-BD85-44A9-A2AE-432DD371779E"},"resourceId":"sid-11ADDA75-6143-4A8E-B852-1424B057B02D"},{"dockers":[],"childShapes":[],"outgoing":[],"properties":{"documentation":"","name":"测试用例","executionlisteners":"","overrideid":""},"stencil":{"id":"DeriveEvent"},"bounds":{"upperLeft":{"x":671.5,"y":315},"lowerRight":{"x":687.5,"y":331}},"resourceId":"sid-35E6A285-C273-4A4E-92F6-5AE6BF49C512"},{"dockers":[],"childShapes":[],"outgoing":[],"properties":{"documentation":"","name":"步骤","executionlisteners":"","overrideid":""},"stencil":{"id":"CountSignEvent"},"bounds":{"upperLeft":{"x":975.5,"y":315},"lowerRight":{"x":991.5,"y":331}},"resourceId":"sid-FA2E8C07-D400-472E-A87C-57C8851A64DA"},{"dockers":[{"x":16,"y":16},{"x":8,"y":8}],"childShapes":[],"outgoing":[{"resourceId":"sid-35E6A285-C273-4A4E-92F6-5AE6BF49C512"}],"properties":{"documentation":"","name":"派生用例","executionlisteners":"","conditionsequenceflow":"${outcome==\"669D78BF-64FB-4A5B-9D2F-F0C6310676CA\"}","overrideid":"","defaultflow":"false"},"stencil":{"id":"SequenceFlow"},"bounds":{"upperLeft":{"x":679.5,"y":212},"lowerRight":{"x":679.5,"y":315}},"target":{"resourceId":"sid-35E6A285-C273-4A4E-92F6-5AE6BF49C512"},"resourceId":"sid-669D78BF-64FB-4A5B-9D2F-F0C6310676CA"},{"dockers":[{"x":16,"y":16},{"x":8,"y":8}],"childShapes":[],"outgoing":[{"resourceId":"sid-FA2E8C07-D400-472E-A87C-57C8851A64DA"}],"properties":{"documentation":"","name":"需求跟踪","executionlisteners":"","conditionsequenceflow":"${outcome==\"CB5D015E-D604-4A35-890D-19ACEC4F72F5\"}","showdiamondmarker":false,"overrideid":"","defaultflow":"false"},"stencil":{"id":"SequenceFlow"},"bounds":{"upperLeft":{"x":983.5,"y":212},"lowerRight":{"x":983.5,"y":315}},"target":{"resourceId":"sid-FA2E8C07-D400-472E-A87C-57C8851A64DA"},"resourceId":"sid-CB5D015E-D604-4A35-890D-19ACEC4F72F5"},{"dockers":[{"x":16,"y":16},{"x":1135.5,"y":87},{"x":527.5,"y":87},{"x":16,"y":16}],"childShapes":[],"outgoing":[{"resourceId":"sid-808F3897-FB49-4537-91F0-6D3BB5F1DAE6"}],"properties":{"documentation":"","name":"审核不通过","executionlisteners":"","conditionsequenceflow":"${outcome==\"48CB871E-D9D4-413E-B59E-1C42B22AC8B8\"}","overrideid":"","defaultflow":"false"},"stencil":{"id":"SequenceFlow"},"bounds":{"upperLeft":{"x":527.5,"y":87},"lowerRight":{"x":1135.5,"y":178.8125}},"target":{"resourceId":"sid-808F3897-FB49-4537-91F0-6D3BB5F1DAE6"},"resourceId":"sid-48CB871E-D9D4-413E-B59E-1C42B22AC8B8"},{"dockers":[{"x":16,"y":16},{"x":638.5,"y":117},{"x":1291,"y":117},{"x":16,"y":16}],"childShapes":[],"outgoing":[{"resourceId":"sid-9C7A087D-BD85-44A9-A2AE-432DD371779E"}],"properties":{"documentation":"","name":"拒绝需求","executionlisteners":"","conditionsequenceflow":"${outcome==\"3BB84B19-3BD4-4217-93C3-ABB7447AF448\"}","overrideid":"","defaultflow":"false"},"stencil":{"id":"SequenceFlow"},"bounds":{"upperLeft":{"x":543.9275666968607,"y":117},"lowerRight":{"x":1291,"y":183.4563044832871}},"target":{"resourceId":"sid-9C7A087D-BD85-44A9-A2AE-432DD371779E"},"resourceId":"sid-3BB84B19-3BD4-4217-93C3-ABB7447AF448"}],"ssextensions":[],"properties":{"process_namespace":"http://www.activiti.org/processdef","name":"市场需求管理模型_1.0","process_version":"","messagedefinitions":"","signaldefinitions":"","documentation":"","executionlisteners":"","eventlisteners":"","process_id":"ACT1ea8c-421a-4803-9183-98246f4c5d07","process_author":""},"stencil":{"id":"BPMNDiagram"},"bounds":{"upperLeft":{"x":0,"y":0},"lowerRight":{"x":1810,"y":789}},"resourceId":"19"}'), NULL);
INSERT INTO act_re_model(ID_, REV_, NAME_, KEY_, CATEGORY_, CREATE_TIME_, LAST_UPDATE_TIME_, VERSION_, META_INFO_, DEPLOYMENT_ID_, EDITOR_SOURCE_VALUE_ID_, EDITOR_SOURCE_EXTRA_VALUE_ID_, TENANT_ID_)
VALUES ('19', 4, '市场需求管理模型_1.0', 'ACT1ea8c-421a-4803-9183-98246f4c5d07', NULL, '2022-08-08', '2022-08-08', 1, '{"name":"市场需求管理模型_1.0","description":"","revision":1,"signKey":"ACT1ea8c-421a-4803-9183-98246f4c5d07"}', NULL, '20', NULL, '');

INSERT INTO act_ge_bytearray(ID_, REV_, NAME_, DEPLOYMENT_ID_, BYTES_, GENERATED_)
VALUES ('26', 2, 'source', NULL, CONVERT(varbinary(max), '{"stencilset":{"url":"stencilsets/bpmn2.0/bpmn2.0.json","namespace":"http://b3mn.org/stencilset/bpmn2.0#"},"childShapes":[{"dockers":[],"childShapes":[],"outgoing":[{"resourceId":"sid-3E91E511-C5F9-44E6-BE99-17E21CEDA98D"}],"properties":{"formkeydefinition":"","documentation":"","name":"开始","executionlisteners":"","formproperties":"","initiator":"","overrideid":""},"bounds":{"upperLeft":{"x":242.5,"y":156},"lowerRight":{"x":274.5,"y":188}},"stencil":{"id":"StartNoneEvent"},"resourceId":"sid-6223D88F-A9A0-4ABC-935C-6F30B407A8BC"},{"dockers":[{"x":16,"y":16},{"x":16,"y":16}],"childShapes":[],"outgoing":[{"resourceId":"sid-AE3BC426-EC77-4BE5-84AB-BF77EADC92DA"}],"properties":{"documentation":"","name":"提交","executionlisteners":"","showdiamondmarker":false,"conditionsequenceflow":"${outcome==\"3E91E511-C5F9-44E6-BE99-17E21CEDA98D\"}","overrideid":"","defaultflow":"false"},"bounds":{"upperLeft":{"x":274.93747835942827,"y":171.10814130499625},"lowerRight":{"x":394.06252164057173,"y":171.89185869500375}},"stencil":{"id":"SequenceFlow"},"target":{"resourceId":"sid-AE3BC426-EC77-4BE5-84AB-BF77EADC92DA"},"resourceId":"sid-3E91E511-C5F9-44E6-BE99-17E21CEDA98D"},{"dockers":[],"childShapes":[],"outgoing":[{"resourceId":"sid-6382EFBE-EC89-42FF-85D2-68A0629DBE6D"},{"resourceId":"sid-A9ECB5C2-7B53-4D78-94DB-FBC3DE0F6207"}],"properties":{"formproperties":"","multiinstance_variable":"","prioritydefinition":"","executionlisteners":"","isforcompensation":"false","duedatedefinition":"","multiinstance_collection":"","formkeydefinition":"","multiinstance_type":"None","asynchronousdefinition":"false","multiinstance_condition":"","usertaskassignment":"","multiinstance_cardinality":"","tasklisteners":"","overrideid":"","documentation":"","exclusivedefinition":"false","name":"项目验收"},"bounds":{"upperLeft":{"x":546.5,"y":156},"lowerRight":{"x":578.5,"y":188}},"stencil":{"id":"UserTask"},"resourceId":"sid-C3C6903A-EFC1-4D67-B86A-E2F6BEC0D7C1"},{"dockers":[],"childShapes":[],"outgoing":[{"resourceId":"sid-06902081-081A-4943-9044-DCE6AA77C581"},{"resourceId":"sid-63BB84B1-FBF2-4313-B802-4CEF0C341C77"}],"properties":{"formproperties":"","multiinstance_variable":"","prioritydefinition":"","executionlisteners":"","isforcompensation":"false","duedatedefinition":"","multiinstance_collection":"","formkeydefinition":"","multiinstance_type":"None","asynchronousdefinition":"false","multiinstance_condition":"","usertaskassignment":"","multiinstance_cardinality":"","tasklisteners":"","overrideid":"","documentation":"","exclusivedefinition":"false","name":"项目归档"},"bounds":{"upperLeft":{"x":698.5,"y":156},"lowerRight":{"x":730.5,"y":188}},"stencil":{"id":"UserTask"},"resourceId":"sid-D4701CEE-678E-401D-BD1B-1F28545F68BA"},{"dockers":[{"x":16,"y":16},{"x":16,"y":16}],"childShapes":[],"outgoing":[{"resourceId":"sid-D4701CEE-678E-401D-BD1B-1F28545F68BA"}],"properties":{"documentation":"","name":"验收通过","executionlisteners":"","conditionsequenceflow":"${outcome==\"6382EFBE-EC89-42FF-85D2-68A0629DBE6D\"}","overrideid":"","defaultflow":"false"},"bounds":{"upperLeft":{"x":578.9375,"y":172},"lowerRight":{"x":698.0625,"y":172}},"stencil":{"id":"SequenceFlow"},"target":{"resourceId":"sid-D4701CEE-678E-401D-BD1B-1F28545F68BA"},"resourceId":"sid-6382EFBE-EC89-42FF-85D2-68A0629DBE6D"},{"dockers":[{"x":16,"y":16},{"x":562.5,"y":64},{"x":410.5,"y":64},{"x":16,"y":16}],"childShapes":[],"outgoing":[{"resourceId":"sid-AE3BC426-EC77-4BE5-84AB-BF77EADC92DA"}],"properties":{"documentation":"","name":"验收不通过","executionlisteners":"","showdiamondmarker":false,"conditionsequenceflow":"${outcome==\"A9ECB5C2-7B53-4D78-94DB-FBC3DE0F6207\"}","overrideid":"","defaultflow":"false"},"bounds":{"upperLeft":{"x":410.5,"y":64},"lowerRight":{"x":562.5,"y":155.8125}},"stencil":{"id":"SequenceFlow"},"target":{"resourceId":"sid-AE3BC426-EC77-4BE5-84AB-BF77EADC92DA"},"resourceId":"sid-A9ECB5C2-7B53-4D78-94DB-FBC3DE0F6207"},{"dockers":[],"childShapes":[],"outgoing":[{"resourceId":"sid-A952632D-E304-418A-9AF1-8988A2742862"},{"resourceId":"sid-E6ED52A6-218B-4228-AFB9-C21871B88B2F"}],"properties":{"formproperties":"","multiinstance_variable":"","prioritydefinition":"","executionlisteners":"","isforcompensation":"false","duedatedefinition":"","multiinstance_collection":"","formkeydefinition":"","multiinstance_type":"None","asynchronousdefinition":"false","multiinstance_condition":"","usertaskassignment":"","multiinstance_cardinality":"","tasklisteners":"","overrideid":"","documentation":"","exclusivedefinition":"false","name":"结项审核"},"bounds":{"upperLeft":{"x":850.5,"y":156},"lowerRight":{"x":882.5,"y":188}},"stencil":{"id":"UserTask"},"resourceId":"sid-6AE23FBE-0051-4A46-BDA2-000A0F72DF79"},{"dockers":[],"childShapes":[],"outgoing":[],"properties":{"documentation":"","name":"结束","executionlisteners":"","overrideid":""},"bounds":{"upperLeft":{"x":1005,"y":155},"lowerRight":{"x":1037,"y":187}},"stencil":{"id":"EndNoneEvent"},"resourceId":"sid-94DBC844-9B9B-4BE8-8ECF-5387400F4246"},{"dockers":[{"x":16,"y":16},{"x":16,"y":16}],"childShapes":[],"outgoing":[{"resourceId":"sid-94DBC844-9B9B-4BE8-8ECF-5387400F4246"}],"properties":{"documentation":"","name":"审核通过","executionlisteners":"","conditionsequenceflow":"${outcome==\"A952632D-E304-418A-9AF1-8988A2742862\"}","overrideid":"","defaultflow":"false"},"bounds":{"upperLeft":{"x":883.1913853040824,"y":171.1080348563371},"lowerRight":{"x":1004.3086146959176,"y":171.8919651436629}},"stencil":{"id":"SequenceFlow"},"target":{"resourceId":"sid-94DBC844-9B9B-4BE8-8ECF-5387400F4246"},"resourceId":"sid-A952632D-E304-418A-9AF1-8988A2742862"},{"dockers":[{"x":16,"y":16},{"x":866.5,"y":62},{"x":714.5,"y":62},{"x":16,"y":16}],"childShapes":[],"outgoing":[{"resourceId":"sid-D4701CEE-678E-401D-BD1B-1F28545F68BA"}],"properties":{"documentation":"","name":"审核不通过","executionlisteners":"","conditionsequenceflow":"${outcome==\"E6ED52A6-218B-4228-AFB9-C21871B88B2F\"}","overrideid":"","defaultflow":"false"},"bounds":{"upperLeft":{"x":714.5,"y":62},"lowerRight":{"x":866.5,"y":155.53125}},"stencil":{"id":"SequenceFlow"},"target":{"resourceId":"sid-D4701CEE-678E-401D-BD1B-1F28545F68BA"},"resourceId":"sid-E6ED52A6-218B-4228-AFB9-C21871B88B2F"},{"dockers":[{"x":16,"y":16},{"x":16,"y":16}],"childShapes":[],"outgoing":[{"resourceId":"sid-6AE23FBE-0051-4A46-BDA2-000A0F72DF79"}],"properties":{"documentation":"","name":"归档通过","executionlisteners":"","conditionsequenceflow":"${outcome==\"63BB84B1-FBF2-4313-B802-4CEF0C341C77\"}","overrideid":"","defaultflow":"false"},"bounds":{"upperLeft":{"x":730.9375,"y":172},"lowerRight":{"x":850.0625,"y":172}},"stencil":{"id":"SequenceFlow"},"target":{"resourceId":"sid-6AE23FBE-0051-4A46-BDA2-000A0F72DF79"},"resourceId":"sid-63BB84B1-FBF2-4313-B802-4CEF0C341C77"},{"dockers":[{"x":16,"y":16},{"x":714.5,"y":279},{"x":562.5,"y":279},{"x":16,"y":16}],"childShapes":[],"outgoing":[{"resourceId":"sid-C3C6903A-EFC1-4D67-B86A-E2F6BEC0D7C1"}],"properties":{"documentation":"","name":"归档不通过","executionlisteners":"","conditionsequenceflow":"${outcome==\"06902081-081A-4943-9044-DCE6AA77C581\"}","overrideid":"","defaultflow":"false"},"bounds":{"upperLeft":{"x":562.5,"y":188.046875},"lowerRight":{"x":714.5,"y":279}},"stencil":{"id":"SequenceFlow"},"target":{"resourceId":"sid-C3C6903A-EFC1-4D67-B86A-E2F6BEC0D7C1"},"resourceId":"sid-06902081-081A-4943-9044-DCE6AA77C581"},{"dockers":[],"childShapes":[],"outgoing":[{"resourceId":"sid-620EBEBE-8D7A-44E4-B87C-C154401AD22A"}],"properties":{"formproperties":"","multiinstance_variable":"","prioritydefinition":"","executionlisteners":"","isforcompensation":"false","duedatedefinition":"","multiinstance_collection":"","formkeydefinition":"","multiinstance_type":"None","asynchronousdefinition":"false","multiinstance_condition":"","usertaskassignment":"","multiinstance_cardinality":"","tasklisteners":"","overrideid":"","documentation":"","exclusivedefinition":"false","name":"资料整理"},"bounds":{"upperLeft":{"x":394.5,"y":155},"lowerRight":{"x":426.5,"y":187}},"stencil":{"id":"UserTask"},"resourceId":"sid-AE3BC426-EC77-4BE5-84AB-BF77EADC92DA"},{"dockers":[{"x":16,"y":16},{"x":16,"y":16}],"childShapes":[],"outgoing":[{"resourceId":"sid-C3C6903A-EFC1-4D67-B86A-E2F6BEC0D7C1"}],"properties":{"documentation":"","name":"提交验收","executionlisteners":"","showdiamondmarker":false,"conditionsequenceflow":"${outcome==\"620EBEBE-8D7A-44E4-B87C-C154401AD22A\"}","overrideid":"","defaultflow":"false"},"bounds":{"upperLeft":{"x":426.93747835942827,"y":171.10814130499625},"lowerRight":{"x":546.0625216405717,"y":171.89185869500375}},"stencil":{"id":"SequenceFlow"},"target":{"resourceId":"sid-C3C6903A-EFC1-4D67-B86A-E2F6BEC0D7C1"},"resourceId":"sid-620EBEBE-8D7A-44E4-B87C-C154401AD22A"},{"dockers":[],"childShapes":[],"outgoing":[{"resourceId":"sid-c170b2c9-ec7b-47ad-81fb-81f8a4ef48b9"}],"properties":{"documentation":"","name":"项目 [标准生命周期]","executionlisteners":"","overrideid":""},"bounds":{"upperLeft":{"x":402.5,"y":285},"lowerRight":{"x":418.5,"y":301}},"stencil":{"id":"DeriveEvent"},"resourceId":"sid-49a852bc-2f74-42ad-9333-e6e89389814b"},{"dockers":[{"x":8,"y":8},{"x":16,"y":16}],"childShapes":[],"outgoing":[{"resourceId":"sid-AE3BC426-EC77-4BE5-84AB-BF77EADC92DA"}],"properties":{"documentation":"","name":"申请结项","executionlisteners":"","conditionsequenceflow":"${outcome==\"c170b2c9-ec7b-47ad-81fb-81f8a4ef48b9\"}","overrideid":"","defaultflow":"false"},"bounds":{"upperLeft":{"x":410.5,"y":187.25},"lowerRight":{"x":410.5,"y":284.375}},"stencil":{"id":"SequenceFlow"},"target":{"resourceId":"sid-AE3BC426-EC77-4BE5-84AB-BF77EADC92DA"},"resourceId":"sid-c170b2c9-ec7b-47ad-81fb-81f8a4ef48b9"}],"ssextensions":[],"properties":{"process_namespace":"http://www.activiti.org/processdef","name":"结项管理模型_1.0","process_version":"","messagedefinitions":"","signaldefinitions":"","documentation":"","executionlisteners":"","eventlisteners":"","process_id":"ACTa0a8b-cadc-43de-8e6e-f82939c75e3a","process_author":""},"bounds":{"upperLeft":{"x":0,"y":0},"lowerRight":{"x":1810,"y":789}},"stencil":{"id":"BPMNDiagram"},"resourceId":"25"}'), NULL);
INSERT INTO act_re_model(ID_, REV_, NAME_, KEY_, CATEGORY_, CREATE_TIME_, LAST_UPDATE_TIME_, VERSION_, META_INFO_, DEPLOYMENT_ID_, EDITOR_SOURCE_VALUE_ID_, EDITOR_SOURCE_EXTRA_VALUE_ID_, TENANT_ID_)
VALUES ('25', 4, '结项管理模型_1.0', 'ACTa0a8b-cadc-43de-8e6e-f82939c75e3a', NULL, '2022-08-08', '2022-08-08', 1, '{"name":"结项管理模型_1.0","description":"","revision":1,"signKey":"ACTa0a8b-cadc-43de-8e6e-f82939c75e3a"}', NULL, '26', NULL, '');

INSERT INTO act_ge_bytearray(ID_, REV_, NAME_, DEPLOYMENT_ID_, BYTES_, GENERATED_)
VALUES ('32', 2, 'source', NULL, CONVERT(varbinary(max), '{"stencilset":{"url":"stencilsets/bpmn2.0/bpmn2.0.json","namespace":"http://b3mn.org/stencilset/bpmn2.0#"},"childShapes":[{"dockers":[],"childShapes":[],"outgoing":[{"resourceId":"sid-C7C11477-FDA4-4B59-8EAD-1DDA13F828EC"}],"properties":{"documentation":"","formkeydefinition":"","name":"开始","executionlisteners":"","initiator":"","formproperties":"","overrideid":""},"stencil":{"id":"StartNoneEvent"},"bounds":{"upperLeft":{"x":129.5,"y":255},"lowerRight":{"x":161.5,"y":287}},"resourceId":"sid-4E87C4AF-D37B-43F4-8AD6-0CAD12EA6820"},{"dockers":[],"childShapes":[],"outgoing":[{"resourceId":"sid-F40C6BEE-E15B-481F-A8D2-965942D3C9FC"}],"properties":{"formproperties":"","multiinstance_variable":"","prioritydefinition":"","executionlisteners":"","isforcompensation":"false","duedatedefinition":"","multiinstance_collection":"","formkeydefinition":"","multiinstance_type":"None","asynchronousdefinition":"false","multiinstance_condition":"","usertaskassignment":"","multiinstance_cardinality":"","tasklisteners":"","overrideid":"","documentation":"","exclusivedefinition":"false","name":"制定项目提案"},"stencil":{"id":"UserTask"},"bounds":{"upperLeft":{"x":281.5,"y":255},"lowerRight":{"x":313.5,"y":287}},"resourceId":"sid-6DA234EC-E7E4-42D0-A953-C0BA15ADE71B"},{"dockers":[],"childShapes":[],"outgoing":[{"resourceId":"sid-E9515D8F-7E1E-456E-921B-F367281A4929"},{"resourceId":"sid-8DE60D84-FC42-413E-BED9-0935CF17B362"}],"properties":{"formproperties":"","multiinstance_variable":"","prioritydefinition":"","executionlisteners":"","isforcompensation":"false","duedatedefinition":"","multiinstance_collection":"","formkeydefinition":"","multiinstance_type":"None","asynchronousdefinition":"false","multiinstance_condition":"","usertaskassignment":"","multiinstance_cardinality":"","tasklisteners":"","overrideid":"","documentation":"","exclusivedefinition":"false","name":"项目评审"},"stencil":{"id":"UserTask"},"bounds":{"upperLeft":{"x":433.5,"y":255},"lowerRight":{"x":465.5,"y":287}},"resourceId":"sid-53883C20-8AE7-4D32-8CC4-FB0046049FCF"},{"dockers":[],"childShapes":[],"outgoing":[{"resourceId":"sid-AD46AD84-FB59-4FC2-83F4-A3A13E969ADC"},{"resourceId":"sid-03216353-6AF6-44E4-A69D-0BF9F33585FB"}],"properties":{"formproperties":"","multiinstance_variable":"","prioritydefinition":"","executionlisteners":"","isforcompensation":"false","duedatedefinition":"","multiinstance_collection":"","formkeydefinition":"","multiinstance_type":"None","asynchronousdefinition":"false","multiinstance_condition":"","usertaskassignment":"","multiinstance_cardinality":"","tasklisteners":"","overrideid":"","documentation":"","exclusivedefinition":"false","name":"制定项目计划"},"stencil":{"id":"UserTask"},"bounds":{"upperLeft":{"x":585.5,"y":255},"lowerRight":{"x":617.5,"y":287}},"resourceId":"sid-D20999FF-C990-48A9-B1F4-C6A0A3F339B1"},{"dockers":[],"childShapes":[],"outgoing":[{"resourceId":"sid-61811C0D-A184-423D-9D28-D650F3D2177D"},{"resourceId":"sid-036131BB-A5D7-4E66-8E3C-8AEA2652DF9E"}],"properties":{"formproperties":"","multiinstance_variable":"","prioritydefinition":"","executionlisteners":"","isforcompensation":"false","duedatedefinition":"","multiinstance_collection":"","formkeydefinition":"","multiinstance_type":"None","asynchronousdefinition":"false","multiinstance_condition":"","usertaskassignment":"","multiinstance_cardinality":"","tasklisteners":"","overrideid":"","documentation":"","exclusivedefinition":"false","name":"预算估算"},"stencil":{"id":"UserTask"},"bounds":{"upperLeft":{"x":737.5,"y":255},"lowerRight":{"x":769.5,"y":287}},"resourceId":"sid-D24BA133-6B79-4C64-AD0D-DFC1C600F6B6"},{"dockers":[],"childShapes":[],"outgoing":[{"resourceId":"sid-64DF9905-8A90-4C7D-9BE9-2B1ED9062596"},{"resourceId":"sid-DF10D5A8-AD17-4E5E-864C-473056D917B4"}],"properties":{"formproperties":"","multiinstance_variable":"","prioritydefinition":"","executionlisteners":"","isforcompensation":"false","duedatedefinition":"","multiinstance_collection":"","formkeydefinition":"","multiinstance_type":"None","asynchronousdefinition":"false","multiinstance_condition":"","usertaskassignment":"","multiinstance_cardinality":"","tasklisteners":"","overrideid":"","documentation":"","exclusivedefinition":"false","name":"团队组建"},"stencil":{"id":"UserTask"},"bounds":{"upperLeft":{"x":900,"y":255},"lowerRight":{"x":932,"y":287}},"resourceId":"sid-E55FE844-4D80-4CCB-8667-DBD723FA00AF"},{"dockers":[],"childShapes":[],"outgoing":[{"resourceId":"sid-E8ADC324-3997-4164-BDC1-8B46383D40A6"},{"resourceId":"sid-D091F3E6-E63A-41D9-A872-5379CA802CE6"}],"properties":{"formproperties":"","multiinstance_variable":"","prioritydefinition":"","executionlisteners":"","isforcompensation":"false","duedatedefinition":"","multiinstance_collection":"","formkeydefinition":"","multiinstance_type":"None","asynchronousdefinition":"false","multiinstance_condition":"","usertaskassignment":"","multiinstance_cardinality":"","tasklisteners":"","overrideid":"","documentation":"","exclusivedefinition":"false","name":"项目启动"},"stencil":{"id":"UserTask"},"bounds":{"upperLeft":{"x":1050,"y":255},"lowerRight":{"x":1082,"y":287}},"resourceId":"sid-977DE59A-6A0C-4E71-9672-BAEDC96D42FD"},{"dockers":[],"childShapes":[],"outgoing":[],"properties":{"documentation":"","name":"结束","executionlisteners":"","overrideid":""},"stencil":{"id":"EndNoneEvent"},"bounds":{"upperLeft":{"x":1200,"y":255},"lowerRight":{"x":1232,"y":287}},"resourceId":"sid-C5A78C37-41F6-4AB1-AFBC-7FEC2B8D05CD"},{"dockers":[{"x":16,"y":16},{"x":16,"y":16}],"childShapes":[],"outgoing":[{"resourceId":"sid-6DA234EC-E7E4-42D0-A953-C0BA15ADE71B"}],"properties":{"documentation":"","name":"提交","executionlisteners":"","conditionsequenceflow":"${outcome==\"C7C11477-FDA4-4B59-8EAD-1DDA13F828EC\"}","overrideid":"","defaultflow":"false"},"stencil":{"id":"SequenceFlow"},"bounds":{"upperLeft":{"x":161.9375,"y":271},"lowerRight":{"x":281.0625,"y":271}},"target":{"resourceId":"sid-6DA234EC-E7E4-42D0-A953-C0BA15ADE71B"},"resourceId":"sid-C7C11477-FDA4-4B59-8EAD-1DDA13F828EC"},{"dockers":[{"x":16,"y":16},{"x":16,"y":16}],"childShapes":[],"outgoing":[{"resourceId":"sid-53883C20-8AE7-4D32-8CC4-FB0046049FCF"}],"properties":{"documentation":"","name":"提交项目提案","executionlisteners":"","conditionsequenceflow":"${outcome==\"F40C6BEE-E15B-481F-A8D2-965942D3C9FC\"}","overrideid":"","defaultflow":"false"},"stencil":{"id":"SequenceFlow"},"bounds":{"upperLeft":{"x":313.9375,"y":271},"lowerRight":{"x":433.0625,"y":271}},"target":{"resourceId":"sid-53883C20-8AE7-4D32-8CC4-FB0046049FCF"},"resourceId":"sid-F40C6BEE-E15B-481F-A8D2-965942D3C9FC"},{"dockers":[{"x":16,"y":16},{"x":449.5,"y":145},{"x":297.5,"y":145},{"x":16,"y":16}],"childShapes":[],"outgoing":[{"resourceId":"sid-6DA234EC-E7E4-42D0-A953-C0BA15ADE71B"}],"properties":{"documentation":"","name":"评审不通过","executionlisteners":"","conditionsequenceflow":"${outcome==\"8DE60D84-FC42-413E-BED9-0935CF17B362\"}","overrideid":"","defaultflow":"false"},"stencil":{"id":"SequenceFlow"},"bounds":{"upperLeft":{"x":297.5,"y":145},"lowerRight":{"x":449.5,"y":254.25}},"target":{"resourceId":"sid-6DA234EC-E7E4-42D0-A953-C0BA15ADE71B"},"resourceId":"sid-8DE60D84-FC42-413E-BED9-0935CF17B362"},{"dockers":[{"x":16,"y":16},{"x":16,"y":16}],"childShapes":[],"outgoing":[{"resourceId":"sid-D20999FF-C990-48A9-B1F4-C6A0A3F339B1"}],"properties":{"documentation":"","name":"评审通过","executionlisteners":"","conditionsequenceflow":"${outcome==\"E9515D8F-7E1E-456E-921B-F367281A4929\"}","overrideid":"","defaultflow":"false"},"stencil":{"id":"SequenceFlow"},"bounds":{"upperLeft":{"x":465.9375,"y":271},"lowerRight":{"x":585.0625,"y":271}},"target":{"resourceId":"sid-D20999FF-C990-48A9-B1F4-C6A0A3F339B1"},"resourceId":"sid-E9515D8F-7E1E-456E-921B-F367281A4929"},{"dockers":[{"x":16,"y":16},{"x":601.5,"y":395},{"x":449.5,"y":395},{"x":16,"y":16}],"childShapes":[],"outgoing":[{"resourceId":"sid-53883C20-8AE7-4D32-8CC4-FB0046049FCF"}],"properties":{"documentation":"","name":"计划不通过","executionlisteners":"","conditionsequenceflow":"${outcome==\"03216353-6AF6-44E4-A69D-0BF9F33585FB\"}","overrideid":"","defaultflow":"false"},"stencil":{"id":"SequenceFlow"},"bounds":{"upperLeft":{"x":449.5,"y":287.5},"lowerRight":{"x":601.5,"y":395}},"target":{"resourceId":"sid-53883C20-8AE7-4D32-8CC4-FB0046049FCF"},"resourceId":"sid-03216353-6AF6-44E4-A69D-0BF9F33585FB"},{"dockers":[{"x":16,"y":16},{"x":16,"y":16}],"childShapes":[],"outgoing":[{"resourceId":"sid-D24BA133-6B79-4C64-AD0D-DFC1C600F6B6"}],"properties":{"documentation":"","name":"计划通过","executionlisteners":"","conditionsequenceflow":"${outcome==\"AD46AD84-FB59-4FC2-83F4-A3A13E969ADC\"}","overrideid":"","defaultflow":"false"},"stencil":{"id":"SequenceFlow"},"bounds":{"upperLeft":{"x":617.9375,"y":271},"lowerRight":{"x":737.0625,"y":271}},"target":{"resourceId":"sid-D24BA133-6B79-4C64-AD0D-DFC1C600F6B6"},"resourceId":"sid-AD46AD84-FB59-4FC2-83F4-A3A13E969ADC"},{"dockers":[{"x":16,"y":16},{"x":753.5,"y":148},{"x":601.5,"y":148},{"x":16,"y":16}],"childShapes":[],"outgoing":[{"resourceId":"sid-D20999FF-C990-48A9-B1F4-C6A0A3F339B1"}],"properties":{"documentation":"","name":"预算不通过","executionlisteners":"","conditionsequenceflow":"${outcome==\"036131BB-A5D7-4E66-8E3C-8AEA2652DF9E\"}","overrideid":"","defaultflow":"false"},"stencil":{"id":"SequenceFlow"},"bounds":{"upperLeft":{"x":601.5,"y":148},"lowerRight":{"x":753.5,"y":254.625}},"target":{"resourceId":"sid-D20999FF-C990-48A9-B1F4-C6A0A3F339B1"},"resourceId":"sid-036131BB-A5D7-4E66-8E3C-8AEA2652DF9E"},{"dockers":[{"x":16,"y":16},{"x":16,"y":16}],"childShapes":[],"outgoing":[{"resourceId":"sid-E55FE844-4D80-4CCB-8667-DBD723FA00AF"}],"properties":{"documentation":"","name":"预算通过","executionlisteners":"","conditionsequenceflow":"${outcome==\"61811C0D-A184-423D-9D28-D650F3D2177D\"}","showdiamondmarker":false,"overrideid":"","defaultflow":"false"},"stencil":{"id":"SequenceFlow"},"bounds":{"upperLeft":{"x":769.734375,"y":271},"lowerRight":{"x":899.765625,"y":271}},"target":{"resourceId":"sid-E55FE844-4D80-4CCB-8667-DBD723FA00AF"},"resourceId":"sid-61811C0D-A184-423D-9D28-D650F3D2177D"},{"dockers":[{"x":16,"y":16},{"x":916,"y":391},{"x":753.5,"y":391},{"x":16,"y":16}],"childShapes":[],"outgoing":[{"resourceId":"sid-D24BA133-6B79-4C64-AD0D-DFC1C600F6B6"}],"properties":{"documentation":"","name":"团队组建不通过","executionlisteners":"","conditionsequenceflow":"${outcome==\"DF10D5A8-AD17-4E5E-864C-473056D917B4\"}","overrideid":"","defaultflow":"false"},"stencil":{"id":"SequenceFlow"},"bounds":{"upperLeft":{"x":753.5,"y":287.9375},"lowerRight":{"x":916,"y":391}},"target":{"resourceId":"sid-D24BA133-6B79-4C64-AD0D-DFC1C600F6B6"},"resourceId":"sid-DF10D5A8-AD17-4E5E-864C-473056D917B4"},{"dockers":[{"x":16,"y":16},{"x":16,"y":16}],"childShapes":[],"outgoing":[{"resourceId":"sid-977DE59A-6A0C-4E71-9672-BAEDC96D42FD"}],"properties":{"documentation":"","name":"团队组建通过","executionlisteners":"","conditionsequenceflow":"${outcome==\"64DF9905-8A90-4C7D-9BE9-2B1ED9062596\"}","overrideid":"","defaultflow":"false"},"stencil":{"id":"SequenceFlow"},"bounds":{"upperLeft":{"x":932.234375,"y":271},"lowerRight":{"x":1049.765625,"y":271}},"target":{"resourceId":"sid-977DE59A-6A0C-4E71-9672-BAEDC96D42FD"},"resourceId":"sid-64DF9905-8A90-4C7D-9BE9-2B1ED9062596"},{"dockers":[],"childShapes":[],"outgoing":[],"properties":{"documentation":"","name":"项目","executionlisteners":"","overrideid":""},"stencil":{"id":"DeriveEvent"},"bounds":{"upperLeft":{"x":1058,"y":138},"lowerRight":{"x":1074,"y":154}},"resourceId":"sid-DD844D30-D2C5-4AC3-B84C-34ACA7AB66FF"},{"dockers":[{"x":16,"y":16},{"x":8,"y":8}],"childShapes":[],"outgoing":[{"resourceId":"sid-DD844D30-D2C5-4AC3-B84C-34ACA7AB66FF"}],"properties":{"documentation":"","name":"派生项目","executionlisteners":"","conditionsequenceflow":"${outcome==\"D091F3E6-E63A-41D9-A872-5379CA802CE6\"}","overrideid":"","defaultflow":"false"},"stencil":{"id":"SequenceFlow"},"bounds":{"upperLeft":{"x":1066,"y":154.8125},"lowerRight":{"x":1066,"y":254.375}},"target":{"resourceId":"sid-DD844D30-D2C5-4AC3-B84C-34ACA7AB66FF"},"resourceId":"sid-D091F3E6-E63A-41D9-A872-5379CA802CE6"},{"dockers":[{"x":16,"y":16},{"x":16,"y":16}],"childShapes":[],"outgoing":[{"resourceId":"sid-C5A78C37-41F6-4AB1-AFBC-7FEC2B8D05CD"}],"properties":{"documentation":"","name":"关闭","executionlisteners":"","conditionsequenceflow":"${outcome==\"E8ADC324-3997-4164-BDC1-8B46383D40A6\"}","overrideid":"","defaultflow":"false"},"stencil":{"id":"SequenceFlow"},"bounds":{"upperLeft":{"x":1082.234375,"y":271},"lowerRight":{"x":1199.765625,"y":271}},"target":{"resourceId":"sid-C5A78C37-41F6-4AB1-AFBC-7FEC2B8D05CD"},"resourceId":"sid-E8ADC324-3997-4164-BDC1-8B46383D40A6"}],"ssextensions":[],"properties":{"process_namespace":"http://www.activiti.org/processdef","name":"立项管理模型_1.0","process_version":"","messagedefinitions":"","signaldefinitions":"","documentation":"","executionlisteners":"","eventlisteners":"","process_id":"ACTd43cc-0d99-417f-9982-a1e9704f12d4","process_author":""},"stencil":{"id":"BPMNDiagram"},"bounds":{"upperLeft":{"x":0,"y":0},"lowerRight":{"x":1810,"y":789}},"resourceId":"31"}'), NULL);
INSERT INTO act_re_model(ID_, REV_, NAME_, KEY_, CATEGORY_, CREATE_TIME_, LAST_UPDATE_TIME_, VERSION_, META_INFO_, DEPLOYMENT_ID_, EDITOR_SOURCE_VALUE_ID_, EDITOR_SOURCE_EXTRA_VALUE_ID_, TENANT_ID_)
VALUES ('31', 4, '立项管理模型_1.0', 'ACTd43cc-0d99-417f-9982-a1e9704f12d4', NULL, '2022-08-08', '2022-08-08', 1, '{"name":"立项管理模型_1.0","description":"","revision":1,"signKey":"ACTd43cc-0d99-417f-9982-a1e9704f12d4"}', NULL, '32', NULL, '');

INSERT INTO act_ge_bytearray(ID_, REV_, NAME_, DEPLOYMENT_ID_, BYTES_, GENERATED_)
VALUES ('38', 2, 'source', NULL, CONVERT(varbinary(max), '{"stencilset":{"url":"stencilsets/bpmn2.0/bpmn2.0.json","namespace":"http://b3mn.org/stencilset/bpmn2.0#"},"childShapes":[{"dockers":[],"childShapes":[],"outgoing":[{"resourceId":"sid-B2B7D773-17E2-4FA3-8B7B-56E2E0D4018F"}],"properties":{"formkeydefinition":"","documentation":"","name":"开始","executionlisteners":"","formproperties":"","initiator":"","overrideid":""},"bounds":{"upperLeft":{"x":198.5,"y":180},"lowerRight":{"x":230.5,"y":212}},"stencil":{"id":"StartNoneEvent"},"resourceId":"sid-14B1C748-B8A1-48F3-9240-94DED65DB7B4"},{"dockers":[],"childShapes":[],"outgoing":[{"resourceId":"sid-917FE5FE-E3D6-4C06-A9DC-576FBAC00C4A"}],"properties":{"formproperties":"","multiinstance_variable":"","prioritydefinition":"","executionlisteners":"","isforcompensation":"false","duedatedefinition":"","multiinstance_collection":"","formkeydefinition":"","multiinstance_type":"None","asynchronousdefinition":"false","multiinstance_condition":"","usertaskassignment":"","multiinstance_cardinality":"","tasklisteners":"","overrideid":"","documentation":"","exclusivedefinition":"false","name":"发起待审核"},"bounds":{"upperLeft":{"x":350.5,"y":180},"lowerRight":{"x":382.5,"y":212}},"stencil":{"id":"UserTask"},"resourceId":"sid-9EB906D9-BCD6-410E-BE3B-F1965B2F29A2"},{"dockers":[],"childShapes":[],"outgoing":[{"resourceId":"sid-B210CC6A-07C9-41B7-9E01-E3CEC71DC638"},{"resourceId":"sid-466A1B9E-ABBD-43A4-B927-B2A4D3775151"}],"properties":{"formproperties":"","multiinstance_variable":"","prioritydefinition":"","executionlisteners":"","isforcompensation":"false","duedatedefinition":"","multiinstance_collection":"","formkeydefinition":"","multiinstance_type":"None","asynchronousdefinition":"false","multiinstance_condition":"","usertaskassignment":"","multiinstance_cardinality":"","tasklisteners":"","overrideid":"","documentation":"","exclusivedefinition":"false","name":"预审中"},"bounds":{"upperLeft":{"x":502.5,"y":180},"lowerRight":{"x":534.5,"y":212}},"stencil":{"id":"UserTask"},"resourceId":"sid-6504A08E-A6FB-4CB6-95F1-E3EEE2CBB262"},{"dockers":[],"childShapes":[],"outgoing":[{"resourceId":"sid-6B7E6BA7-7572-4752-A83A-C5704554758B"},{"resourceId":"sid-D76F8289-1278-434B-AD49-BE36B45857CB"}],"properties":{"formproperties":"","multiinstance_variable":"","prioritydefinition":"","executionlisteners":"","isforcompensation":"false","duedatedefinition":"","multiinstance_collection":"","formkeydefinition":"","multiinstance_type":"None","asynchronousdefinition":"false","multiinstance_condition":"","usertaskassignment":"","multiinstance_cardinality":"","tasklisteners":"","overrideid":"","documentation":"","exclusivedefinition":"false","name":"正式评审中"},"bounds":{"upperLeft":{"x":654.5,"y":180},"lowerRight":{"x":686.5,"y":212}},"stencil":{"id":"UserTask"},"resourceId":"sid-1223720C-89D9-4F2A-A1B5-BDEA3D7CAE1B"},{"dockers":[],"childShapes":[],"outgoing":[{"resourceId":"sid-9D5D388B-70EA-4FCB-98BB-4A788BB21E27"},{"resourceId":"sid-E5A5EB37-8E6A-42DE-A793-96B1D1724CFF"}],"properties":{"formproperties":"","multiinstance_variable":"","prioritydefinition":"","executionlisteners":"","isforcompensation":"false","duedatedefinition":"","multiinstance_collection":"","formkeydefinition":"","multiinstance_type":"None","asynchronousdefinition":"false","multiinstance_condition":"","usertaskassignment":"","multiinstance_cardinality":"","tasklisteners":"","overrideid":"","documentation":"","exclusivedefinition":"false","name":"一级审核"},"bounds":{"upperLeft":{"x":806.5,"y":180},"lowerRight":{"x":838.5,"y":212}},"stencil":{"id":"UserTask"},"resourceId":"sid-B0089B2D-6095-43DB-BEC8-6A74C235C913"},{"dockers":[],"childShapes":[],"outgoing":[{"resourceId":"sid-A8F30E44-393A-44A6-ADBF-E67912533F48"},{"resourceId":"sid-D7F30FF3-4E94-44DF-9C6A-340EA9231328"},{"resourceId":"sid-DA485886-4EB1-4270-8CD5-3DC6EC2A3B3E"}],"properties":{"formproperties":"","multiinstance_variable":"","prioritydefinition":"","executionlisteners":"","isforcompensation":"false","duedatedefinition":"","multiinstance_collection":"","formkeydefinition":"","multiinstance_type":"None","asynchronousdefinition":"false","multiinstance_condition":"","usertaskassignment":"","multiinstance_cardinality":"","tasklisteners":"","overrideid":"","documentation":"","exclusivedefinition":"false","name":"二级审核"},"bounds":{"upperLeft":{"x":958.5,"y":180},"lowerRight":{"x":990.5,"y":212}},"stencil":{"id":"UserTask"},"resourceId":"sid-C8D74AA5-A730-497C-852B-EE6D85DAE1AB"},{"dockers":[],"childShapes":[],"outgoing":[],"properties":{"documentation":"","name":"结束","executionlisteners":"","overrideid":""},"bounds":{"upperLeft":{"x":1125,"y":179},"lowerRight":{"x":1157,"y":211}},"stencil":{"id":"EndNoneEvent"},"resourceId":"sid-6D954728-D9BB-4897-BDBE-6E3B046386E6"},{"dockers":[{"x":16,"y":16},{"x":16,"y":16}],"childShapes":[],"outgoing":[{"resourceId":"sid-9EB906D9-BCD6-410E-BE3B-F1965B2F29A2"}],"properties":{"documentation":"","name":"提交","executionlisteners":"","conditionsequenceflow":"${outcome==\"B2B7D773-17E2-4FA3-8B7B-56E2E0D4018F\"}","overrideid":"","defaultflow":"false"},"bounds":{"upperLeft":{"x":230.9375,"y":196},"lowerRight":{"x":350.0625,"y":196}},"stencil":{"id":"SequenceFlow"},"target":{"resourceId":"sid-9EB906D9-BCD6-410E-BE3B-F1965B2F29A2"},"resourceId":"sid-B2B7D773-17E2-4FA3-8B7B-56E2E0D4018F"},{"dockers":[{"x":16,"y":16},{"x":16,"y":16}],"childShapes":[],"outgoing":[{"resourceId":"sid-6504A08E-A6FB-4CB6-95F1-E3EEE2CBB262"}],"properties":{"documentation":"","name":"发起预审","executionlisteners":"","conditionsequenceflow":"${outcome==\"917FE5FE-E3D6-4C06-A9DC-576FBAC00C4A\"}","overrideid":"","defaultflow":"false"},"bounds":{"upperLeft":{"x":382.9375,"y":196},"lowerRight":{"x":502.0625,"y":196}},"stencil":{"id":"SequenceFlow"},"target":{"resourceId":"sid-6504A08E-A6FB-4CB6-95F1-E3EEE2CBB262"},"resourceId":"sid-917FE5FE-E3D6-4C06-A9DC-576FBAC00C4A"},{"dockers":[{"x":16,"y":16},{"x":16,"y":16}],"childShapes":[],"outgoing":[{"resourceId":"sid-1223720C-89D9-4F2A-A1B5-BDEA3D7CAE1B"}],"properties":{"documentation":"","name":"发起正式评审","executionlisteners":"","conditionsequenceflow":"${outcome==\"B210CC6A-07C9-41B7-9E01-E3CEC71DC638\"}","overrideid":"","defaultflow":"false"},"bounds":{"upperLeft":{"x":534.9375,"y":196},"lowerRight":{"x":654.0625,"y":196}},"stencil":{"id":"SequenceFlow"},"target":{"resourceId":"sid-1223720C-89D9-4F2A-A1B5-BDEA3D7CAE1B"},"resourceId":"sid-B210CC6A-07C9-41B7-9E01-E3CEC71DC638"},{"dockers":[{"x":16,"y":16},{"x":16,"y":16}],"childShapes":[],"outgoing":[{"resourceId":"sid-B0089B2D-6095-43DB-BEC8-6A74C235C913"}],"properties":{"documentation":"","name":"提交审核","executionlisteners":"","conditionsequenceflow":"${outcome==\"6B7E6BA7-7572-4752-A83A-C5704554758B\"}","overrideid":"","defaultflow":"false"},"bounds":{"upperLeft":{"x":686.9375,"y":196},"lowerRight":{"x":806.0625,"y":196}},"stencil":{"id":"SequenceFlow"},"target":{"resourceId":"sid-B0089B2D-6095-43DB-BEC8-6A74C235C913"},"resourceId":"sid-6B7E6BA7-7572-4752-A83A-C5704554758B"},{"dockers":[{"x":16,"y":16},{"x":16,"y":16}],"childShapes":[],"outgoing":[{"resourceId":"sid-C8D74AA5-A730-497C-852B-EE6D85DAE1AB"}],"properties":{"documentation":"","name":"审核通过","executionlisteners":"","conditionsequenceflow":"${outcome==\"9D5D388B-70EA-4FCB-98BB-4A788BB21E27\"}","overrideid":"","defaultflow":"false"},"bounds":{"upperLeft":{"x":838.9375,"y":196},"lowerRight":{"x":958.0625,"y":196}},"stencil":{"id":"SequenceFlow"},"target":{"resourceId":"sid-C8D74AA5-A730-497C-852B-EE6D85DAE1AB"},"resourceId":"sid-9D5D388B-70EA-4FCB-98BB-4A788BB21E27"},{"dockers":[{"x":16,"y":16},{"x":16,"y":16}],"childShapes":[],"outgoing":[{"resourceId":"sid-6D954728-D9BB-4897-BDBE-6E3B046386E6"}],"properties":{"documentation":"","name":"审核通过","executionlisteners":"","conditionsequenceflow":"${outcome==\"A8F30E44-393A-44A6-ADBF-E67912533F48\"}","overrideid":"","defaultflow":"false"},"bounds":{"upperLeft":{"x":991.1093569644339,"y":195.09975589768428},"lowerRight":{"x":1124.3906430355662,"y":195.90024410231572}},"stencil":{"id":"SequenceFlow"},"target":{"resourceId":"sid-6D954728-D9BB-4897-BDBE-6E3B046386E6"},"resourceId":"sid-A8F30E44-393A-44A6-ADBF-E67912533F48"},{"dockers":[{"x":16,"y":16},{"x":822.5,"y":105},{"x":670.5,"y":105},{"x":16,"y":16}],"childShapes":[],"outgoing":[{"resourceId":"sid-1223720C-89D9-4F2A-A1B5-BDEA3D7CAE1B"}],"properties":{"documentation":"","name":"审核不通过","executionlisteners":"","conditionsequenceflow":"${outcome==\"E5A5EB37-8E6A-42DE-A793-96B1D1724CFF\"}","overrideid":"","defaultflow":"false"},"bounds":{"upperLeft":{"x":670.5,"y":105},"lowerRight":{"x":822.5,"y":179.359375}},"stencil":{"id":"SequenceFlow"},"target":{"resourceId":"sid-1223720C-89D9-4F2A-A1B5-BDEA3D7CAE1B"},"resourceId":"sid-E5A5EB37-8E6A-42DE-A793-96B1D1724CFF"},{"dockers":[{"x":16,"y":16},{"x":974.5,"y":304},{"x":822.5,"y":304},{"x":16,"y":16}],"childShapes":[],"outgoing":[{"resourceId":"sid-B0089B2D-6095-43DB-BEC8-6A74C235C913"}],"properties":{"documentation":"","name":"审核不通过","executionlisteners":"","conditionsequenceflow":"${outcome==\"D7F30FF3-4E94-44DF-9C6A-340EA9231328\"}","overrideid":"","defaultflow":"false"},"bounds":{"upperLeft":{"x":822.5,"y":212.1875},"lowerRight":{"x":974.5,"y":304}},"stencil":{"id":"SequenceFlow"},"target":{"resourceId":"sid-B0089B2D-6095-43DB-BEC8-6A74C235C913"},"resourceId":"sid-D7F30FF3-4E94-44DF-9C6A-340EA9231328"},{"dockers":[],"childShapes":[],"outgoing":[],"properties":{"documentation":"","name":"缺陷 [缺陷流程模型_1.0]","executionlisteners":"","overrideid":""},"bounds":{"upperLeft":{"x":510.5,"y":300},"lowerRight":{"x":526.5,"y":316}},"stencil":{"id":"DeriveEvent"},"resourceId":"sid-A85EE3BF-334E-4501-A435-8166E819F0DB"},{"dockers":[],"childShapes":[],"outgoing":[],"properties":{"documentation":"","name":"缺陷 [缺陷流程模型_1.0]","executionlisteners":"","overrideid":""},"bounds":{"upperLeft":{"x":662.5,"y":300},"lowerRight":{"x":678.5,"y":316}},"stencil":{"id":"DeriveEvent"},"resourceId":"sid-C395847D-4A19-4942-93C0-339EEC933095"},{"dockers":[{"x":16,"y":16},{"x":8,"y":8}],"childShapes":[],"outgoing":[{"resourceId":"sid-A85EE3BF-334E-4501-A435-8166E819F0DB"}],"properties":{"documentation":"","name":"派生缺陷","executionlisteners":"","conditionsequenceflow":"${outcome==\"466A1B9E-ABBD-43A4-B927-B2A4D3775151\"}","overrideid":"","defaultflow":"false"},"bounds":{"upperLeft":{"x":518.5,"y":212.75},"lowerRight":{"x":518.5,"y":300}},"stencil":{"id":"SequenceFlow"},"target":{"resourceId":"sid-A85EE3BF-334E-4501-A435-8166E819F0DB"},"resourceId":"sid-466A1B9E-ABBD-43A4-B927-B2A4D3775151"},{"dockers":[{"x":16,"y":16},{"x":8,"y":8}],"childShapes":[],"outgoing":[{"resourceId":"sid-C395847D-4A19-4942-93C0-339EEC933095"}],"properties":{"documentation":"","name":"派生缺陷","executionlisteners":"","conditionsequenceflow":"${outcome==\"D76F8289-1278-434B-AD49-BE36B45857CB\"}","overrideid":"","defaultflow":"false"},"bounds":{"upperLeft":{"x":670.5,"y":212.75},"lowerRight":{"x":670.5,"y":300}},"stencil":{"id":"SequenceFlow"},"target":{"resourceId":"sid-C395847D-4A19-4942-93C0-339EEC933095"},"resourceId":"sid-D76F8289-1278-434B-AD49-BE36B45857CB"}],"ssextensions":[],"properties":{"process_namespace":"http://www.activiti.org/processdef","name":"评审管理模型_1.0","process_version":"","messagedefinitions":"","signaldefinitions":"","documentation":"","executionlisteners":"","eventlisteners":"","process_id":"ACT5caa6-b0d9-4379-94b3-a0a515ceff31","process_author":""},"bounds":{"upperLeft":{"x":0,"y":0},"lowerRight":{"x":1810,"y":789}},"stencil":{"id":"BPMNDiagram"},"resourceId":"37"}'), NULL);
INSERT INTO act_re_model(ID_, REV_, NAME_, KEY_, CATEGORY_, CREATE_TIME_, LAST_UPDATE_TIME_, VERSION_, META_INFO_, DEPLOYMENT_ID_, EDITOR_SOURCE_VALUE_ID_, EDITOR_SOURCE_EXTRA_VALUE_ID_, TENANT_ID_)
VALUES ('37', 4, '评审管理模型_1.0', 'ACT5caa6-b0d9-4379-94b3-a0a515ceff31', NULL, '2022-08-08', '2022-08-08', 1, '{"name":"评审管理模型_1.0","description":"","revision":1,"signKey":"ACT5caa6-b0d9-4379-94b3-a0a515ceff31"}', NULL, '38', NULL, '');

INSERT INTO act_ge_bytearray(ID_, REV_, NAME_, DEPLOYMENT_ID_, BYTES_, GENERATED_)
VALUES ('44', 2, 'source', NULL, CONVERT(varbinary(max), '{"stencilset":{"url":"stencilsets/bpmn2.0/bpmn2.0.json","namespace":"http://b3mn.org/stencilset/bpmn2.0#"},"childShapes":[{"dockers":[],"childShapes":[],"outgoing":[{"resourceId":"sid-B1CD1B9D-4F2C-4D45-8F11-DF2A55C6AF60"}],"properties":{"documentation":"","formkeydefinition":"","name":"开始","executionlisteners":"","initiator":"","formproperties":"","overrideid":""},"stencil":{"id":"StartNoneEvent"},"bounds":{"upperLeft":{"x":189.5,"y":153},"lowerRight":{"x":221.5,"y":185}},"resourceId":"sid-D2FF4C60-BC78-4146-9101-6AB95CEA9F79"},{"dockers":[],"childShapes":[],"outgoing":[{"resourceId":"sid-8B2F93EC-74E5-4BE4-9754-ACBFA6A3117D"}],"properties":{"formproperties":"","multiinstance_variable":"","prioritydefinition":"","executionlisteners":"","isforcompensation":"false","duedatedefinition":"","multiinstance_collection":"","formkeydefinition":"","multiinstance_type":"None","asynchronousdefinition":"false","multiinstance_condition":"","usertaskassignment":"","multiinstance_cardinality":"","tasklisteners":"","overrideid":"","documentation":"","exclusivedefinition":"false","name":"风险识别"},"stencil":{"id":"UserTask"},"bounds":{"upperLeft":{"x":341.5,"y":153},"lowerRight":{"x":373.5,"y":185}},"resourceId":"sid-8EA8B6A4-D871-4EBC-BC59-A6AD7614E640"},{"dockers":[],"childShapes":[],"outgoing":[{"resourceId":"sid-E836BF0B-08D6-4F7D-8793-188D5D4B0E7C"},{"resourceId":"sid-D49A5A22-9412-4DBB-9769-2850C539C011"}],"properties":{"formproperties":"","multiinstance_variable":"","prioritydefinition":"","executionlisteners":"","isforcompensation":"false","duedatedefinition":"","multiinstance_collection":"","formkeydefinition":"","multiinstance_type":"None","asynchronousdefinition":"false","multiinstance_condition":"","usertaskassignment":"","multiinstance_cardinality":"","tasklisteners":"","overrideid":"","documentation":"","exclusivedefinition":"false","name":"风险应对"},"stencil":{"id":"UserTask"},"bounds":{"upperLeft":{"x":493.5,"y":153},"lowerRight":{"x":525.5,"y":185}},"resourceId":"sid-9B15BAD1-85E3-45AF-99B0-B45BF42B4A10"},{"dockers":[],"childShapes":[],"outgoing":[{"resourceId":"sid-9BFDCD6D-EB9C-42D0-B3D1-32E6A9B1BFD3"},{"resourceId":"sid-8FA094BD-E66E-4A94-9FB9-9A7DF235B133"},{"resourceId":"sid-7CE9D641-3597-4595-B3DD-111B037EA43C"}],"properties":{"formproperties":"","multiinstance_variable":"","prioritydefinition":"","executionlisteners":"","isforcompensation":"false","duedatedefinition":"","multiinstance_collection":"","formkeydefinition":"","multiinstance_type":"None","asynchronousdefinition":"false","multiinstance_condition":"","usertaskassignment":"","multiinstance_cardinality":"","tasklisteners":"","overrideid":"","documentation":"","exclusivedefinition":"false","name":"风险监控"},"stencil":{"id":"UserTask"},"bounds":{"upperLeft":{"x":660,"y":153},"lowerRight":{"x":692,"y":185}},"resourceId":"sid-4E8D291A-4213-41CD-874B-13565B0D40BA"},{"dockers":[],"childShapes":[],"outgoing":[],"properties":{"documentation":"","name":"结束","executionlisteners":"","overrideid":""},"stencil":{"id":"EndNoneEvent"},"bounds":{"upperLeft":{"x":975,"y":153},"lowerRight":{"x":1007,"y":185}},"resourceId":"sid-856807A3-E343-4ADD-B2CA-F1F307D03E57"},{"dockers":[{"x":16,"y":16},{"x":16,"y":16}],"childShapes":[],"outgoing":[{"resourceId":"sid-8EA8B6A4-D871-4EBC-BC59-A6AD7614E640"}],"properties":{"documentation":"","name":"提交","executionlisteners":"","conditionsequenceflow":"${outcome==\"B1CD1B9D-4F2C-4D45-8F11-DF2A55C6AF60\"}","overrideid":"","defaultflow":"false"},"stencil":{"id":"SequenceFlow"},"bounds":{"upperLeft":{"x":221.9375,"y":169},"lowerRight":{"x":341.0625,"y":169}},"target":{"resourceId":"sid-8EA8B6A4-D871-4EBC-BC59-A6AD7614E640"},"resourceId":"sid-B1CD1B9D-4F2C-4D45-8F11-DF2A55C6AF60"},{"dockers":[{"x":16,"y":16},{"x":16,"y":16}],"childShapes":[],"outgoing":[{"resourceId":"sid-9B15BAD1-85E3-45AF-99B0-B45BF42B4A10"}],"properties":{"documentation":"","name":"识别风险","executionlisteners":"","conditionsequenceflow":"${outcome==\"8B2F93EC-74E5-4BE4-9754-ACBFA6A3117D\"}","overrideid":"","defaultflow":"false"},"stencil":{"id":"SequenceFlow"},"bounds":{"upperLeft":{"x":373.9375,"y":169},"lowerRight":{"x":493.0625,"y":169}},"target":{"resourceId":"sid-9B15BAD1-85E3-45AF-99B0-B45BF42B4A10"},"resourceId":"sid-8B2F93EC-74E5-4BE4-9754-ACBFA6A3117D"},{"dockers":[],"childShapes":[],"outgoing":[{"resourceId":"sid-50CCFD9E-62C2-4A2A-B273-BC8BC8BBC8F0"},{"resourceId":"sid-5C5FF71A-BB39-4422-9299-E22E46C24393"},{"resourceId":"sid-FF0E32C1-6525-4AC1-BF87-D901BC39F28C"}],"properties":{"formproperties":"","multiinstance_variable":"","prioritydefinition":"","executionlisteners":"","isforcompensation":"false","duedatedefinition":"","multiinstance_collection":"","formkeydefinition":"","multiinstance_type":"None","asynchronousdefinition":"false","multiinstance_condition":"","usertaskassignment":"","multiinstance_cardinality":"","tasklisteners":"","overrideid":"","documentation":"","exclusivedefinition":"false","name":"风险审核"},"stencil":{"id":"UserTask"},"bounds":{"upperLeft":{"x":810,"y":153},"lowerRight":{"x":842,"y":185}},"resourceId":"sid-CB8393EA-3669-47D2-AA47-0AA1139396A5"},{"dockers":[{"x":16,"y":16},{"x":16,"y":16}],"childShapes":[],"outgoing":[{"resourceId":"sid-856807A3-E343-4ADD-B2CA-F1F307D03E57"}],"properties":{"documentation":"","name":"审核通过","executionlisteners":"","conditionsequenceflow":"${outcome==\"50CCFD9E-62C2-4A2A-B273-BC8BC8BBC8F0\"}","overrideid":"","defaultflow":"false"},"stencil":{"id":"SequenceFlow"},"bounds":{"upperLeft":{"x":842.46875,"y":169},"lowerRight":{"x":974.53125,"y":169}},"target":{"resourceId":"sid-856807A3-E343-4ADD-B2CA-F1F307D03E57"},"resourceId":"sid-50CCFD9E-62C2-4A2A-B273-BC8BC8BBC8F0"},{"dockers":[],"childShapes":[],"outgoing":[],"properties":{"documentation":"","name":"任务","executionlisteners":"","overrideid":""},"stencil":{"id":"DeriveEvent"},"bounds":{"upperLeft":{"x":501.5,"y":283.5},"lowerRight":{"x":517.5,"y":299.5}},"resourceId":"sid-6A260FBE-F84F-4056-BDDE-F838D49C2787"},{"dockers":[{"x":16,"y":16},{"x":8,"y":8}],"childShapes":[],"outgoing":[{"resourceId":"sid-6A260FBE-F84F-4056-BDDE-F838D49C2787"}],"properties":{"documentation":"","name":"派生任务","executionlisteners":"","conditionsequenceflow":"${outcome==\"D49A5A22-9412-4DBB-9769-2850C539C011\"}","overrideid":"","defaultflow":"false"},"stencil":{"id":"SequenceFlow"},"bounds":{"upperLeft":{"x":509.5,"y":185.3125},"lowerRight":{"x":509.5,"y":282.84375}},"target":{"resourceId":"sid-6A260FBE-F84F-4056-BDDE-F838D49C2787"},"resourceId":"sid-D49A5A22-9412-4DBB-9769-2850C539C011"},{"dockers":[],"childShapes":[],"outgoing":[],"properties":{"documentation":"","name":"步骤","executionlisteners":"","overrideid":""},"stencil":{"id":"CountSignEvent"},"bounds":{"upperLeft":{"x":600,"y":283.5},"lowerRight":{"x":616,"y":299.5}},"resourceId":"sid-2611BD0F-A34E-46F7-8C0B-44333EEE6EC6"},{"dockers":[{"x":16,"y":16},{"x":8,"y":8}],"childShapes":[],"outgoing":[{"resourceId":"sid-2611BD0F-A34E-46F7-8C0B-44333EEE6EC6"}],"properties":{"documentation":"","name":"责任人跟踪","executionlisteners":"","conditionsequenceflow":"${outcome==\"8FA094BD-E66E-4A94-9FB9-9A7DF235B133\"}","overrideid":"","defaultflow":"false"},"stencil":{"id":"SequenceFlow"},"bounds":{"upperLeft":{"x":612.7353399012339,"y":185.18682555736993},"lowerRight":{"x":667.0146600987661,"y":282.96942444263004}},"target":{"resourceId":"sid-2611BD0F-A34E-46F7-8C0B-44333EEE6EC6"},"resourceId":"sid-8FA094BD-E66E-4A94-9FB9-9A7DF235B133"},{"dockers":[],"childShapes":[],"outgoing":[],"properties":{"documentation":"","name":"步骤","executionlisteners":"","overrideid":""},"stencil":{"id":"CountSignEvent"},"bounds":{"upperLeft":{"x":735,"y":283.5},"lowerRight":{"x":751,"y":299.5}},"resourceId":"sid-6E4A8F6C-35E9-4E53-8BA6-2EDC9D1D5A57"},{"dockers":[{"x":16,"y":16},{"x":8,"y":8}],"childShapes":[],"outgoing":[{"resourceId":"sid-6E4A8F6C-35E9-4E53-8BA6-2EDC9D1D5A57"}],"properties":{"documentation":"","name":"参与人跟踪","executionlisteners":"","conditionsequenceflow":"${outcome==\"7CE9D641-3597-4595-B3DD-111B037EA43C\"}","overrideid":"","defaultflow":"false"},"stencil":{"id":"SequenceFlow"},"bounds":{"upperLeft":{"x":684.8548554130945,"y":185.18984758364286},"lowerRight":{"x":738.3326445869055,"y":282.96640241635714}},"target":{"resourceId":"sid-6E4A8F6C-35E9-4E53-8BA6-2EDC9D1D5A57"},"resourceId":"sid-7CE9D641-3597-4595-B3DD-111B037EA43C"},{"dockers":[],"childShapes":[],"outgoing":[],"properties":{"documentation":"","name":"问题 [问题流程模型_1.0]","executionlisteners":"","overrideid":""},"stencil":{"id":"DeriveEvent"},"bounds":{"upperLeft":{"x":818,"y":283.5},"lowerRight":{"x":834,"y":299.5}},"resourceId":"sid-B7DE9D1F-70F9-47A1-8B96-78100AE383D4"},{"dockers":[{"x":16,"y":16},{"x":826,"y":66},{"x":509.5,"y":66},{"x":16,"y":16}],"childShapes":[],"outgoing":[{"resourceId":"sid-9B15BAD1-85E3-45AF-99B0-B45BF42B4A10"}],"properties":{"documentation":"","name":"审核不通过","executionlisteners":"","conditionsequenceflow":"${outcome==\"FF0E32C1-6525-4AC1-BF87-D901BC39F28C\"}","overrideid":"","defaultflow":"false"},"stencil":{"id":"SequenceFlow"},"bounds":{"upperLeft":{"x":509.5,"y":66},"lowerRight":{"x":826,"y":152.7109375}},"target":{"resourceId":"sid-9B15BAD1-85E3-45AF-99B0-B45BF42B4A10"},"resourceId":"sid-FF0E32C1-6525-4AC1-BF87-D901BC39F28C"},{"dockers":[{"x":16,"y":16},{"x":16,"y":16}],"childShapes":[],"outgoing":[{"resourceId":"sid-CB8393EA-3669-47D2-AA47-0AA1139396A5"}],"properties":{"documentation":"","name":"提交审核","executionlisteners":"","conditionsequenceflow":"${outcome==\"9BFDCD6D-EB9C-42D0-B3D1-32E6A9B1BFD3\"}","overrideid":"","defaultflow":"false"},"stencil":{"id":"SequenceFlow"},"bounds":{"upperLeft":{"x":692.234375,"y":169},"lowerRight":{"x":809.765625,"y":169}},"target":{"resourceId":"sid-CB8393EA-3669-47D2-AA47-0AA1139396A5"},"resourceId":"sid-9BFDCD6D-EB9C-42D0-B3D1-32E6A9B1BFD3"},{"dockers":[{"x":16,"y":16},{"x":16,"y":16}],"childShapes":[],"outgoing":[{"resourceId":"sid-4E8D291A-4213-41CD-874B-13565B0D40BA"}],"properties":{"documentation":"","name":"应对风险","executionlisteners":"","conditionsequenceflow":"${outcome==\"E836BF0B-08D6-4F7D-8793-188D5D4B0E7C\"}","overrideid":"","defaultflow":"false"},"stencil":{"id":"SequenceFlow"},"bounds":{"upperLeft":{"x":526.109375,"y":169},"lowerRight":{"x":659.390625,"y":169}},"target":{"resourceId":"sid-4E8D291A-4213-41CD-874B-13565B0D40BA"},"resourceId":"sid-E836BF0B-08D6-4F7D-8793-188D5D4B0E7C"},{"dockers":[{"x":16,"y":16},{"x":8,"y":8}],"childShapes":[],"outgoing":[{"resourceId":"sid-B7DE9D1F-70F9-47A1-8B96-78100AE383D4"}],"properties":{"documentation":"","name":"派生问题","executionlisteners":"","conditionsequenceflow":"${outcome==\"5C5FF71A-BB39-4422-9299-E22E46C24393\"}","overrideid":"","defaultflow":"false"},"stencil":{"id":"SequenceFlow"},"bounds":{"upperLeft":{"x":826,"y":185.3125},"lowerRight":{"x":826,"y":282.84375}},"target":{"resourceId":"sid-B7DE9D1F-70F9-47A1-8B96-78100AE383D4"},"resourceId":"sid-5C5FF71A-BB39-4422-9299-E22E46C24393"}],"ssextensions":[],"properties":{"process_namespace":"http://www.activiti.org/processdef","name":"风险管理模型_1.0","process_version":"","messagedefinitions":"","signaldefinitions":"","documentation":"","executionlisteners":"","eventlisteners":"","process_id":"ACT2e35c-18e1-479f-a8dd-e4f66939ead5","process_author":""},"stencil":{"id":"BPMNDiagram"},"bounds":{"upperLeft":{"x":0,"y":0},"lowerRight":{"x":1810,"y":789}},"resourceId":"43"}'), NULL);
INSERT INTO act_re_model(ID_, REV_, NAME_, KEY_, CATEGORY_, CREATE_TIME_, LAST_UPDATE_TIME_, VERSION_, META_INFO_, DEPLOYMENT_ID_, EDITOR_SOURCE_VALUE_ID_, EDITOR_SOURCE_EXTRA_VALUE_ID_, TENANT_ID_)
VALUES ('43', 4, '风险管理模型_1.0', 'ACT2e35c-18e1-479f-a8dd-e4f66939ead5', NULL, '2022-08-08', '2022-08-08', 1, '{"name":"风险管理模型_1.0","description":"","revision":1,"signKey":"ACT2e35c-18e1-479f-a8dd-e4f66939ead5"}', NULL, '44', NULL, '');
